[2026-06-17 17:32:32] START job_id=h32d64_full stage=fa2_small case=H32D64FullB32S256
[2026-06-17 17:32:32] workdir=/data/wzr/flashgpu-sim-blackwell/flashgpu-sim/test/run/FA2_SMALL4_TENSOR6_LAT22_20260617_1738/work/000_fa2_small_H32D64FullB32S256
[2026-06-17 17:32:32] cpu_set=0,2,4,6
[2026-06-17 17:32:32] command=taskset -c 0,2,4,6 /data/wzr/flashgpu-sim-blackwell/flashgpu-sim/test/build/bin/hopper/run_fa2_small_h32d64_full_tests --gtest_filter=Fa2PrefillFp16SmallTest.H32D64FullB32S256
[2026-06-17 17:32:32] config=SM90_H100_1500MHZ_HBM80_L2S160_MSHR512_L2NOC1700_FA2_REGALLOC_TENSOR6_LAT22_TMP
[2026-06-17 17:32:32] core_clock_mhz=1500.0
[2026-06-17 17:32:32] LD_LIBRARY_PATH=/data/wzr/flashgpu-sim-blackwell/flashgpu-sim/lib/gcc-13.3.0/cuda-12080/release:/home/wzr/cuda/lib64:/home/wzr/cuda/lib64:/home/wzr/cuda/lib64:
self exe links to: /data/wzr/flashgpu-sim-blackwell/flashgpu-sim/test/build/bin/hopper/run_fa2_small_h32d64_full_tests
self exe links to: /data/wzr/flashgpu-sim-blackwell/flashgpu-sim/test/build/bin/hopper/run_fa2_small_h32d64_full_tests
12


        *** GPGPU-Sim Simulator Version 4.2.0  [build gpgpu-sim_git-commit-4ff1712e_modified_29.0] ***


GPGPU-Sim PTX: simulation mode 0 (can change with PTX_SIM_MODE_FUNC environment variable:
               1=functional simulation only, 0=detailed performance simulator)
GPGPU-Sim: Configuration options:

-save_embedded_ptx                      0 # saves ptx files embedded in binary as <n>.ptx
-keep                                   0 # keep intermediate files created by GPGPU-Sim when interfacing with external programs
-gpgpu_ptx_save_converted_ptxplus                    0 # Saved converted ptxplus to a file
-gpgpu_occupancy_sm_number                   90 # The SM number to pass to ptxas when getting register usage for computing GPU occupancy. This parameter is required in the config.
-gpgpu_ptx_register_allocator                    1 # Enable conservative PTX virtual register aliasing.
-gpgpu_ptx_register_allocator_stats                    0 # Print PTX virtual register allocator statistics.
-gpgpu_ptx_reorder                      1 # Enable conservative PTX instruction reordering.
-gpgpu_ptx_reorder_stats                    1 # Print PTX instruction reordering statistics.
-gpgpu_ptx_reorder_ready_slack                    0 # Extra issue-ready slack for PTX switch reordering.
-gpgpu_ptx_reorder_dump                    0 # Dump PTX instruction order after reordering.
-gpgpu_ptx_reorder_dump_dir       ptx_sched_dump # Directory for PTX reorder dumps.
-gpgpu_ptx_reorder_sass_guided                    0 # Use a SASS LDSM/HMMA class stream to guide PTX reordering in segments containing MMA.
-gpgpu_ptx_reorder_sass_file                      # cuobjdump --dump-sass file used by SASS-guided PTX reordering.
-gpgpu_ptx_reorder_sass_guide_lookahead                  256 # Maximum LDSM/HMMA guide-stream distance searched by SASS-guided PTX reordering.
-ptx_opcode_latency_int        4,4,4,4,21,14 # Opcode latencies for integers <ADD,MAX,MUL,MAD,DIV,SHFL>Default 1,1,19,25,145,32
-ptx_opcode_latency_fp           4,4,4,4,39 # Opcode latencies for single precision floating points <ADD,MAX,MUL,MAD,DIV>Default 1,1,1,1,30
-ptx_opcode_latency_dp      64,64,64,64,330 # Opcode latencies for double precision floating points <ADD,MAX,MUL,MAD,DIV>Default 8,8,8,8,335
-ptx_opcode_latency_sfu                   28 # Opcode latencies for SFU instructionsDefault 8
-ptx_opcode_latency_tensor 22,32,19,32,32,32,19 # Opcode latencies for Tensor instructionsDefault 64
-ptx_opcode_latency_wgmma_ss              4,4,4,4 # WGMMA tensor pipe latencies for SS operands <m64n8,m64n16,m64n32,m64n64>. Default 4,4,4,4
-ptx_opcode_latency_wgmma_rs              3,3,3,3 # WGMMA tensor pipe latencies for RS operands <m64n8,m64n16,m64n32,m64n64>. Default 12,12,12,12
-ptx_opcode_completion_wgmma_ss          66,66,66,66 # WGMMA overlappable completion tail latencies for SS operands <m64n8,m64n16,m64n32,m64n64>. Default 66,66,66,66
-ptx_opcode_completion_wgmma_rs          64,65,64,64 # WGMMA overlappable completion tail latencies for RS operands <m64n8,m64n16,m64n32,m64n64>. Default 64,65,64,64
-ptx_opcode_completion_wgmma_int_ss          64,64,64,64 # WGMMA overlappable completion tail latencies for int/b1 SS operands <m64n8,m64n16,m64n32,m64n64>. Default 64,64,64,64
-ptx_opcode_completion_wgmma_int_rs          62,62,62,61 # WGMMA overlappable completion tail latencies for int/b1 RS operands <m64n8,m64n16,m64n32,m64n64>. Default 62,62,62,61
-ptx_opcode_compute_throughput_wgmma 4096,2048,8192,8192,65536 # WGMMA non-overlappable compute throughput in work/cycle per SM <f16/bf16,tf32,fp8,int8,b1>. Default 4096,2048,8192,8192,65536
-ptx_opcode_latency_tma                   32 # Opcode latency for TMA (cp.async.bulk) instructionsDefault 33
-ptx_opcode_latency_cp_async                    7 # Opcode latency for ordinary cp.async instructions. Default 7
-ptx_opcode_latency_cp_async_commit                    7 # Opcode latency for ordinary cp.async.commit_group instructions. Default 7
-ptx_opcode_latency_cp_async_wait                    5 # Opcode latency for ordinary cp.async.wait_group/wait_all instructions. Default 5
-ptx_opcode_latency_tensormap                1,1,1 # Opcode latencies for tensormap descriptor instructions <replace,cp_fenceproxy,fence_proxy_tensormap>Default 1,1,1
-ptx_opcode_initiation_int          1,1,1,1,2,4 # Opcode initiation intervals for integers <ADD,MAX,MUL,MAD,DIV,SHFL>Default 1,1,4,4,32,4
-ptx_opcode_initiation_fp            1,1,1,1,2 # Opcode initiation intervals for single precision floating points <ADD,MAX,MUL,MAD,DIV>Default 1,1,1,1,5
-ptx_opcode_initiation_dp      64,64,64,64,130 # Opcode initiation intervals for double precision floating points <ADD,MAX,MUL,MAD,DIV>Default 8,8,8,8,130
-ptx_opcode_initiation_sfu                    8 # Opcode initiation intervals for sfu instructionsDefault 8
-ptx_opcode_initiation_tensor  6,32,19,32,32,32,19 # Opcode initiation intervals for tensor instructionsDefault 64
-ptx_opcode_initiation_wgmma_ss              4,4,4,4 # WGMMA initiation intervals for SS operands <m64n8,m64n16,m64n32,m64n64>. Default 4,4,4,4
-ptx_opcode_initiation_wgmma_rs              3,3,3,3 # WGMMA initiation intervals for RS operands <m64n8,m64n16,m64n32,m64n64>. Default 12,12,12,12
-ptx_opcode_initiation_tma                   32 # Opcode initiation interval for TMA (cp.async.bulk) instructionsDefault 33
-ptx_opcode_initiation_cp_async                    7 # Opcode initiation interval for ordinary cp.async instructions. Default 7
-ptx_opcode_initiation_cp_async_commit                    7 # Opcode initiation interval for ordinary cp.async.commit_group instructions. Default 7
-ptx_opcode_initiation_cp_async_wait                    5 # Opcode initiation interval for ordinary cp.async.wait_group/wait_all instructions. Default 5
-ptx_opcode_initiation_tensormap                1,1,1 # Opcode initiation intervals for tensormap descriptor instructions <replace,cp_fenceproxy,fence_proxy_tensormap>Default 1,1,1
-cdp_latency         7200,8000,100,12000,1600 # CDP API latency <cudaStreamCreateWithFlags, cudaGetParameterBufferV2_init_perWarp, cudaGetParameterBufferV2_perKernel, cudaLaunchDeviceV2_init_perWarp, cudaLaunchDevicV2_perKernel>Default 7200,8000,100,12000,1600
-network_mode                           2 # Interconnection network mode
-inter_config_file                   mesh # Interconnection network config file
-icnt_in_buffer_limit                  512 # in_buffer_limit
-icnt_out_buffer_limit                  512 # out_buffer_limit
-icnt_subnets                           2 # subnets
-icnt_arbiter_algo                      1 # arbiter_algo
-icnt_verbose                           0 # inct_verbose
-icnt_grant_cycles                      1 # grant_cycles
-icnt_use_voq                           1 # use_voq
-gpgpu_ptx_use_cuobjdump                    1 # Use cuobjdump to extract ptx and sass from binaries
-gpgpu_experimental_lib_support                    0 # Try to extract code from cuda libraries [Broken because of unknown cudaGetExportTable]
-checkpoint_option                      0 #  checkpointing flag (0 = no checkpoint)
-checkpoint_kernel                      1 #  checkpointing during execution of which kernel (1- 1st kernel)
-checkpoint_CTA                         0 #  checkpointing after # of CTA (< less than total CTA)
-resume_option                          0 #  resume flag (0 = no resume)
-resume_kernel                          0 #  Resume from which kernel (1= 1st kernel)
-resume_CTA                             0 #  resume from which CTA 
-checkpoint_CTA_t                       0 #  resume from which CTA 
-checkpoint_insn_Y                      0 #  resume from which CTA 
-gpgpu_ptx_convert_to_ptxplus                    0 # Convert SASS (native ISA) to ptxplus and run ptxplus
-gpgpu_ptx_force_max_capability                   90 # Force maximum compute capability
-gpgpu_ptx_inst_debug_to_file                    0 # Dump executed instructions' debug information to file
-gpgpu_ptx_inst_debug_file       inst_debug.txt # Executed instructions' debug output file
-gpgpu_ptx_inst_debug_thread_uid                    1 # Thread UID for executed instructions' debug output
-gpgpu_simd_model                       1 # 1 = post-dominator
-gpgpu_shader_core_pipeline              1536:32 # shader core pipeline config, i.e., {<nthread>:<warpsize>}
-gpgpu_tex_cache:l1  N:4:128:256,L:R:m:N:L,T:512:8,128:2 # per-shader L1 texture cache  (READ-ONLY) config  {<nsets>:<bsize>:<assoc>,<rep>:<wr>:<alloc>:<wr_alloc>,<mshr>:<N>:<merge>,<mq>:<rf>}
-gpgpu_const_cache:l1 N:128:64:8,L:R:f:N:L,S:2:64,4 # per-shader L1 constant memory cache  (READ-ONLY) config  {<nsets>:<bsize>:<assoc>,<rep>:<wr>:<alloc>:<wr_alloc>,<mshr>:<N>:<merge>,<mq>} 
-gpgpu_cache:il1     N:64:128:16,L:R:f:N:L,S:32:32,32 # shader L1 instruction cache config  {<sector?>:<nsets>:<bsize>:<assoc>,<rep>:<wr>:<alloc>:<wr_alloc>:<set_index_fn>,<mshr>:<N>:<merge>,<mq>} 
-gpgpu_cache:dl1     S:4:128:256,L:T:m:L:L,A:384:48,32:0,32 # per-shader L1 data cache config  {<sector?>:<nsets>:<bsize>:<assoc>,<rep>:<wr>:<alloc>:<wr_alloc>:<set_index_fn>,<mshr>:<N>:<merge>,<mq>:<fifo_entry>,<data_port_width> | none}
-gpgpu_l1_cache_write_ratio                   25 # L1D write ratio
-gpgpu_l1_banks                         4 # The number of L1 cache banks
-gpgpu_l1_banks_byte_interleaving                   32 # l1 banks byte interleaving granularity
-gpgpu_l1_banks_hashing_function                    0 # l1 banks hashing function
-gpgpu_l1_latency                      39 # L1 Hit Latency
-gpgpu_smem_latency                    29 # smem Latency
-gpgpu_cache:dl1PrefL1                 none # per-shader L1 data cache config  {<sector?>:<nsets>:<bsize>:<assoc>,<rep>:<wr>:<alloc>:<wr_alloc>:<set_index_fn>,<mshr>:<N>:<merge>,<mq>:<fifo_entry>,<data_port_width> | none | none}
-gpgpu_cache:dl1PrefShared                 none # per-shader L1 data cache config  {<sector?>:<nsets>:<bsize>:<assoc>,<rep>:<wr>:<alloc>:<wr_alloc>:<set_index_fn>,<mshr>:<N>:<merge>,<mq>:<fifo_entry>,<data_port_width> | none | none}
-gpgpu_gmem_skip_L1D                    0 # global memory access skip L1D cache (implements -Xptxas -dlcm=cg, default=no skip)
-gpgpu_perfect_mem                      0 # enable perfect memory mode (no cache miss)
-n_regfile_gating_group                    4 # group of lanes that should be read/written together)
-gpgpu_clock_gated_reg_file                    0 # enable clock gated reg file for power calculations
-gpgpu_clock_gated_lanes                    0 # enable clock gated lanes for power calculations
-gpgpu_shader_registers                65536 # Number of registers per shader core. Limits number of concurrent CTAs. (default 8192)
-gpgpu_registers_per_block                65536 # Maximum number of registers per CTA. (default 8192)
-gpgpu_ignore_resources_limitation                    0 # gpgpu_ignore_resources_limitation (default 0)
-gpgpu_shader_cta                      24 # Maximum number of concurrent CTAs in shader (default 32)
-gpgpu_num_cta_barriers                   16 # Maximum number of named barriers per CTA (default 16)
-gpgpu_n_clusters                     132 # number of processing clusters
-gpgpu_n_cores_per_cluster                    1 # number of simd cores per cluster
-gpgpu_n_cluster_ejection_buffer_size                   32 # number of packets in ejection buffer
-gpgpu_n_ldst_response_buffer_size                    2 # number of response packets in ld/st unit ejection buffer
-gpgpu_shmem_per_block               232448 # Size of shared memory per thread block or CTA (default 48kB)
-gpgpu_shmem_size                  233472 # Size of shared memory per shader core (default 16kB)
-gpgpu_shmem_option  0,8,16,32,64,100,132,164,196,228 # Option list of shared memory sizes
-gpgpu_unified_l1d_size                  256 # Size of unified data cache(L1D + shared memory) in KB
-gpgpu_adaptive_cache_config                    1 # adaptive_cache_config
-gpgpu_shmem_sizeDefault               135168 # Size of shared memory per shader core (default 16kB)
-gpgpu_shmem_size_PrefL1                16384 # Size of shared memory per shader core (default 16kB)
-gpgpu_shmem_size_PrefShared                16384 # Size of shared memory per shader core (default 16kB)
-gpgpu_shmem_num_banks                   32 # Number of banks in the shared memory in each shader core (default 16)
-gpgpu_shmem_limited_broadcast                    0 # Limit shared memory to do one broadcast per cycle (default on)
-gpgpu_shmem_warp_parts                    1 # Number of portions a warp is divided into for shared memory bank conflict check 
-gpgpu_mem_unit_ports                    1 # The number of memory transactions allowed per core cycle
-gpgpu_shmem_warp_parts                    1 # Number of portions a warp is divided into for shared memory bank conflict check 
-gpgpu_warpdistro_shader                   -1 # Specify which shader core to collect the warp size distribution from
-gpgpu_warp_issue_shader                    0 # Specify which shader core to collect the warp issue distribution from
-gpgpu_local_mem_map                    1 # Mapping from local memory space address to simulated GPU physical address space (default = enabled)
-gpgpu_num_reg_banks                   16 # Number of register banks (default = 8)
-gpgpu_reg_bank_use_warp_id                    0 # Use warp ID in mapping registers to banks (default = off)
-gpgpu_sub_core_model                    1 # Sub Core Volta/Pascal model (default = off)
-gpgpu_enable_specialized_operand_collector                    0 # enable_specialized_operand_collector
-gpgpu_operand_collector_num_units_sp                    4 # number of collector units (default = 4)
-gpgpu_operand_collector_num_units_dp                    0 # number of collector units (default = 0)
-gpgpu_operand_collector_num_units_sfu                    4 # number of collector units (default = 4)
-gpgpu_operand_collector_num_units_int                    0 # number of collector units (default = 0)
-gpgpu_operand_collector_num_units_tensor_core                    4 # number of collector units (default = 4)
-gpgpu_operand_collector_num_units_mem                    2 # number of collector units (default = 2)
-gpgpu_operand_collector_num_units_gen                   16 # number of collector units (default = 0)
-gpgpu_operand_collector_num_in_ports_sp                    1 # number of collector unit in ports (default = 1)
-gpgpu_operand_collector_num_in_ports_dp                    0 # number of collector unit in ports (default = 0)
-gpgpu_operand_collector_num_in_ports_sfu                    1 # number of collector unit in ports (default = 1)
-gpgpu_operand_collector_num_in_ports_int                    0 # number of collector unit in ports (default = 0)
-gpgpu_operand_collector_num_in_ports_tensor_core                    1 # number of collector unit in ports (default = 1)
-gpgpu_operand_collector_num_in_ports_mem                    1 # number of collector unit in ports (default = 1)
-gpgpu_operand_collector_num_in_ports_gen                   16 # number of collector unit in ports (default = 0)
-gpgpu_operand_collector_num_out_ports_sp                    1 # number of collector unit in ports (default = 1)
-gpgpu_operand_collector_num_out_ports_dp                    0 # number of collector unit in ports (default = 0)
-gpgpu_operand_collector_num_out_ports_sfu                    1 # number of collector unit in ports (default = 1)
-gpgpu_operand_collector_num_out_ports_int                    0 # number of collector unit in ports (default = 0)
-gpgpu_operand_collector_num_out_ports_tensor_core                    1 # number of collector unit in ports (default = 1)
-gpgpu_operand_collector_num_out_ports_mem                    1 # number of collector unit in ports (default = 1)
-gpgpu_operand_collector_num_out_ports_gen                   16 # number of collector unit in ports (default = 0)
-gpgpu_coalesce_arch                   90 # Coalescing arch (GT200 = 13, Fermi = 20)
-gpgpu_num_sched_per_core                    4 # Number of warp schedulers per core
-gpgpu_max_insn_issue_per_warp                    1 # Max number of instructions that can be issued per warp in one cycle by scheduler (either 1 or 2)
-gpgpu_dual_issue_diff_exec_units                    1 # should dual issue use two different execution unit resources (Default = 1)
-gpgpu_simt_core_sim_order                    1 # Select the simulation order of cores in a cluster (0=Fix, 1=Round-Robin)
-gpgpu_pipeline_widths 4,4,4,4,4,4,4,4,4,4,8,4,4,4,4,4,4 # Pipeline widths ID_OC_SP,ID_OC_DP,ID_OC_INT,ID_OC_SFU,ID_OC_MEM,OC_EX_SP,OC_EX_DP,OC_EX_INT,OC_EX_SFU,OC_EX_MEM,EX_WB,ID_OC_TENSOR_CORE,OC_EX_TENSOR_CORE,ID_OC_TMA,OC_EX_TMA,ID_OC_CP_ASYNC,OC_EX_CP_ASYNC,ID_OC_TENSOR_MAP,OC_EX_TENSOR_MAP
-gpgpu_tensor_core_avail                    1 # Tensor Core Available (default=0)
-gpgpu_num_sp_units                     4 # Number of SP units (default=1)
-gpgpu_num_dp_units                     4 # Number of DP units (default=0)
-gpgpu_num_int_units                    4 # Number of INT units (default=0)
-gpgpu_num_sfu_units                    4 # Number of SF units (default=1)
-gpgpu_num_tensor_core_units                    4 # Number of tensor_core units (default=1)
-gpgpu_tensor_core_units_per_sub_partition                    1 # Tensor core issue units sharing each subpartition issue register (default=1)
-gpgpu_num_tma_units                    1 # Number of TMA units (default=0)
-gpgpu_num_cp_async_units                    1 # Number of ordinary cp.async units (default=0)
-gpgpu_num_tensormap_units                    0 # Number of tensor-map descriptor units (default=0)
-gpgpu_tma_max_inflight                  384 # Max in-flight TMA mem_fetch requests per SM (default=0, 0=unlimited)
-gpgpu_tma_tx_quota                    48 # Max in-flight mem_fetch per TMA transaction (default=0, 0=unlimited)
-gpgpu_tma_response_width                    1 # TMA response tokens accepted per SM per cycle (default=1)
-gpgpu_tma_request_granularity                   32 # TMA memory request granularity in bytes (32/64/128; default=32)
-gpgpu_tma_request_width                    1 # TMA memory requests issued per TMA unit per cycle (default=1)
-gpgpu_cp_async_max_inflight                  256 # Maximum in-flight ordinary cp.async memory requests per SM (0=unlimited)
-gpgpu_cp_async_request_width                    4 # Ordinary cp.async memory requests issued per SM per cycle (default=1)
-gpgpu_cp_async_response_width                    4 # Ordinary cp.async memory responses accepted per SM per cycle (default=1)
-gpgpu_cp_async_request_granularity                  128 # Ordinary cp.async memory request granularity in bytes (32/64/128; default=32)
-gpgpu_cp_async_idealized_memory                    0 # Idealized ordinary cp.async memory: requests complete instantly (default=0)
-gpgpu_cp_async_wait_release_latency                    5 # Warp release latency for ordinary cp.async.wait_group after the group condition is satisfied (default=5)
-gpgpu_cta_load_balance                    1 # Cap CTAs per core to ceil(total_ctas/n_cores) for load balancing (default=0)
-gpgpu_tma_idealized_memory                    0 # Idealized TMA memory: all requests complete instantly (default=0)
-gpgpu_tma_oob_l2_traffic                    1 # Send OOB fill requests through L2 (models real HW TMA behavior) (default=1)
-gpgpu_mbarrier_arrive_latency                   29 # Latency (cycles) for arrive_tx shared memory write before mbarrier update (default=0)
-gpgpu_mbarrier_trywait_latency                   32 # Latency (cycles) for mbarrier.try_wait polling before warp release (default=0)
-gpgpu_wgmma_issue_chain_ss          7,0,4,20,64 # Per-SM WGMMA SS issue chain throttle <depth,startup_gap,fast_gap,slow_gap,reset_gap>; depth=0 disables
-gpgpu_wgmma_issue_chain_rs          7,0,3,13,64 # Per-SM WGMMA RS issue chain throttle <depth,startup_gap,fast_gap,slow_gap,reset_gap>; depth=0 disables
-gpgpu_num_mem_units                    1 # Number if ldst units (default=1) WARNING: not hooked up to anything
-gpgpu_scheduler                      lrr # Scheduler configuration: < lrr | gto | two_level_active > If two_level_active:<num_active_warps>:<inner_prioritization>:<outer_prioritization>For complete list of prioritization values see shader.h enum scheduler_prioritization_typeDefault: gto
-gpgpu_concurrent_kernel_sm                    0 # Support concurrent kernels on a SM (default = disabled)
-gpgpu_perfect_inst_const_cache                    1 # perfect inst and const cache mode, so all inst and const hits in the cache(default = disabled)
-gpgpu_inst_fetch_throughput                    4 # the number of fetched intruction per warp each cycle
-gpgpu_reg_file_port_throughput                    4 # the number ports of the register file
-specialized_unit_1         0,4,4,4,4,BRA # specialized unit config {<enabled>,<num_units>:<latency>:<initiation>,<ID_OC_SPEC>:<OC_EX_SPEC>,<NAME>}
-specialized_unit_2         0,4,4,4,4,BRA # specialized unit config {<enabled>,<num_units>:<latency>:<initiation>,<ID_OC_SPEC>:<OC_EX_SPEC>,<NAME>}
-specialized_unit_3         0,4,4,4,4,BRA # specialized unit config {<enabled>,<num_units>:<latency>:<initiation>,<ID_OC_SPEC>:<OC_EX_SPEC>,<NAME>}
-specialized_unit_4         0,4,4,4,4,BRA # specialized unit config {<enabled>,<num_units>:<latency>:<initiation>,<ID_OC_SPEC>:<OC_EX_SPEC>,<NAME>}
-specialized_unit_5         0,4,4,4,4,BRA # specialized unit config {<enabled>,<num_units>:<latency>:<initiation>,<ID_OC_SPEC>:<OC_EX_SPEC>,<NAME>}
-specialized_unit_6         0,4,4,4,4,BRA # specialized unit config {<enabled>,<num_units>:<latency>:<initiation>,<ID_OC_SPEC>:<OC_EX_SPEC>,<NAME>}
-specialized_unit_7         0,4,4,4,4,BRA # specialized unit config {<enabled>,<num_units>:<latency>:<initiation>,<ID_OC_SPEC>:<OC_EX_SPEC>,<NAME>}
-specialized_unit_8         0,4,4,4,4,BRA # specialized unit config {<enabled>,<num_units>:<latency>:<initiation>,<ID_OC_SPEC>:<OC_EX_SPEC>,<NAME>}
-gpgpu_perf_sim_memcpy                    1 # Fill the L2 cache on memcpy
-gpgpu_simple_dram_model                    0 # simple_dram_model with fixed latency and BW
-gpgpu_dram_scheduler                    1 # 0 = fifo, 1 = FR-FCFS (defaul)
-gpgpu_dram_partition_queues          64:64:64:64 # i2$:$2d:d2$:$2i
-l2_ideal                               0 # Use a ideal L2 cache that always hit
-gpgpu_cache:dl2     S:128:128:20,L:B:m:L:P,A:512:96,32:0,64 # unified banked L2 data cache config  {<sector?>:<nsets>:<bsize>:<assoc>,<rep>:<wr>:<alloc>:<wr_alloc>:<set_index_fn>,<mshr>:<N>:<merge>,<mq>:<fifo_entry>,<data_port_width>
-gpgpu_cache:dl2_texture_only                    0 # L2 cache used for texture only
-gpgpu_n_mem                           80 # number of memory modules (e.g. memory controllers) in gpu
-gpgpu_n_sub_partition_per_mchannel                    2 # number of memory subpartition in each memory module
-gpgpu_n_mem_per_ctrlr                    1 # number of memory chips per memory controller
-gpgpu_memlatency_stat                   14 # track and display latency statistics 0x2 enables MC, 0x4 enables queue logs
-gpgpu_frfcfs_dram_sched_queue_size                  128 # 0 = unlimited (default); # entries per chip
-gpgpu_dram_return_queue_size                  384 # 0 = unlimited (default); # entries per chip
-gpgpu_dram_buswidth                    8 # default = 4 bytes (8 bytes per cycle at DDR)
-gpgpu_dram_burst_length                    4 # Burst length of each DRAM request (default = 4 data bus cycle)
-dram_data_command_freq_ratio                    2 # Frequency ratio between DRAM data bus and command bus (default = 2 times, i.e. DDR)
-gpgpu_dram_timing_opt nbk=16:CCD=1:RRD=3:RCD=12:RAS=28:RP=12:RC=40:CL=12:WL=2:CDLR=3:WR=10:nbkgrp=4:CCDL=2:RTPL=3 # DRAM timing parameters = {nbk:tCCD:tRRD:tRCD:tRAS:tRP:tRC:CL:WL:tCDLR:tWR:nbkgrp:tCCDL:tRTPL}
-gpgpu_l2_rop_latency                  260 # ROP queue latency (default 85)
-dram_latency                         254 # DRAM latency (default 30)
-dram_dual_bus_interface                    1 # dual_bus_interface (default = 0) 
-dram_bnk_indexing_policy                    0 # dram_bnk_indexing_policy (0 = normal indexing, 1 = Xoring with the higher bits) (Default = 0)
-dram_bnkgrp_indexing_policy                    1 # dram_bnkgrp_indexing_policy (0 = take higher bits, 1 = take lower bits) (Default = 0)
-dram_seperate_write_queue_enable                    0 # Seperate_Write_Queue_Enable
-dram_write_queue_size             32:28:16 # Write_Queue_Size
-dram_elimnate_rw_turnaround                    0 # elimnate_rw_turnaround i.e set tWTR and tRTW = 0
-icnt_flit_size                        40 # icnt_flit_size
-SST_mode                               0 # SST mode
-gpgpu_mem_addr_mapping dramid@8;00000000.00000000.00000000.00000000.0000RRRR.RRRRRRRR.RBBBCCCC.BCCSSSSS # mapping memory address to dram model {dramid@<start bit>;<memory address map>}
-gpgpu_mem_addr_test                    0 # run sweep test to check address mapping for aliased address
-gpgpu_mem_address_mask                    1 # 0 = old addressing mask, 1 = new addressing mask, 2 = new add. mask + flipped bank sel and chip sel bits
-gpgpu_memory_partition_indexing                    2 # 0 = no indexing, 1 = bitwise xoring, 2 = IPoly, 3 = custom indexing
-accelwattch_xml_file accelwattch_sass_sim.xml # AccelWattch XML file
-power_simulation_enabled                    0 # Turn on power simulator (1=On, 0=Off)
-power_per_cycle_dump                    0 # Dump detailed power output each cycle
-hw_perf_file_name            hw_perf.csv # Hardware Performance Statistics file
-hw_perf_bench_name                       # Kernel Name in Hardware Performance Statistics file
-power_simulation_mode                    0 # Switch performance counter input for power simulation (0=Sim, 1=HW, 2=HW-Sim Hybrid)
-dvfs_enabled                           0 # Turn on DVFS for power model
-aggregate_power_stats                    0 # Accumulate power across all kernels
-accelwattch_hybrid_perfsim_L1_RH                    0 # Get L1 Read Hits for Accelwattch-Hybrid from Accel-Sim
-accelwattch_hybrid_perfsim_L1_RM                    0 # Get L1 Read Misses for Accelwattch-Hybrid from Accel-Sim
-accelwattch_hybrid_perfsim_L1_WH                    0 # Get L1 Write Hits for Accelwattch-Hybrid from Accel-Sim
-accelwattch_hybrid_perfsim_L1_WM                    0 # Get L1 Write Misses for Accelwattch-Hybrid from Accel-Sim
-accelwattch_hybrid_perfsim_L2_RH                    0 # Get L2 Read Hits for Accelwattch-Hybrid from Accel-Sim
-accelwattch_hybrid_perfsim_L2_RM                    0 # Get L2 Read Misses for Accelwattch-Hybrid from Accel-Sim
-accelwattch_hybrid_perfsim_L2_WH                    0 # Get L2 Write Hits for Accelwattch-Hybrid from Accel-Sim
-accelwattch_hybrid_perfsim_L2_WM                    0 # Get L2 Write Misses for Accelwattch-Hybrid from Accel-Sim
-accelwattch_hybrid_perfsim_CC_ACC                    0 # Get Constant Cache Acesses for Accelwattch-Hybrid from Accel-Sim
-accelwattch_hybrid_perfsim_SHARED_ACC                    0 # Get Shared Memory Acesses for Accelwattch-Hybrid from Accel-Sim
-accelwattch_hybrid_perfsim_DRAM_RD                    0 # Get DRAM Reads for Accelwattch-Hybrid from Accel-Sim
-accelwattch_hybrid_perfsim_DRAM_WR                    0 # Get DRAM Writes for Accelwattch-Hybrid from Accel-Sim
-accelwattch_hybrid_perfsim_NOC                    0 # Get Interconnect Acesses for Accelwattch-Hybrid from Accel-Sim
-accelwattch_hybrid_perfsim_PIPE_DUTY                    0 # Get Pipeline Duty Cycle Acesses for Accelwattch-Hybrid from Accel-Sim
-accelwattch_hybrid_perfsim_NUM_SM_IDLE                    0 # Get Number of Idle SMs for Accelwattch-Hybrid from Accel-Sim
-accelwattch_hybrid_perfsim_CYCLES                    0 # Get Executed Cycles for Accelwattch-Hybrid from Accel-Sim
-accelwattch_hybrid_perfsim_VOLTAGE                    0 # Get Chip Voltage for Accelwattch-Hybrid from Accel-Sim
-power_trace_enabled                    0 # produce a file for the power trace (1=On, 0=Off)
-power_trace_zlevel                     6 # Compression level of the power trace output log (0=no comp, 9=highest)
-steady_power_levels_enabled                    0 # produce a file for the steady power levels (1=On, 0=Off)
-steady_state_definition                  8:4 # allowed deviation:number of samples
-gpgpu_max_cycle                        0 # terminates gpu simulation early (0 = no limit)
-gpgpu_max_insn                         0 # terminates gpu simulation early (0 = no limit)
-gpgpu_max_cta                          0 # terminates gpu simulation early (0 = no limit)
-gpgpu_max_completed_cta                    0 # terminates gpu simulation early (0 = no limit)
-gpgpu_runtime_stat                   500 # display runtime statistics such as dram utilization {<freq>:<flag>}
-liveness_message_freq                    1 # Minimum number of seconds between simulation liveness messages (0 = always print)
-gpgpu_compute_capability_major                    9 # Major compute capability version number
-gpgpu_compute_capability_minor                    0 # Minor compute capability version number
-gpgpu_flush_l1_cache                    1 # Flush L1 cache at the end of each kernel call
-gpgpu_flush_l2_cache                    0 # Flush L2 cache at the end of each kernel call
-gpgpu_deadlock_detect                    1 # Stop the simulation at deadlock (1=on (default), 0=off)
-gpgpu_ptx_instruction_classification                    0 # if enabled will classify ptx instruction types per kernel (Max 255 kernels now)
-gpgpu_ptx_sim_mode                     0 # Select between Performance (default) or Functional simulation (1)
-gpgpu_clock_domains  1500:1700:1700:2617 # Clock Domain Frequencies in MhZ {<Core Clock>:<ICNT Clock>:<L2 Clock>:<DRAM Clock>}
-gpgpu_max_concurrent_kernel                  128 # maximum kernels that can run concurrently on GPU, set this value according to max resident grids for your compute capability
-gpgpu_cflog_interval                    0 # Interval between each snapshot in control flow logger
-visualizer_enabled                     0 # Turn on visualizer output (1=On, 0=Off)
-visualizer_outputfile                 NULL # Specifies the output log file for visualizer
-visualizer_zlevel                      6 # Compression level of the visualizer output log (0=no comp, 9=highest)
-gpgpu_stack_size_limit                 1024 # GPU thread stack size
-gpgpu_heap_size_limit              8388608 # GPU malloc heap size 
-gpgpu_runtime_sync_depth_limit                    2 # GPU device runtime synchronize depth
-gpgpu_runtime_pending_launch_count_limit                 2048 # GPU device runtime pending launch count
-trace_enabled                          0 # Turn on traces
-trace_components                LIVENESS # comma seperated list of traces to enable. Complete list found in trace_streams.tup. Default none
-trace_sampling_core                   -1 # The core which is printed using CORE_GPPRINTF. Default 0
-trace_sampling_memory_partition                   -1 # The memory partition which is printed using MEMPART_GPPRINTF. Default -1 (i.e. all)
-enable_ptx_file_line_stats                    1 # Turn on PTX source line statistic profiling. (1 = On)
-ptx_line_stats_filename gpgpu_inst_stats.txt # Output file for PTX source line statistics.
-gpgpu_kernel_launch_latency                 5500 # Kernel launch latency in cycles. Default: 0
-gpgpu_cdp_enabled                      0 # Turn on CDP
-gpgpu_TB_launch_latency                    0 # thread block launch latency in cycles. Default: 0
DRAM Timing Options:
nbk                                    16 # number of banks
CCD                                     1 # column to column delay
RRD                                     3 # minimal delay between activation of rows in different banks
RCD                                    12 # row to column delay
RAS                                    28 # time needed to activate row
RP                                     12 # time needed to precharge (deactivate) row
RC                                     40 # row cycle time
CDLR                                    3 # switching from write to read (changes tWTR)
WR                                     10 # last data-in to row precharge
CL                                     12 # CAS latency
WL                      c5c348ba563ca0f051b9e783db2981fd  /data/wzr/flashgpu-sim-blackwell/flashgpu-sim/test/build/bin/hopper/run_fa2_small_h32d64_full_tests
Extracting PTX file and ptxas options    1: fa2_fwd_fp16_test.sm_90.ptx -arch=sm_90  --generate-line-info 
Extracting PTX file and ptxas options    2: fa2_fwd_fp16_test.sm_90a.ptx -arch=sm_90a  --generate-line-info 
                2 # Write latency
nbkgrp                                  4 # number of bank groups
CCDL                                    2 # column to column delay between accesses to different bank groups
RTPL                                    3 # read to precharge delay between accesses to different bank groups
Total number of memory sub partition = 160
addr_dec_mask[CHIP]  = 0000000000000000 	high:64 low:0
addr_dec_mask[BK]    = 0000000000007080 	high:15 low:7
addr_dec_mask[ROW]   = 000000000fff8000 	high:28 low:15
addr_dec_mask[COL]   = 0000000000000f7f 	high:12 low:0
addr_dec_mask[BURST] = 000000000000001f 	high:5 low:0
sub_partition_id_mask = 0000000000000080
GPGPU-Sim uArch: clock freqs: 1500000000.000000:1700000000.000000:1700000000.000000:2617000000.000000
GPGPU-Sim uArch: clock periods: 0.00000000066666666667:0.00000000058823529412:0.00000000058823529412:0.00000000038211692778
GPGPU-Sim uArch: performance model initialization complete.
GPGPU-Sim PTX: __cudaRegisterFatBinary, fat_cubin_handle = 1, filename=default
self exe links to: /data/wzr/flashgpu-sim-blackwell/flashgpu-sim/test/build/bin/hopper/run_fa2_small_h32d64_full_tests
Running md5sum using "md5sum /data/wzr/flashgpu-sim-blackwell/flashgpu-sim/test/build/bin/hopper/run_fa2_small_h32d64_full_tests "
self exe links to: /data/wzr/flashgpu-sim-blackwell/flashgpu-sim/test/build/bin/hopper/run_fa2_small_h32d64_full_tests
GPGPU-Sim PTX DEBUG: extract cwd=/data/wzr/flashgpu-sim-blackwell/flashgpu-sim/test/run/FA2_SMALL4_TENSOR6_LAT22_20260617_1738/work/000_fa2_small_H32D64FullB32S256 app_binary=/data/wzr/flashgpu-sim-blackwell/flashgpu-sim/test/build/bin/hopper/run_fa2_small_h32d64_full_tests list_file=_cuobjdump_list_ptx_vc2dTX
GPGPU-Sim PTX DEBUG: extract command=$CUDA_INSTALL_PATH/bin/cuobjdump -lptx /data/wzr/flashgpu-sim-blackwell/flashgpu-sim/test/build/bin/hopper/run_fa2_small_h32d64_full_tests  | cut -d ":" -f 2 | awk '{$1=$1}1' > _cuobjdump_list_ptx_vc2dTX
Extracting specific PTX file named fa2_fwd_fp16_test.sm_90.ptx 
Extracting specific PTX file named fa2_fwd_fp16_test.sm_90a.ptx 
GPGPU-Sim PTX: __cudaRegisterFunction _ZN5flash16flash_fwd_kernelI23Flash_fwd_kernel_traitsILi64ELi128ELi128ELi4ELb0ELb0EN7cutlass6half_tE19Flash_kernel_traitsILi64ELi128ELi128ELi4ES3_EELb0ELb0ELb0ELb0ELb0ELb1ELb0ELb0EEEvNS_16Flash_fwd_paramsE : hostFun 0x0x6271ce28c290, fat_cubin_handle = 1
GPGPU-Sim PTX: Skipping fa2_fwd_fp16_test.sm_90.ptx (suffix version available)
GPGPU-Sim PTX DEBUG: selected-file path cwd=/data/wzr/flashgpu-sim-blackwell/flashgpu-sim/test/run/FA2_SMALL4_TENSOR6_LAT22_20260617_1738/work/000_fa2_small_H32D64FullB32S256 fname=default handle=1
GPGPU-Sim PTX DEBUG: env GPGPUSIM_SELECTED_PTX_OVERRIDE=
GPGPU-Sim PTX DEBUG: env PTX_SIM_USE_PTX_FILE=
GPGPU-Sim PTX DEBUG: env PTX_SIM_KERNELFILE=
GPGPU-Sim PTX DEBUG: selected_files=1 override_enabled=0
GPGPU-Sim PTX DEBUG: selected_files[0]=fa2_fwd_fp16_test.sm_90a.ptx
GPGPU-Sim PTX DEBUG: parse selected=fa2_fwd_fp16_test.sm_90a.ptx parse_filename=fa2_fwd_fp16_test.sm_90a.ptx
GPGPU-Sim PTX: Parsing fa2_fwd_fp16_test.sm_90a.ptx
GPGPU-Sim PTX: allocating global region for "_ZN51_INTERNAL_881fcf60_20_fa2_fwd_fp16_test_cc_9417f7714cute7productE" from 0x100 to 0x101 (global memory space)
GPGPU-Sim PTX: allocating global region for "_ZN51_INTERNAL_881fcf60_20_fa2_fwd_fp16_test_cc_9417f7714cute1_E" from 0x101 to 0x102 (global memory space)
GPGPU-Sim PTX: allocating global region for "_ZN51_INTERNAL_881fcf60_20_fa2_fwd_fp16_test_cc_9417f7714cuda3std3__45__cpo5beginE" from 0x102 to 0x103 (global memory space)
GPGPU-Sim PTX: allocating global region for "_ZN51_INTERNAL_881fcf60_20_fa2_fwd_fp16_test_cc_9417f7714cuda3std3__45__cpo3endE" from 0x103 to 0x104 (global memory space)
GPGPU-Sim PTX: allocating global region for "_ZN51_INTERNAL_881fcf60_20_fa2_fwd_fp16_test_cc_9417f7714cuda3std3__45__cpo6cbeginE" from 0x104 to 0x105 (global memory space)
GPGPU-Sim PTX: allocating global region for "_ZN51_INTERNAL_881fcf60_20_fa2_fwd_fp16_test_cc_9417f7714cuda3std3__45__cpo4cendE" from 0x105 to 0x106 (global memory space)
GPGPU-Sim PTX: allocating global region for "_ZN51_INTERNAL_881fcf60_20_fa2_fwd_fp16_test_cc_9417f7714cuda3std3__419piecewise_constructE" from 0x106 to 0x107 (global memory space)
GPGPU-Sim PTX: allocating global region for "_ZN51_INTERNAL_881fcf60_20_fa2_fwd_fp16_test_cc_9417f7714cuda3std3__48in_placeE" from 0x107 to 0x108 (global memory space)
GPGPU-Sim PTX: allocating global region for "_ZN51_INTERNAL_881fcf60_20_fa2_fwd_fp16_test_cc_9417f7714cuda3std6ranges3__45__cpo4swapE" from 0x108 to 0x109 (global memory space)
GPGPU-Sim PTX: allocating global region for "_ZN51_INTERNAL_881fcf60_20_fa2_fwd_fp16_test_cc_9417f7714cuda3std6ranges3__45__cpo9iter_moveE" from 0x109 to 0x10a (global memory space)
GPGPU-Sim PTX: allocating shared region for "_ZN5flash5smem_E" from 0x0 to 0x0 (shared memory space)
GPGPU-Sim PTX: instruction assembly for function '_ZN5flash16flash_fwd_kernelI23Flash_fwd_kernel_traitsILi64ELi128ELi64ELi4ELb0ELb0EN7cutlass6half_tE19Flash_kernel_traitsILi64ELi128ELi64ELi4ES3_EELb0ELb0ELb1ELb1ELb0ELb0ELb1ELb0EEEvNS_16Flash_fwd_paramsE'... GPGPU-Sim PTX: >>> This is a shared memory symbol: _ZN5flash5smem_E size in bytes 0
GPGPU-Sim PTX: >>>>>> Adding localized dynamic shared memory symbol for _ZN5flash5smem_E
GPGPU-Sim PTX: >>>>>> Updating operand to use localized dyn shared mem symbol.
GPGPU-Sim PTX: >>> This is a shared memory symbol: _ZN5flash5smem_E size in bytes 0
GPGPU-Sim PTX: >>>>>> Updating operand to use localized dyn shared mem symbol.
GPGPU-Sim PTX: reorder switch function '_ZN5flash16flash_fwd_kernelI23Flash_fwd_kernel_traitsILi64ELi128ELi64ELi4ELb0ELb0EN7cutlass6half_tE19Flash_kernel_traitsILi64ELi128ELi64ELi4ES3_EELb0ELb0ELb1ELb1ELb0ELb0ELb1ELb0EEEvNS_16Flash_fwd_paramsE': segments=209 skipped=0 insts=6415 moved_slots=5554 max_segment=1074 edges=7329 slack=0 sass_guided=0 sass_guided_fallback=0 sass_cursor=0/0
  done.
GPGPU-Sim PTX: instruction assembly for function '_ZN5flash16flash_fwd_kernelI23Flash_fwd_kernel_traitsILi64ELi128ELi64ELi4ELb0ELb0EN7cutlass6half_tE19Flash_kernel_traitsILi64ELi128ELi64ELi4ES3_EELb1ELb0ELb1ELb1ELb0ELb0ELb0ELb1EEEvNS_16Flash_fwd_paramsE'... GPGPU-Sim PTX: >>> This is a shared memory symbol: _ZN5flash5smem_E size in bytes 0
GPGPU-Sim PTX: >>>>>> Adding localized dynamic shared memory symbol for _ZN5flash5smem_E
GPGPU-Sim PTX: >>>>>> Updating operand to use localized dyn shared mem symbol.
GPGPU-Sim PTX: >>> This is a shared memory symbol: _ZN5flash5smem_E size in bytes 0
GPGPU-Sim PTX: >>>>>> Updating operand to use localized dyn shared mem symbol.
GPGPU-Sim PTX: reorder switch function '_ZN5flash16flash_fwd_kernelI23Flash_fwd_kernel_traitsILi64ELi128ELi64ELi4ELb0ELb0EN7cutlass6half_tE19Flash_kernel_traitsILi64ELi128ELi64ELi4ES3_EELb1ELb0ELb1ELb1ELb0ELb0ELb0ELb1EEEvNS_16Flash_fwd_paramsE': segments=489 skipped=0 insts=9971 moved_slots=8170 max_segment=1136 edges=10993 slack=0 sass_guided=0 sass_guided_fallback=0 sass_cursor=0/0
  done.
GPGPU-Sim PTX: instruction assembly for function '_ZN5flash16flash_fwd_kernelI23Flash_fwd_kernel_traitsILi64ELi128ELi64ELi4ELb0ELb0EN7cutlass6half_tE19Flash_kernel_traitsILi64ELi128ELi64ELi4ES3_EELb0ELb0ELb1ELb0ELb0ELb0ELb1ELb0EEEvNS_16Flash_fwd_paramsE'... GPGPU-Sim PTX: >>> This is a shared memory symbol: _ZN5flash5smem_E size in bytes 0
GPGPU-Sim PTX: >>>>>> Adding localized dynamic shared memory symbol for _ZN5flash5smem_E
GPGPU-Sim PTX: >>>>>> Updating operand to use localized dyn shared mem symbol.
GPGPU-Sim PTX: >>> This is a shared memory symbol: _ZN5flash5smem_E size in bytes 0
GPGPU-Sim PTX: >>>>>> Updating operand to use localized dyn shared mem symbol.
GPGPU-Sim PTX: reorder switch function '_ZN5flash16flash_fwd_kernelI23Flash_fwd_kernel_traitsILi64ELi128ELi64ELi4ELb0ELb0EN7cutlass6half_tE19Flash_kernel_traitsILi64ELi128ELi64ELi4ES3_EELb0ELb0ELb1ELb0ELb0ELb0ELb1ELb0EEEvNS_16Flash_fwd_paramsE': segments=208 skipped=0 insts=5128 moved_slots=4263 max_segment=757 edges=5540 slack=0 sass_guided=0 sass_guided_fallback=0 sass_cursor=0/0
  done.
GPGPU-Sim PTX: instruction assembly for function '_ZN5flash16flash_fwd_kernelI23Flash_fwd_kernel_traitsILi64ELi128ELi64ELi4ELb0ELb0EN7cutlass6half_tE19Flash_kernel_traitsILi64ELi128ELi64ELi4ES3_EELb1ELb0ELb1ELb0ELb0ELb0ELb0ELb1EEEvNS_16Flash_fwd_paramsE'... GPGPU-Sim PTX: >>> This is a shared memory symbol: _ZN5flash5smem_E size in bytes 0
GPGPU-Sim PTX: >>>>>> Adding localized dynamic shared memory symbol for _ZN5flash5smem_E
GPGPU-Sim PTX: >>>>>> Updating operand to use localized dyn shared mem symbol.
GPGPU-Sim PTX: >>> This is a shared memory symbol: _ZN5flash5smem_E size in bytes 0
GPGPU-Sim PTX: >>>>>> Updating operand to use localized dyn shared mem symbol.
GPGPU-Sim PTX: reorder switch function '_ZN5flash16flash_fwd_kernelI23Flash_fwd_kernel_traitsILi64ELi128ELi64ELi4ELb0ELb0EN7cutlass6half_tE19Flash_kernel_traitsILi64ELi128ELi64ELi4ES3_EELb1ELb0ELb1ELb0ELb0ELb0ELb0ELb1EEEvNS_16Flash_fwd_paramsE': segments=488 skipped=0 insts=8680 moved_slots=6900 max_segment=817 edges=9324 slack=0 sass_guided=0 sass_guided_fallback=0 sass_cursor=0/0
  done.
GPGPU-Sim PTX: instruction assembly for function '_ZN5flash16flash_fwd_kernelI23Flash_fwd_kernel_traitsILi64ELi128ELi64ELi4ELb0ELb0EN7cutlass6half_tE19Flash_kernel_traitsILi64ELi128ELi64ELi4ES3_EELb1ELb0ELb1ELb1ELb0ELb0ELb0ELb0EEEvNS_16Flash_fwd_paramsE'... GPGPU-Sim PTX: >>> This is a shared memory symbol: _ZN5flash5smem_E size in bytes 0
GPGPU-Sim PTX: >>>>>> Adding localized dynamic shared memory symbol for _ZN5flash5smem_E
GPGPU-Sim PTX: >>>>>> Updating operand to use localized dyn shared mem symbol.
GPGPU-Sim PTX: >>> This is a shared memory symbol: _ZN5flash5smem_E size in bytes 0
GPGPU-Sim PTX: >>>>>> Updating operand to use localized dyn shared mem symbol.
GPGPU-Sim PTX: reorder switch function '_ZN5flash16flash_fwd_kernelI23Flash_fwd_kernel_traitsILi64ELi128ELi64ELi4ELb0ELb0EN7cutlass6half_tE19Flash_kernel_traitsILi64ELi128ELi64ELi4ES3_EELb1ELb0ELb1ELb1ELb0ELb0ELb0ELb0EEEvNS_16Flash_fwd_paramsE': segments=214 skipped=0 insts=7746 moved_slots=6901 max_segment=1520 edges=9509 slack=0 sass_guided=0 sass_guided_fallback=0 sass_cursor=0/0
  done.
GPGPU-Sim PTX: instruction assembly for function '_ZN5flash16flash_fwd_kernelI23Flash_fwd_kernel_traitsILi64ELi128ELi64ELi4ELb0ELb0EN7cutlass6half_tE19Flash_kernel_traitsILi64ELi128ELi64ELi4ES3_EELb0ELb0ELb1ELb0ELb0ELb1ELb1ELb0EEEvNS_16Flash_fwd_paramsE'... GPGPU-Sim PTX: >>> This is a shared memory symbol: _ZN5flash5smem_E size in bytes 0
GPGPU-Sim PTX: >>>>>> Adding localized dynamic shared memory symbol for _ZN5flash5smem_E
GPGPU-Sim PTX: >>>>>> Updating operand to use localized dyn shared mem symbol.
GPGPU-Sim PTX: >>> This is a shared memory symbol: _ZN5flash5smem_E size in bytes 0
GPGPU-Sim PTX: >>>>>> Updating operand to use localized dyn shared mem symbol.
GPGPU-Sim PTX: >>> This is a shared memory symbol: _ZN5flash5smem_E size in bytes 0
GPGPU-Sim PTX: >>>>>> Updating operand to use localized dyn shared mem symbol.
GPGPU-Sim PTX: >>> This is a shared memory symbol: _ZN5flash5smem_E size in bytes 0
GPGPU-Sim PTX: >>>>>> Updating operand to use localized dyn shared mem symbol.
GPGPU-Sim PTX: >>> This is a shared memory symbol: _ZN5flash5smem_E size in bytes 0
GPGPU-Sim PTX: >>>>>> Updating operand to use localized dyn shared mem symbol.
GPGPU-Sim PTX: >>> This is a shared memory symbol: _ZN5flash5smem_E size in bytes 0
GPGPU-Sim PTX: >>>>>> Updating operand to use localized dyn shared mem symbol.
GPGPU-Sim PTX: >>> This is a shared memory symbol: _ZN5flash5smem_E size in bytes 0
GPGPU-Sim PTX: >>>>>> Updating operand to use localized dyn shared mem symbol.
GPGPU-Sim PTX: >>> This is a shared memory symbol: _ZN5flash5smem_E size in bytes 0
GPGPU-Sim PTX: >>>>>> Updating operand to use localized dyn shared mem symbol.
GPGPU-Sim PTX: >>> This is a shared memory symbol: _ZN5flash5smem_E size in bytes 0
GPGPU-Sim PTX: >>>>>> Updating operand to use localized dyn shared mem symbol.
GPGPU-Sim PTX: >>> This is a shared memory symbol: _ZN5flash5smem_E size in bytes 0
GPGPU-Sim PTX: >>>>>> Updating operand to use localized dyn shared mem symbol.
GPGPU-Sim PTX: >>> This is a shared memory symbol: _ZN5flash5smem_E size in bytes 0
GPGPU-Sim PTX: >>>>>> Updating operand to use localized dyn shared mem symbol.
GPGPU-Sim PTX: >>> This is a shared memory symbol: _ZN5flash5smem_E size in bytes 0
GPGPU-Sim PTX: >>>>>> Updating operand to use localized dyn shared mem symbol.
GPGPU-Sim PTX: >>> This is a shared memory symbol: _ZN5flash5smem_E size in bytes 0
GPGPU-Sim PTX: >>>>>> Updating operand to use localized dyn shared mem symbol.
GPGPU-Sim PTX: >>> This is a shared memory symbol: _ZN5flash5smem_E size in bytes 0
GPGPU-Sim PTX: >>>>>> Updating operand to use localized dyn shared mem symbol.
GPGPU-Sim PTX: reorder switch function '_ZN5flash16flash_fwd_kernelI23Flash_fwd_kernel_traitsILi64ELi128ELi64ELi4ELb0ELb0EN7cutlass6half_tE19Flash_kernel_traitsILi64ELi128ELi64ELi4ES3_EELb0ELb0ELb1ELb0ELb0ELb1ELb1ELb0EEEvNS_16Flash_fwd_paramsE': segments=173 skipped=0 insts=5015 moved_slots=4269 max_segment=756 edges=5519 slack=0 sass_guided=0 sass_guided_fallback=0 sass_cursor=0/0
  done.
GPGPU-Sim PTX: instruction assembly for function '_ZN5flash16flash_fwd_kernelI23Flash_fwd_kernel_traitsILi64ELi128ELi64ELi4ELb0ELb0EN7cutlass6half_tE19Flash_kernel_traitsILi64ELi128ELi64ELi4ES3_EELb1ELb0ELb1ELb0ELb0ELb1ELb0ELb0EEEvNS_16Flash_fwd_paramsE'... GPGPU-Sim PTX: >>> This is a shared memory symbol: _ZN5flash5smem_E size in bytes 0
GPGPU-Sim PTX: >>>>>> Adding localized dynamic shared memory symbol for _ZN5flash5smem_E
GPGPU-Sim PTX: >>>>>> Updating operand to use localized dyn shared mem symbol.
GPGPU-Sim PTX: >>> This is a shared memory symbol: _ZN5flash5smem_E size in bytes 0
GPGPU-Sim PTX: >>>>>> Updating operand to use localized dyn shared mem symbol.
GPGPU-Sim PTX: >>> This is a shared memory symbol: _ZN5flash5smem_E size in bytes 0
GPGPU-Sim PTX: >>>>>> Updating operand to use localized dyn shared mem symbol.
GPGPU-Sim PTX: >>> This is a shared memory symbol: _ZN5flash5smem_E size in bytes 0
GPGPU-Sim PTX: >>>>>> Updating operand to use localized dyn shared mem symbol.
GPGPU-Sim PTX: >>> This is a shared memory symbol: _ZN5flash5smem_E size in bytes 0
GPGPU-Sim PTX: >>>>>> Updating operand to use localized dyn shared mem symbol.
GPGPU-Sim PTX: >>> This is a shared memory symbol: _ZN5flash5smem_E size in bytes 0
GPGPU-Sim PTX: >>>>>> Updating operand to use localized dyn shared mem symbol.
GPGPU-Sim PTX: >>> This is a shared memory symbol: _ZN5flash5smem_E size in bytes 0
GPGPU-Sim PTX: >>>>>> Updating operand to use localized dyn shared mem symbol.
GPGPU-Sim PTX: >>> This is a shared memory symbol: _ZN5flash5smem_E size in bytes 0
GPGPU-Sim PTX: >>>>>> Updating operand to use localized dyn shared mem symbol.
GPGPU-Sim PTX: >>> This is a shared memory symbol: _ZN5flash5smem_E size in bytes 0
GPGPU-Sim PTX: >>>>>> Updating operand to use localized dyn shared mem symbol.
GPGPU-Sim PTX: >>> This is a shared memory symbol: _ZN5flash5smem_E size in bytes 0
GPGPU-Sim PTX: >>>>>> Updating operand to use localized dyn shared mem symbol.
GPGPU-Sim PTX: >>> This is a shared memory symbol: _ZN5flash5smem_E size in bytes 0
GPGPU-Sim PTX: >>>>>> Updating operand to use localized dyn shared mem symbol.
GPGPU-Sim PTX: >>> This is a shared memory symbol: _ZN5flash5smem_E size in bytes 0
GPGPU-Sim PTX: >>>>>> Updating operand to use localized dyn shared mem symbol.
GPGPU-Sim PTX: >>> This is a shared memory symbol: _ZN5flash5smem_E size in bytes 0
GPGPU-Sim PTX: >>>>>> Updating operand to use localized dyn shared mem symbol.
GPGPU-Sim PTX: >>> This is a shared memory symbol: _ZN5flash5smem_E size in bytes 0
GPGPU-Sim PTX: >>>>>> Updating operand to use localized dyn shared mem symbol.
GPGPU-Sim PTX: reorder switch function '_ZN5flash16flash_fwd_kernelI23Flash_fwd_kernel_traitsILi64ELi128ELi64ELi4ELb0ELb0EN7cutlass6half_tE19Flash_kernel_traitsILi64ELi128ELi64ELi4ES3_EELb1ELb0ELb1ELb0ELb0ELb1ELb0ELb0EEEvNS_16Flash_fwd_paramsE': segments=180 skipped=0 insts=6347 moved_slots=5617 max_segment=1202 edges=7665 slack=0 sass_guided=0 sass_guided_fallback=0 sass_cursor=0/0
  done.
GPGPU-Sim PTX: instruction assembly for function '_ZN5flash16flash_fwd_kernelI23Flash_fwd_kernel_traitsILi64ELi128ELi64ELi4ELb0ELb0EN7cutlass6half_tE19Flash_kernel_traitsILi64ELi128ELi64ELi4ES3_EELb0ELb0ELb0ELb1ELb0ELb0ELb1ELb0EEEvNS_16Flash_fwd_paramsE'... GPGPU-Sim PTX: >>> This is a shared memory symbol: _ZN5flash5smem_E size in bytes 0
GPGPU-Sim PTX: >>>>>> Adding localized dynamic shared memory symbol for _ZN5flash5smem_E
GPGPU-Sim PTX: >>>>>> Updating operand to use localized dyn shared mem symbol.
GPGPU-Sim PTX: >>> This is a shared memory symbol: _ZN5flash5smem_E size in bytes 0
GPGPU-Sim PTX: >>>>>> Updating operand to use localized dyn shared mem symbol.
GPGPU-Sim PTX: reorder switch function '_ZN5flash16flash_fwd_kernelI23Flash_fwd_kernel_traitsILi64ELi128ELi64ELi4ELb0ELb0EN7cutlass6half_tE19Flash_kernel_traitsILi64ELi128ELi64ELi4ES3_EELb0ELb0ELb0ELb1ELb0ELb0ELb1ELb0EEEvNS_16Flash_fwd_paramsE': segments=170 skipped=0 insts=3130 moved_slots=2508 max_segment=775 edges=3072 slack=0 sass_guided=0 sass_guided_fallback=0 sass_cursor=0/0
  done.
GPGPU-Sim PTX: instruction assembly for function '_ZN5flash16flash_fwd_kernelI23Flash_fwd_kernel_traitsILi64ELi128ELi64ELi4ELb0ELb0EN7cutlass6half_tE19Flash_kernel_traitsILi64ELi128ELi64ELi4ES3_EELb1ELb0ELb0ELb1ELb0ELb0ELb0ELb1EEEvNS_16Flash_fwd_paramsE'... GPGPU-Sim PTX: >>> This is a shared memory symbol: _ZN5flash5smem_E size in bytes 0
GPGPU-Sim PTX: >>>>>> Adding localized dynamic shared memory symbol for _ZN5flash5smem_E
GPGPU-Sim PTX: >>>>>> Updating operand to use localized dyn shared mem symbol.
GPGPU-Sim PTX: >>> This is a shared memory symbol: _ZN5flash5smem_E size in bytes 0
GPGPU-Sim PTX: >>>>>> Updating operand to use localized dyn shared mem symbol.
GPGPU-Sim PTX: reorder switch function '_ZN5flash16flash_fwd_kernelI23Flash_fwd_kernel_traitsILi64ELi128ELi64ELi4ELb0ELb0EN7cutlass6half_tE19Flash_kernel_traitsILi64ELi128ELi64ELi4ES3_EELb1ELb0ELb0ELb1ELb0ELb0ELb0ELb1EEEvNS_16Flash_fwd_paramsE': segments=319 skipped=0 insts=4953 moved_slots=3857 max_segment=834 edges=5166 slack=0 sass_guided=0 sass_guided_fallback=0 sass_cursor=0/0
  done.
GPGPU-Sim PTX: instruction assembly for function '_ZN5flash16flash_fwd_kernelI23Flash_fwd_kernel_traitsILi64ELi128ELi64ELi4ELb0ELb0EN7cutlass6half_tE19Flash_kernel_traitsILi64ELi128ELi64ELi4ES3_EELb0ELb0ELb0ELb0ELb0ELb0ELb1ELb0EEEvNS_16Flash_fwd_paramsE'... GPGPU-Sim PTX: >>> This is a shared memory symbol: _ZN5flash5smem_E size in bytes 0
GPGPU-Sim PTX: >>>>>> Adding localized dynamic shared memory symbol for _ZN5flash5smem_E
GPGPU-Sim PTX: >>>>>> Updating operand to use localized dyn shared mem symbol.
GPGPU-Sim PTX: >>> This is a shared memory symbol: _ZN5flash5smem_E size in bytes 0
GPGPU-Sim PTX: >>>>>> Updating operand to use localized dyn shared mem symbol.
GPGPU-Sim PTX: reorder switch function '_ZN5flash16flash_fwd_kernelI23Flash_fwd_kernel_traitsILi64ELi128ELi64ELi4ELb0ELb0EN7cutlass6half_tE19Flash_kernel_traitsILi64ELi128ELi64ELi4ES3_EELb0ELb0ELb0ELb0ELb0ELb0ELb1ELb0EEEvNS_16Flash_fwd_paramsE': segments=169 skipped=0 insts=2492 moved_slots=1869 max_segment=480 edges=2123 slack=0 sass_guided=0 sass_guided_fallback=0 sass_cursor=0/0
  done.
GPGPU-Sim PTX: instruction assembly for function '_ZN5flash16flash_fwd_kernelI23Flash_fwd_kernel_traitsILi64ELi128ELi64ELi4ELb0ELb0EN7cutlass6half_tE19Flash_kernel_traitsILi64ELi128ELi64ELi4ES3_EELb1ELb0ELb0ELb0ELb0ELb0ELb0ELb1EEEvNS_16Flash_fwd_paramsE'... GPGPU-Sim PTX: >>> This is a shared memory symbol: _ZN5flash5smem_E size in bytes 0
GPGPU-Sim PTX: >>>>>> Adding localized dynamic shared memory symbol for _ZN5flash5smem_E
GPGPU-Sim PTX: >>>>>> Updating operand to use localized dyn shared mem symbol.
GPGPU-Sim PTX: >>> This is a shared memory symbol: _ZN5flash5smem_E size in bytes 0
GPGPU-Sim PTX: >>>>>> Updating operand to use localized dyn shared mem symbol.
GPGPU-Sim PTX: reorder switch function '_ZN5flash16flash_fwd_kernelI23Flash_fwd_kernel_traitsILi64ELi128ELi64ELi4ELb0ELb0EN7cutlass6half_tE19Flash_kernel_traitsILi64ELi128ELi64ELi4ES3_EELb1ELb0ELb0ELb0ELb0ELb0ELb0ELb1EEEvNS_16Flash_fwd_paramsE': segments=318 skipped=0 insts=4318 moved_slots=3223 max_segment=539 edges=4217 slack=0 sass_guided=0 sass_guided_fallback=0 sass_cursor=0/0
  done.
GPGPU-Sim PTX: instruction assembly for function '_ZN5flash16flash_fwd_kernelI23Flash_fwd_kernel_traitsILi64ELi128ELi64ELi4ELb0ELb0EN7cutlass6half_tE19Flash_kernel_traitsILi64ELi128ELi64ELi4ES3_EELb1ELb0ELb0ELb1ELb0ELb0ELb0ELb0EEEvNS_16Flash_fwd_paramsE'... GPGPU-Sim PTX: >>> This is a shared memory symbol: _ZN5flash5smem_E size in bytes 0
GPGPU-Sim PTX: >>>>>> Adding localized dynamic shared memory symbol for _ZN5flash5smem_E
GPGPU-Sim PTX: >>>>>> Updating operand to use localized dyn shared mem symbol.
GPGPU-Sim PTX: >>> This is a shared memory symbol: _ZN5flash5smem_E size in bytes 0
GPGPU-Sim PTX: >>>>>> Updating operand to use localized dyn shared mem symbol.
GPGPU-Sim PTX: reorder switch function '_ZN5flash16flash_fwd_kernelI23Flash_fwd_kernel_traitsILi64ELi128ELi64ELi4ELb0ELb0EN7cutlass6half_tE19Flash_kernel_traitsILi64ELi128ELi64ELi4ES3_EELb1ELb0ELb0ELb1ELb0ELb0ELb0ELb0EEEvNS_16Flash_fwd_paramsE': segments=171 skipped=0 insts=3816 moved_slots=3202 max_segment=1222 edges=4318 slack=0 sass_guided=0 sass_guided_fallback=0 sass_cursor=0/0
  done.
GPGPU-Sim PTX: instruction assembly for function '_ZN5flash16flash_fwd_kernelI23Flash_fwd_kernel_traitsILi64ELi128ELi64ELi4ELb0ELb0EN7cutlass6half_tE19Flash_kernel_traitsILi64ELi128ELi64ELi4ES3_EELb0ELb0ELb0ELb0ELb1ELb1ELb1ELb0EEEvNS_16Flash_fwd_paramsE'... GPGPU-Sim PTX: >>> This is a shared memory symbol: _ZN5flash5smem_E size in bytes 0
GPGPU-Sim PTX: >>>>>> Adding localized dynamic shared memory symbol for _ZN5flash5smem_E
GPGPU-Sim PTX: >>>>>> Updating operand to use localized dyn shared mem symbol.
GPGPU-Sim PTX: >>> This is a shared memory symbol: _ZN5flash5smem_E size in bytes 0
GPGPU-Sim PTX: >>>>>> Updating operand to use localized dyn shared mem symbol.
GPGPU-Sim PTX: reorder switch function '_ZN5flash16flash_fwd_kernelI23Flash_fwd_kernel_traitsILi64ELi128ELi64ELi4ELb0ELb0EN7cutlass6half_tE19Flash_kernel_traitsILi64ELi128ELi64ELi4ES3_EELb0ELb0ELb0ELb0ELb1ELb1ELb1ELb0EEEvNS_16Flash_fwd_paramsE': segments=84 skipped=0 insts=1980 moved_slots=1596 max_segment=480 edges=1742 slack=0 sass_guided=0 sass_guided_fallback=0 sass_cursor=0/0
  done.
GPGPU-Sim PTX: instruction assembly for function '_ZN5flash16flash_fwd_kernelI23Flash_fwd_kernel_traitsILi64ELi128ELi64ELi4ELb0ELb0EN7cutlass6half_tE19Flash_kernel_traitsILi64ELi128ELi64ELi4ES3_EELb1ELb0ELb0ELb0ELb1ELb1ELb0ELb0EEEvNS_16Flash_fwd_paramsE'... GPGPU-Sim PTX: >>> This is a shared memory symbol: _ZN5flash5smem_E size in bytes 0
GPGPU-Sim PTX: >>>>>> Adding localized dynamic shared memory symbol for _ZN5flash5smem_E
GPGPU-Sim PTX: >>>>>> Updating operand to use localized dyn shared mem symbol.
GPGPU-Sim PTX: >>> This is a shared memory symbol: _ZN5flash5smem_E size in bytes 0
GPGPU-Sim PTX: >>>>>> Updating operand to use localized dyn shared mem symbol.
GPGPU-Sim PTX: reorder switch function '_ZN5flash16flash_fwd_kernelI23Flash_fwd_kernel_traitsILi64ELi128ELi64ELi4ELb0ELb0EN7cutlass6half_tE19Flash_kernel_traitsILi64ELi128ELi64ELi4ES3_EELb1ELb0ELb0ELb0ELb1ELb1ELb0ELb0EEEvNS_16Flash_fwd_paramsE': segments=84 skipped=0 insts=2656 moved_slots=2292 max_segment=927 edges=2978 slack=0 sass_guided=0 sass_guided_fallback=0 sass_cursor=0/0
  done.
GPGPU-Sim PTX: instruction assembly for function '_ZN5flash16flash_fwd_kernelI23Flash_fwd_kernel_traitsILi64ELi128ELi64ELi4ELb0ELb0EN7cutlass6half_tE19Flash_kernel_traitsILi64ELi128ELi64ELi4ES3_EELb1ELb0ELb1ELb0ELb0ELb0ELb0ELb0EEEvNS_16Flash_fwd_paramsE'... GPGPU-Sim PTX: >>> This is a shared memory symbol: _ZN5flash5smem_E size in bytes 0
GPGPU-Sim PTX: >>>>>> Adding localized dynamic shared memory symbol for _ZN5flash5smem_E
GPGPU-Sim PTX: >>>>>> Updating operand to use localized dyn shared mem symbol.
GPGPU-Sim PTX: >>> This is a shared memory symbol: _ZN5flash5smem_E size in bytes 0
GPGPU-Sim PTX: >>>>>> Updating operand to use localized dyn shared mem symbol.
GPGPU-Sim PTX: reorder switch function '_ZN5flash16flash_fwd_kernelI23Flash_fwd_kernel_traitsILi64ELi128ELi64ELi4ELb0ELb0EN7cutlass6half_tE19Flash_kernel_traitsILi64ELi128ELi64ELi4ES3_EELb1ELb0ELb1ELb0ELb0ELb0ELb0ELb0EEEvNS_16Flash_fwd_paramsE': segments=213 skipped=0 insts=6459 moved_slots=5615 max_segment=1206 edges=7720 slack=0 sass_guided=0 sass_guided_fallback=0 sass_cursor=0/0
  done.
GPGPU-Sim PTX: instruction assembly for function '_ZN5flash16flash_fwd_kernelI23Flash_fwd_kernel_traitsILi64ELi128ELi64ELi4ELb0ELb0EN7cutlass6half_tE19Flash_kernel_traitsILi64ELi128ELi64ELi4ES3_EELb1ELb0ELb0ELb0ELb0ELb0ELb0ELb0EEEvNS_16Flash_fwd_paramsE'... GPGPU-Sim PTX: >>> This is a shared memory symbol: _ZN5flash5smem_E size in bytes 0
GPGPU-Sim PTX: >>>>>> Adding localized dynamic shared memory symbol for _ZN5flash5smem_E
GPGPU-Sim PTX: >>>>>> Updating operand to use localized dyn shared mem symbol.
GPGPU-Sim PTX: >>> This is a shared memory symbol: _ZN5flash5smem_E size in bytes 0
GPGPU-Sim PTX: >>>>>> Updating operand to use localized dyn shared mem symbol.
GPGPU-Sim PTX: reorder switch function '_ZN5flash16flash_fwd_kernelI23Flash_fwd_kernel_traitsILi64ELi128ELi64ELi4ELb0ELb0EN7cutlass6half_tE19Flash_kernel_traitsILi64ELi128ELi64ELi4ES3_EELb1ELb0ELb0ELb0ELb0ELb0ELb0ELb0EEEvNS_16Flash_fwd_paramsE': segments=171 skipped=0 insts=3174 moved_slots=2576 max_segment=927 edges=3361 slack=0 sass_guided=0 sass_guided_fallback=0 sass_cursor=0/0
  done.
GPGPU-Sim PTX: instruction assembly for function '_ZN5flash16flash_fwd_kernelI23Flash_fwd_kernel_traitsILi64ELi128ELi64ELi4ELb0ELb0EN7cutlass6half_tE19Flash_kernel_traitsILi64ELi128ELi64ELi4ES3_EELb0ELb0ELb0ELb0ELb0ELb1ELb1ELb0EEEvNS_16Flash_fwd_paramsE'... GPGPU-Sim PTX: >>> This is a shared memory symbol: _ZN5flash5smem_E size in bytes 0
GPGPU-Sim PTX: >>>>>> Adding localized dynamic shared memory symbol for _ZN5flash5smem_E
GPGPU-Sim PTX: >>>>>> Updating operand to use localized dyn shared mem symbol.
GPGPU-Sim PTX: >>> This is a shared memory symbol: _ZN5flash5smem_E size in bytes 0
GPGPU-Sim PTX: >>>>>> Updating operand to use localized dyn shared mem symbol.
GPGPU-Sim PTX: >>> This is a shared memory symbol: _ZN5flash5smem_E size in bytes 0
GPGPU-Sim PTX: >>>>>> Updating operand to use localized dyn shared mem symbol.
GPGPU-Sim PTX: >>> This is a shared memory symbol: _ZN5flash5smem_E size in bytes 0
GPGPU-Sim PTX: >>>>>> Updating operand to use localized dyn shared mem symbol.
GPGPU-Sim PTX: >>> This is a shared memory symbol: _ZN5flash5smem_E size in bytes 0
GPGPU-Sim PTX: >>>>>> Updating operand to use localized dyn shared mem symbol.
GPGPU-Sim PTX: >>> This is a shared memory symbol: _ZN5flash5smem_E size in bytes 0
GPGPU-Sim PTX: >>>>>> Updating operand to use localized dyn shared mem symbol.
GPGPU-Sim PTX: >>> This is a shared memory symbol: _ZN5flash5smem_E size in bytes 0
GPGPU-Sim PTX: >>>>>> Updating operand to use localized dyn shared mem symbol.
GPGPU-Sim PTX: >>> This is a shared memory symbol: _ZN5flash5smem_E size in bytes 0
GPGPU-Sim PTX: >>>>>> Updating operand to use localized dyn shared mem symbol.
GPGPU-Sim PTX: >>> This is a shared memory symbol: _ZN5flash5smem_E size in bytes 0
GPGPU-Sim PTX: >>>>>> Updating operand to use localized dyn shared mem symbol.
GPGPU-Sim PTX: >>> This is a shared memory symbol: _ZN5flash5smem_E size in bytes 0
GPGPU-Sim PTX: >>>>>> Updating operand to use localized dyn shared mem symbol.
GPGPU-Sim PTX: >>> This is a shared memory symbol: _ZN5flash5smem_E size in bytes 0
GPGPU-Sim PTX: >>>>>> Updating operand to use localized dyn shared mem symbol.
GPGPU-Sim PTX: >>> This is a shared memory symbol: _ZN5flash5smem_E size in bytes 0
GPGPU-Sim PTX: >>>>>> Updating operand to use localized dyn shared mem symbol.
GPGPU-Sim PTX: >>> This is a shared memory symbol: _ZN5flash5smem_E size in bytes 0
GPGPU-Sim PTX: >>>>>> Updating operand to use localized dyn shared mem symbol.
GPGPU-Sim PTX: >>> This is a shared memory symbol: _ZN5flash5smem_E size in bytes 0
GPGPU-Sim PTX: >>>>>> Updating operand to use localized dyn shared mem symbol.
GPGPU-Sim PTX: reorder switch function '_ZN5flash16flash_fwd_kernelI23Flash_fwd_kernel_traitsILi64ELi128ELi64ELi4ELb0ELb0EN7cutlass6half_tE19Flash_kernel_traitsILi64ELi128ELi64ELi4ES3_EELb0ELb0ELb0ELb0ELb0ELb1ELb1ELb0EEEvNS_16Flash_fwd_paramsE': segments=143 skipped=0 insts=2409 moved_slots=1887 max_segment=480 edges=2105 slack=0 sass_guided=0 sass_guided_fallback=0 sass_cursor=0/0
  done.
GPGPU-Sim PTX: instruction assembly for function '_ZN5flash16flash_fwd_kernelI23Flash_fwd_kernel_traitsILi64ELi128ELi64ELi4ELb0ELb0EN7cutlass6half_tE19Flash_kernel_traitsILi64ELi128ELi64ELi4ES3_EELb1ELb0ELb0ELb0ELb0ELb1ELb0ELb0EEEvNS_16Flash_fwd_paramsE'... GPGPU-Sim PTX: >>> This is a shared memory symbol: _ZN5flash5smem_E size in bytes 0
GPGPU-Sim PTX: >>>>>> Adding localized dynamic shared memory symbol for _ZN5flash5smem_E
GPGPU-Sim PTX: >>>>>> Updating operand to use localized dyn shared mem symbol.
GPGPU-Sim PTX: >>> This is a shared memory symbol: _ZN5flash5smem_E size in bytes 0
GPGPU-Sim PTX: >>>>>> Updating operand to use localized dyn shared mem symbol.
GPGPU-Sim PTX: >>> This is a shared memory symbol: _ZN5flash5smem_E size in bytes 0
GPGPU-Sim PTX: >>>>>> Updating operand to use localized dyn shared mem symbol.
GPGPU-Sim PTX: >>> This is a shared memory symbol: _ZN5flash5smem_E size in bytes 0
GPGPU-Sim PTX: >>>>>> Updating operand to use localized dyn shared mem symbol.
GPGPU-Sim PTX: >>> This is a shared memory symbol: _ZN5flash5smem_E size in bytes 0
GPGPU-Sim PTX: >>>>>> Updating operand to use localized dyn shared mem symbol.
GPGPU-Sim PTX: >>> This is a shared memory symbol: _ZN5flash5smem_E size in bytes 0
GPGPU-Sim PTX: >>>>>> Updating operand to use localized dyn shared mem symbol.
GPGPU-Sim PTX: >>> This is a shared memory symbol: _ZN5flash5smem_E size in bytes 0
GPGPU-Sim PTX: >>>>>> Updating operand to use localized dyn shared mem symbol.
GPGPU-Sim PTX: >>> This is a shared memory symbol: _ZN5flash5smem_E size in bytes 0
GPGPU-Sim PTX: >>>>>> Updating operand to use localized dyn shared mem symbol.
GPGPU-Sim PTX: >>> This is a shared memory symbol: _ZN5flash5smem_E size in bytes 0
GPGPU-Sim PTX: >>>>>> Updating operand to use localized dyn shared mem symbol.
GPGPU-Sim PTX: >>> This is a shared memory symbol: _ZN5flash5smem_E size in bytes 0
GPGPU-Sim PTX: >>>>>> Updating operand to use localized dyn shared mem symbol.
GPGPU-Sim PTX: >>> This is a shared memory symbol: _ZN5flash5smem_E size in bytes 0
GPGPU-Sim PTX: >>>>>> Updating operand to use localized dyn shared mem symbol.
GPGPU-Sim PTX: >>> This is a shared memory symbol: _ZN5flash5smem_E size in bytes 0
GPGPU-Sim PTX: >>>>>> Updating operand to use localized dyn shared mem symbol.
GPGPU-Sim PTX: >>> This is a shared memory symbol: _ZN5flash5smem_E size in bytes 0
GPGPU-Sim PTX: >>>>>> Updating operand to use localized dyn shared mem symbol.
GPGPU-Sim PTX: >>> This is a shared memory symbol: _ZN5flash5smem_E size in bytes 0
GPGPU-Sim PTX: >>>>>> Updating operand to use localized dyn shared mem symbol.
GPGPU-Sim PTX: reorder switch function '_ZN5flash16flash_fwd_kernelI23Flash_fwd_kernel_traitsILi64ELi128ELi64ELi4ELb0ELb0EN7cutlass6half_tE19Flash_kernel_traitsILi64ELi128ELi64ELi4ES3_EELb1ELb0ELb0ELb0ELb0ELb1ELb0ELb0EEEvNS_16Flash_fwd_paramsE': segments=145 skipped=0 insts=3091 moved_slots=2593 max_segment=927 edges=3342 slack=0 sass_guided=0 sass_guided_fallback=0 sass_cursor=0/0
  done.
GPGPU-Sim PTX: instruction assembly for function '_ZN5flash16flash_fwd_kernelI23Flash_fwd_kernel_traitsILi64ELi128ELi128ELi4ELb0ELb0EN7cutlass6half_tE19Flash_kernel_traitsILi64ELi128ELi128ELi4ES3_EELb0ELb0ELb1ELb1ELb0ELb0ELb1ELb0EEEvNS_16Flash_fwd_paramsE'... GPGPU-Sim PTX: >>> This is a shared memory symbol: _ZN5flash5smem_E size in bytes 0
GPGPU-Sim PTX: >>>>>> Adding localized dynamic shared memory symbol for _ZN5flash5smem_E
GPGPU-Sim PTX: >>>>>> Updating operand to use localized dyn shared mem symbol.
GPGPU-Sim PTX: >>> This is a shared memory symbol: _ZN5flash5smem_E size in bytes 0
GPGPU-Sim PTX: >>>>>> Updating operand to use localized dyn shared mem symbol.
GPGPU-Sim PTX: reorder switch function '_ZN5flash16flash_fwd_kernelI23Flash_fwd_kernel_traitsILi64ELi128ELi128ELi4ELb0ELb0EN7cutlass6half_tE19Flash_kernel_traitsILi64ELi128ELi128ELi4ES3_EELb0ELb0ELb1ELb1ELb0ELb0ELb1ELb0EEEvNS_16Flash_fwd_paramsE': segments=246 skipped=0 insts=8942 moved_slots=7832 max_segment=2018 edges=10435 slack=0 sass_guided=0 sass_guided_fallback=0 sass_cursor=0/0
  done.
GPGPU-Sim PTX: instruction assembly for function '_ZN5flash16flash_fwd_kernelI23Flash_fwd_kernel_traitsILi64ELi128ELi128ELi4ELb0ELb0EN7cutlass6half_tE19Flash_kernel_traitsILi64ELi128ELi128ELi4ES3_EELb0ELb0ELb1ELb1ELb0ELb0ELb0ELb0EEEvNS_16Flash_fwd_paramsE'... GPGPU-Sim PTX: >>> This is a shared memory symbol: _ZN5flash5smem_E size in bytes 0
GPGPU-Sim PTX: >>>>>> Adding localized dynamic shared memory symbol for _ZN5flash5smem_E
GPGPU-Sim PTX: >>>>>> Updating operand to use localized dyn shared mem symbol.
GPGPU-Sim PTX: >>> This is a shared memory symbol: _ZN5flash5smem_E size in bytes 0
GPGPU-Sim PTX: >>>>>> Updating operand to use localized dyn shared mem symbol.
GPGPU-Sim PTX: reorder switch function '_ZN5flash16flash_fwd_kernelI23Flash_fwd_kernel_traitsILi64ELi128ELi128ELi4ELb0ELb0EN7cutlass6half_tE19Flash_kernel_traitsILi64ELi128ELi128ELi4ES3_EELb0ELb0ELb1ELb1ELb0ELb0ELb0ELb0EEEvNS_16Flash_fwd_paramsE': segments=245 skipped=0 insts=8174 moved_slots=7134 max_segment=2018 edges=9795 slack=0 sass_guided=0 sass_guided_fallback=0 sass_cursor=0/0
  done.
GPGPU-Sim PTX: instruction assembly for function '_ZN5flash16flash_fwd_kernelI23Flash_fwd_kernel_traitsILi64ELi128ELi128ELi4ELb0ELb0EN7cutlass6half_tE19Flash_kernel_traitsILi64ELi128ELi128ELi4ES3_EELb0ELb0ELb1ELb0ELb0ELb0ELb1ELb0EEEvNS_16Flash_fwd_paramsE'... GPGPU-Sim PTX: >>> This is a shared memory symbol: _ZN5flash5smem_E size in bytes 0
GPGPU-Sim PTX: >>>>>> Adding localized dynamic shared memory symbol for _ZN5flash5smem_E
GPGPU-Sim PTX: >>>>>> Updating operand to use localized dyn shared mem symbol.
GPGPU-Sim PTX: >>> This is a shared memory symbol: _ZN5flash5smem_E size in bytes 0
GPGPU-Sim PTX: >>>>>> Updating operand to use localized dyn shared mem symbol.
GPGPU-Sim PTX: reorder switch function '_ZN5flash16flash_fwd_kernelI23Flash_fwd_kernel_traitsILi64ELi128ELi128ELi4ELb0ELb0EN7cutlass6half_tE19Flash_kernel_traitsILi64ELi128ELi128ELi4ES3_EELb0ELb0ELb1ELb0ELb0ELb0ELb1ELb0EEEvNS_16Flash_fwd_paramsE': segments=245 skipped=0 insts=7015 moved_slots=5910 max_segment=1378 edges=7621 slack=0 sass_guided=0 sass_guided_fallback=0 sass_cursor=0/0
  done.
GPGPU-Sim PTX: instruction assembly for function '_ZN5flash16flash_fwd_kernelI23Flash_fwd_kernel_traitsILi64ELi128ELi128ELi4ELb0ELb0EN7cutlass6half_tE19Flash_kernel_traitsILi64ELi128ELi128ELi4ES3_EELb0ELb0ELb1ELb0ELb0ELb0ELb0ELb0EEEvNS_16Flash_fwd_paramsE'... GPGPU-Sim PTX: >>> This is a shared memory symbol: _ZN5flash5smem_E size in bytes 0
GPGPU-Sim PTX: >>>>>> Adding localized dynamic shared memory symbol for _ZN5flash5smem_E
GPGPU-Sim PTX: >>>>>> Updating operand to use localized dyn shared mem symbol.
GPGPU-Sim PTX: >>> This is a shared memory symbol: _ZN5flash5smem_E size in bytes 0
GPGPU-Sim PTX: >>>>>> Updating operand to use localized dyn shared mem symbol.
GPGPU-Sim PTX: reorder switch function '_ZN5flash16flash_fwd_kernelI23Flash_fwd_kernel_traitsILi64ELi128ELi128ELi4ELb0ELb0EN7cutlass6half_tE19Flash_kernel_traitsILi64ELi128ELi128ELi4ES3_EELb0ELb0ELb1ELb0ELb0ELb0ELb0ELb0EEEvNS_16Flash_fwd_paramsE': segments=244 skipped=0 insts=6247 moved_slots=5205 max_segment=1378 edges=6981 slack=0 sass_guided=0 sass_guided_fallback=0 sass_cursor=0/0
  done.
GPGPU-Sim PTX: instruction assembly for function '_ZN5flash16flash_fwd_kernelI23Flash_fwd_kernel_traitsILi64ELi128ELi128ELi4ELb0ELb0EN7cutlass6half_tE19Flash_kernel_traitsILi64ELi128ELi128ELi4ES3_EELb0ELb0ELb1ELb0ELb0ELb1ELb1ELb0EEEvNS_16Flash_fwd_paramsE'... GPGPU-Sim PTX: >>> This is a shared memory symbol: _ZN5flash5smem_E size in bytes 0
GPGPU-Sim PTX: >>>>>> Adding localized dynamic shared memory symbol for _ZN5flash5smem_E
GPGPU-Sim PTX: >>>>>> Updating operand to use localized dyn shared mem symbol.
GPGPU-Sim PTX: >>> This is a shared memory symbol: _ZN5flash5smem_E size in bytes 0
GPGPU-Sim PTX: >>>>>> Updating operand to use localized dyn shared mem symbol.
GPGPU-Sim PTX: >>> This is a shared memory symbol: _ZN5flash5smem_E size in bytes 0
GPGPU-Sim PTX: >>>>>> Updating operand to use localized dyn shared mem symbol.
GPGPU-Sim PTX: >>> This is a shared memory symbol: _ZN5flash5smem_E size in bytes 0
GPGPU-Sim PTX: >>>>>> Updating operand to use localized dyn shared mem symbol.
GPGPU-Sim PTX: >>> This is a shared memory symbol: _ZN5flash5smem_E size in bytes 0
GPGPU-Sim PTX: >>>>>> Updating operand to use localized dyn shared mem symbol.
GPGPU-Sim PTX: >>> This is a shared memory symbol: _ZN5flash5smem_E size in bytes 0
GPGPU-Sim PTX: >>>>>> Updating operand to use localized dyn shared mem symbol.
GPGPU-Sim PTX: >>> This is a shared memory symbol: _ZN5flash5smem_E size in bytes 0
GPGPU-Sim PTX: >>>>>> Updating operand to use localized dyn shared mem symbol.
GPGPU-Sim PTX: >>> This is a shared memory symbol: _ZN5flash5smem_E size in bytes 0
GPGPU-Sim PTX: >>>>>> Updating operand to use localized dyn shared mem symbol.
GPGPU-Sim PTX: >>> This is a shared memory symbol: _ZN5flash5smem_E size in bytes 0
GPGPU-Sim PTX: >>>>>> Updating operand to use localized dyn shared mem symbol.
GPGPU-Sim PTX: >>> This is a shared memory symbol: _ZN5flash5smem_E size in bytes 0
GPGPU-Sim PTX: >>>>>> Updating operand to use localized dyn shared mem symbol.
GPGPU-Sim PTX: >>> This is a shared memory symbol: _ZN5flash5smem_E size in bytes 0
GPGPU-Sim PTX: >>>>>> Updating operand to use localized dyn shared mem symbol.
GPGPU-Sim PTX: >>> This is a shared memory symbol: _ZN5flash5smem_E size in bytes 0
GPGPU-Sim PTX: >>>>>> Updating operand to use localized dyn shared mem symbol.
GPGPU-Sim PTX: >>> This is a shared memory symbol: _ZN5flash5smem_E size in bytes 0
GPGPU-Sim PTX: >>>>>> Updating operand to use localized dyn shared mem symbol.
GPGPU-Sim PTX: >>> This is a shared memory symbol: _ZN5flash5smem_E size in bytes 0
GPGPU-Sim PTX: >>>>>> Updating operand to use localized dyn shared mem symbol.
GPGPU-Sim PTX: >>> This is a shared memory symbol: _ZN5flash5smem_E size in bytes 0
GPGPU-Sim PTX: >>>>>> Updating operand to use localized dyn shared mem symbol.
GPGPU-Sim PTX: >>> This is a shared memory symbol: _ZN5flash5smem_E size in bytes 0
GPGPU-Sim PTX: >>>>>> Updating operand to use localized dyn shared mem symbol.
GPGPU-Sim PTX: >>> This is a shared memory symbol: _ZN5flash5smem_E size in bytes 0
GPGPU-Sim PTX: >>>>>> Updating operand to use localized dyn shared mem symbol.
GPGPU-Sim PTX: >>> This is a shared memory symbol: _ZN5flash5smem_E size in bytes 0
GPGPU-Sim PTX: >>>>>> Updating operand to use localized dyn shared mem symbol.
GPGPU-Sim PTX: reorder switch function '_ZN5flash16flash_fwd_kernelI23Flash_fwd_kernel_traitsILi64ELi128ELi128ELi4ELb0ELb0EN7cutlass6half_tE19Flash_kernel_traitsILi64ELi128ELi128ELi4ES3_EELb0ELb0ELb1ELb0ELb0ELb1ELb1ELb0EEEvNS_16Flash_fwd_paramsE': segments=191 skipped=0 insts=6752 moved_slots=5826 max_segment=1378 edges=7475 slack=0 sass_guided=0 sass_guided_fallback=0 sass_cursor=0/0
  done.
GPGPU-Sim PTX: instruction assembly for function '_ZN5flash16flash_fwd_kernelI23Flash_fwd_kernel_traitsILi64ELi128ELi128ELi4ELb0ELb0EN7cutlass6half_tE19Flash_kernel_traitsILi64ELi128ELi128ELi4ES3_EELb0ELb0ELb1ELb0ELb0ELb1ELb0ELb0EEEvNS_16Flash_fwd_paramsE'... GPGPU-Sim PTX: >>> This is a shared memory symbol: _ZN5flash5smem_E size in bytes 0
GPGPU-Sim PTX: >>>>>> Adding localized dynamic shared memory symbol for _ZN5flash5smem_E
GPGPU-Sim PTX: >>>>>> Updating operand to use localized dyn shared mem symbol.
GPGPU-Sim PTX: >>> This is a shared memory symbol: _ZN5flash5smem_E size in bytes 0
GPGPU-Sim PTX: >>>>>> Updating operand to use localized dyn shared mem symbol.
GPGPU-Sim PTX: >>> This is a shared memory symbol: _ZN5flash5smem_E size in bytes 0
GPGPU-Sim PTX: >>>>>> Updating operand to use localized dyn shared mem symbol.
GPGPU-Sim PTX: >>> This is a shared memory symbol: _ZN5flash5smem_E size in bytes 0
GPGPU-Sim PTX: >>>>>> Updating operand to use localized dyn shared mem symbol.
GPGPU-Sim PTX: >>> This is a shared memory symbol: _ZN5flash5smem_E size in bytes 0
GPGPU-Sim PTX: >>>>>> Updating operand to use localized dyn shared mem symbol.
GPGPU-Sim PTX: >>> This is a shared memory symbol: _ZN5flash5smem_E size in bytes 0
GPGPU-Sim PTX: >>>>>> Updating operand to use localized dyn shared mem symbol.
GPGPU-Sim PTX: >>> This is a shared memory symbol: _ZN5flash5smem_E size in bytes 0
GPGPU-Sim PTX: >>>>>> Updating operand to use localized dyn shared mem symbol.
GPGPU-Sim PTX: >>> This is a shared memory symbol: _ZN5flash5smem_E size in bytes 0
GPGPU-Sim PTX: >>>>>> Updating operand to use localized dyn shared mem symbol.
GPGPU-Sim PTX: >>> This is a shared memory symbol: _ZN5flash5smem_E size in bytes 0
GPGPU-Sim PTX: >>>>>> Updating operand to use localized dyn shared mem symbol.
GPGPU-Sim PTX: >>> This is a shared memory symbol: _ZN5flash5smem_E size in bytes 0
GPGPU-Sim PTX: >>>>>> Updating operand to use localized dyn shared mem symbol.
GPGPU-Sim PTX: >>> This is a shared memory symbol: _ZN5flash5smem_E size in bytes 0
GPGPU-Sim PTX: >>>>>> Updating operand to use localized dyn shared mem symbol.
GPGPU-Sim PTX: >>> This is a shared memory symbol: _ZN5flash5smem_E size in bytes 0
GPGPU-Sim PTX: >>>>>> Updating operand to use localized dyn shared mem symbol.
GPGPU-Sim PTX: >>> This is a shared memory symbol: _ZN5flash5smem_E size in bytes 0
GPGPU-Sim PTX: >>>>>> Updating operand to use localized dyn shared mem symbol.
GPGPU-Sim PTX: >>> This is a shared memory symbol: _ZN5flash5smem_E size in bytes 0
GPGPU-Sim PTX: >>>>>> Updating operand to use localized dyn shared mem symbol.
GPGPU-Sim PTX: >>> This is a shared memory symbol: _ZN5flash5smem_E size in bytes 0
GPGPU-Sim PTX: >>>>>> Updating operand to use localized dyn shared mem symbol.
GPGPU-Sim PTX: >>> This is a shared memory symbol: _ZN5flash5smem_E size in bytes 0
GPGPU-Sim PTX: >>>>>> Updating operand to use localized dyn shared mem symbol.
GPGPU-Sim PTX: >>> This is a shared memory symbol: _ZN5flash5smem_E size in bytes 0
GPGPU-Sim PTX: >>>>>> Updating operand to use localized dyn shared mem symbol.
GPGPU-Sim PTX: >>> This is a shared memory symbol: _ZN5flash5smem_E size in bytes 0
GPGPU-Sim PTX: >>>>>> Updating operand to use localized dyn shared mem symbol.
GPGPU-Sim PTX: reorder switch function '_ZN5flash16flash_fwd_kernelI23Flash_fwd_kernel_traitsILi64ELi128ELi128ELi4ELb0ELb0EN7cutlass6half_tE19Flash_kernel_traitsILi64ELi128ELi128ELi4ES3_EELb0ELb0ELb1ELb0ELb0ELb1ELb0ELb0EEEvNS_16Flash_fwd_paramsE': segments=190 skipped=0 insts=5984 moved_slots=5121 max_segment=1378 edges=6835 slack=0 sass_guided=0 sass_guided_fallback=0 sass_cursor=0/0
  done.
GPGPU-Sim PTX: instruction assembly for function '_ZN5flash16flash_fwd_kernelI23Flash_fwd_kernel_traitsILi64ELi128ELi128ELi4ELb0ELb0EN7cutlass6half_tE19Flash_kernel_traitsILi64ELi128ELi128ELi4ES3_EELb0ELb0ELb0ELb1ELb0ELb0ELb1ELb0EEEvNS_16Flash_fwd_paramsE'... GPGPU-Sim PTX: >>> This is a shared memory symbol: _ZN5flash5smem_E size in bytes 0
GPGPU-Sim PTX: >>>>>> Adding localized dynamic shared memory symbol for _ZN5flash5smem_E
GPGPU-Sim PTX: >>>>>> Updating operand to use localized dyn shared mem symbol.
GPGPU-Sim PTX: >>> This is a shared memory symbol: _ZN5flash5smem_E size in bytes 0
GPGPU-Sim PTX: >>>>>> Updating operand to use localized dyn shared mem symbol.
GPGPU-Sim PTX: reorder switch function '_ZN5flash16flash_fwd_kernelI23Flash_fwd_kernel_traitsILi64ELi128ELi128ELi4ELb0ELb0EN7cutlass6half_tE19Flash_kernel_traitsILi64ELi128ELi128ELi4ES3_EELb0ELb0ELb0ELb1ELb0ELb0ELb1ELb0EEEvNS_16Flash_fwd_paramsE': segments=207 skipped=0 insts=5168 moved_slots=4296 max_segment=1310 edges=5262 slack=0 sass_guided=0 sass_guided_fallback=0 sass_cursor=0/0
  done.
GPGPU-Sim PTX: instruction assembly for function '_ZN5flash16flash_fwd_kernelI23Flash_fwd_kernel_traitsILi64ELi128ELi128ELi4ELb0ELb0EN7cutlass6half_tE19Flash_kernel_traitsILi64ELi128ELi128ELi4ES3_EELb0ELb0ELb0ELb1ELb0ELb0ELb0ELb0EEEvNS_16Flash_fwd_paramsE'... GPGPU-Sim PTX: >>> This is a shared memory symbol: _ZN5flash5smem_E size in bytes 0
GPGPU-Sim PTX: >>>>>> Adding localized dynamic shared memory symbol for _ZN5flash5smem_E
GPGPU-Sim PTX: >>>>>> Updating operand to use localized dyn shared mem symbol.
GPGPU-Sim PTX: >>> This is a shared memory symbol: _ZN5flash5smem_E size in bytes 0
GPGPU-Sim PTX: >>>>>> Updating operand to use localized dyn shared mem symbol.
GPGPU-Sim PTX: reorder switch function '_ZN5flash16flash_fwd_kernelI23Flash_fwd_kernel_traitsILi64ELi128ELi128ELi4ELb0ELb0EN7cutlass6half_tE19Flash_kernel_traitsILi64ELi128ELi128ELi4ES3_EELb0ELb0ELb0ELb1ELb0ELb0ELb0ELb0EEEvNS_16Flash_fwd_paramsE': segments=206 skipped=0 insts=4656 moved_slots=3849 max_segment=1310 edges=4878 slack=0 sass_guided=0 sass_guided_fallback=0 sass_cursor=0/0
  done.
GPGPU-Sim PTX: instruction assembly for function '_ZN5flash16flash_fwd_kernelI23Flash_fwd_kernel_traitsILi64ELi128ELi128ELi4ELb0ELb0EN7cutlass6half_tE19Flash_kernel_traitsILi64ELi128ELi128ELi4ES3_EELb0ELb0ELb0ELb0ELb0ELb0ELb1ELb0EEEvNS_16Flash_fwd_paramsE'... GPGPU-Sim PTX: >>> This is a shared memory symbol: _ZN5flash5smem_E size in bytes 0
GPGPU-Sim PTX: >>>>>> Adding localized dynamic shared memory symbol for _ZN5flash5smem_E
GPGPU-Sim PTX: >>>>>> Updating operand to use localized dyn shared mem symbol.
GPGPU-Sim PTX: >>> This is a shared memory symbol: _ZN5flash5smem_E size in bytes 0
GPGPU-Sim PTX: >>>>>> Updating operand to use localized dyn shared mem symbol.
GPGPU-Sim PTX: reorder switch function '_ZN5flash16flash_fwd_kernelI23Flash_fwd_kernel_traitsILi64ELi128ELi128ELi4ELb0ELb0EN7cutlass6half_tE19Flash_kernel_traitsILi64ELi128ELi128ELi4ES3_EELb0ELb0ELb0ELb0ELb0ELb0ELb1ELb0EEEvNS_16Flash_fwd_paramsE': segments=206 skipped=0 insts=4031 moved_slots=3159 max_segment=836 edges=3544 slack=0 sass_guided=0 sass_guided_fallback=0 sass_cursor=0/0
  done.
GPGPU-Sim PTX: instruction assembly for function '_ZN5flash16flash_fwd_kernelI23Flash_fwd_kernel_traitsILi64ELi128ELi128ELi4ELb0ELb0EN7cutlass6half_tE19Flash_kernel_traitsILi64ELi128ELi128ELi4ES3_EELb0ELb0ELb0ELb0ELb0ELb0ELb0ELb0EEEvNS_16Flash_fwd_paramsE'... GPGPU-Sim PTX: >>> This is a shared memory symbol: _ZN5flash5smem_E size in bytes 0
GPGPU-Sim PTX: >>>>>> Adding localized dynamic shared memory symbol for _ZN5flash5smem_E
GPGPU-Sim PTX: >>>>>> Updating operand to use localized dyn shared mem symbol.
GPGPU-Sim PTX: >>> This is a shared memory symbol: _ZN5flash5smem_E size in bytes 0
GPGPU-Sim PTX: >>>>>> Updating operand to use localized dyn shared mem symbol.
GPGPU-Sim PTX: reorder switch function '_ZN5flash16flash_fwd_kernelI23Flash_fwd_kernel_traitsILi64ELi128ELi128ELi4ELb0ELb0EN7cutlass6half_tE19Flash_kernel_traitsILi64ELi128ELi128ELi4ES3_EELb0ELb0ELb0ELb0ELb0ELb0ELb0ELb0EEEvNS_16Flash_fwd_paramsE': segments=205 skipped=0 insts=3519 moved_slots=2713 max_segment=836 edges=3160 slack=0 sass_guided=0 sass_guided_fallback=0 sass_cursor=0/0
  done.
GPGPU-Sim PTX: instruction assembly for function '_ZN5flash16flash_fwd_kernelI23Flash_fwd_kernel_traitsILi64ELi128ELi128ELi4ELb0ELb0EN7cutlass6half_tE19Flash_kernel_traitsILi64ELi128ELi128ELi4ES3_EELb0ELb0ELb0ELb0ELb1ELb1ELb1ELb0EEEvNS_16Flash_fwd_paramsE'... GPGPU-Sim PTX: >>> This is a shared memory symbol: _ZN5flash5smem_E size in bytes 0
GPGPU-Sim PTX: >>>>>> Adding localized dynamic shared memory symbol for _ZN5flash5smem_E
GPGPU-Sim PTX: >>>>>> Updating operand to use localized dyn shared mem symbol.
GPGPU-Sim PTX: >>> This is a shared memory symbol: _ZN5flash5smem_E size in bytes 0
GPGPU-Sim PTX: >>>>>> Updating operand to use localized dyn shared mem symbol.
GPGPU-Sim PTX: reorder switch function '_ZN5flash16flash_fwd_kernelI23Flash_fwd_kernel_traitsILi64ELi128ELi128ELi4ELb0ELb0EN7cutlass6half_tE19Flash_kernel_traitsILi64ELi128ELi128ELi4ES3_EELb0ELb0ELb0ELb0ELb1ELb1ELb1ELb0EEEvNS_16Flash_fwd_paramsE': segments=100 skipped=0 insts=3259 moved_slots=2686 max_segment=836 edges=2888 slack=0 sass_guided=0 sass_guided_fallback=0 sass_cursor=0/0
  done.
GPGPU-Sim PTX: instruction assembly for function '_ZN5flash16flash_fwd_kernelI23Flash_fwd_kernel_traitsILi64ELi128ELi128ELi4ELb0ELb0EN7cutlass6half_tE19Flash_kernel_traitsILi64ELi128ELi128ELi4ES3_EELb0ELb0ELb0ELb0ELb1ELb1ELb0ELb0EEEvNS_16Flash_fwd_paramsE'... GPGPU-Sim PTX: >>> This is a shared memory symbol: _ZN5flash5smem_E size in bytes 0
GPGPU-Sim PTX: >>>>>> Adding localized dynamic shared memory symbol for _ZN5flash5smem_E
GPGPU-Sim PTX: >>>>>> Updating operand to use localized dyn shared mem symbol.
GPGPU-Sim PTX: >>> This is a shared memory symbol: _ZN5flash5smem_E size in bytes 0
GPGPU-Sim PTX: >>>>>> Updating operand to use localized dyn shared mem symbol.
GPGPU-Sim PTX: reorder switch function '_ZN5flash16flash_fwd_kernelI23Flash_fwd_kernel_traitsILi64ELi128ELi128ELi4ELb0ELb0EN7cutlass6half_tE19Flash_kernel_traitsILi64ELi128ELi128ELi4ES3_EELb0ELb0ELb0ELb0ELb1ELb1ELb0ELb0EEEvNS_16Flash_fwd_paramsE': segments=99 skipped=0 insts=2747 moved_slots=2240 max_segment=836 edges=2504 slack=0 sass_guided=0 sass_guided_fallback=0 sass_cursor=0/0
  done.
GPGPU-Sim PTX: instruction assembly for function '_ZN5flash16flash_fwd_kernelI23Flash_fwd_kernel_traitsILi64ELi128ELi128ELi4ELb0ELb0EN7cutlass6half_tE19Flash_kernel_traitsILi64ELi128ELi128ELi4ES3_EELb0ELb0ELb0ELb0ELb0ELb1ELb1ELb0EEEvNS_16Flash_fwd_paramsE'... GPGPU-Sim PTX: >>> This is a shared memory symbol: _ZN5flash5smem_E size in bytes 0
GPGPU-Sim PTX: >>>>>> Adding localized dynamic shared memory symbol for _ZN5flash5smem_E
GPGPU-Sim PTX: >>>>>> Updating operand to use localized dyn shared mem symbol.
GPGPU-Sim PTX: >>> This is a shared memory symbol: _ZN5flash5smem_E size in bytes 0
GPGPU-Sim PTX: >>>>>> Updating operand to use localized dyn shared mem symbol.
GPGPU-Sim PTX: >>> This is a shared memory symbol: _ZN5flash5smem_E size in bytes 0
GPGPU-Sim PTX: >>>>>> Updating operand to use localized dyn shared mem symbol.
GPGPU-Sim PTX: >>> This is a shared memory symbol: _ZN5flash5smem_E size in bytes 0
GPGPU-Sim PTX: >>>>>> Updating operand to use localized dyn shared mem symbol.
GPGPU-Sim PTX: >>> This is a shared memory symbol: _ZN5flash5smem_E size in bytes 0
GPGPU-Sim PTX: >>>>>> Updating operand to use localized dyn shared mem symbol.
GPGPU-Sim PTX: >>> This is a shared memory symbol: _ZN5flash5smem_E size in bytes 0
GPGPU-Sim PTX: >>>>>> Updating operand to use localized dyn shared mem symbol.
GPGPU-Sim PTX: >>> This is a shared memory symbol: _ZN5flash5smem_E size in bytes 0
GPGPU-Sim PTX: >>>>>> Updating operand to use localized dyn shared mem symbol.
GPGPU-Sim PTX: >>> This is a shared memory symbol: _ZN5flash5smem_E size in bytes 0
GPGPU-Sim PTX: >>>>>> Updating operand to use localized dyn shared mem symbol.
GPGPU-Sim PTX: >>> This is a shared memory symbol: _ZN5flash5smem_E size in bytes 0
GPGPU-Sim PTX: >>>>>> Updating operand to use localized dyn shared mem symbol.
GPGPU-Sim PTX: >>> This is a shared memory symbol: _ZN5flash5smem_E size in bytes 0
GPGPU-Sim PTX: >>>>>> Updating operand to use localized dyn shared mem symbol.
GPGPU-Sim PTX: >>> This is a shared memory symbol: _ZN5flash5smem_E size in bytes 0
GPGPU-Sim PTX: >>>>>> Updating operand to use localized dyn shared mem symbol.
GPGPU-Sim PTX: >>> This is a shared memory symbol: _ZN5flash5smem_E size in bytes 0
GPGPU-Sim PTX: >>>>>> Updating operand to use localized dyn shared mem symbol.
GPGPU-Sim PTX: >>> This is a shared memory symbol: _ZN5flash5smem_E size in bytes 0
GPGPU-Sim PTX: >>>>>> Updating operand to use localized dyn shared mem symbol.
GPGPU-Sim PTX: >>> This is a shared memory symbol: _ZN5flash5smem_E size in bytes 0
GPGPU-Sim PTX: >>>>>> Updating operand to use localized dyn shared mem symbol.
GPGPU-Sim PTX: >>> This is a shared memory symbol: _ZN5flash5smem_E size in bytes 0
GPGPU-Sim PTX: >>>>>> Updating operand to use localized dyn shared mem symbol.
GPGPU-Sim PTX: >>> This is a shared memory symbol: _ZN5flash5smem_E size in bytes 0
GPGPU-Sim PTX: >>>>>> Updating operand to use localized dyn shared mem symbol.
GPGPU-Sim PTX: >>> This is a shared memory symbol: _ZN5flash5smem_E size in bytes 0
GPGPU-Sim PTX: >>>>>> Updating operand to use localized dyn shared mem symbol.
GPGPU-Sim PTX: >>> This is a shared memory symbol: _ZN5flash5smem_E size in bytes 0
GPGPU-Sim PTX: >>>>>> Updating operand to use localized dyn shared mem symbol.
GPGPU-Sim PTX: reorder switch function '_ZN5flash16flash_fwd_kernelI23Flash_fwd_kernel_traitsILi64ELi128ELi128ELi4ELb0ELb0EN7cutlass6half_tE19Flash_kernel_traitsILi64ELi128ELi128ELi4ES3_EELb0ELb0ELb0ELb0ELb0ELb1ELb1ELb0EEEvNS_16Flash_fwd_paramsE': segments=163 skipped=0 insts=3849 moved_slots=3136 max_segment=836 edges=3453 slack=0 sass_guided=0 sass_guided_fallback=0 sass_cursor=0/0
  done.
GPGPU-Sim PTX: instruction assembly for function '_ZN5flash16flash_fwd_kernelI23Flash_fwd_kernel_traitsILi64ELi128ELi128ELi4ELb0ELb0EN7cutlass6half_tE19Flash_kernel_traitsILi64ELi128ELi128ELi4ES3_EELb0ELb0ELb0ELb0ELb0ELb1ELb0ELb0EEEvNS_16Flash_fwd_paramsE'... GPGPU-Sim PTX: >>> This is a shared memory symbol: _ZN5flash5smem_E size in bytes 0
GPGPU-Sim PTX: >>>>>> Adding localized dynamic shared memory symbol for _ZN5flash5smem_E
GPGPU-Sim PTX: >>>>>> Updating operand to use localized dyn shared mem symbol.
GPGPU-Sim PTX: >>> This is a shared memory symbol: _ZN5flash5smem_E size in bytes 0
GPGPU-Sim PTX: >>>>>> Updating operand to use localized dyn shared mem symbol.
GPGPU-Sim PTX: >>> This is a shared memory symbol: _ZN5flash5smem_E size in bytes 0
GPGPU-Sim PTX: >>>>>> Updating operand to use localized dyn shared mem symbol.
GPGPU-Sim PTX: >>> This is a shared memory symbol: _ZN5flash5smem_E size in bytes 0
GPGPU-Sim PTX: >>>>>> Updating operand to use localized dyn shared mem symbol.
GPGPU-Sim PTX: >>> This is a shared memory symbol: _ZN5flash5smem_E size in bytes 0
GPGPU-Sim PTX: >>>>>> Updating operand to use localized dyn shared mem symbol.
GPGPU-Sim PTX: >>> This is a shared memory symbol: _ZN5flash5smem_E size in bytes 0
GPGPU-Sim PTX: >>>>>> Updating operand to use localized dyn shared mem symbol.
GPGPU-Sim PTX: >>> This is a shared memory symbol: _ZN5flash5smem_E size in bytes 0
GPGPU-Sim PTX: >>>>>> Updating operand to use localized dyn shared mem symbol.
GPGPU-Sim PTX: >>> This is a shared memory symbol: _ZN5flash5smem_E size in bytes 0
GPGPU-Sim PTX: >>>>>> Updating operand to use localized dyn shared mem symbol.
GPGPU-Sim PTX: >>> This is a shared memory symbol: _ZN5flash5smem_E size in bytes 0
GPGPU-Sim PTX: >>>>>> Updating operand to use localized dyn shared mem symbol.
GPGPU-Sim PTX: >>> This is a shared memory symbol: _ZN5flash5smem_E size in bytes 0
GPGPU-Sim PTX: >>>>>> Updating operand to use localized dyn shared mem symbol.
GPGPU-Sim PTX: >>> This is a shared memory symbol: _ZN5flash5smem_E size in bytes 0
GPGPU-Sim PTX: >>>>>> Updating operand to use localized dyn shared mem symbol.
GPGPU-Sim PTX: >>> This is a shared memory symbol: _ZN5flash5smem_E size in bytes 0
GPGPU-Sim PTX: >>>>>> Updating operand to use localized dyn shared mem symbol.
GPGPU-Sim PTX: >>> This is a shared memory symbol: _ZN5flash5smem_E size in bytes 0
GPGPU-Sim PTX: >>>>>> Updating operand to use localized dyn shared mem symbol.
GPGPU-Sim PTX: >>> This is a shared memory symbol: _ZN5flash5smem_E size in bytes 0
GPGPU-Sim PTX: >>>>>> Updating operand to use localized dyn shared mem symbol.
GPGPU-Sim PTX: >>> This is a shared memory symbol: _ZN5flash5smem_E size in bytes 0
GPGPU-Sim PTX: >>>>>> Updating operand to use localized dyn shared mem symbol.
GPGPU-Sim PTX: >>> This is a shared memory symbol: _ZN5flash5smem_E size in bytes 0
GPGPU-Sim PTX: >>>>>> Updating operand to use localized dyn shared mem symbol.
GPGPU-Sim PTX: >>> This is a shared memory symbol: _ZN5flash5smem_E size in bytes 0
GPGPU-Sim PTX: >>>>>> Updating operand to use localized dyn shared mem symbol.
GPGPU-Sim PTX: >>> This is a shared memory symbol: _ZN5flash5smem_E size in bytes 0
GPGPU-Sim PTX: >>>>>> Updating operand to use localized dyn shared mem symbol.
GPGPU-Sim PTX: reorder switch function '_ZN5flash16flash_fwd_kernelI23Flash_fwd_kernel_traitsILi64ELi128ELi128ELi4ELb0ELb0EN7cutlass6half_tE19Flash_kernel_traitsILi64ELi128ELi128ELi4ES3_EELb0ELb0ELb0ELb0ELb0ELb1ELb0ELb0EEEvNS_16Flash_fwd_paramsE': segments=162 skipped=0 insts=3337 moved_slots=2690 max_segment=836 edges=3069 slack=0 sass_guided=0 sass_guided_fallback=0 sass_cursor=0/0
  done.
GPGPU-Sim PTX: finished parsing EMBEDDED .ptx file fa2_fwd_fp16_test.sm_90a.ptx
GPGPU-Sim PTX: loading globals with explicit initializers... 
GPGPU-Sim PTX: finished loading globals (0 bytes total).
GPGPU-Sim PTX: loading constants with explicit initializers...  done.
GPGPU-Sim PTX DEBUG: ptxinfo selected=fa2_fwd_fp16_test.sm_90a.ptx ptxinfo_filename=fa2_fwd_fp16_test.sm_90a.ptx arch=sm_90a
GPGPU-Sim PTX: Loading PTXInfo from fa2_fwd_fp16_test.sm_90a.ptx
GPGPU-Sim PTX: Kernel '_ZN5flash16flash_fwd_kernelI23Flash_fwd_kernel_traitsILi64ELi128ELi128ELi4ELb0ELb0EN7cutlass6half_tE19Flash_kernel_traitsILi64ELi128ELi128ELi4ES3_EELb0ELb0ELb0ELb0ELb0ELb1ELb0ELb0EEEvNS_16Flash_fwd_paramsE' : regs=1, lmem=0, smem(static)=0, cmem=0
GPGPU-Sim PTX: Binary info : gmem=0, cmem=0
GPGPU-Sim PTX: Kernel '_ZN5flash16flash_fwd_kernelI23Flash_fwd_kernel_traitsILi64ELi128ELi128ELi4ELb0ELb0EN7cutlass6half_tE19Flash_kernel_traitsILi64ELi128ELi128ELi4ES3_EELb0ELb0ELb0ELb0ELb0ELb1ELb1ELb0EEEvNS_16Flash_fwd_paramsE' : regs=1, lmem=0, smem(static)=0, cmem=0
GPGPU-Sim PTX: Binary info : gmem=0, cmem=0
GPGPU-Sim PTX: Kernel '_ZN5flash16flash_fwd_kernelI23Flash_fwd_kernel_traitsILi64ELi128ELi128ELi4ELb0ELb0EN7cutlass6half_tE19Flash_kernel_traitsILi64ELi128ELi128ELi4ES3_EELb0ELb0ELb0ELb0ELb1ELb1ELb0ELb0EEEvNS_16Flash_fwd_paramsE' : regs=1, lmem=0, smem(static)=0, cmem=0
GPGPU-Sim PTX: Binary info : gmem=0, cmem=0
GPGPU-Sim PTX: Kernel '_ZN5flash16flash_fwd_kernelI23Flash_fwd_kernel_traitsILi64ELi128ELi128ELi4ELb0ELb0EN7cutlass6half_tE19Flash_kernel_traitsILi64ELi128ELi128ELi4ES3_EELb0ELb0ELb0ELb0ELb1ELb1ELb1ELb0EEEvNS_16Flash_fwd_paramsE' : regs=1, lmem=0, smem(static)=0, cmem=0
GPGPU-Sim PTX: Binary info : gmem=0, cmem=0
GPGPU-Sim PTX: Kernel '_ZN5flash16flash_fwd_kernelI23Flash_fwd_kernel_traitsILi64ELi128ELi128ELi4ELb0ELb0EN7cutlass6half_tE19Flash_kernel_traitsILi64ELi128ELi128ELi4ES3_EELb0ELb0ELb0ELb0ELb0ELb0ELb0ELb0EEEvNS_16Flash_fwd_paramsE' : regs=1, lmem=0, smem(static)=0, cmem=0
GPGPU-Sim PTX: Binary info : gmem=0, cmem=0
GPGPU-Sim PTX: Kernel '_ZN5flash16flash_fwd_kernelI23Flash_fwd_kernel_traitsILi64ELi128ELi128ELi4ELb0ELb0EN7cutlass6half_tE19Flash_kernel_traitsILi64ELi128ELi128ELi4ES3_EELb0ELb0ELb0ELb0ELb0ELb0ELb1ELb0EEEvNS_16Flash_fwd_paramsE' : regs=1, lmem=0, smem(static)=0, cmem=0
GPGPU-Sim PTX: Binary info : gmem=0, cmem=0
GPGPU-Sim PTX: Kernel '_ZN5flash16flash_fwd_kernelI23Flash_fwd_kernel_traitsILi64ELi128ELi128ELi4ELb0ELb0EN7cutlass6half_tE19Flash_kernel_traitsILi64ELi128ELi128ELi4ES3_EELb0ELb0ELb0ELb1ELb0ELb0ELb0ELb0EEEvNS_16Flash_fwd_paramsE' : regs=1, lmem=0, smem(static)=0, cmem=0
GPGPU-Sim PTX: Binary info : gmem=0, cmem=0
GPGPU-Sim PTX: Kernel '_ZN5flash16flash_fwd_kernelI23Flash_fwd_kernel_traitsILi64ELi128ELi128ELi4ELb0ELb0EN7cutlass6half_tE19Flash_kernel_traitsILi64ELi128ELi128ELi4ES3_EELb0ELb0ELb0ELb1ELb0ELb0ELb1ELb0EEEvNS_16Flash_fwd_paramsE' : regs=1, lmem=0, smem(static)=0, cmem=0
GPGPU-Sim PTX: Binary info : gmem=0, cmem=0
GPGPU-Sim PTX: Kernel '_ZN5flash16flash_fwd_kernelI23Flash_fwd_kernel_traitsILi64ELi128ELi128ELi4ELb0ELb0EN7cutlass6half_tE19Flash_kernel_traitsILi64ELi128ELi128ELi4ES3_EELb0ELb0ELb1ELb0ELb0ELb1ELb0ELb0EEEvNS_16Flash_fwd_paramsE' : regs=1, lmem=0, smem(static)=0, cmem=0
GPGPU-Sim PTX: Binary info : gmem=0, cmem=0
GPGPU-Sim PTX: Kernel '_ZN5flash16flash_fwd_kernelI23Flash_fwd_kernel_traitsILi64ELi128ELi128ELi4ELb0ELb0EN7cutlass6half_tE19Flash_kernel_traitsILi64ELi128ELi128ELi4ES3_EELb0ELb0ELb1ELb0ELb0ELb1ELb1ELb0EEEvNS_16Flash_fwd_paramsE' : regs=1, lmem=0, smem(static)=0, cmem=0
GPGPU-Sim PTX: Binary info : gmem=0, cmem=0
GPGPU-Sim PTX: Kernel '_ZN5flash16flash_fwd_kernelI23Flash_fwd_kernel_traitsILi64ELi128ELi128ELi4ELb0ELb0EN7cutlass6half_tE19Flash_kernel_traitsILi64ELi128ELi128ELi4ES3_EELb0ELb0ELb1ELb0ELb0ELb0ELb0ELb0EEEvNS_16Flash_fwd_paramsE' : regs=1, lmem=0, smem(static)=0, cmem=0
GPGPU-Sim PTX: Binary info : gmem=0, cmem=0
GPGPU-Sim PTX: Kernel '_ZN5flash16flash_fwd_kernelI23Flash_fwd_kernel_traitsILi64ELi128ELi128ELi4ELb0ELb0EN7cutlass6half_tE19Flash_kernel_traitsILi64ELi128ELi128ELi4ES3_EELb0ELb0ELb1ELb0ELb0ELb0ELb1ELb0EEEvNS_16Flash_fwd_paramsE' : regs=1, lmem=0, smem(static)=0, cmem=0
GPGPU-Sim PTX: Binary info : gmem=0, cmem=0
GPGPU-Sim PTX: Kernel '_ZN5flash16flash_fwd_kernelI23Flash_fwd_kernel_traitsILi64ELi128ELi128ELi4ELb0ELb0EN7cutlass6half_tE19Flash_kernel_traitsILi64ELi128ELi128ELi4ES3_EELb0ELb0ELb1ELb1ELb0ELb0ELb0ELb0EEEvNS_16Flash_fwd_paramsE' : regs=1, lmem=0, smem(static)=0, cmem=0
GPGPU-Sim PTX: Binary info : gmem=0, cmem=0
GPGPU-Sim PTX: Kernel '_ZN5flash16flash_fwd_kernelI23Flash_fwd_kernel_traitsILi64ELi128ELi128ELi4ELb0ELb0EN7cutlass6half_tE19Flash_kernel_traitsILi64ELi128ELi128ELi4ES3_EELb0ELb0ELb1ELb1ELb0ELb0ELb1ELb0EEEvNS_16Flash_fwd_paramsE' : regs=1, lmem=0, smem(static)=0, cmem=0
GPGPU-Sim PTX: Binary info : gmem=0, cmem=0
GPGPU-Sim PTX: Kernel '_ZN5flash16flash_fwd_kernelI23Flash_fwd_kernel_traitsILi64ELi128ELi64ELi4ELb0ELb0EN7cutlass6half_tE19Flash_kernel_traitsILi64ELi128ELi64ELi4ES3_EELb1ELb0ELb0ELb0ELb0ELb1ELb0ELb0EEEvNS_16Flash_fwd_paramsE' : regs=1, lmem=0, smem(static)=0, cmem=0
GPGPU-Sim PTX: Binary info : gmem=0, cmem=0
GPGPU-Sim PTX: Kernel '_ZN5flash16flash_fwd_kernelI23Flash_fwd_kernel_traitsILi64ELi128ELi64ELi4ELb0ELb0EN7cutlass6half_tE19Flash_kernel_traitsILi64ELi128ELi64ELi4ES3_EELb0ELb0ELb0ELb0ELb0ELb1ELb1ELb0EEEvNS_16Flash_fwd_paramsE' : regs=1, lmem=0, smem(static)=0, cmem=0
GPGPU-Sim PTX: Binary info : gmem=0, cmem=0
GPGPU-Sim PTX: Kernel '_ZN5flash16flash_fwd_kernelI23Flash_fwd_kernel_traitsILi64ELi128ELi64ELi4ELb0ELb0EN7cutlass6half_tE19Flash_kernel_traitsILi64ELi128ELi64ELi4ES3_EELb1ELb0ELb0ELb0ELb0ELb0ELb0ELb0EEEvNS_16Flash_fwd_paramsE' : regs=1, lmem=0, smem(static)=0, cmem=0
GPGPU-Sim PTX: Binary info : gmem=0, cmem=0
GPGPU-Sim PTX: Kernel '_ZN5flash16flash_fwd_kernelI23Flash_fwd_kernel_traitsILi64ELi128ELi64ELi4ELb0ELb0EN7cutlass6half_tE19Flash_kernel_traitsILi64ELi128ELi64ELi4ES3_EELb1ELb0ELb1ELb0ELb0ELb0ELb0ELb0EEEvNS_16Flash_fwd_paramsE' : regs=1, lmem=0, smem(static)=0, cmem=0
GPGPU-Sim PTX: Binary info : gmem=0, cmem=0
GPGPU-Sim PTX: Kernel '_ZN5flash16flash_fwd_kernelI23Flash_fwd_kernel_traitsILi64ELi128ELi64ELi4ELb0ELb0EN7cutlass6half_tE19Flash_kernel_traitsILi64ELi128ELi64ELi4ES3_EELb1ELb0ELb0ELb0ELb1ELb1ELb0ELb0EEEvNS_16Flash_fwd_paramsE' : regs=1, lmem=0, smem(static)=0, cmem=0
GPGPU-Sim PTX: Binary info : gmem=0, cmem=0
GPGPU-Sim PTX: Kernel '_ZN5flash16flash_fwd_kernelI23Flash_fwd_kernel_traitsILi64ELi128ELi64ELi4ELb0ELb0EN7cutlass6half_tE19Flash_kernel_traitsILi64ELi128ELi64ELi4ES3_EELb0ELb0ELb0ELb0ELb1ELb1ELb1ELb0EEEvNS_16Flash_fwd_paramsE' : regs=1, lmem=0, smem(static)=0, cmem=0
GPGPU-Sim PTX: Binary info : gmem=0, cmem=0
GPGPU-Sim PTX: Kernel '_ZN5flash16flash_fwd_kernelI23Flash_fwd_kernel_traitsILi64ELi128ELi64ELi4ELb0ELb0EN7cutlass6half_tE19Flash_kernel_traitsILi64ELi128ELi64ELi4ES3_EELb1ELb0ELb0ELb1ELb0ELb0ELb0ELb0EEEvNS_16Flash_fwd_paramsE' : regs=1, lmem=0, smem(static)=0, cmem=0
GPGPU-Sim PTX: Binary info : gmem=0, cmem=0
GPGPU-Sim PTX: Kernel '_ZN5flash16flash_fwd_kernelI23Flash_fwd_kernel_traitsILi64ELi128ELi64ELi4ELb0ELb0EN7cutlass6half_tE19Flash_kernel_traitsILi64ELi128ELi64ELi4ES3_EELb1ELb0ELb0ELb0ELb0ELb0ELb0ELb1EEEvNS_16Flash_fwd_paramsE' : regs=1, lmem=0, smem(static)=0, cmem=0
GPGPU-Sim PTX: Binary info : gmem=0, cmem=0
GPGPU-Sim PTX: Kernel '_ZN5flash16flash_fwd_kernelI23Flash_fwd_kernel_traitsILi64ELi128ELi64ELi4ELb0ELb0EN7cutlass6half_tE19Flash_kernel_traitsILi64ELi128ELi64ELi4ES3_EELb0ELb0ELb0ELb0ELb0ELb0ELb1ELb0EEEvNS_16Flash_fwd_paramsE' : regs=1, lmem=0, smem(static)=0, cmem=0
GPGPU-Sim PTX: Binary info : gmem=0, cmem=0
GPGPU-Sim PTX: Kernel '_ZN5flash16flash_fwd_kernelI23Flash_fwd_kernel_traitsILi64ELi128ELi64ELi4ELb0ELb0EN7cutlass6half_tE19Flash_kernel_traitsILi64ELi128ELi64ELi4ES3_EELb1ELb0ELb0ELb1ELb0ELb0ELb0ELb1EEEvNS_16Flash_fwd_paramsE' : regs=1, lmem=0, smem(static)=0, cmem=0
GPGPU-Sim PTX: Binary info : gmem=0, cmem=0
GPGPU-Sim PTX: Kernel '_ZN5flash16flash_fwd_kernelI23Flash_fwd_kernel_traitsILi64ELi128ELi64ELi4ELb0ELb0EN7cutlass6half_tE19Flash_kernel_traitsILi64ELi128ELi64ELi4ES3_EELb0ELb0ELb0ELb1ELb0ELb0ELb1ELb0EEEvNS_16Flash_fwd_paramsE' : regs=1, lmem=0, smem(static)=0, cmem=0
GPGPU-Sim PTX: Binary info : gmem=0, cmem=0
GPGPU-Sim PTX: Kernel '_ZN5flash16flash_fwd_kernelI23Flash_fwd_kernel_traitsILi64ELi128ELi64ELi4ELb0ELb0EN7cutlass6half_tE19Flash_kernel_traitsILi64ELi128ELi64ELi4ES3_EELb1ELb0ELb1ELb0ELb0ELb1ELb0ELb0EEEvNS_16Flash_fwd_paramsE' : regs=1, lmem=0, smem(static)=0, cmem=0
GPGPU-Sim PTX: Binary info : gmem=0, cmem=0
GPGPU-Sim PTX: Kernel '_ZN5flash16flash_fwd_kernelI23Flash_fwd_kernel_traitsILi64ELi128ELi64ELi4ELb0ELb0EN7cutlass6half_tE19Flash_kernel_traitsILi64ELi128ELi64ELi4ES3_EELb0ELb0ELb1ELb0ELb0ELb1ELb1ELb0EEEvNS_16Flash_fwd_paramsE' : regs=1, lmem=0, smem(static)=0, cmem=0
GPGPU-Sim PTX: Binary info : gmem=0, cmem=0
GPGPU-Sim PTX: Kernel '_ZN5flash16flash_fwd_kernelI23Flash_fwd_kernel_traitsILi64ELi128ELi64ELi4ELb0ELb0EN7cutlass6half_tE19Flash_kernel_traitsILi64ELi128ELi64ELi4ES3_EELb1ELb0ELb1ELb1ELb0ELb0ELb0ELb0EEEvNS_16Flash_fwd_paramsE' : regs=1, lmem=0, smem(static)=0, cmem=0
GPGPU-Sim PTX: Binary info : gmem=0, cmem=0
GPGPU-Sim PTX: Kernel '_ZN5flash16flash_fwd_kernelI23Flash_fwd_kernel_traitsILi64ELi128ELi64ELi4ELb0ELb0EN7cutlass6half_tE19Flash_kernel_traitsILi64ELi128ELi64ELi4ES3_EELb1ELb0ELb1ELb0ELb0ELb0ELb0ELb1EEEvNS_16Flash_fwd_paramsE' : regs=1, lmem=0, smem(static)=0, cmem=0
GPGPU-Sim PTX: Binary info : gmem=0, cmem=0
GPGPU-Sim PTX: Kernel '_ZN5flash16flash_fwd_kernelI23Flash_fwd_kernel_traitsILi64ELi128ELi64ELi4ELb0ELb0EN7cutlass6half_tE19Flash_kernel_traitsILi64ELi128ELi64ELi4ES3_EELb0ELb0ELb1ELb0ELb0ELb0ELb1ELb0EEEvNS_16Flash_fwd_paramsE' : regs=1, lmem=0, smem(static)=0, cmem=0
GPGPU-Sim PTX: Binary info : gmem=0, cmem=0
GPGPU-Sim PTX: Kernel '_ZN5flash16flash_fwd_kernelI23Flash_fwd_kernel_traitsILi64ELi128ELi64ELi4ELb0ELb0EN7cutlass6half_tE19Flash_kernel_traitsILi64ELi128ELi64ELi4ES3_EELb1ELb0ELb1ELb1ELb0ELb0ELb0ELb1EEEvNS_16Flash_fwd_paramsE' : regs=1, lmem=0, smem(static)=0, cmem=0
GPGPU-Sim PTX: Binary info : gmem=0, cmem=0
GPGPU-Sim PTX: Kernel '_ZN5flash16flash_fwd_kernelI23Flash_fwd_kernel_traitsILi64ELi128ELi64ELi4ELb0ELb0EN7cutlass6half_tE19Flash_kernel_traitsILi64ELi128ELi64ELi4ES3_EELb0ELb0ELb1ELb1ELb0ELb0ELb1ELb0EEEvNS_16Flash_fwd_paramsE' : regs=1, lmem=0, smem(static)=0, cmem=0
GPGPU-Sim PTX: Binary info : gmem=0, cmem=0
GPGPU-Sim PTX: __cudaRegisterFunction _ZN5flash16flash_fwd_kernelI23Flash_fwd_kernel_traitsILi64ELi128ELi128ELi4ELb0ELb0EN7cutlass6half_tE19Flash_kernel_traitsILi64ELi128ELi128ELi4ES3_EELb0ELb0ELb0ELb0ELb0ELb1ELb1ELb0EEEvNS_16Flash_fwd_paramsE : hostFun 0x0x6271ce28c1e0, fat_cubin_handle = 1
GPGPU-Sim PTX: __cudaRegisterFunction _ZN5flash16flash_fwd_kernelI23Flash_fwd_kernel_traitsILi64ELi128ELi128ELi4ELb0ELb0EN7cutlass6half_tE19Flash_kernel_traitsILi64ELi128ELi128ELi4ES3_EELb0ELb0ELb0ELb0ELb1ELb1ELb0ELb0EEEvNS_16Flash_fwd_paramsE : hostFun 0x0x6271ce28c130, fat_cubin_handle = 1
GPGPU-Sim PTX: __cudaRegisterFunction _ZN5flash16flash_fwd_kernelI23Flash_fwd_kernel_traitsILi64ELi128ELi128ELi4ELb0ELb0EN7cutlass6half_tE19Flash_kernel_traitsILi64ELi128ELi128ELi4ES3_EELb0ELb0ELb0ELb0ELb1ELb1ELb1ELb0EEEvNS_16Flash_fwd_paramsE : hostFun 0x0x6271ce28c080, fat_cubin_handle = 1
GPGPU-Sim PTX: __cudaRegisterFunction _ZN5flash16flash_fwd_kernelI23Flash_fwd_kernel_traitsILi64ELi128ELi128ELi4ELb0ELb0EN7cutlass6half_tE19Flash_kernel_traitsILi64ELi128ELi128ELi4ES3_EELb0ELb0ELb0ELb0ELb0ELb0ELb0ELb0EEEvNS_16Flash_fwd_paramsE : hostFun 0x0x6271ce28bfd0, fat_cubin_handle = 1
GPGPU-Sim PTX: __cudaRegisterFunction _ZN5flash16flash_fwd_kernelI23Flash_fwd_kernel_traitsILi64ELi128ELi128ELi4ELb0ELb0EN7cutlass6half_tE19Flash_kernel_traitsILi64ELi128ELi128ELi4ES3_EELb0ELb0ELb0ELb0ELb0ELb0ELb1ELb0EEEvNS_16Flash_fwd_paramsE : hostFun 0x0x6271ce28bf20, fat_cubin_handle = 1
GPGPU-Sim PTX: __cudaRegisterFunction _ZN5flash16flash_fwd_kernelI23Flash_fwd_kernel_traitsILi64ELi128ELi128ELi4ELb0ELb0EN7cutlass6half_tE19Flash_kernel_traitsILi64ELi128ELi128ELi4ES3_EELb0ELb0ELb0ELb1ELb0ELb0ELb0ELb0EEEvNS_16Flash_fwd_paramsE : hostFun 0x0x6271ce28be70, fat_cubin_handle = 1
GPGPU-Sim PTX: __cudaRegisterFunction _ZN5flash16flash_fwd_kernelI23Flash_fwd_kernel_traitsILi64ELi128ELi128ELi4ELb0ELb0EN7cutlass6half_tE19Flash_kernel_traitsILi64ELi128ELi128ELi4ES3_EELb0ELb0ELb0ELb1ELb0ELb0ELb1ELb0EEEvNS_16Flash_fwd_paramsE : hostFun 0x0x6271ce28bdc0, fat_cubin_handle = 1
GPGPU-Sim PTX: __cudaRegisterFunction _ZN5flash16flash_fwd_kernelI23Flash_fwd_kernel_traitsILi64ELi128ELi128ELi4ELb0ELb0EN7cutlass6half_tE19Flash_kernel_traitsILi64ELi128ELi128ELi4ES3_EELb0ELb0ELb1ELb0ELb0ELb1ELb0ELb0EEEvNS_16Flash_fwd_paramsE : hostFun 0x0x6271ce28bd10, fat_cubin_handle = 1
GPGPU-Sim PTX: __cudaRegisterFunction _ZN5flash16flash_fwd_kernelI23Flash_fwd_kernel_traitsILi64ELi128ELi128ELi4ELb0ELb0EN7cutlass6half_tE19Flash_kernel_traitsILi64ELi128ELi128ELi4ES3_EELb0ELb0ELb1ELb0ELb0ELb1ELb1ELb0EEEvNS_16Flash_fwd_paramsE : hostFun 0x0x6271ce28bc60, fat_cubin_handle = 1
GPGPU-Sim PTX: __cudaRegisterFunction _ZN5flash16flash_fwd_kernelI23Flash_fwd_kernel_traitsILi64ELi128ELi128ELi4ELb0ELb0EN7cutlass6half_tE19Flash_kernel_traitsILi64ELi128ELi128ELi4ES3_EELb0ELb0ELb1ELb0ELb0ELb0ELb0ELb0EEEvNS_16Flash_fwd_paramsE : hostFun 0x0x6271ce28bbb0, fat_cubin_handle = 1
GPGPU-Sim PTX: __cudaRegisterFunction _ZN5flash16flash_fwd_kernelI23Flash_fwd_kernel_traitsILi64ELi128ELi128ELi4ELb0ELb0EN7cutlass6half_tE19Flash_kernel_traitsILi64ELi128ELi128ELi4ES3_EELb0ELb0ELb1ELb0ELb0ELb0ELb1ELb0EEEvNS_16Flash_fwd_paramsE : hostFun 0x0x6271ce28c810, fat_cubin_handle = 1
GPGPU-Sim PTX: __cudaRegisterFunction _ZN5flash16flash_fwd_kernelI23Flash_fwd_kernel_traitsILi64ELi128ELi128ELi4ELb0ELb0EN7cutlass6half_tE19Flash_kernel_traitsILi64ELi128ELi128ELi4ES3_EELb0ELb0ELb1ELb1ELb0ELb0ELb0ELb0EEEvNS_16Flash_fwd_paramsE : hostFun 0x0x6271ce28c760, fat_cubin_handle = 1
GPGPU-Sim PTX: __cudaRegisterFunction _ZN5flash16flash_fwd_kernelI23Flash_fwd_kernel_traitsILi64ELi128ELi128ELi4ELb0ELb0EN7cutlass6half_tE19Flash_kernel_traitsILi64ELi128ELi128ELi4ES3_EELb0ELb0ELb1ELb1ELb0ELb0ELb1ELb0EEEvNS_16Flash_fwd_paramsE : hostFun 0x0x6271ce28c6b0, fat_cubin_handle = 1
GPGPU-Sim PTX: __cudaRegisterFunction _ZN5flash16flash_fwd_kernelI23Flash_fwd_kernel_traitsILi64ELi128ELi64ELi4ELb0ELb0EN7cutlass6half_tE19Flash_kernel_traitsILi64ELi128ELi64ELi4ES3_EELb1ELb0ELb0ELb0ELb0ELb1ELb0ELb0EEEvNS_16Flash_fwd_paramsE : hostFun 0x0x6271ce28c600, fat_cubin_handle = 1
GPGPU-Sim PTX: __cudaRegisterFunction _ZN5flash16flash_fwd_kernelI23Flash_fwd_kernel_traitsILi64ELi128ELi64ELi4ELb0ELb0EN7cutlass6half_tE19Flash_kernel_traitsILi64ELi128ELi64ELi4ES3_EELb0ELb0ELb0ELb0ELb0ELb1ELb1ELb0EEEvNS_16Flash_fwd_paramsE : hostFun 0x0x6271ce28c550, fat_cubin_handle = 1
GPGPU-Sim PTX: __cudaRegisterFunction _ZN5flash16flash_fwd_kernelI23Flash_fwd_kernel_traitsILi64ELi128ELi64ELi4ELb0ELb0EN7cutlass6half_tE19Flash_kernel_traitsILi64ELi128ELi64ELi4ES3_EELb1ELb0ELb0ELb0ELb0ELb0ELb0ELb0EEEvNS_16Flash_fwd_paramsE : hostFun 0x0x6271ce28c4a0, fat_cubin_handle = 1
GPGPU-Sim PTX: __cudaRegisterFunction _ZN5flash16flash_fwd_kernelI23Flash_fwd_kernel_traitsILi64ELi128ELi64ELi4ELb0ELb0EN7cutlass6half_tE19Flash_kernel_traitsILi64ELi128ELi64ELi4ES3_EELb1ELb0ELb1ELb0ELb0ELb0ELb0ELb0EEEvNS_16Flash_fwd_paramsE : hostFun 0x0x6271ce28c3f0, fat_cubin_handle = 1
GPGPU-Sim PTX: __cudaRegisterFunction _ZN5flash16flash_fwd_kernelI23Flash_fwd_kernel_traitsILi64ELi128ELi64ELi4ELb0ELb0EN7cutlass6half_tE19Flash_kernel_traitsILi64ELi128ELi64ELi4ES3_EELb1ELb0ELb0ELb0ELb1ELb1ELb0ELb0EEEvNS_16Flash_fwd_paramsE : hostFun 0x0x6271ce28c340, fat_cubin_handle = 1
GPGPU-Sim PTX: __cudaRegisterFunction _ZN5flash16flash_fwd_kernelI23Flash_fwd_kernel_traitsILi64ELi128ELi64ELi4ELb0ELb0EN7cutlass6half_tE19Flash_kernel_traitsILi64ELi128ELi64ELi4ES3_EELb0ELb0ELb0ELb0ELb1ELb1ELb1ELb0EEEvNS_16Flash_fwd_paramsE : hostFun 0x0x6271ce28cad0, fat_cubin_handle = 1
GPGPU-Sim PTX: __cudaRegisterFunction _ZN5flash16flash_fwd_kernelI23Flash_fwd_kernel_traitsILi64ELi128ELi64ELi4ELb0ELb0EN7cutlass6half_tE19Flash_kernel_traitsILi64ELi128ELi64ELi4ES3_EELb1ELb0ELb0ELb1ELb0ELb0ELb0ELb0EEEvNS_16Flash_fwd_paramsE : hostFun 0x0x6271ce28ca20, fat_cubin_handle = 1
GPGPU-Sim PTX: __cudaRegisterFunction _ZN5flash16flash_fwd_kernelI23Flash_fwd_kernel_traitsILi64ELi128ELi64ELi4ELb0ELb0EN7cutlass6half_tE19Flash_kernel_traitsILi64ELi128ELi64ELi4ES3_EELb1ELb0ELb0ELb0ELb0ELb0ELb0ELb1EEEvNS_16Flash_fwd_paramsE : hostFun 0x0x6271ce28c970, fat_cubin_handle = 1
GPGPU-Sim PTX: __cudaRegisterFunction _ZN5flash16flash_fwd_kernelI23Flash_fwd_kernel_traitsILi64ELi128ELi64ELi4ELb0ELb0EN7cutlass6half_tE19Flash_kernel_traitsILi64ELi128ELi64ELi4ES3_EELb0ELb0ELb0ELb0ELb0ELb0ELb1ELb0EEEvNS_16Flash_fwd_paramsE : hostFun 0x0x6271ce28c8c0, fat_cubin_handle = 1
GPGPU-Sim PTX: __cudaRegisterFunction _ZN5flash16flash_fwd_kernelI23Flash_fwd_kernel_traitsILi64ELi128ELi64ELi4ELb0ELb0EN7cutlass6half_tE19Flash_kernel_traitsILi64ELi128ELi64ELi4ES3_EELb1ELb0ELb0ELb1ELb0ELb0ELb0ELb1EEEvNS_16Flash_fwd_paramsE : hostFun 0x0x6271ce28cc30, fat_cubin_handle = 1
GPGPU-Sim PTX: __cudaRegisterFunction _ZN5flash16flash_fwd_kernelI23Flash_fwd_kernel_traitsILi64ELi128ELi64ELi4ELb0ELb0EN7cutlass6half_tE19Flash_kernel_traitsILi64ELi128ELi64ELi4ES3_EELb0ELb0ELb0ELb1ELb0ELb0ELb1ELb0EEEvNS_16Flash_fwd_paramsE : hostFun 0x0x6271ce28cb80, fat_cubin_handle = 1
GPGPU-Sim PTX: __cudaRegisterFunction _ZN5flash16flash_fwd_kernelI23Flash_fwd_kernel_traitsILi64ELi128ELi64ELi4ELb0ELb0EN7cutlass6half_tE19Flash_kernel_traitsILi64ELi128ELi64ELi4ES3_EELb1ELb0ELb1ELb0ELb0ELb1ELb0ELb0EEEvNS_16Flash_fwd_paramsE : hostFun 0x0x6271ce28cce0, fat_cubin_handle = 1
GPGPU-Sim PTX: __cudaRegisterFunction _ZN5flash16flash_fwd_kernelI23Flash_fwd_kernel_traitsILi64ELi128ELi64ELi4ELb0ELb0EN7cutlass6half_tE19Flash_kernel_traitsILi64ELi128ELi64ELi4ES3_EELb0ELb0ELb1ELb0ELb0ELb1ELb1ELb0EEEvNS_16Flash_fwd_paramsE : hostFun 0x0x6271ce28bb00, fat_cubin_handle = 1
GPGPU-Sim PTX: __cudaRegisterFunction _ZN5flash16flash_fwd_kernelI23Flash_fwd_kernel_traitsILi64ELi128ELi64ELi4ELb0ELb0EN7cutlass6half_tE19Flash_kernel_traitsILi64ELi128ELi64ELi4ES3_EELb1ELb0ELb1ELb1ELb0ELb0ELb0ELb0EEEvNS_16Flash_fwd_paramsE : hostFun 0x0x6271ce28d050, fat_cubin_handle = 1
GPGPU-Sim PTX: __cudaRegisterFunction _ZN5flash16flash_fwd_kernelI23Flash_fwd_kernel_traitsILi64ELi128ELi64ELi4ELb0ELb0EN7cutlass6half_tE19Flash_kernel_traitsILi64ELi128ELi64ELi4ES3_EELb1ELb0ELb1ELb0ELb0ELb0ELb0ELb1EEEvNS_16Flash_fwd_paramsE : hostFun 0x0x6271ce28cfa0, fat_cubin_handle = 1
GPGPU-Sim PTX: __cudaRegisterFunction _ZN5flash16flash_fwd_kernelI23Flash_fwd_kernel_traitsILi64ELi128ELi64ELi4ELb0ELb0EN7cutlass6half_tE19Flash_kernel_traitsILi64ELi128ELi64ELi4ES3_EELb0ELb0ELb1ELb0ELb0ELb0ELb1ELb0EEEvNS_16Flash_fwd_paramsE : hostFun 0x0x6271ce28cef0, fat_cubin_handle = 1
GPGPU-Sim PTX: __cudaRegisterFunction _ZN5flash16flash_fwd_kernelI23Flash_fwd_kernel_traitsILi64ELi128ELi64ELi4ELb0ELb0EN7cutlass6half_tE19Flash_kernel_traitsILi64ELi128ELi64ELi4ES3_EELb1ELb0ELb1ELb1ELb0ELb0ELb0ELb1EEEvNS_16Flash_fwd_paramsE : hostFun 0x0x6271ce28ce40, fat_cubin_handle = 1
GPGPU-Sim PTX: __cudaRegisterFunction _ZN5flash16flash_fwd_kernelI23Flash_fwd_kernel_traitsILi64ELi128ELi64ELi4ELb0ELb0EN7cutlass6half_tE19Flash_kernel_traitsILi64ELi128ELi64ELi4ES3_EELb0ELb0ELb1ELb1ELb0ELb0ELb1ELb0EEEvNS_16Flash_fwd_paramsE : hostFun 0x0x6271ce28cd90, fat_cubin_handle = 1
Running main() from gtest/googletest/src/gtest_main.cc
Note: Google Test filter = Fa2PrefillFp16SmallTest.H32D64FullB32S256
[==========] Running 1 test from 1 test suite.
[----------] Global test environment set-up.
[----------] 1 test from Fa2PrefillFp16SmallTest
[ RUN      ] Fa2PrefillFp16SmallTest.H32D64FullB32S256
GPGPU-Sim PTX: Execution warning: ignoring call to "cudaError_t cudaFuncSetAttribute(const void*, cudaFuncAttribute, int) ( func=0x6271ce28c130, attr=8, value=49152 )"
GPGPU-Sim PTX: Setting up arguments for 472 bytes starting at 0x7ffdf61d2e00..

GPGPU-Sim PTX: cudaLaunch for 0x0x6271ce28c130 (mode=performance simulation) on stream 0
>>>>> Binding parameter _ZN5flash16flash_fwd_kernelI23Flash_fwd_kernel_traitsILi64ELi128ELi128ELi4ELb0ELb0EN7cutlass6half_tE19Flash_kernel_traitsILi64ELi128ELi128ELi4ES3_EELb0ELb0ELb0ELb0ELb1ELb1ELb0ELb0EEEvNS_16Flash_fwd_paramsE argn=0 scratchpad_memory_param=0
GPGPU-Sim PTX: Setting up dynamic shared memory: size=49152 bytes
GPGPU-Sim PTX: Allocating local dyn shared mem symbol _ZN5flash5smem_E from 0x0 to 0xc000 (size 49152)
GPGPU-Sim PTX: Kernel '_ZN5flash16flash_fwd_kernelI23Flash_fwd_kernel_traitsILi64ELi128ELi128ELi4ELb0ELb0EN7cutlass6half_tE19Flash_kernel_traitsILi64ELi128ELi128ELi4ES3_EELb0ELb0ELb0ELb0ELb1ELb1ELb0ELb0EEEvNS_16Flash_fwd_paramsE' : smem(static)=0, smem(dynamic)=49152, total_smem=49152
GPGPU-Sim PTX: finding reconvergence points for '_ZN5flash16flash_fwd_kernelI23Flash_fwd_kernel_traitsILi64ELi128ELi128ELi4ELb0ELb0EN7cutlass6half_tE19Flash_kernel_traitsILi64ELi128ELi128ELi4ES3_EELb0ELb0ELb0ELb0ELb1ELb1ELb0ELb0EEEvNS_16Flash_fwd_paramsE'...
GPGPU-Sim PTX: Finding dominators for '_ZN5flash16flash_fwd_kernelI23Flash_fwd_kernel_traitsILi64ELi128ELi128ELi4ELb0ELb0EN7cutlass6half_tE19Flash_kernel_traitsILi64ELi128ELi128ELi4ES3_EELb0ELb0ELb0ELb0ELb1ELb1ELb0ELb0EEEvNS_16Flash_fwd_paramsE'...
GPGPU-Sim PTX: Finding immediate dominators for '_ZN5flash16flash_fwd_kernelI23Flash_fwd_kernel_traitsILi64ELi128ELi128ELi4ELb0ELb0EN7cutlass6half_tE19Flash_kernel_traitsILi64ELi128ELi128ELi4ES3_EELb0ELb0ELb0ELb0ELb1ELb1ELb0ELb0EEEvNS_16Flash_fwd_paramsE'...
GPGPU-Sim PTX: Finding postdominators for '_ZN5flash16flash_fwd_kernelI23Flash_fwd_kernel_traitsILi64ELi128ELi128ELi4ELb0ELb0EN7cutlass6half_tE19Flash_kernel_traitsILi64ELi128ELi128ELi4ES3_EELb0ELb0ELb0ELb0ELb1ELb1ELb0ELb0EEEvNS_16Flash_fwd_paramsE'...
GPGPU-Sim PTX: Finding immediate postdominators for '_ZN5flash16flash_fwd_kernelI23Flash_fwd_kernel_traitsILi64ELi128ELi128ELi4ELb0ELb0EN7cutlass6half_tE19Flash_kernel_traitsILi64ELi128ELi128ELi4ES3_EELb0ELb0ELb0ELb0ELb1ELb1ELb0ELb0EEEvNS_16Flash_fwd_paramsE'...
GPGPU-Sim PTX: pre-decoding instructions for '_ZN5flash16flash_fwd_kernelI23Flash_fwd_kernel_traitsILi64ELi128ELi128ELi4ELb0ELb0EN7cutlass6half_tE19Flash_kernel_traitsILi64ELi128ELi128ELi4ES3_EELb0ELb0ELb0ELb0ELb1ELb1ELb0ELb0EEEvNS_16Flash_fwd_paramsE'...
GPGPU-Sim PTX: reconvergence points for _ZN5flash16flash_fwd_kernelI23Flash_fwd_kernel_traitsILi64ELi128ELi128ELi4ELb0ELb0EN7cutlass6half_tE19Flash_kernel_traitsILi64ELi128ELi128ELi4ES3_EELb0ELb0ELb0ELb0ELb1ELb1ELb0ELb0EEEvNS_16Flash_fwd_paramsE...
GPGPU-Sim PTX:  1 (potential) branch divergence @  PC=0x14b928 (fa2_fwd_fp16_test.sm_90a.ptx:357063) @%p2 bra $L__BB29_2;
GPGPU-Sim PTX:    immediate post dominator      @  PC=0x14b950 (fa2_fwd_fp16_test.sm_90a.ptx:357072) ld.param.u64 %rd4, [%rd1+68];
GPGPU-Sim PTX:  2 (potential) branch divergence @  PC=0x14b960 (fa2_fwd_fp16_test.sm_90a.ptx:357074) @%p3 bra $L__BB29_4;
GPGPU-Sim PTX:    immediate post dominator      @  PC=0x14b9d0 (fa2_fwd_fp16_test.sm_90a.ptx:357098) shl.b32 %r96, %r1, 7;
GPGPU-Sim PTX:  3 (potential) branch divergence @  PC=0x14b990 (fa2_fwd_fp16_test.sm_90a.ptx:357081) bra.uni $L__BB29_5;
GPGPU-Sim PTX:    immediate post dominator      @  PC=0x14b9d0 (fa2_fwd_fp16_test.sm_90a.ptx:357098) shl.b32 %r96, %r1, 7;
GPGPU-Sim PTX:  4 (potential) branch divergence @  PC=0x14b9e0 (fa2_fwd_fp16_test.sm_90a.ptx:357100) @%p5 bra $L__BB29_36;
GPGPU-Sim PTX:    immediate post dominator      @  PC=0x151878 (fa2_fwd_fp16_test.sm_90a.ptx:364230) ret;
GPGPU-Sim PTX:  5 (potential) branch divergence @  PC=0x14c740 (fa2_fwd_fp16_test.sm_90a.ptx:358726) @%p10 bra $L__BB29_8;
GPGPU-Sim PTX:    immediate post dominator      @  PC=0x14c7f8 (fa2_fwd_fp16_test.sm_90a.ptx:358807) ld.param.f32 %f129, [%rd1+40];
GPGPU-Sim PTX:  6 (potential) branch divergence @  PC=0x14e550 (fa2_fwd_fp16_test.sm_90a.ptx:360591) @%p10 bra $L__BB29_13;
GPGPU-Sim PTX:    immediate post dominator      @  PC=0x150be8 (fa2_fwd_fp16_test.sm_90a.ptx:363330) mov.b64 %rd222, _ZN5flash16flash_fwd_kernelI23Flash_fwd_kernel_traitsILi64ELi128ELi128ELi4ELb0ELb0EN7cutlass6half_tE19Flash_kernel_traitsILi64ELi128ELi128ELi4ES3_EELb0ELb0ELb0ELb0ELb1ELb1ELb0ELb0EEEvNS_16Flash_fwd_paramsE_param_0;
GPGPU-Sim PTX:  7 (potential) branch divergence @  PC=0x14ebd8 (fa2_fwd_fp16_test.sm_90a.ptx:361431) @%p24 bra $L__BB29_11;
GPGPU-Sim PTX:    immediate post dominator      @  PC=0x14eca0 (fa2_fwd_fp16_test.sm_90a.ptx:361532) max.ftz.f32 %f5487, %f6184, %f4079;
GPGPU-Sim PTX:  8 (potential) branch divergence @  PC=0x14ebe0 (fa2_fwd_fp16_test.sm_90a.ptx:361432) bra.uni $L__BB29_12;
GPGPU-Sim PTX:    immediate post dominator      @  PC=0x14eca0 (fa2_fwd_fp16_test.sm_90a.ptx:361532) max.ftz.f32 %f5487, %f6184, %f4079;
GPGPU-Sim PTX:  9 (potential) branch divergence @  PC=0x150be0 (fa2_fwd_fp16_test.sm_90a.ptx:363326) @%p24 bra $L__BB29_10;
GPGPU-Sim PTX:    immediate post dominator      @  PC=0x150be8 (fa2_fwd_fp16_test.sm_90a.ptx:363330) mov.b64 %rd222, _ZN5flash16flash_fwd_kernelI23Flash_fwd_kernel_traitsILi64ELi128ELi128ELi4ELb0ELb0EN7cutlass6half_tE19Flash_kernel_traitsILi64ELi128ELi128ELi4ES3_EELb0ELb0ELb0ELb0ELb1ELb1ELb0ELb0EEEvNS_16Flash_fwd_paramsE_param_0;
GPGPU-Sim PTX: 10 (potential) branch divergence @  PC=0x150d40 (fa2_fwd_fp16_test.sm_90a.ptx:363408) @%p46 bra $L__BB29_15;
GPGPU-Sim PTX:    immediate post dominator      @  PC=0x150d68 (fa2_fwd_fp16_test.sm_90a.ptx:363418) mul.ftz.f32 %f555, %f6254, %f6263;
GPGPU-Sim PTX: 11 (potential) branch divergence @  PC=0x150df0 (fa2_fwd_fp16_test.sm_90a.ptx:363436) @%p47 bra $L__BB29_17;
GPGPU-Sim PTX:    immediate post dominator      @  PC=0x150e18 (fa2_fwd_fp16_test.sm_90a.ptx:363464) mov.f32 %f6270, 0f7F800000;
GPGPU-Sim PTX: 12 (potential) branch divergence @  PC=0x150ec0 (fa2_fwd_fp16_test.sm_90a.ptx:363468) @%p48 bra $L__BB29_19;
GPGPU-Sim PTX:    immediate post dominator      @  PC=0x150ee8 (fa2_fwd_fp16_test.sm_90a.ptx:363478) mul.ftz.f32 %f595, %f6250, %f6267;
GPGPU-Sim PTX: 13 (potential) branch divergence @  PC=0x150f70 (fa2_fwd_fp16_test.sm_90a.ptx:363496) @%p49 bra $L__BB29_21;
GPGPU-Sim PTX:    immediate post dominator      @  PC=0x150f98 (fa2_fwd_fp16_test.sm_90a.ptx:363518) mov.u32 %r4317, %tid.x;
GPGPU-Sim PTX: 14 (potential) branch divergence @  PC=0x1513f0 (fa2_fwd_fp16_test.sm_90a.ptx:363901) @%p56 bra $L__BB29_23;
GPGPU-Sim PTX:    immediate post dominator      @  PC=0x151420 (fa2_fwd_fp16_test.sm_90a.ptx:363915) mov.b64 %rd224, _ZN5flash16flash_fwd_kernelI23Flash_fwd_kernel_traitsILi64ELi128ELi128ELi4ELb0ELb0EN7cutlass6half_tE19Flash_kernel_traitsILi64ELi128ELi128ELi4ES3_EELb0ELb0ELb0ELb0ELb1ELb1ELb0ELb0EEEvNS_16Flash_fwd_paramsE_param_0;
GPGPU-Sim PTX: 15 (potential) branch divergence @  PC=0x151440 (fa2_fwd_fp16_test.sm_90a.ptx:363923) @%p58 bra $L__BB29_25;
GPGPU-Sim PTX:    immediate post dominator      @  PC=0x1514b0 (fa2_fwd_fp16_test.sm_90a.ptx:363953) mov.u32 %r4320, %ctaid.y;
GPGPU-Sim PTX: 16 (potential) branch divergence @  PC=0x151470 (fa2_fwd_fp16_test.sm_90a.ptx:363933) bra.uni $L__BB29_26;
GPGPU-Sim PTX:    immediate post dominator      @  PC=0x1514b0 (fa2_fwd_fp16_test.sm_90a.ptx:363953) mov.u32 %r4320, %ctaid.y;
GPGPU-Sim PTX: 17 (potential) branch divergence @  PC=0x151568 (fa2_fwd_fp16_test.sm_90a.ptx:364014) @%p60 bra $L__BB29_35;
GPGPU-Sim PTX:    immediate post dominator      @  PC=0x151728 (fa2_fwd_fp16_test.sm_90a.ptx:364150) mov.u32 %r4333, %tid.x;
GPGPU-Sim PTX: 18 (potential) branch divergence @  PC=0x151618 (fa2_fwd_fp16_test.sm_90a.ptx:364065) @%p61 bra $L__BB29_29;
GPGPU-Sim PTX:    immediate post dominator      @  PC=0x151650 (fa2_fwd_fp16_test.sm_90a.ptx:364094) add.s32 %r87, %r85, 8;
GPGPU-Sim PTX: 19 (potential) branch divergence @  PC=0x151660 (fa2_fwd_fp16_test.sm_90a.ptx:364097) @%p62 bra $L__BB29_31;
GPGPU-Sim PTX:    immediate post dominator      @  PC=0x151698 (fa2_fwd_fp16_test.sm_90a.ptx:364116) add.s32 %r88, %r85, 64;
GPGPU-Sim PTX: 20 (potential) branch divergence @  PC=0x1516a8 (fa2_fwd_fp16_test.sm_90a.ptx:364119) @%p63 bra $L__BB29_33;
GPGPU-Sim PTX:    immediate post dominator      @  PC=0x1516e0 (fa2_fwd_fp16_test.sm_90a.ptx:364133) add.s32 %r89, %r85, 72;
GPGPU-Sim PTX: 21 (potential) branch divergence @  PC=0x1516f0 (fa2_fwd_fp16_test.sm_90a.ptx:364136) @%p64 bra $L__BB29_35;
GPGPU-Sim PTX:    immediate post dominator      @  PC=0x151728 (fa2_fwd_fp16_test.sm_90a.ptx:364150) mov.u32 %r4333, %tid.x;
GPGPU-Sim PTX: ... end of reconvergence points for _ZN5flash16flash_fwd_kernelI23Flash_fwd_kernel_traitsILi64ELi128ELi128ELi4ELb0ELb0EN7cutlass6half_tE19Flash_kernel_traitsILi64ELi128ELi128ELi4ES3_EELb0ELb0ELb0ELb0ELb1ELb1ELb0ELb0EEEvNS_16Flash_fwd_paramsE
GPGPU-Sim PTX: ... done pre-decoding instructions for '_ZN5flash16flash_fwd_kernelI23Flash_fwd_kernel_traitsILi64ELi128ELi128ELi4ELb0ELb0EN7cutlass6half_tE19Flash_kernel_traitsILi64ELi128ELi128ELi4ES3_EELb0ELb0ELb0ELb0ELb1ELb1ELb0ELb0EEEvNS_16Flash_fwd_paramsE'.
GPGPU-Sim PTX: pushing kernel '_ZN5flash16flash_fwd_kernelI23Flash_fwd_kernel_traitsILi64ELi128ELi128ELi4ELb0ELb0EN7cutlass6half_tE19Flash_kernel_traitsILi64ELi128ELi128ELi4ES3_EELb0ELb0ELb0ELb0ELb1ELb1ELb0ELb0EEEvNS_16Flash_fwd_paramsE' to stream 0, gridDim= (2,32,32) blockDim = (128,1,1) 
GPGPU-Sim uArch: Shader 0 bind to kernel 1 '_ZN5flash16flash_fwd_kernelI23Flash_fwd_kernel_traitsILi64ELi128ELi128ELi4ELb0ELb0EN7cutlass6half_tE19Flash_kernel_traitsILi64ELi128ELi128ELi4ES3_EELb0ELb0ELb0ELb0ELb1ELb1ELb0ELb0EEEvNS_16Flash_fwd_paramsE'
GPGPU-Sim uArch: CTA/core = 2, limited by: shmem
GPGPU-Sim: Reconfigure L1 cache to 156KB
GPGPU-Sim uArch: Shader 1 bind to kernel 1 '_ZN5flash16flash_fwd_kernelI23Flash_fwd_kernel_traitsILi64ELi128ELi128ELi4ELb0ELb0EN7cutlass6half_tE19Flash_kernel_traitsILi64ELi128ELi128ELi4ES3_EELb0ELb0ELb0ELb0ELb1ELb1ELb0ELb0EEEvNS_16Flash_fwd_paramsE'
GPGPU-Sim uArch: Shader 2 bind to kernel 1 '_ZN5flash16flash_fwd_kernelI23Flash_fwd_kernel_traitsILi64ELi128ELi128ELi4ELb0ELb0EN7cutlass6half_tE19Flash_kernel_traitsILi64ELi128ELi128ELi4ES3_EELb0ELb0ELb0ELb0ELb1ELb1ELb0ELb0EEEvNS_16Flash_fwd_paramsE'
GPGPU-Sim uArch: Shader 3 bind to kernel 1 '_ZN5flash16flash_fwd_kernelI23Flash_fwd_kernel_traitsILi64ELi128ELi128ELi4ELb0ELb0EN7cutlass6half_tE19Flash_kernel_traitsILi64ELi128ELi128ELi4ES3_EELb0ELb0ELb0ELb0ELb1ELb1ELb0ELb0EEEvNS_16Flash_fwd_paramsE'
GPGPU-Sim uArch: Shader 4 bind to kernel 1 '_ZN5flash16flash_fwd_kernelI23Flash_fwd_kernel_traitsILi64ELi128ELi128ELi4ELb0ELb0EN7cutlass6half_tE19Flash_kernel_traitsILi64ELi128ELi128ELi4ES3_EELb0ELb0ELb0ELb0ELb1ELb1ELb0ELb0EEEvNS_16Flash_fwd_paramsE'
GPGPU-Sim uArch: Shader 5 bind to kernel 1 '_ZN5flash16flash_fwd_kernelI23Flash_fwd_kernel_traitsILi64ELi128ELi128ELi4ELb0ELb0EN7cutlass6half_tE19Flash_kernel_traitsILi64ELi128ELi128ELi4ES3_EELb0ELb0ELb0ELb0ELb1ELb1ELb0ELb0EEEvNS_16Flash_fwd_paramsE'
GPGPU-Sim uArch: Shader 6 bind to kernel 1 '_ZN5flash16flash_fwd_kernelI23Flash_fwd_kernel_traitsILi64ELi128ELi128ELi4ELb0ELb0EN7cutlass6half_tE19Flash_kernel_traitsILi64ELi128ELi128ELi4ES3_EELb0ELb0ELb0ELb0ELb1ELb1ELb0ELb0EEEvNS_16Flash_fwd_paramsE'
GPGPU-Sim uArch: Shader 7 bind to kernel 1 '_ZN5flash16flash_fwd_kernelI23Flash_fwd_kernel_traitsILi64ELi128ELi128ELi4ELb0ELb0EN7cutlass6half_tE19Flash_kernel_traitsILi64ELi128ELi128ELi4ES3_EELb0ELb0ELb0ELb0ELb1ELb1ELb0ELb0EEEvNS_16Flash_fwd_paramsE'
GPGPU-Sim uArch: Shader 8 bind to kernel 1 '_ZN5flash16flash_fwd_kernelI23Flash_fwd_kernel_traitsILi64ELi128ELi128ELi4ELb0ELb0EN7cutlass6half_tE19Flash_kernel_traitsILi64ELi128ELi128ELi4ES3_EELb0ELb0ELb0ELb0ELb1ELb1ELb0ELb0EEEvNS_16Flash_fwd_paramsE'
GPGPU-Sim uArch: Shader 9 bind to kernel 1 '_ZN5flash16flash_fwd_kernelI23Flash_fwd_kernel_traitsILi64ELi128ELi128ELi4ELb0ELb0EN7cutlass6half_tE19Flash_kernel_traitsILi64ELi128ELi128ELi4ES3_EELb0ELb0ELb0ELb0ELb1ELb1ELb0ELb0EEEvNS_16Flash_fwd_paramsE'
GPGPU-Sim uArch: Shader 10 bind to kernel 1 '_ZN5flash16flash_fwd_kernelI23Flash_fwd_kernel_traitsILi64ELi128ELi128ELi4ELb0ELb0EN7cutlass6half_tE19Flash_kernel_traitsILi64ELi128ELi128ELi4ES3_EELb0ELb0ELb0ELb0ELb1ELb1ELb0ELb0EEEvNS_16Flash_fwd_paramsE'
GPGPU-Sim uArch: Shader 11 bind to kernel 1 '_ZN5flash16flash_fwd_kernelI23Flash_fwd_kernel_traitsILi64ELi128ELi128ELi4ELb0ELb0EN7cutlass6half_tE19Flash_kernel_traitsILi64ELi128ELi128ELi4ES3_EELb0ELb0ELb0ELb0ELb1ELb1ELb0ELb0EEEvNS_16Flash_fwd_paramsE'
GPGPU-Sim uArch: Shader 12 bind to kernel 1 '_ZN5flash16flash_fwd_kernelI23Flash_fwd_kernel_traitsILi64ELi128ELi128ELi4ELb0ELb0EN7cutlass6half_tE19Flash_kernel_traitsILi64ELi128ELi128ELi4ES3_EELb0ELb0ELb0ELb0ELb1ELb1ELb0ELb0EEEvNS_16Flash_fwd_paramsE'
GPGPU-Sim uArch: Shader 13 bind to kernel 1 '_ZN5flash16flash_fwd_kernelI23Flash_fwd_kernel_traitsILi64ELi128ELi128ELi4ELb0ELb0EN7cutlass6half_tE19Flash_kernel_traitsILi64ELi128ELi128ELi4ES3_EELb0ELb0ELb0ELb0ELb1ELb1ELb0ELb0EEEvNS_16Flash_fwd_paramsE'
GPGPU-Sim uArch: Shader 14 bind to kernel 1 '_ZN5flash16flash_fwd_kernelI23Flash_fwd_kernel_traitsILi64ELi128ELi128ELi4ELb0ELb0EN7cutlass6half_tE19Flash_kernel_traitsILi64ELi128ELi128ELi4ES3_EELb0ELb0ELb0ELb0ELb1ELb1ELb0ELb0EEEvNS_16Flash_fwd_paramsE'
GPGPU-Sim uArch: Shader 15 bind to kernel 1 '_ZN5flash16flash_fwd_kernelI23Flash_fwd_kernel_traitsILi64ELi128ELi128ELi4ELb0ELb0EN7cutlass6half_tE19Flash_kernel_traitsILi64ELi128ELi128ELi4ES3_EELb0ELb0ELb0ELb0ELb1ELb1ELb0ELb0EEEvNS_16Flash_fwd_paramsE'
GPGPU-Sim uArch: Shader 16 bind to kernel 1 '_ZN5flash16flash_fwd_kernelI23Flash_fwd_kernel_traitsILi64ELi128ELi128ELi4ELb0ELb0EN7cutlass6half_tE19Flash_kernel_traitsILi64ELi128ELi128ELi4ES3_EELb0ELb0ELb0ELb0ELb1ELb1ELb0ELb0EEEvNS_16Flash_fwd_paramsE'
GPGPU-Sim uArch: Shader 17 bind to kernel 1 '_ZN5flash16flash_fwd_kernelI23Flash_fwd_kernel_traitsILi64ELi128ELi128ELi4ELb0ELb0EN7cutlass6half_tE19Flash_kernel_traitsILi64ELi128ELi128ELi4ES3_EELb0ELb0ELb0ELb0ELb1ELb1ELb0ELb0EEEvNS_16Flash_fwd_paramsE'
GPGPU-Sim uArch: Shader 18 bind to kernel 1 '_ZN5flash16flash_fwd_kernelI23Flash_fwd_kernel_traitsILi64ELi128ELi128ELi4ELb0ELb0EN7cutlass6half_tE19Flash_kernel_traitsILi64ELi128ELi128ELi4ES3_EELb0ELb0ELb0ELb0ELb1ELb1ELb0ELb0EEEvNS_16Flash_fwd_paramsE'
GPGPU-Sim uArch: Shader 19 bind to kernel 1 '_ZN5flash16flash_fwd_kernelI23Flash_fwd_kernel_traitsILi64ELi128ELi128ELi4ELb0ELb0EN7cutlass6half_tE19Flash_kernel_traitsILi64ELi128ELi128ELi4ES3_EELb0ELb0ELb0ELb0ELb1ELb1ELb0ELb0EEEvNS_16Flash_fwd_paramsE'
GPGPU-Sim uArch: Shader 20 bind to kernel 1 '_ZN5flash16flash_fwd_kernelI23Flash_fwd_kernel_traitsILi64ELi128ELi128ELi4ELb0ELb0EN7cutlass6half_tE19Flash_kernel_traitsILi64ELi128ELi128ELi4ES3_EELb0ELb0ELb0ELb0ELb1ELb1ELb0ELb0EEEvNS_16Flash_fwd_paramsE'
GPGPU-Sim uArch: Shader 21 bind to kernel 1 '_ZN5flash16flash_fwd_kernelI23Flash_fwd_kernel_traitsILi64ELi128ELi128ELi4ELb0ELb0EN7cutlass6half_tE19Flash_kernel_traitsILi64ELi128ELi128ELi4ES3_EELb0ELb0ELb0ELb0ELb1ELb1ELb0ELb0EEEvNS_16Flash_fwd_paramsE'
GPGPU-Sim uArch: Shader 22 bind to kernel 1 '_ZN5flash16flash_fwd_kernelI23Flash_fwd_kernel_traitsILi64ELi128ELi128ELi4ELb0ELb0EN7cutlass6half_tE19Flash_kernel_traitsILi64ELi128ELi128ELi4ES3_EELb0ELb0ELb0ELb0ELb1ELb1ELb0ELb0EEEvNS_16Flash_fwd_paramsE'
GPGPU-Sim uArch: Shader 23 bind to kernel 1 '_ZN5flash16flash_fwd_kernelI23Flash_fwd_kernel_traitsILi64ELi128ELi128ELi4ELb0ELb0EN7cutlass6half_tE19Flash_kernel_traitsILi64ELi128ELi128ELi4ES3_EELb0ELb0ELb0ELb0ELb1ELb1ELb0ELb0EEEvNS_16Flash_fwd_paramsE'
GPGPU-Sim uArch: Shader 24 bind to kernel 1 '_ZN5flash16flash_fwd_kernelI23Flash_fwd_kernel_traitsILi64ELi128ELi128ELi4ELb0ELb0EN7cutlass6half_tE19Flash_kernel_traitsILi64ELi128ELi128ELi4ES3_EELb0ELb0ELb0ELb0ELb1ELb1ELb0ELb0EEEvNS_16Flash_fwd_paramsE'
GPGPU-Sim uArch: Shader 25 bind to kernel 1 '_ZN5flash16flash_fwd_kernelI23Flash_fwd_kernel_traitsILi64ELi128ELi128ELi4ELb0ELb0EN7cutlass6half_tE19Flash_kernel_traitsILi64ELi128ELi128ELi4ES3_EELb0ELb0ELb0ELb0ELb1ELb1ELb0ELb0EEEvNS_16Flash_fwd_paramsE'
GPGPU-Sim uArch: Shader 26 bind to kernel 1 '_ZN5flash16flash_fwd_kernelI23Flash_fwd_kernel_traitsILi64ELi128ELi128ELi4ELb0ELb0EN7cutlass6half_tE19Flash_kernel_traitsILi64ELi128ELi128ELi4ES3_EELb0ELb0ELb0ELb0ELb1ELb1ELb0ELb0EEEvNS_16Flash_fwd_paramsE'
GPGPU-Sim uArch: Shader 27 bind to kernel 1 '_ZN5flash16flash_fwd_kernelI23Flash_fwd_kernel_traitsILi64ELi128ELi128ELi4ELb0ELb0EN7cutlass6half_tE19Flash_kernel_traitsILi64ELi128ELi128ELi4ES3_EELb0ELb0ELb0ELb0ELb1ELb1ELb0ELb0EEEvNS_16Flash_fwd_paramsE'
GPGPU-Sim uArch: Shader 28 bind to kernel 1 '_ZN5flash16flash_fwd_kernelI23Flash_fwd_kernel_traitsILi64ELi128ELi128ELi4ELb0ELb0EN7cutlass6half_tE19Flash_kernel_traitsILi64ELi128ELi128ELi4ES3_EELb0ELb0ELb0ELb0ELb1ELb1ELb0ELb0EEEvNS_16Flash_fwd_paramsE'
GPGPU-Sim uArch: Shader 29 bind to kernel 1 '_ZN5flash16flash_fwd_kernelI23Flash_fwd_kernel_traitsILi64ELi128ELi128ELi4ELb0ELb0EN7cutlass6half_tE19Flash_kernel_traitsILi64ELi128ELi128ELi4ES3_EELb0ELb0ELb0ELb0ELb1ELb1ELb0ELb0EEEvNS_16Flash_fwd_paramsE'
GPGPU-Sim uArch: Shader 30 bind to kernel 1 '_ZN5flash16flash_fwd_kernelI23Flash_fwd_kernel_traitsILi64ELi128ELi128ELi4ELb0ELb0EN7cutlass6half_tE19Flash_kernel_traitsILi64ELi128ELi128ELi4ES3_EELb0ELb0ELb0ELb0ELb1ELb1ELb0ELb0EEEvNS_16Flash_fwd_paramsE'
GPGPU-Sim uArch: Shader 31 bind to kernel 1 '_ZN5flash16flash_fwd_kernelI23Flash_fwd_kernel_traitsILi64ELi128ELi128ELi4ELb0ELb0EN7cutlass6half_tE19Flash_kernel_traitsILi64ELi128ELi128ELi4ES3_EELb0ELb0ELb0ELb0ELb1ELb1ELb0ELb0EEEvNS_16Flash_fwd_paramsE'
GPGPU-Sim uArch: Shader 32 bind to kernel 1 '_ZN5flash16flash_fwd_kernelI23Flash_fwd_kernel_traitsILi64ELi128ELi128ELi4ELb0ELb0EN7cutlass6half_tE19Flash_kernel_traitsILi64ELi128ELi128ELi4ES3_EELb0ELb0ELb0ELb0ELb1ELb1ELb0ELb0EEEvNS_16Flash_fwd_paramsE'
GPGPU-Sim uArch: Shader 33 bind to kernel 1 '_ZN5flash16flash_fwd_kernelI23Flash_fwd_kernel_traitsILi64ELi128ELi128ELi4ELb0ELb0EN7cutlass6half_tE19Flash_kernel_traitsILi64ELi128ELi128ELi4ES3_EELb0ELb0ELb0ELb0ELb1ELb1ELb0ELb0EEEvNS_16Flash_fwd_paramsE'
GPGPU-Sim uArch: Shader 34 bind to kernel 1 '_ZN5flash16flash_fwd_kernelI23Flash_fwd_kernel_traitsILi64ELi128ELi128ELi4ELb0ELb0EN7cutlass6half_tE19Flash_kernel_traitsILi64ELi128ELi128ELi4ES3_EELb0ELb0ELb0ELb0ELb1ELb1ELb0ELb0EEEvNS_16Flash_fwd_paramsE'
GPGPU-Sim uArch: Shader 35 bind to kernel 1 '_ZN5flash16flash_fwd_kernelI23Flash_fwd_kernel_traitsILi64ELi128ELi128ELi4ELb0ELb0EN7cutlass6half_tE19Flash_kernel_traitsILi64ELi128ELi128ELi4ES3_EELb0ELb0ELb0ELb0ELb1ELb1ELb0ELb0EEEvNS_16Flash_fwd_paramsE'
GPGPU-Sim uArch: Shader 36 bind to kernel 1 '_ZN5flash16flash_fwd_kernelI23Flash_fwd_kernel_traitsILi64ELi128ELi128ELi4ELb0ELb0EN7cutlass6half_tE19Flash_kernel_traitsILi64ELi128ELi128ELi4ES3_EELb0ELb0ELb0ELb0ELb1ELb1ELb0ELb0EEEvNS_16Flash_fwd_paramsE'
GPGPU-Sim uArch: Shader 37 bind to kernel 1 '_ZN5flash16flash_fwd_kernelI23Flash_fwd_kernel_traitsILi64ELi128ELi128ELi4ELb0ELb0EN7cutlass6half_tE19Flash_kernel_traitsILi64ELi128ELi128ELi4ES3_EELb0ELb0ELb0ELb0ELb1ELb1ELb0ELb0EEEvNS_16Flash_fwd_paramsE'
GPGPU-Sim uArch: Shader 38 bind to kernel 1 '_ZN5flash16flash_fwd_kernelI23Flash_fwd_kernel_traitsILi64ELi128ELi128ELi4ELb0ELb0EN7cutlass6half_tE19Flash_kernel_traitsILi64ELi128ELi128ELi4ES3_EELb0ELb0ELb0ELb0ELb1ELb1ELb0ELb0EEEvNS_16Flash_fwd_paramsE'
GPGPU-Sim uArch: Shader 39 bind to kernel 1 '_ZN5flash16flash_fwd_kernelI23Flash_fwd_kernel_traitsILi64ELi128ELi128ELi4ELb0ELb0EN7cutlass6half_tE19Flash_kernel_traitsILi64ELi128ELi128ELi4ES3_EELb0ELb0ELb0ELb0ELb1ELb1ELb0ELb0EEEvNS_16Flash_fwd_paramsE'
GPGPU-Sim uArch: Shader 40 bind to kernel 1 '_ZN5flash16flash_fwd_kernelI23Flash_fwd_kernel_traitsILi64ELi128ELi128ELi4ELb0ELb0EN7cutlass6half_tE19Flash_kernel_traitsILi64ELi128ELi128ELi4ES3_EELb0ELb0ELb0ELb0ELb1ELb1ELb0ELb0EEEvNS_16Flash_fwd_paramsE'
GPGPU-Sim uArch: Shader 41 bind to kernel 1 '_ZN5flash16flash_fwd_kernelI23Flash_fwd_kernel_traitsILi64ELi128ELi128ELi4ELb0ELb0EN7cutlass6half_tE19Flash_kernel_traitsILi64ELi128ELi128ELi4ES3_EELb0ELb0ELb0ELb0ELb1ELb1ELb0ELb0EEEvNS_16Flash_fwd_paramsE'
GPGPU-Sim uArch: Shader 42 bind to kernel 1 '_ZN5flash16flash_fwd_kernelI23Flash_fwd_kernel_traitsILi64ELi128ELi128ELi4ELb0ELb0EN7cutlass6half_tE19Flash_kernel_traitsILi64ELi128ELi128ELi4ES3_EELb0ELb0ELb0ELb0ELb1ELb1ELb0ELb0EEEvNS_16Flash_fwd_paramsE'
GPGPU-Sim uArch: Shader 43 bind to kernel 1 '_ZN5flash16flash_fwd_kernelI23Flash_fwd_kernel_traitsILi64ELi128ELi128ELi4ELb0ELb0EN7cutlass6half_tE19Flash_kernel_traitsILi64ELi128ELi128ELi4ES3_EELb0ELb0ELb0ELb0ELb1ELb1ELb0ELb0EEEvNS_16Flash_fwd_paramsE'
GPGPU-Sim uArch: Shader 44 bind to kernel 1 '_ZN5flash16flash_fwd_kernelI23Flash_fwd_kernel_traitsILi64ELi128ELi128ELi4ELb0ELb0EN7cutlass6half_tE19Flash_kernel_traitsILi64ELi128ELi128ELi4ES3_EELb0ELb0ELb0ELb0ELb1ELb1ELb0ELb0EEEvNS_16Flash_fwd_paramsE'
GPGPU-Sim uArch: Shader 45 bind to kernel 1 '_ZN5flash16flash_fwd_kernelI23Flash_fwd_kernel_traitsILi64ELi128ELi128ELi4ELb0ELb0EN7cutlass6half_tE19Flash_kernel_traitsILi64ELi128ELi128ELi4ES3_EELb0ELb0ELb0ELb0ELb1ELb1ELb0ELb0EEEvNS_16Flash_fwd_paramsE'
GPGPU-Sim uArch: Shader 46 bind to kernel 1 '_ZN5flash16flash_fwd_kernelI23Flash_fwd_kernel_traitsILi64ELi128ELi128ELi4ELb0ELb0EN7cutlass6half_tE19Flash_kernel_traitsILi64ELi128ELi128ELi4ES3_EELb0ELb0ELb0ELb0ELb1ELb1ELb0ELb0EEEvNS_16Flash_fwd_paramsE'
GPGPU-Sim uArch: Shader 47 bind to kernel 1 '_ZN5flash16flash_fwd_kernelI23Flash_fwd_kernel_traitsILi64ELi128ELi128ELi4ELb0ELb0EN7cutlass6half_tE19Flash_kernel_traitsILi64ELi128ELi128ELi4ES3_EELb0ELb0ELb0ELb0ELb1ELb1ELb0ELb0EEEvNS_16Flash_fwd_paramsE'
GPGPU-Sim uArch: Shader 48 bind to kernel 1 '_ZN5flash16flash_fwd_kernelI23Flash_fwd_kernel_traitsILi64ELi128ELi128ELi4ELb0ELb0EN7cutlass6half_tE19Flash_kernel_traitsILi64ELi128ELi128ELi4ES3_EELb0ELb0ELb0ELb0ELb1ELb1ELb0ELb0EEEvNS_16Flash_fwd_paramsE'
GPGPU-Sim uArch: Shader 49 bind to kernel 1 '_ZN5flash16flash_fwd_kernelI23Flash_fwd_kernel_traitsILi64ELi128ELi128ELi4ELb0ELb0EN7cutlass6half_tE19Flash_kernel_traitsILi64ELi128ELi128ELi4ES3_EELb0ELb0ELb0ELb0ELb1ELb1ELb0ELb0EEEvNS_16Flash_fwd_paramsE'
GPGPU-Sim uArch: Shader 50 bind to kernel 1 '_ZN5flash16flash_fwd_kernelI23Flash_fwd_kernel_traitsILi64ELi128ELi128ELi4ELb0ELb0EN7cutlass6half_tE19Flash_kernel_traitsILi64ELi128ELi128ELi4ES3_EELb0ELb0ELb0ELb0ELb1ELb1ELb0ELb0EEEvNS_16Flash_fwd_paramsE'
GPGPU-Sim uArch: Shader 51 bind to kernel 1 '_ZN5flash16flash_fwd_kernelI23Flash_fwd_kernel_traitsILi64ELi128ELi128ELi4ELb0ELb0EN7cutlass6half_tE19Flash_kernel_traitsILi64ELi128ELi128ELi4ES3_EELb0ELb0ELb0ELb0ELb1ELb1ELb0ELb0EEEvNS_16Flash_fwd_paramsE'
GPGPU-Sim uArch: Shader 52 bind to kernel 1 '_ZN5flash16flash_fwd_kernelI23Flash_fwd_kernel_traitsILi64ELi128ELi128ELi4ELb0ELb0EN7cutlass6half_tE19Flash_kernel_traitsILi64ELi128ELi128ELi4ES3_EELb0ELb0ELb0ELb0ELb1ELb1ELb0ELb0EEEvNS_16Flash_fwd_paramsE'
GPGPU-Sim uArch: Shader 53 bind to kernel 1 '_ZN5flash16flash_fwd_kernelI23Flash_fwd_kernel_traitsILi64ELi128ELi128ELi4ELb0ELb0EN7cutlass6half_tE19Flash_kernel_traitsILi64ELi128ELi128ELi4ES3_EELb0ELb0ELb0ELb0ELb1ELb1ELb0ELb0EEEvNS_16Flash_fwd_paramsE'
GPGPU-Sim uArch: Shader 54 bind to kernel 1 '_ZN5flash16flash_fwd_kernelI23Flash_fwd_kernel_traitsILi64ELi128ELi128ELi4ELb0ELb0EN7cutlass6half_tE19Flash_kernel_traitsILi64ELi128ELi128ELi4ES3_EELb0ELb0ELb0ELb0ELb1ELb1ELb0ELb0EEEvNS_16Flash_fwd_paramsE'
GPGPU-Sim uArch: Shader 55 bind to kernel 1 '_ZN5flash16flash_fwd_kernelI23Flash_fwd_kernel_traitsILi64ELi128ELi128ELi4ELb0ELb0EN7cutlass6half_tE19Flash_kernel_traitsILi64ELi128ELi128ELi4ES3_EELb0ELb0ELb0ELb0ELb1ELb1ELb0ELb0EEEvNS_16Flash_fwd_paramsE'
GPGPU-Sim uArch: Shader 56 bind to kernel 1 '_ZN5flash16flash_fwd_kernelI23Flash_fwd_kernel_traitsILi64ELi128ELi128ELi4ELb0ELb0EN7cutlass6half_tE19Flash_kernel_traitsILi64ELi128ELi128ELi4ES3_EELb0ELb0ELb0ELb0ELb1ELb1ELb0ELb0EEEvNS_16Flash_fwd_paramsE'
GPGPU-Sim uArch: Shader 57 bind to kernel 1 '_ZN5flash16flash_fwd_kernelI23Flash_fwd_kernel_traitsILi64ELi128ELi128ELi4ELb0ELb0EN7cutlass6half_tE19Flash_kernel_traitsILi64ELi128ELi128ELi4ES3_EELb0ELb0ELb0ELb0ELb1ELb1ELb0ELb0EEEvNS_16Flash_fwd_paramsE'
GPGPU-Sim uArch: Shader 58 bind to kernel 1 '_ZN5flash16flash_fwd_kernelI23Flash_fwd_kernel_traitsILi64ELi128ELi128ELi4ELb0ELb0EN7cutlass6half_tE19Flash_kernel_traitsILi64ELi128ELi128ELi4ES3_EELb0ELb0ELb0ELb0ELb1ELb1ELb0ELb0EEEvNS_16Flash_fwd_paramsE'
GPGPU-Sim uArch: Shader 59 bind to kernel 1 '_ZN5flash16flash_fwd_kernelI23Flash_fwd_kernel_traitsILi64ELi128ELi128ELi4ELb0ELb0EN7cutlass6half_tE19Flash_kernel_traitsILi64ELi128ELi128ELi4ES3_EELb0ELb0ELb0ELb0ELb1ELb1ELb0ELb0EEEvNS_16Flash_fwd_paramsE'
GPGPU-Sim uArch: Shader 60 bind to kernel 1 '_ZN5flash16flash_fwd_kernelI23Flash_fwd_kernel_traitsILi64ELi128ELi128ELi4ELb0ELb0EN7cutlass6half_tE19Flash_kernel_traitsILi64ELi128ELi128ELi4ES3_EELb0ELb0ELb0ELb0ELb1ELb1ELb0ELb0EEEvNS_16Flash_fwd_paramsE'
GPGPU-Sim uArch: Shader 61 bind to kernel 1 '_ZN5flash16flash_fwd_kernelI23Flash_fwd_kernel_traitsILi64ELi128ELi128ELi4ELb0ELb0EN7cutlass6half_tE19Flash_kernel_traitsILi64ELi128ELi128ELi4ES3_EELb0ELb0ELb0ELb0ELb1ELb1ELb0ELb0EEEvNS_16Flash_fwd_paramsE'
GPGPU-Sim uArch: Shader 62 bind to kernel 1 '_ZN5flash16flash_fwd_kernelI23Flash_fwd_kernel_traitsILi64ELi128ELi128ELi4ELb0ELb0EN7cutlass6half_tE19Flash_kernel_traitsILi64ELi128ELi128ELi4ES3_EELb0ELb0ELb0ELb0ELb1ELb1ELb0ELb0EEEvNS_16Flash_fwd_paramsE'
GPGPU-Sim uArch: Shader 63 bind to kernel 1 '_ZN5flash16flash_fwd_kernelI23Flash_fwd_kernel_traitsILi64ELi128ELi128ELi4ELb0ELb0EN7cutlass6half_tE19Flash_kernel_traitsILi64ELi128ELi128ELi4ES3_EELb0ELb0ELb0ELb0ELb1ELb1ELb0ELb0EEEvNS_16Flash_fwd_paramsE'
GPGPU-Sim uArch: Shader 64 bind to kernel 1 '_ZN5flash16flash_fwd_kernelI23Flash_fwd_kernel_traitsILi64ELi128ELi128ELi4ELb0ELb0EN7cutlass6half_tE19Flash_kernel_traitsILi64ELi128ELi128ELi4ES3_EELb0ELb0ELb0ELb0ELb1ELb1ELb0ELb0EEEvNS_16Flash_fwd_paramsE'
GPGPU-Sim uArch: Shader 65 bind to kernel 1 '_ZN5flash16flash_fwd_kernelI23Flash_fwd_kernel_traitsILi64ELi128ELi128ELi4ELb0ELb0EN7cutlass6half_tE19Flash_kernel_traitsILi64ELi128ELi128ELi4ES3_EELb0ELb0ELb0ELb0ELb1ELb1ELb0ELb0EEEvNS_16Flash_fwd_paramsE'
GPGPU-Sim uArch: Shader 66 bind to kernel 1 '_ZN5flash16flash_fwd_kernelI23Flash_fwd_kernel_traitsILi64ELi128ELi128ELi4ELb0ELb0EN7cutlass6half_tE19Flash_kernel_traitsILi64ELi128ELi128ELi4ES3_EELb0ELb0ELb0ELb0ELb1ELb1ELb0ELb0EEEvNS_16Flash_fwd_paramsE'
GPGPU-Sim uArch: Shader 67 bind to kernel 1 '_ZN5flash16flash_fwd_kernelI23Flash_fwd_kernel_traitsILi64ELi128ELi128ELi4ELb0ELb0EN7cutlass6half_tE19Flash_kernel_traitsILi64ELi128ELi128ELi4ES3_EELb0ELb0ELb0ELb0ELb1ELb1ELb0ELb0EEEvNS_16Flash_fwd_paramsE'
GPGPU-Sim uArch: Shader 68 bind to kernel 1 '_ZN5flash16flash_fwd_kernelI23Flash_fwd_kernel_traitsILi64ELi128ELi128ELi4ELb0ELb0EN7cutlass6half_tE19Flash_kernel_traitsILi64ELi128ELi128ELi4ES3_EELb0ELb0ELb0ELb0ELb1ELb1ELb0ELb0EEEvNS_16Flash_fwd_paramsE'
GPGPU-Sim uArch: Shader 69 bind to kernel 1 '_ZN5flash16flash_fwd_kernelI23Flash_fwd_kernel_traitsILi64ELi128ELi128ELi4ELb0ELb0EN7cutlass6half_tE19Flash_kernel_traitsILi64ELi128ELi128ELi4ES3_EELb0ELb0ELb0ELb0ELb1ELb1ELb0ELb0EEEvNS_16Flash_fwd_paramsE'
GPGPU-Sim uArch: Shader 70 bind to kernel 1 '_ZN5flash16flash_fwd_kernelI23Flash_fwd_kernel_traitsILi64ELi128ELi128ELi4ELb0ELb0EN7cutlass6half_tE19Flash_kernel_traitsILi64ELi128ELi128ELi4ES3_EELb0ELb0ELb0ELb0ELb1ELb1ELb0ELb0EEEvNS_16Flash_fwd_paramsE'
GPGPU-Sim uArch: Shader 71 bind to kernel 1 '_ZN5flash16flash_fwd_kernelI23Flash_fwd_kernel_traitsILi64ELi128ELi128ELi4ELb0ELb0EN7cutlass6half_tE19Flash_kernel_traitsILi64ELi128ELi128ELi4ES3_EELb0ELb0ELb0ELb0ELb1ELb1ELb0ELb0EEEvNS_16Flash_fwd_paramsE'
GPGPU-Sim uArch: Shader 72 bind to kernel 1 '_ZN5flash16flash_fwd_kernelI23Flash_fwd_kernel_traitsILi64ELi128ELi128ELi4ELb0ELb0EN7cutlass6half_tE19Flash_kernel_traitsILi64ELi128ELi128ELi4ES3_EELb0ELb0ELb0ELb0ELb1ELb1ELb0ELb0EEEvNS_16Flash_fwd_paramsE'
GPGPU-Sim uArch: Shader 73 bind to kernel 1 '_ZN5flash16flash_fwd_kernelI23Flash_fwd_kernel_traitsILi64ELi128ELi128ELi4ELb0ELb0EN7cutlass6half_tE19Flash_kernel_traitsILi64ELi128ELi128ELi4ES3_EELb0ELb0ELb0ELb0ELb1ELb1ELb0ELb0EEEvNS_16Flash_fwd_paramsE'
GPGPU-Sim uArch: Shader 74 bind to kernel 1 '_ZN5flash16flash_fwd_kernelI23Flash_fwd_kernel_traitsILi64ELi128ELi128ELi4ELb0ELb0EN7cutlass6half_tE19Flash_kernel_traitsILi64ELi128ELi128ELi4ES3_EELb0ELb0ELb0ELb0ELb1ELb1ELb0ELb0EEEvNS_16Flash_fwd_paramsE'
GPGPU-Sim uArch: Shader 75 bind to kernel 1 '_ZN5flash16flash_fwd_kernelI23Flash_fwd_kernel_traitsILi64ELi128ELi128ELi4ELb0ELb0EN7cutlass6half_tE19Flash_kernel_traitsILi64ELi128ELi128ELi4ES3_EELb0ELb0ELb0ELb0ELb1ELb1ELb0ELb0EEEvNS_16Flash_fwd_paramsE'
GPGPU-Sim uArch: Shader 76 bind to kernel 1 '_ZN5flash16flash_fwd_kernelI23Flash_fwd_kernel_traitsILi64ELi128ELi128ELi4ELb0ELb0EN7cutlass6half_tE19Flash_kernel_traitsILi64ELi128ELi128ELi4ES3_EELb0ELb0ELb0ELb0ELb1ELb1ELb0ELb0EEEvNS_16Flash_fwd_paramsE'
GPGPU-Sim uArch: Shader 77 bind to kernel 1 '_ZN5flash16flash_fwd_kernelI23Flash_fwd_kernel_traitsILi64ELi128ELi128ELi4ELb0ELb0EN7cutlass6half_tE19Flash_kernel_traitsILi64ELi128ELi128ELi4ES3_EELb0ELb0ELb0ELb0ELb1ELb1ELb0ELb0EEEvNS_16Flash_fwd_paramsE'
GPGPU-Sim uArch: Shader 78 bind to kernel 1 '_ZN5flash16flash_fwd_kernelI23Flash_fwd_kernel_traitsILi64ELi128ELi128ELi4ELb0ELb0EN7cutlass6half_tE19Flash_kernel_traitsILi64ELi128ELi128ELi4ES3_EELb0ELb0ELb0ELb0ELb1ELb1ELb0ELb0EEEvNS_16Flash_fwd_paramsE'
GPGPU-Sim uArch: Shader 79 bind to kernel 1 '_ZN5flash16flash_fwd_kernelI23Flash_fwd_kernel_traitsILi64ELi128ELi128ELi4ELb0ELb0EN7cutlass6half_tE19Flash_kernel_traitsILi64ELi128ELi128ELi4ES3_EELb0ELb0ELb0ELb0ELb1ELb1ELb0ELb0EEEvNS_16Flash_fwd_paramsE'
GPGPU-Sim uArch: Shader 80 bind to kernel 1 '_ZN5flash16flash_fwd_kernelI23Flash_fwd_kernel_traitsILi64ELi128ELi128ELi4ELb0ELb0EN7cutlass6half_tE19Flash_kernel_traitsILi64ELi128ELi128ELi4ES3_EELb0ELb0ELb0ELb0ELb1ELb1ELb0ELb0EEEvNS_16Flash_fwd_paramsE'
GPGPU-Sim uArch: Shader 81 bind to kernel 1 '_ZN5flash16flash_fwd_kernelI23Flash_fwd_kernel_traitsILi64ELi128ELi128ELi4ELb0ELb0EN7cutlass6half_tE19Flash_kernel_traitsILi64ELi128ELi128ELi4ES3_EELb0ELb0ELb0ELb0ELb1ELb1ELb0ELb0EEEvNS_16Flash_fwd_paramsE'
GPGPU-Sim uArch: Shader 82 bind to kernel 1 '_ZN5flash16flash_fwd_kernelI23Flash_fwd_kernel_traitsILi64ELi128ELi128ELi4ELb0ELb0EN7cutlass6half_tE19Flash_kernel_traitsILi64ELi128ELi128ELi4ES3_EELb0ELb0ELb0ELb0ELb1ELb1ELb0ELb0EEEvNS_16Flash_fwd_paramsE'
GPGPU-Sim uArch: Shader 83 bind to kernel 1 '_ZN5flash16flash_fwd_kernelI23Flash_fwd_kernel_traitsILi64ELi128ELi128ELi4ELb0ELb0EN7cutlass6half_tE19Flash_kernel_traitsILi64ELi128ELi128ELi4ES3_EELb0ELb0ELb0ELb0ELb1ELb1ELb0ELb0EEEvNS_16Flash_fwd_paramsE'
GPGPU-Sim uArch: Shader 84 bind to kernel 1 '_ZN5flash16flash_fwd_kernelI23Flash_fwd_kernel_traitsILi64ELi128ELi128ELi4ELb0ELb0EN7cutlass6half_tE19Flash_kernel_traitsILi64ELi128ELi128ELi4ES3_EELb0ELb0ELb0ELb0ELb1ELb1ELb0ELb0EEEvNS_16Flash_fwd_paramsE'
GPGPU-Sim uArch: Shader 85 bind to kernel 1 '_ZN5flash16flash_fwd_kernelI23Flash_fwd_kernel_traitsILi64ELi128ELi128ELi4ELb0ELb0EN7cutlass6half_tE19Flash_kernel_traitsILi64ELi128ELi128ELi4ES3_EELb0ELb0ELb0ELb0ELb1ELb1ELb0ELb0EEEvNS_16Flash_fwd_paramsE'
GPGPU-Sim uArch: Shader 86 bind to kernel 1 '_ZN5flash16flash_fwd_kernelI23Flash_fwd_kernel_traitsILi64ELi128ELi128ELi4ELb0ELb0EN7cutlass6half_tE19Flash_kernel_traitsILi64ELi128ELi128ELi4ES3_EELb0ELb0ELb0ELb0ELb1ELb1ELb0ELb0EEEvNS_16Flash_fwd_paramsE'
GPGPU-Sim uArch: Shader 87 bind to kernel 1 '_ZN5flash16flash_fwd_kernelI23Flash_fwd_kernel_traitsILi64ELi128ELi128ELi4ELb0ELb0EN7cutlass6half_tE19Flash_kernel_traitsILi64ELi128ELi128ELi4ES3_EELb0ELb0ELb0ELb0ELb1ELb1ELb0ELb0EEEvNS_16Flash_fwd_paramsE'
GPGPU-Sim uArch: Shader 88 bind to kernel 1 '_ZN5flash16flash_fwd_kernelI23Flash_fwd_kernel_traitsILi64ELi128ELi128ELi4ELb0ELb0EN7cutlass6half_tE19Flash_kernel_traitsILi64ELi128ELi128ELi4ES3_EELb0ELb0ELb0ELb0ELb1ELb1ELb0ELb0EEEvNS_16Flash_fwd_paramsE'
GPGPU-Sim uArch: Shader 89 bind to kernel 1 '_ZN5flash16flash_fwd_kernelI23Flash_fwd_kernel_traitsILi64ELi128ELi128ELi4ELb0ELb0EN7cutlass6half_tE19Flash_kernel_traitsILi64ELi128ELi128ELi4ES3_EELb0ELb0ELb0ELb0ELb1ELb1ELb0ELb0EEEvNS_16Flash_fwd_paramsE'
GPGPU-Sim uArch: Shader 90 bind to kernel 1 '_ZN5flash16flash_fwd_kernelI23Flash_fwd_kernel_traitsILi64ELi128ELi128ELi4ELb0ELb0EN7cutlass6half_tE19Flash_kernel_traitsILi64ELi128ELi128ELi4ES3_EELb0ELb0ELb0ELb0ELb1ELb1ELb0ELb0EEEvNS_16Flash_fwd_paramsE'
GPGPU-Sim uArch: Shader 91 bind to kernel 1 '_ZN5flash16flash_fwd_kernelI23Flash_fwd_kernel_traitsILi64ELi128ELi128ELi4ELb0ELb0EN7cutlass6half_tE19Flash_kernel_traitsILi64ELi128ELi128ELi4ES3_EELb0ELb0ELb0ELb0ELb1ELb1ELb0ELb0EEEvNS_16Flash_fwd_paramsE'
GPGPU-Sim uArch: Shader 92 bind to kernel 1 '_ZN5flash16flash_fwd_kernelI23Flash_fwd_kernel_traitsILi64ELi128ELi128ELi4ELb0ELb0EN7cutlass6half_tE19Flash_kernel_traitsILi64ELi128ELi128ELi4ES3_EELb0ELb0ELb0ELb0ELb1ELb1ELb0ELb0EEEvNS_16Flash_fwd_paramsE'
GPGPU-Sim uArch: Shader 93 bind to kernel 1 '_ZN5flash16flash_fwd_kernelI23Flash_fwd_kernel_traitsILi64ELi128ELi128ELi4ELb0ELb0EN7cutlass6half_tE19Flash_kernel_traitsILi64ELi128ELi128ELi4ES3_EELb0ELb0ELb0ELb0ELb1ELb1ELb0ELb0EEEvNS_16Flash_fwd_paramsE'
GPGPU-Sim uArch: Shader 94 bind to kernel 1 '_ZN5flash16flash_fwd_kernelI23Flash_fwd_kernel_traitsILi64ELi128ELi128ELi4ELb0ELb0EN7cutlass6half_tE19Flash_kernel_traitsILi64ELi128ELi128ELi4ES3_EELb0ELb0ELb0ELb0ELb1ELb1ELb0ELb0EEEvNS_16Flash_fwd_paramsE'
GPGPU-Sim uArch: Shader 95 bind to kernel 1 '_ZN5flash16flash_fwd_kernelI23Flash_fwd_kernel_traitsILi64ELi128ELi128ELi4ELb0ELb0EN7cutlass6half_tE19Flash_kernel_traitsILi64ELi128ELi128ELi4ES3_EELb0ELb0ELb0ELb0ELb1ELb1ELb0ELb0EEEvNS_16Flash_fwd_paramsE'
GPGPU-Sim uArch: Shader 96 bind to kernel 1 '_ZN5flash16flash_fwd_kernelI23Flash_fwd_kernel_traitsILi64ELi128ELi128ELi4ELb0ELb0EN7cutlass6half_tE19Flash_kernel_traitsILi64ELi128ELi128ELi4ES3_EELb0ELb0ELb0ELb0ELb1ELb1ELb0ELb0EEEvNS_16Flash_fwd_paramsE'
GPGPU-Sim uArch: Shader 97 bind to kernel 1 '_ZN5flash16flash_fwd_kernelI23Flash_fwd_kernel_traitsILi64ELi128ELi128ELi4ELb0ELb0EN7cutlass6half_tE19Flash_kernel_traitsILi64ELi128ELi128ELi4ES3_EELb0ELb0ELb0ELb0ELb1ELb1ELb0ELb0EEEvNS_16Flash_fwd_paramsE'
GPGPU-Sim uArch: Shader 98 bind to kernel 1 '_ZN5flash16flash_fwd_kernelI23Flash_fwd_kernel_traitsILi64ELi128ELi128ELi4ELb0ELb0EN7cutlass6half_tE19Flash_kernel_traitsILi64ELi128ELi128ELi4ES3_EELb0ELb0ELb0ELb0ELb1ELb1ELb0ELb0EEEvNS_16Flash_fwd_paramsE'
GPGPU-Sim uArch: Shader 99 bind to kernel 1 '_ZN5flash16flash_fwd_kernelI23Flash_fwd_kernel_traitsILi64ELi128ELi128ELi4ELb0ELb0EN7cutlass6half_tE19Flash_kernel_traitsILi64ELi128ELi128ELi4ES3_EELb0ELb0ELb0ELb0ELb1ELb1ELb0ELb0EEEvNS_16Flash_fwd_paramsE'
GPGPU-Sim uArch: Shader 100 bind to kernel 1 '_ZN5flash16flash_fwd_kernelI23Flash_fwd_kernel_traitsILi64ELi128ELi128ELi4ELb0ELb0EN7cutlass6half_tE19Flash_kernel_traitsILi64ELi128ELi128ELi4ES3_EELb0ELb0ELb0ELb0ELb1ELb1ELb0ELb0EEEvNS_16Flash_fwd_paramsE'
GPGPU-Sim uArch: Shader 101 bind to kernel 1 '_ZN5flash16flash_fwd_kernelI23Flash_fwd_kernel_traitsILi64ELi128ELi128ELi4ELb0ELb0EN7cutlass6half_tE19Flash_kernel_traitsILi64ELi128ELi128ELi4ES3_EELb0ELb0ELb0ELb0ELb1ELb1ELb0ELb0EEEvNS_16Flash_fwd_paramsE'
GPGPU-Sim uArch: Shader 102 bind to kernel 1 '_ZN5flash16flash_fwd_kernelI23Flash_fwd_kernel_traitsILi64ELi128ELi128ELi4ELb0ELb0EN7cutlass6half_tE19Flash_kernel_traitsILi64ELi128ELi128ELi4ES3_EELb0ELb0ELb0ELb0ELb1ELb1ELb0ELb0EEEvNS_16Flash_fwd_paramsE'
GPGPU-Sim uArch: Shader 103 bind to kernel 1 '_ZN5flash16flash_fwd_kernelI23Flash_fwd_kernel_traitsILi64ELi128ELi128ELi4ELb0ELb0EN7cutlass6half_tE19Flash_kernel_traitsILi64ELi128ELi128ELi4ES3_EELb0ELb0ELb0ELb0ELb1ELb1ELb0ELb0EEEvNS_16Flash_fwd_paramsE'
GPGPU-Sim uArch: Shader 104 bind to kernel 1 '_ZN5flash16flash_fwd_kernelI23Flash_fwd_kernel_traitsILi64ELi128ELi128ELi4ELb0ELb0EN7cutlass6half_tE19Flash_kernel_traitsILi64ELi128ELi128ELi4ES3_EELb0ELb0ELb0ELb0ELb1ELb1ELb0ELb0EEEvNS_16Flash_fwd_paramsE'
GPGPU-Sim uArch: Shader 105 bind to kernel 1 '_ZN5flash16flash_fwd_kernelI23Flash_fwd_kernel_traitsILi64ELi128ELi128ELi4ELb0ELb0EN7cutlass6half_tE19Flash_kernel_traitsILi64ELi128ELi128ELi4ES3_EELb0ELb0ELb0ELb0ELb1ELb1ELb0ELb0EEEvNS_16Flash_fwd_paramsE'
GPGPU-Sim uArch: Shader 106 bind to kernel 1 '_ZN5flash16flash_fwd_kernelI23Flash_fwd_kernel_traitsILi64ELi128ELi128ELi4ELb0ELb0EN7cutlass6half_tE19Flash_kernel_traitsILi64ELi128ELi128ELi4ES3_EELb0ELb0ELb0ELb0ELb1ELb1ELb0ELb0EEEvNS_16Flash_fwd_paramsE'
GPGPU-Sim uArch: Shader 107 bind to kernel 1 '_ZN5flash16flash_fwd_kernelI23Flash_fwd_kernel_traitsILi64ELi128ELi128ELi4ELb0ELb0EN7cutlass6half_tE19Flash_kernel_traitsILi64ELi128ELi128ELi4ES3_EELb0ELb0ELb0ELb0ELb1ELb1ELb0ELb0EEEvNS_16Flash_fwd_paramsE'
GPGPU-Sim uArch: Shader 108 bind to kernel 1 '_ZN5flash16flash_fwd_kernelI23Flash_fwd_kernel_traitsILi64ELi128ELi128ELi4ELb0ELb0EN7cutlass6half_tE19Flash_kernel_traitsILi64ELi128ELi128ELi4ES3_EELb0ELb0ELb0ELb0ELb1ELb1ELb0ELb0EEEvNS_16Flash_fwd_paramsE'
GPGPU-Sim uArch: Shader 109 bind to kernel 1 '_ZN5flash16flash_fwd_kernelI23Flash_fwd_kernel_traitsILi64ELi128ELi128ELi4ELb0ELb0EN7cutlass6half_tE19Flash_kernel_traitsILi64ELi128ELi128ELi4ES3_EELb0ELb0ELb0ELb0ELb1ELb1ELb0ELb0EEEvNS_16Flash_fwd_paramsE'
GPGPU-Sim uArch: Shader 110 bind to kernel 1 '_ZN5flash16flash_fwd_kernelI23Flash_fwd_kernel_traitsILi64ELi128ELi128ELi4ELb0ELb0EN7cutlass6half_tE19Flash_kernel_traitsILi64ELi128ELi128ELi4ES3_EELb0ELb0ELb0ELb0ELb1ELb1ELb0ELb0EEEvNS_16Flash_fwd_paramsE'
GPGPU-Sim uArch: Shader 111 bind to kernel 1 '_ZN5flash16flash_fwd_kernelI23Flash_fwd_kernel_traitsILi64ELi128ELi128ELi4ELb0ELb0EN7cutlass6half_tE19Flash_kernel_traitsILi64ELi128ELi128ELi4ES3_EELb0ELb0ELb0ELb0ELb1ELb1ELb0ELb0EEEvNS_16Flash_fwd_paramsE'
GPGPU-Sim uArch: Shader 112 bind to kernel 1 '_ZN5flash16flash_fwd_kernelI23Flash_fwd_kernel_traitsILi64ELi128ELi128ELi4ELb0ELb0EN7cutlass6half_tE19Flash_kernel_traitsILi64ELi128ELi128ELi4ES3_EELb0ELb0ELb0ELb0ELb1ELb1ELb0ELb0EEEvNS_16Flash_fwd_paramsE'
GPGPU-Sim uArch: Shader 113 bind to kernel 1 '_ZN5flash16flash_fwd_kernelI23Flash_fwd_kernel_traitsILi64ELi128ELi128ELi4ELb0ELb0EN7cutlass6half_tE19Flash_kernel_traitsILi64ELi128ELi128ELi4ES3_EELb0ELb0ELb0ELb0ELb1ELb1ELb0ELb0EEEvNS_16Flash_fwd_paramsE'
GPGPU-Sim uArch: Shader 114 bind to kernel 1 '_ZN5flash16flash_fwd_kernelI23Flash_fwd_kernel_traitsILi64ELi128ELi128ELi4ELb0ELb0EN7cutlass6half_tE19Flash_kernel_traitsILi64ELi128ELi128ELi4ES3_EELb0ELb0ELb0ELb0ELb1ELb1ELb0ELb0EEEvNS_16Flash_fwd_paramsE'
GPGPU-Sim uArch: Shader 115 bind to kernel 1 '_ZN5flash16flash_fwd_kernelI23Flash_fwd_kernel_traitsILi64ELi128ELi128ELi4ELb0ELb0EN7cutlass6half_tE19Flash_kernel_traitsILi64ELi128ELi128ELi4ES3_EELb0ELb0ELb0ELb0ELb1ELb1ELb0ELb0EEEvNS_16Flash_fwd_paramsE'
GPGPU-Sim uArch: Shader 116 bind to kernel 1 '_ZN5flash16flash_fwd_kernelI23Flash_fwd_kernel_traitsILi64ELi128ELi128ELi4ELb0ELb0EN7cutlass6half_tE19Flash_kernel_traitsILi64ELi128ELi128ELi4ES3_EELb0ELb0ELb0ELb0ELb1ELb1ELb0ELb0EEEvNS_16Flash_fwd_paramsE'
GPGPU-Sim uArch: Shader 117 bind to kernel 1 '_ZN5flash16flash_fwd_kernelI23Flash_fwd_kernel_traitsILi64ELi128ELi128ELi4ELb0ELb0EN7cutlass6half_tE19Flash_kernel_traitsILi64ELi128ELi128ELi4ES3_EELb0ELb0ELb0ELb0ELb1ELb1ELb0ELb0EEEvNS_16Flash_fwd_paramsE'
GPGPU-Sim uArch: Shader 118 bind to kernel 1 '_ZN5flash16flash_fwd_kernelI23Flash_fwd_kernel_traitsILi64ELi128ELi128ELi4ELb0ELb0EN7cutlass6half_tE19Flash_kernel_traitsILi64ELi128ELi128ELi4ES3_EELb0ELb0ELb0ELb0ELb1ELb1ELb0ELb0EEEvNS_16Flash_fwd_paramsE'
GPGPU-Sim uArch: Shader 119 bind to kernel 1 '_ZN5flash16flash_fwd_kernelI23Flash_fwd_kernel_traitsILi64ELi128ELi128ELi4ELb0ELb0EN7cutlass6half_tE19Flash_kernel_traitsILi64ELi128ELi128ELi4ES3_EELb0ELb0ELb0ELb0ELb1ELb1ELb0ELb0EEEvNS_16Flash_fwd_paramsE'
GPGPU-Sim uArch: Shader 120 bind to kernel 1 '_ZN5flash16flash_fwd_kernelI23Flash_fwd_kernel_traitsILi64ELi128ELi128ELi4ELb0ELb0EN7cutlass6half_tE19Flash_kernel_traitsILi64ELi128ELi128ELi4ES3_EELb0ELb0ELb0ELb0ELb1ELb1ELb0ELb0EEEvNS_16Flash_fwd_paramsE'
GPGPU-Sim uArch: Shader 121 bind to kernel 1 '_ZN5flash16flash_fwd_kernelI23Flash_fwd_kernel_traitsILi64ELi128ELi128ELi4ELb0ELb0EN7cutlass6half_tE19Flash_kernel_traitsILi64ELi128ELi128ELi4ES3_EELb0ELb0ELb0ELb0ELb1ELb1ELb0ELb0EEEvNS_16Flash_fwd_paramsE'
GPGPU-Sim uArch: Shader 122 bind to kernel 1 '_ZN5flash16flash_fwd_kernelI23Flash_fwd_kernel_traitsILi64ELi128ELi128ELi4ELb0ELb0EN7cutlass6half_tE19Flash_kernel_traitsILi64ELi128ELi128ELi4ES3_EELb0ELb0ELb0ELb0ELb1ELb1ELb0ELb0EEEvNS_16Flash_fwd_paramsE'
GPGPU-Sim uArch: Shader 123 bind to kernel 1 '_ZN5flash16flash_fwd_kernelI23Flash_fwd_kernel_traitsILi64ELi128ELi128ELi4ELb0ELb0EN7cutlass6half_tE19Flash_kernel_traitsILi64ELi128ELi128ELi4ES3_EELb0ELb0ELb0ELb0ELb1ELb1ELb0ELb0EEEvNS_16Flash_fwd_paramsE'
GPGPU-Sim uArch: Shader 124 bind to kernel 1 '_ZN5flash16flash_fwd_kernelI23Flash_fwd_kernel_traitsILi64ELi128ELi128ELi4ELb0ELb0EN7cutlass6half_tE19Flash_kernel_traitsILi64ELi128ELi128ELi4ES3_EELb0ELb0ELb0ELb0ELb1ELb1ELb0ELb0EEEvNS_16Flash_fwd_paramsE'
GPGPU-Sim uArch: Shader 125 bind to kernel 1 '_ZN5flash16flash_fwd_kernelI23Flash_fwd_kernel_traitsILi64ELi128ELi128ELi4ELb0ELb0EN7cutlass6half_tE19Flash_kernel_traitsILi64ELi128ELi128ELi4ES3_EELb0ELb0ELb0ELb0ELb1ELb1ELb0ELb0EEEvNS_16Flash_fwd_paramsE'
GPGPU-Sim uArch: Shader 126 bind to kernel 1 '_ZN5flash16flash_fwd_kernelI23Flash_fwd_kernel_traitsILi64ELi128ELi128ELi4ELb0ELb0EN7cutlass6half_tE19Flash_kernel_traitsILi64ELi128ELi128ELi4ES3_EELb0ELb0ELb0ELb0ELb1ELb1ELb0ELb0EEEvNS_16Flash_fwd_paramsE'
GPGPU-Sim uArch: Shader 127 bind to kernel 1 '_ZN5flash16flash_fwd_kernelI23Flash_fwd_kernel_traitsILi64ELi128ELi128ELi4ELb0ELb0EN7cutlass6half_tE19Flash_kernel_traitsILi64ELi128ELi128ELi4ES3_EELb0ELb0ELb0ELb0ELb1ELb1ELb0ELb0EEEvNS_16Flash_fwd_paramsE'
GPGPU-Sim uArch: Shader 128 bind to kernel 1 '_ZN5flash16flash_fwd_kernelI23Flash_fwd_kernel_traitsILi64ELi128ELi128ELi4ELb0ELb0EN7cutlass6half_tE19Flash_kernel_traitsILi64ELi128ELi128ELi4ES3_EELb0ELb0ELb0ELb0ELb1ELb1ELb0ELb0EEEvNS_16Flash_fwd_paramsE'
GPGPU-Sim uArch: Shader 129 bind to kernel 1 '_ZN5flash16flash_fwd_kernelI23Flash_fwd_kernel_traitsILi64ELi128ELi128ELi4ELb0ELb0EN7cutlass6half_tE19Flash_kernel_traitsILi64ELi128ELi128ELi4ES3_EELb0ELb0ELb0ELb0ELb1ELb1ELb0ELb0EEEvNS_16Flash_fwd_paramsE'
GPGPU-Sim uArch: Shader 130 bind to kernel 1 '_ZN5flash16flash_fwd_kernelI23Flash_fwd_kernel_traitsILi64ELi128ELi128ELi4ELb0ELb0EN7cutlass6half_tE19Flash_kernel_traitsILi64ELi128ELi128ELi4ES3_EELb0ELb0ELb0ELb0ELb1ELb1ELb0ELb0EEEvNS_16Flash_fwd_paramsE'
GPGPU-Sim uArch: Shader 131 bind to kernel 1 '_ZN5flash16flash_fwd_kernelI23Flash_fwd_kernel_traitsILi64ELi128ELi128ELi4ELb0ELb0EN7cutlass6half_tE19Flash_kernel_traitsILi64ELi128ELi128ELi4ES3_EELb0ELb0ELb0ELb0ELb1ELb1ELb0ELb0EEEvNS_16Flash_fwd_paramsE'

========== Cycle Profiling Statistics (Last 10000 cycles) ==========
Total CPU time: 10779.05 ms
  ICNT Cycle (CORE):           213.60 ms (2.0%)
  Mem to ICNT (ICNT):          450.52 ms (4.2%)
  DRAM Cycle (DRAM):           1276.24 ms (11.8%)
  L2 Cache (L2):               1794.96 ms (16.7%)
  ICNT Transfer (ICNT):        1239.74 ms (11.5%)
  Core Cycle (CORE):           5577.70 ms (51.7%)
  gem5 Simulate:               0.00 ms (0.0%)
  Other Operations:            226.28 ms (2.1%)
Average time per cycle: 1.0779 ms
Progress: cycle=10000 CTA launched +264=264 completed +0=0
Progress TMA tx: started +0=0 (R +0=0, W +0=0) completed +0=0 (R +0=0, W +0=0)
Progress TMA mf: issued +0=0 (R +0=0, W +0=0) responses +0=0 (R +0=0, W +0=0)
Progress TMA bytes: issued +0=0 done +0=0
====================================================================


========== Cycle Profiling Statistics (Last 10000 cycles) ==========
Total CPU time: 39554.24 ms
  ICNT Cycle (CORE):           317.17 ms (0.8%)
  Mem to ICNT (ICNT):          573.95 ms (1.5%)
  DRAM Cycle (DRAM):           1556.75 ms (3.9%)
  L2 Cache (L2):               1370.76 ms (3.5%)
  ICNT Transfer (ICNT):        2807.27 ms (7.1%)
  Core Cycle (CORE):           32824.86 ms (83.0%)
  gem5 Simulate:               0.00 ms (0.0%)
  Other Operations:            103.48 ms (0.3%)
Average time per cycle: 3.9554 ms
Progress: cycle=20000 CTA launched +0=264 completed +0=0
Progress TMA tx: started +0=0 (R +0=0, W +0=0) completed +0=0 (R +0=0, W +0=0)
Progress TMA mf: issued +0=0 (R +0=0, W +0=0) responses +0=0 (R +0=0, W +0=0)
Progress TMA bytes: issued +0=0 done +0=0
====================================================================


========== Cycle Profiling Statistics (Last 10000 cycles) ==========
Total CPU time: 35094.75 ms
  ICNT Cycle (CORE):           486.18 ms (1.4%)
  Mem to ICNT (ICNT):          1003.61 ms (2.9%)
  DRAM Cycle (DRAM):           1903.43 ms (5.4%)
  L2 Cache (L2):               2814.14 ms (8.0%)
  ICNT Transfer (ICNT):        2744.77 ms (7.8%)
  Core Cycle (CORE):           26026.74 ms (74.2%)
  gem5 Simulate:               0.00 ms (0.0%)
  Other Operations:            115.88 ms (0.3%)
Average time per cycle: 3.5095 ms
Progress: cycle=30000 CTA launched +264=528 completed +264=264
Progress TMA tx: started +0=0 (R +0=0, W +0=0) completed +0=0 (R +0=0, W +0=0)
Progress TMA mf: issued +0=0 (R +0=0, W +0=0) responses +0=0 (R +0=0, W +0=0)
Progress TMA bytes: issued +0=0 done +0=0
====================================================================


========== Cycle Profiling Statistics (Last 10000 cycles) ==========
Total CPU time: 46525.17 ms
  ICNT Cycle (CORE):           292.20 ms (0.6%)
  Mem to ICNT (ICNT):          540.66 ms (1.2%)
  DRAM Cycle (DRAM):           1541.05 ms (3.3%)
  L2 Cache (L2):               1104.59 ms (2.4%)
  ICNT Transfer (ICNT):        3289.34 ms (7.1%)
  Core Cycle (CORE):           39643.64 ms (85.2%)
  gem5 Simulate:               0.00 ms (0.0%)
  Other Operations:            113.68 ms (0.2%)
Average time per cycle: 4.6525 ms
Progress: cycle=40000 CTA launched +3=531 completed +3=267
Progress TMA tx: started +0=0 (R +0=0, W +0=0) completed +0=0 (R +0=0, W +0=0)
Progress TMA mf: issued +0=0 (R +0=0, W +0=0) responses +0=0 (R +0=0, W +0=0)
Progress TMA bytes: issued +0=0 done +0=0
====================================================================


========== Cycle Profiling Statistics (Last 10000 cycles) ==========
Total CPU time: 36016.44 ms
  ICNT Cycle (CORE):           577.34 ms (1.6%)
  Mem to ICNT (ICNT):          1206.48 ms (3.3%)
  DRAM Cycle (DRAM):           2376.28 ms (6.6%)
  L2 Cache (L2):               3251.72 ms (9.0%)
  ICNT Transfer (ICNT):        2679.11 ms (7.4%)
  Core Cycle (CORE):           25791.45 ms (71.6%)
  gem5 Simulate:               0.00 ms (0.0%)
  Other Operations:            134.05 ms (0.4%)
Average time per cycle: 3.6016 ms
Progress: cycle=50000 CTA launched +261=792 completed +261=528
Progress TMA tx: started +0=0 (R +0=0, W +0=0) completed +0=0 (R +0=0, W +0=0)
Progress TMA mf: issued +0=0 (R +0=0, W +0=0) responses +0=0 (R +0=0, W +0=0)
Progress TMA bytes: issued +0=0 done +0=0
====================================================================


========== Cycle Profiling Statistics (Last 10000 cycles) ==========
Total CPU time: 45964.94 ms
  ICNT Cycle (CORE):           277.75 ms (0.6%)
  Mem to ICNT (ICNT):          536.96 ms (1.2%)
  DRAM Cycle (DRAM):           1478.91 ms (3.2%)
  L2 Cache (L2):               1081.37 ms (2.4%)
  ICNT Transfer (ICNT):        3533.83 ms (7.7%)
  Core Cycle (CORE):           38936.71 ms (84.7%)
  gem5 Simulate:               0.00 ms (0.0%)
  Other Operations:            119.41 ms (0.3%)
Average time per cycle: 4.5965 ms
Progress: cycle=60000 CTA launched +39=831 completed +39=567
Progress TMA tx: started +0=0 (R +0=0, W +0=0) completed +0=0 (R +0=0, W +0=0)
Progress TMA mf: issued +0=0 (R +0=0, W +0=0) responses +0=0 (R +0=0, W +0=0)
Progress TMA bytes: issued +0=0 done +0=0
====================================================================


========== Cycle Profiling Statistics (Last 10000 cycles) ==========
Total CPU time: 39872.15 ms
  ICNT Cycle (CORE):           615.69 ms (1.5%)
  Mem to ICNT (ICNT):          1219.97 ms (3.1%)
  DRAM Cycle (DRAM):           2603.12 ms (6.5%)
  L2 Cache (L2):               3267.94 ms (8.2%)
  ICNT Transfer (ICNT):        2940.37 ms (7.4%)
  Core Cycle (CORE):           29088.53 ms (73.0%)
  gem5 Simulate:               0.00 ms (0.0%)
  Other Operations:            136.53 ms (0.3%)
Average time per cycle: 3.9872 ms
Progress: cycle=70000 CTA launched +225=1056 completed +225=792
Progress TMA tx: started +0=0 (R +0=0, W +0=0) completed +0=0 (R +0=0, W +0=0)
Progress TMA mf: issued +0=0 (R +0=0, W +0=0) responses +0=0 (R +0=0, W +0=0)
Progress TMA bytes: issued +0=0 done +0=0
====================================================================


========== Cycle Profiling Statistics (Last 10000 cycles) ==========
Total CPU time: 43914.80 ms
  ICNT Cycle (CORE):           333.29 ms (0.8%)
  Mem to ICNT (ICNT):          655.44 ms (1.5%)
  DRAM Cycle (DRAM):           1566.68 ms (3.6%)
  L2 Cache (L2):               1454.44 ms (3.3%)
  ICNT Transfer (ICNT):        3363.52 ms (7.7%)
  Core Cycle (CORE):           36407.87 ms (82.9%)
  gem5 Simulate:               0.00 ms (0.0%)
  Other Operations:            133.56 ms (0.3%)
Average time per cycle: 4.3915 ms
Progress: cycle=80000 CTA launched +141=1197 completed +141=933
Progress TMA tx: started +0=0 (R +0=0, W +0=0) completed +0=0 (R +0=0, W +0=0)
Progress TMA mf: issued +0=0 (R +0=0, W +0=0) responses +0=0 (R +0=0, W +0=0)
Progress TMA bytes: issued +0=0 done +0=0
====================================================================


========== Cycle Profiling Statistics (Last 10000 cycles) ==========
Total CPU time: 42820.01 ms
  ICNT Cycle (CORE):           571.22 ms (1.3%)
  Mem to ICNT (ICNT):          1119.86 ms (2.6%)
  DRAM Cycle (DRAM):           2193.21 ms (5.1%)
  L2 Cache (L2):               2960.40 ms (6.9%)
  ICNT Transfer (ICNT):        3107.13 ms (7.3%)
  Core Cycle (CORE):           32742.06 ms (76.5%)
  gem5 Simulate:               0.00 ms (0.0%)
  Other Operations:            126.12 ms (0.3%)
Average time per cycle: 4.2820 ms
Progress: cycle=90000 CTA launched +126=1323 completed +126=1059
Progress TMA tx: started +0=0 (R +0=0, W +0=0) completed +0=0 (R +0=0, W +0=0)
Progress TMA mf: issued +0=0 (R +0=0, W +0=0) responses +0=0 (R +0=0, W +0=0)
Progress TMA bytes: issued +0=0 done +0=0
====================================================================


========== Cycle Profiling Statistics (Last 10000 cycles) ==========
Total CPU time: 41448.54 ms
  ICNT Cycle (CORE):           418.49 ms (1.0%)
  Mem to ICNT (ICNT):          817.64 ms (2.0%)
  DRAM Cycle (DRAM):           1772.53 ms (4.3%)
  L2 Cache (L2):               1945.49 ms (4.7%)
  ICNT Transfer (ICNT):        3016.09 ms (7.3%)
  Core Cycle (CORE):           33333.79 ms (80.4%)
  gem5 Simulate:               0.00 ms (0.0%)
  Other Operations:            144.51 ms (0.3%)
Average time per cycle: 4.1449 ms
Progress: cycle=100000 CTA launched +234=1557 completed +234=1293
Progress TMA tx: started +0=0 (R +0=0, W +0=0) completed +0=0 (R +0=0, W +0=0)
Progress TMA mf: issued +0=0 (R +0=0, W +0=0) responses +0=0 (R +0=0, W +0=0)
Progress TMA bytes: issued +0=0 done +0=0
====================================================================


========== Cycle Profiling Statistics (Last 10000 cycles) ==========
Total CPU time: 45366.43 ms
  ICNT Cycle (CORE):           509.12 ms (1.1%)
  Mem to ICNT (ICNT):          960.26 ms (2.1%)
  DRAM Cycle (DRAM):           2051.21 ms (4.5%)
  L2 Cache (L2):               2422.81 ms (5.3%)
  ICNT Transfer (ICNT):        3278.08 ms (7.2%)
  Core Cycle (CORE):           36027.70 ms (79.4%)
  gem5 Simulate:               0.00 ms (0.0%)
  Other Operations:            117.24 ms (0.3%)
Average time per cycle: 4.5366 ms
Progress: cycle=110000 CTA launched +40=1597 completed +40=1333
Progress TMA tx: started +0=0 (R +0=0, W +0=0) completed +0=0 (R +0=0, W +0=0)
Progress TMA mf: issued +0=0 (R +0=0, W +0=0) responses +0=0 (R +0=0, W +0=0)
Progress TMA bytes: issued +0=0 done +0=0
====================================================================


========== Cycle Profiling Statistics (Last 10000 cycles) ==========
Total CPU time: 40755.34 ms
  ICNT Cycle (CORE):           484.00 ms (1.2%)
  Mem to ICNT (ICNT):          960.06 ms (2.4%)
  DRAM Cycle (DRAM):           2162.74 ms (5.3%)
  L2 Cache (L2):               2470.40 ms (6.1%)
  ICNT Transfer (ICNT):        3153.72 ms (7.7%)
  Core Cycle (CORE):           31375.61 ms (77.0%)
  gem5 Simulate:               0.00 ms (0.0%)
  Other Operations:            148.80 ms (0.4%)
Average time per cycle: 4.0755 ms
Progress: cycle=120000 CTA launched +253=1850 completed +253=1586
Progress TMA tx: started +0=0 (R +0=0, W +0=0) completed +0=0 (R +0=0, W +0=0)
Progress TMA mf: issued +0=0 (R +0=0, W +0=0) responses +0=0 (R +0=0, W +0=0)
Progress TMA bytes: issued +0=0 done +0=0
====================================================================


========== Cycle Profiling Statistics (Last 10000 cycles) ==========
Total CPU time: 46814.86 ms
  ICNT Cycle (CORE):           424.55 ms (0.9%)
  Mem to ICNT (ICNT):          809.57 ms (1.7%)
  DRAM Cycle (DRAM):           1881.79 ms (4.0%)
  L2 Cache (L2):               1921.40 ms (4.1%)
  ICNT Transfer (ICNT):        3426.17 ms (7.3%)
  Core Cycle (CORE):           38233.81 ms (81.7%)
  gem5 Simulate:               0.00 ms (0.0%)
  Other Operations:            117.57 ms (0.3%)
Average time per cycle: 4.6815 ms
Progress: cycle=130000 CTA launched +22=1872 completed +22=1608
Progress TMA tx: started +0=0 (R +0=0, W +0=0) completed +0=0 (R +0=0, W +0=0)
Progress TMA mf: issued +0=0 (R +0=0, W +0=0) responses +0=0 (R +0=0, W +0=0)
Progress TMA bytes: issued +0=0 done +0=0
====================================================================

GPGPU-Sim uArch: Shader 71 bind to kernel 1 '_ZN5flash16flash_fwd_kernelI23Flash_fwd_kernel_traitsILi64ELi128ELi128ELi4ELb0ELb0EN7cutlass6half_tE19Flash_kernel_traitsILi64ELi128ELi128ELi4ES3_EELb0ELb0ELb0ELb0ELb1ELb1ELb0ELb0EEEvNS_16Flash_fwd_paramsE'
GPGPU-Sim uArch: Shader 120 bind to kernel 1 '_ZN5flash16flash_fwd_kernelI23Flash_fwd_kernel_traitsILi64ELi128ELi128ELi4ELb0ELb0EN7cutlass6half_tE19Flash_kernel_traitsILi64ELi128ELi128ELi4ES3_EELb0ELb0ELb0ELb0ELb1ELb1ELb0ELb0EEEvNS_16Flash_fwd_paramsE'

========== Cycle Profiling Statistics (Last 10000 cycles) ==========
Total CPU time: 35122.44 ms
  ICNT Cycle (CORE):           404.51 ms (1.2%)
  Mem to ICNT (ICNT):          846.56 ms (2.4%)
  DRAM Cycle (DRAM):           1929.83 ms (5.5%)
  L2 Cache (L2):               2231.29 ms (6.4%)
  ICNT Transfer (ICNT):        2289.26 ms (6.5%)
  Core Cycle (CORE):           27274.39 ms (77.7%)
  gem5 Simulate:               0.00 ms (0.0%)
  Other Operations:            146.61 ms (0.4%)
Average time per cycle: 3.5122 ms
Progress: cycle=140000 CTA launched +176=2048 completed +247=1855
Progress TMA tx: started +0=0 (R +0=0, W +0=0) completed +0=0 (R +0=0, W +0=0)
Progress TMA mf: issued +0=0 (R +0=0, W +0=0) responses +0=0 (R +0=0, W +0=0)
Progress TMA bytes: issued +0=0 done +0=0
====================================================================


========== Cycle Profiling Statistics (Last 10000 cycles) ==========
Total CPU time: 32017.74 ms
  ICNT Cycle (CORE):           170.04 ms (0.5%)
  Mem to ICNT (ICNT):          375.11 ms (1.2%)
  DRAM Cycle (DRAM):           1175.91 ms (3.7%)
  L2 Cache (L2):               748.82 ms (2.3%)
  ICNT Transfer (ICNT):        2201.53 ms (6.9%)
  Core Cycle (CORE):           27134.10 ms (84.7%)
  gem5 Simulate:               0.00 ms (0.0%)
  Other Operations:            212.21 ms (0.7%)
Average time per cycle: 3.2018 ms
Progress: cycle=150000 CTA launched +0=2048 completed +47=1902
Progress TMA tx: started +0=0 (R +0=0, W +0=0) completed +0=0 (R +0=0, W +0=0)
Progress TMA mf: issued +0=0 (R +0=0, W +0=0) responses +0=0 (R +0=0, W +0=0)
Progress TMA bytes: issued +0=0 done +0=0
====================================================================

Destroy streams for kernel 1: size 0
kernel_name = _ZN5flash16flash_fwd_kernelI23Flash_fwd_kernel_traitsILi64ELi128ELi128ELi4ELb0ELb0EN7cutlass6half_tE19Flash_kernel_traitsILi64ELi128ELi128ELi4ES3_EELb0ELb0ELb0ELb0ELb1ELb1ELb0ELb0EEEvNS_16Flash_fwd_paramsE 
kernel_launch_uid = 1 
kernel_stream_id = 8462377398139186278
gpu_sim_cycle = 154427
gpu_sim_insn = 776863744
gpu_ipc =    5030.6211
gpu_tot_sim_cycle = 154427
gpu_tot_sim_insn = 776863744
gpu_tot_ipc =    5030.6211
gpu_tot_issued_cta = 2048
gpu_occupancy = 16.5722% 
gpu_tot_occupancy = 16.5722% 
max_total_param_size = 0
gpu_stall_dramfull = 372360
memory_sub_partition_full_breakdown:
	memory_sub_partition_full_breakdown[ICNT_TO_L2_NOT_ENOUGH_SECTOR_SLOTS] = 372360
	memory_sub_partition_full_breakdown[ICNT_TO_L2_QUEUE_FULL] = 361455
	memory_sub_partition_full_breakdown[ICNT_TO_L2_QUEUE_NEAR_FULL] = 10905
	memory_sub_partition_full_breakdown[L2_DRAM_QUEUE_FULL] = 79662
	memory_sub_partition_full_breakdown[DRAM_L2_QUEUE_FULL] = 0
	memory_sub_partition_full_breakdown[L2_ICNT_QUEUE_FULL] = 0
	memory_sub_partition_full_breakdown[L2_DATA_PORT_BUSY] = 15975
	memory_sub_partition_full_breakdown[L2_FILL_PORT_BUSY] = 0
	memory_sub_partition_full_breakdown[L2_READY_BLOCKED_BY_L2_ICNT_QUEUE] = 0
gpu_stall_icnt2sh    = 0
partiton_level_parallism =      15.4899
partiton_level_parallism_total  =      15.4899
partiton_level_parallism_util =      17.2295
partiton_level_parallism_util_total  =      17.2295
L2_BW  =    1965.7363 GB/Sec
L2_BW_total  =    1965.7363 GB/Sec
gpu_total_sim_rate=1286198

========= Core cache stats =========
L1I_cache:
	L1I_total_cache_accesses = 0
	L1I_total_cache_misses = 0
	L1I_total_cache_pending_hits = 0
	L1I_total_cache_reservation_fails = 0
L1D_cache:
	L1D_cache_core[0]: Access = 8448, Miss = 8448, Miss_rate = 1.000, Pending_hits = 0, Reservation_fails = 11774
	L1D_cache_core[1]: Access = 8448, Miss = 8448, Miss_rate = 1.000, Pending_hits = 0, Reservation_fails = 11719
	L1D_cache_core[2]: Access = 8448, Miss = 8448, Miss_rate = 1.000, Pending_hits = 0, Reservation_fails = 11776
	L1D_cache_core[3]: Access = 8448, Miss = 8448, Miss_rate = 1.000, Pending_hits = 0, Reservation_fails = 11787
	L1D_cache_core[4]: Access = 8448, Miss = 8448, Miss_rate = 1.000, Pending_hits = 0, Reservation_fails = 11819
	L1D_cache_core[5]: Access = 7392, Miss = 7392, Miss_rate = 1.000, Pending_hits = 0, Reservation_fails = 10274
	L1D_cache_core[6]: Access = 8448, Miss = 8448, Miss_rate = 1.000, Pending_hits = 0, Reservation_fails = 11793
	L1D_cache_core[7]: Access = 8448, Miss = 8448, Miss_rate = 1.000, Pending_hits = 0, Reservation_fails = 11300
	L1D_cache_core[8]: Access = 8448, Miss = 8448, Miss_rate = 1.000, Pending_hits = 0, Reservation_fails = 11808
	L1D_cache_core[9]: Access = 8448, Miss = 8448, Miss_rate = 1.000, Pending_hits = 0, Reservation_fails = 11791
	L1D_cache_core[10]: Access = 7392, Miss = 7392, Miss_rate = 1.000, Pending_hits = 0, Reservation_fails = 10319
	L1D_cache_core[11]: Access = 8448, Miss = 8448, Miss_rate = 1.000, Pending_hits = 0, Reservation_fails = 11756
	L1D_cache_core[12]: Access = 7392, Miss = 7392, Miss_rate = 1.000, Pending_hits = 0, Reservation_fails = 10324
	L1D_cache_core[13]: Access = 7392, Miss = 7392, Miss_rate = 1.000, Pending_hits = 0, Reservation_fails = 10327
	L1D_cache_core[14]: Access = 7392, Miss = 7392, Miss_rate = 1.000, Pending_hits = 0, Reservation_fails = 10288
	L1D_cache_core[15]: Access = 8448, Miss = 8448, Miss_rate = 1.000, Pending_hits = 0, Reservation_fails = 11792
	L1D_cache_core[16]: Access = 7392, Miss = 7392, Miss_rate = 1.000, Pending_hits = 0, Reservation_fails = 10276
	L1D_cache_core[17]: Access = 8448, Miss = 8448, Miss_rate = 1.000, Pending_hits = 0, Reservation_fails = 11748
	L1D_cache_core[18]: Access = 8448, Miss = 8448, Miss_rate = 1.000, Pending_hits = 0, Reservation_fails = 11787
	L1D_cache_core[19]: Access = 7392, Miss = 7392, Miss_rate = 1.000, Pending_hits = 0, Reservation_fails = 10295
	L1D_cache_core[20]: Access = 7392, Miss = 7392, Miss_rate = 1.000, Pending_hits = 0, Reservation_fails = 10314
	L1D_cache_core[21]: Access = 8448, Miss = 8448, Miss_rate = 1.000, Pending_hits = 0, Reservation_fails = 11750
	L1D_cache_core[22]: Access = 7392, Miss = 7392, Miss_rate = 1.000, Pending_hits = 0, Reservation_fails = 10296
	L1D_cache_core[23]: Access = 8448, Miss = 8448, Miss_rate = 1.000, Pending_hits = 0, Reservation_fails = 11733
	L1D_cache_core[24]: Access = 7392, Miss = 7392, Miss_rate = 1.000, Pending_hits = 0, Reservation_fails = 10299
	L1D_cache_core[25]: Access = 8448, Miss = 8448, Miss_rate = 1.000, Pending_hits = 0, Reservation_fails = 11762
	L1D_cache_core[26]: Access = 8448, Miss = 8448, Miss_rate = 1.000, Pending_hits = 0, Reservation_fails = 11738
	L1D_cache_core[27]: Access = 8448, Miss = 8448, Miss_rate = 1.000, Pending_hits = 0, Reservation_fails = 11804
	L1D_cache_core[28]: Access = 7392, Miss = 7392, Miss_rate = 1.000, Pending_hits = 0, Reservation_fails = 10319
	L1D_cache_core[29]: Access = 8448, Miss = 8448, Miss_rate = 1.000, Pending_hits = 0, Reservation_fails = 11738
	L1D_cache_core[30]: Access = 8448, Miss = 8448, Miss_rate = 1.000, Pending_hits = 0, Reservation_fails = 11743
	L1D_cache_core[31]: Access = 8448, Miss = 8448, Miss_rate = 1.000, Pending_hits = 0, Reservation_fails = 11786
	L1D_cache_core[32]: Access = 8448, Miss = 8448, Miss_rate = 1.000, Pending_hits = 0, Reservation_fails = 11777
	L1D_cache_core[33]: Access = 7920, Miss = 7920, Miss_rate = 1.000, Pending_hits = 0, Reservation_fails = 11023
	L1D_cache_core[34]: Access = 7392, Miss = 7392, Miss_rate = 1.000, Pending_hits = 0, Reservation_fails = 10309
	L1D_cache_core[35]: Access = 8448, Miss = 8448, Miss_rate = 1.000, Pending_hits = 0, Reservation_fails = 11819
	L1D_cache_core[36]: Access = 8448, Miss = 8448, Miss_rate = 1.000, Pending_hits = 0, Reservation_fails = 11733
	L1D_cache_core[37]: Access = 8448, Miss = 8448, Miss_rate = 1.000, Pending_hits = 0, Reservation_fails = 11711
	L1D_cache_core[38]: Access = 8448, Miss = 8448, Miss_rate = 1.000, Pending_hits = 0, Reservation_fails = 11773
	L1D_cache_core[39]: Access = 8448, Miss = 8448, Miss_rate = 1.000, Pending_hits = 0, Reservation_fails = 11696
	L1D_cache_core[40]: Access = 7392, Miss = 7392, Miss_rate = 1.000, Pending_hits = 0, Reservation_fails = 10305
	L1D_cache_core[41]: Access = 8448, Miss = 8448, Miss_rate = 1.000, Pending_hits = 0, Reservation_fails = 11773
	L1D_cache_core[42]: Access = 8448, Miss = 8448, Miss_rate = 1.000, Pending_hits = 0, Reservation_fails = 11791
	L1D_cache_core[43]: Access = 8448, Miss = 8448, Miss_rate = 1.000, Pending_hits = 0, Reservation_fails = 11784
	L1D_cache_core[44]: Access = 8448, Miss = 8448, Miss_rate = 1.000, Pending_hits = 0, Reservation_fails = 11790
	L1D_cache_core[45]: Access = 8448, Miss = 8448, Miss_rate = 1.000, Pending_hits = 0, Reservation_fails = 11599
	L1D_cache_core[46]: Access = 7392, Miss = 7392, Miss_rate = 1.000, Pending_hits = 0, Reservation_fails = 10282
	L1D_cache_core[47]: Access = 8448, Miss = 8448, Miss_rate = 1.000, Pending_hits = 0, Reservation_fails = 11801
	L1D_cache_core[48]: Access = 7392, Miss = 7392, Miss_rate = 1.000, Pending_hits = 0, Reservation_fails = 10295
	L1D_cache_core[49]: Access = 7392, Miss = 7392, Miss_rate = 1.000, Pending_hits = 0, Reservation_fails = 10312
	L1D_cache_core[50]: Access = 7392, Miss = 7392, Miss_rate = 1.000, Pending_hits = 0, Reservation_fails = 10309
	L1D_cache_core[51]: Access = 7392, Miss = 7392, Miss_rate = 1.000, Pending_hits = 0, Reservation_fails = 10305
	L1D_cache_core[52]: Access = 8448, Miss = 8448, Miss_rate = 1.000, Pending_hits = 0, Reservation_fails = 11723
	L1D_cache_core[53]: Access = 8448, Miss = 8448, Miss_rate = 1.000, Pending_hits = 0, Reservation_fails = 11780
	L1D_cache_core[54]: Access = 7392, Miss = 7392, Miss_rate = 1.000, Pending_hits = 0, Reservation_fails = 10306
	L1D_cache_core[55]: Access = 7392, Miss = 7392, Miss_rate = 1.000, Pending_hits = 0, Reservation_fails = 10333
	L1D_cache_core[56]: Access = 8448, Miss = 8448, Miss_rate = 1.000, Pending_hits = 0, Reservation_fails = 11821
	L1D_cache_core[57]: Access = 8448, Miss = 8448, Miss_rate = 1.000, Pending_hits = 0, Reservation_fails = 11782
	L1D_cache_core[58]: Access = 8448, Miss = 8448, Miss_rate = 1.000, Pending_hits = 0, Reservation_fails = 11758
	L1D_cache_core[59]: Access = 7392, Miss = 7392, Miss_rate = 1.000, Pending_hits = 0, Reservation_fails = 10309
	L1D_cache_core[60]: Access = 8448, Miss = 8448, Miss_rate = 1.000, Pending_hits = 0, Reservation_fails = 11787
	L1D_cache_core[61]: Access = 8448, Miss = 8448, Miss_rate = 1.000, Pending_hits = 0, Reservation_fails = 11768
	L1D_cache_core[62]: Access = 8448, Miss = 8448, Miss_rate = 1.000, Pending_hits = 0, Reservation_fails = 11798
	L1D_cache_core[63]: Access = 7392, Miss = 7392, Miss_rate = 1.000, Pending_hits = 0, Reservation_fails = 10303
	L1D_cache_core[64]: Access = 8448, Miss = 8448, Miss_rate = 1.000, Pending_hits = 0, Reservation_fails = 11609
	L1D_cache_core[65]: Access = 8448, Miss = 8448, Miss_rate = 1.000, Pending_hits = 0, Reservation_fails = 11828
	L1D_cache_core[66]: Access = 8448, Miss = 8448, Miss_rate = 1.000, Pending_hits = 0, Reservation_fails = 11829
	L1D_cache_core[67]: Access = 8448, Miss = 8448, Miss_rate = 1.000, Pending_hits = 0, Reservation_fails = 11832
	L1D_cache_core[68]: Access = 8448, Miss = 8448, Miss_rate = 1.000, Pending_hits = 0, Reservation_fails = 11828
	L1D_cache_core[69]: Access = 8448, Miss = 8448, Miss_rate = 1.000, Pending_hits = 0, Reservation_fails = 11600
	L1D_cache_core[70]: Access = 8448, Miss = 8448, Miss_rate = 1.000, Pending_hits = 0, Reservation_fails = 11672
	L1D_cache_core[71]: Access = 9504, Miss = 9504, Miss_rate = 1.000, Pending_hits = 0, Reservation_fails = 12881
	L1D_cache_core[72]: Access = 8448, Miss = 8448, Miss_rate = 1.000, Pending_hits = 0, Reservation_fails = 11761
	L1D_cache_core[73]: Access = 8448, Miss = 8448, Miss_rate = 1.000, Pending_hits = 0, Reservation_fails = 11748
	L1D_cache_core[74]: Access = 8448, Miss = 8448, Miss_rate = 1.000, Pending_hits = 0, Reservation_fails = 11797
	L1D_cache_core[75]: Access = 7920, Miss = 7920, Miss_rate = 1.000, Pending_hits = 0, Reservation_fails = 11008
	L1D_cache_core[76]: Access = 8448, Miss = 8448, Miss_rate = 1.000, Pending_hits = 0, Reservation_fails = 11731
	L1D_cache_core[77]: Access = 8448, Miss = 8448, Miss_rate = 1.000, Pending_hits = 0, Reservation_fails = 11735
	L1D_cache_core[78]: Access = 8448, Miss = 8448, Miss_rate = 1.000, Pending_hits = 0, Reservation_fails = 11790
	L1D_cache_core[79]: Access = 8448, Miss = 8448, Miss_rate = 1.000, Pending_hits = 0, Reservation_fails = 11722
	L1D_cache_core[80]: Access = 8448, Miss = 8448, Miss_rate = 1.000, Pending_hits = 0, Reservation_fails = 11722
	L1D_cache_core[81]: Access = 8448, Miss = 8448, Miss_rate = 1.000, Pending_hits = 0, Reservation_fails = 11779
	L1D_cache_core[82]: Access = 8448, Miss = 8448, Miss_rate = 1.000, Pending_hits = 0, Reservation_fails = 11789
	L1D_cache_core[83]: Access = 8448, Miss = 8448, Miss_rate = 1.000, Pending_hits = 0, Reservation_fails = 11547
	L1D_cache_core[84]: Access = 8448, Miss = 8448, Miss_rate = 1.000, Pending_hits = 0, Reservation_fails = 11773
	L1D_cache_core[85]: Access = 8448, Miss = 8448, Miss_rate = 1.000, Pending_hits = 0, Reservation_fails = 11798
	L1D_cache_core[86]: Access = 8448, Miss = 8448, Miss_rate = 1.000, Pending_hits = 0, Reservation_fails = 11821
	L1D_cache_core[87]: Access = 8448, Miss = 8448, Miss_rate = 1.000, Pending_hits = 0, Reservation_fails = 11789
	L1D_cache_core[88]: Access = 7392, Miss = 7392, Miss_rate = 1.000, Pending_hits = 0, Reservation_fails = 10307
	L1D_cache_core[89]: Access = 8448, Miss = 8448, Miss_rate = 1.000, Pending_hits = 0, Reservation_fails = 11777
	L1D_cache_core[90]: Access = 7392, Miss = 7392, Miss_rate = 1.000, Pending_hits = 0, Reservation_fails = 10321
	L1D_cache_core[91]: Access = 7392, Miss = 7392, Miss_rate = 1.000, Pending_hits = 0, Reservation_fails = 10304
	L1D_cache_core[92]: Access = 8448, Miss = 8448, Miss_rate = 1.000, Pending_hits = 0, Reservation_fails = 11803
	L1D_cache_core[93]: Access = 8448, Miss = 8448, Miss_rate = 1.000, Pending_hits = 0, Reservation_fails = 11730
	L1D_cache_core[94]: Access = 8448, Miss = 8448, Miss_rate = 1.000, Pending_hits = 0, Reservation_fails = 11774
	L1D_cache_core[95]: Access = 7392, Miss = 7392, Miss_rate = 1.000, Pending_hits = 0, Reservation_fails = 10312
	L1D_cache_core[96]: Access = 8448, Miss = 8448, Miss_rate = 1.000, Pending_hits = 0, Reservation_fails = 11689
	L1D_cache_core[97]: Access = 8448, Miss = 8448, Miss_rate = 1.000, Pending_hits = 0, Reservation_fails = 11780
	L1D_cache_core[98]: Access = 8448, Miss = 8448, Miss_rate = 1.000, Pending_hits = 0, Reservation_fails = 11676
	L1D_cache_core[99]: Access = 7392, Miss = 7392, Miss_rate = 1.000, Pending_hits = 0, Reservation_fails = 10292
	L1D_cache_core[100]: Access = 8448, Miss = 8448, Miss_rate = 1.000, Pending_hits = 0, Reservation_fails = 11798
	L1D_cache_core[101]: Access = 7392, Miss = 7392, Miss_rate = 1.000, Pending_hits = 0, Reservation_fails = 10288
	L1D_cache_core[102]: Access = 8448, Miss = 8448, Miss_rate = 1.000, Pending_hits = 0, Reservation_fails = 11780
	L1D_cache_core[103]: Access = 8448, Miss = 8448, Miss_rate = 1.000, Pending_hits = 0, Reservation_fails = 11783
	L1D_cache_core[104]: Access = 7392, Miss = 7392, Miss_rate = 1.000, Pending_hits = 0, Reservation_fails = 10299
	L1D_cache_core[105]: Access = 8448, Miss = 8448, Miss_rate = 1.000, Pending_hits = 0, Reservation_fails = 11788
	L1D_cache_core[106]: Access = 8448, Miss = 8448, Miss_rate = 1.000, Pending_hits = 0, Reservation_fails = 11519
	L1D_cache_core[107]: Access = 8448, Miss = 8448, Miss_rate = 1.000, Pending_hits = 0, Reservation_fails = 11616
	L1D_cache_core[108]: Access = 8448, Miss = 8448, Miss_rate = 1.000, Pending_hits = 0, Reservation_fails = 11779
	L1D_cache_core[109]: Access = 7392, Miss = 7392, Miss_rate = 1.000, Pending_hits = 0, Reservation_fails = 10313
	L1D_cache_core[110]: Access = 8448, Miss = 8448, Miss_rate = 1.000, Pending_hits = 0, Reservation_fails = 11805
	L1D_cache_core[111]: Access = 7392, Miss = 7392, Miss_rate = 1.000, Pending_hits = 0, Reservation_fails = 10279
	L1D_cache_core[112]: Access = 8448, Miss = 8448, Miss_rate = 1.000, Pending_hits = 0, Reservation_fails = 11597
	L1D_cache_core[113]: Access = 8448, Miss = 8448, Miss_rate = 1.000, Pending_hits = 0, Reservation_fails = 11811
	L1D_cache_core[114]: Access = 8448, Miss = 8448, Miss_rate = 1.000, Pending_hits = 0, Reservation_fails = 11770
	L1D_cache_core[115]: Access = 8448, Miss = 8448, Miss_rate = 1.000, Pending_hits = 0, Reservation_fails = 11745
	L1D_cache_core[116]: Access = 8448, Miss = 8448, Miss_rate = 1.000, Pending_hits = 0, Reservation_fails = 11719
	L1D_cache_core[117]: Access = 8448, Miss = 8448, Miss_rate = 1.000, Pending_hits = 0, Reservation_fails = 11812
	L1D_cache_core[118]: Access = 8448, Miss = 8448, Miss_rate = 1.000, Pending_hits = 0, Reservation_fails = 11739
	L1D_cache_core[119]: Access = 8448, Miss = 8448, Miss_rate = 1.000, Pending_hits = 0, Reservation_fails = 11709
	L1D_cache_core[120]: Access = 9504, Miss = 9504, Miss_rate = 1.000, Pending_hits = 0, Reservation_fails = 12561
	L1D_cache_core[121]: Access = 8448, Miss = 8448, Miss_rate = 1.000, Pending_hits = 0, Reservation_fails = 11437
	L1D_cache_core[122]: Access = 8448, Miss = 8448, Miss_rate = 1.000, Pending_hits = 0, Reservation_fails = 11724
	L1D_cache_core[123]: Access = 7392, Miss = 7392, Miss_rate = 1.000, Pending_hits = 0, Reservation_fails = 10333
	L1D_cache_core[124]: Access = 8448, Miss = 8448, Miss_rate = 1.000, Pending_hits = 0, Reservation_fails = 11756
	L1D_cache_core[125]: Access = 7392, Miss = 7392, Miss_rate = 1.000, Pending_hits = 0, Reservation_fails = 10326
	L1D_cache_core[126]: Access = 8448, Miss = 8448, Miss_rate = 1.000, Pending_hits = 0, Reservation_fails = 11717
	L1D_cache_core[127]: Access = 8448, Miss = 8448, Miss_rate = 1.000, Pending_hits = 0, Reservation_fails = 11802
	L1D_cache_core[128]: Access = 8448, Miss = 8448, Miss_rate = 1.000, Pending_hits = 0, Reservation_fails = 11804
	L1D_cache_core[129]: Access = 8448, Miss = 8448, Miss_rate = 1.000, Pending_hits = 0, Reservation_fails = 11752
	L1D_cache_core[130]: Access = 8448, Miss = 8448, Miss_rate = 1.000, Pending_hits = 0, Reservation_fails = 11551
	L1D_cache_core[131]: Access = 8448, Miss = 8448, Miss_rate = 1.000, Pending_hits = 0, Reservation_fails = 11726
	L1D_total_cache_accesses = 1081344
	L1D_total_cache_misses = 1081344
	L1D_total_cache_miss_rate = 1.0000
	L1D_total_cache_pending_hits = 0
	L1D_total_cache_reservation_fails = 1503282
	L1D_cache_data_port_util = 0.000
	L1D_cache_fill_port_util = 0.000
L1C_cache:
	L1C_total_cache_accesses = 0
	L1C_total_cache_misses = 0
	L1C_total_cache_pending_hits = 0
	L1C_total_cache_reservation_fails = 0
L1T_cache:
	L1T_total_cache_accesses = 0
	L1T_total_cache_misses = 0
	L1T_total_cache_pending_hits = 0
	L1T_total_cache_reservation_fails = 0

Total_core_cache_stats:
	Total_core_cache_stats_breakdown[GLOBAL_ACC_R][HIT] = 0
	Total_core_cache_stats_breakdown[GLOBAL_ACC_R][HIT_RESERVED] = 0
	Total_core_cache_stats_breakdown[GLOBAL_ACC_R][MISS] = 0
	Total_core_cache_stats_breakdown[GLOBAL_ACC_R][RESERVATION_FAIL] = 0
	Total_core_cache_stats_breakdown[GLOBAL_ACC_R][SECTOR_MISS] = 0
	Total_core_cache_stats_breakdown[GLOBAL_ACC_R][MSHR_HIT] = 0
	Total_core_cache_stats_breakdown[LOCAL_ACC_R][HIT] = 0
	Total_core_cache_stats_breakdown[LOCAL_ACC_R][HIT_RESERVED] = 0
	Total_core_cache_stats_breakdown[LOCAL_ACC_R][MISS] = 0
	Total_core_cache_stats_breakdown[LOCAL_ACC_R][RESERVATION_FAIL] = 0
	Total_core_cache_stats_breakdown[LOCAL_ACC_R][SECTOR_MISS] = 0
	Total_core_cache_stats_breakdown[LOCAL_ACC_R][MSHR_HIT] = 0
	Total_core_cache_stats_breakdown[CONST_ACC_R][HIT] = 0
	Total_core_cache_stats_breakdown[CONST_ACC_R][HIT_RESERVED] = 0
	Total_core_cache_stats_breakdown[CONST_ACC_R][MISS] = 0
	Total_core_cache_stats_breakdown[CONST_ACC_R][RESERVATION_FAIL] = 0
	Total_core_cache_stats_breakdown[CONST_ACC_R][SECTOR_MISS] = 0
	Total_core_cache_stats_breakdown[CONST_ACC_R][MSHR_HIT] = 0
	Total_core_cache_stats_breakdown[TEXTURE_ACC_R][HIT] = 0
	Total_core_cache_stats_breakdown[TEXTURE_ACC_R][HIT_RESERVED] = 0
	Total_core_cache_stats_breakdown[TEXTURE_ACC_R][MISS] = 0
	Total_core_cache_stats_breakdown[TEXTURE_ACC_R][RESERVATION_FAIL] = 0
	Total_core_cache_stats_breakdown[TEXTURE_ACC_R][SECTOR_MISS] = 0
	Total_core_cache_stats_breakdown[TEXTURE_ACC_R][MSHR_HIT] = 0
	Total_core_cache_stats_breakdown[GLOBAL_ACC_W][HIT] = 0
	Total_core_cache_stats_breakdown[GLOBAL_ACC_W][HIT_RESERVED] = 0
	Total_core_cache_stats_breakdown[GLOBAL_ACC_W][MISS] = 270336
	Total_core_cache_stats_breakdown[GLOBAL_ACC_W][RESERVATION_FAIL] = 1503282
	Total_core_cache_stats_breakdown[GLOBAL_ACC_W][SECTOR_MISS] = 811008
	Total_core_cache_stats_breakdown[GLOBAL_ACC_W][MSHR_HIT] = 0
	Total_core_cache_stats_breakdown[LOCAL_ACC_W][HIT] = 0
	Total_core_cache_stats_breakdown[LOCAL_ACC_W][HIT_RESERVED] = 0
	Total_core_cache_stats_breakdown[LOCAL_ACC_W][MISS] = 0
	Total_core_cache_stats_breakdown[LOCAL_ACC_W][RESERVATION_FAIL] = 0
	Total_core_cache_stats_breakdown[LOCAL_ACC_W][SECTOR_MISS] = 0
	Total_core_cache_stats_breakdown[LOCAL_ACC_W][MSHR_HIT] = 0
	Total_core_cache_stats_breakdown[L1_WRBK_ACC][HIT] = 0
	Total_core_cache_stats_breakdown[L1_WRBK_ACC][HIT_RESERVED] = 0
	Total_core_cache_stats_breakdown[L1_WRBK_ACC][MISS] = 0
	Total_core_cache_stats_breakdown[L1_WRBK_ACC][RESERVATION_FAIL] = 0
	Total_core_cache_stats_breakdown[L1_WRBK_ACC][SECTOR_MISS] = 0
	Total_core_cache_stats_breakdown[L1_WRBK_ACC][MSHR_HIT] = 0
	Total_core_cache_stats_breakdown[L2_WRBK_ACC][HIT] = 0
	Total_core_cache_stats_breakdown[L2_WRBK_ACC][HIT_RESERVED] = 0
	Total_core_cache_stats_breakdown[L2_WRBK_ACC][MISS] = 0
	Total_core_cache_stats_breakdown[L2_WRBK_ACC][RESERVATION_FAIL] = 0
	Total_core_cache_stats_breakdown[L2_WRBK_ACC][SECTOR_MISS] = 0
	Total_core_cache_stats_breakdown[L2_WRBK_ACC][MSHR_HIT] = 0
	Total_core_cache_stats_breakdown[INST_ACC_R][HIT] = 0
	Total_core_cache_stats_breakdown[INST_ACC_R][HIT_RESERVED] = 0
	Total_core_cache_stats_breakdown[INST_ACC_R][MISS] = 0
	Total_core_cache_stats_breakdown[INST_ACC_R][RESERVATION_FAIL] = 0
	Total_core_cache_stats_breakdown[INST_ACC_R][SECTOR_MISS] = 0
	Total_core_cache_stats_breakdown[INST_ACC_R][MSHR_HIT] = 0
	Total_core_cache_stats_breakdown[L1_WR_ALLOC_R][HIT] = 0
	Total_core_cache_stats_breakdown[L1_WR_ALLOC_R][HIT_RESERVED] = 0
	Total_core_cache_stats_breakdown[L1_WR_ALLOC_R][MISS] = 0
	Total_core_cache_stats_breakdown[L1_WR_ALLOC_R][RESERVATION_FAIL] = 0
	Total_core_cache_stats_breakdown[L1_WR_ALLOC_R][SECTOR_MISS] = 0
	Total_core_cache_stats_breakdown[L1_WR_ALLOC_R][MSHR_HIT] = 0
	Total_core_cache_stats_breakdown[L2_WR_ALLOC_R][HIT] = 0
	Total_core_cache_stats_breakdown[L2_WR_ALLOC_R][HIT_RESERVED] = 0
	Total_core_cache_stats_breakdown[L2_WR_ALLOC_R][MISS] = 0
	Total_core_cache_stats_breakdown[L2_WR_ALLOC_R][RESERVATION_FAIL] = 0
	Total_core_cache_stats_breakdown[L2_WR_ALLOC_R][SECTOR_MISS] = 0
	Total_core_cache_stats_breakdown[L2_WR_ALLOC_R][MSHR_HIT] = 0
	Total_core_cache_stats_breakdown[TMA_ACC_R][HIT] = 0
	Total_core_cache_stats_breakdown[TMA_ACC_R][HIT_RESERVED] = 0
	Total_core_cache_stats_breakdown[TMA_ACC_R][MISS] = 0
	Total_core_cache_stats_breakdown[TMA_ACC_R][RESERVATION_FAIL] = 0
	Total_core_cache_stats_breakdown[TMA_ACC_R][SECTOR_MISS] = 0
	Total_core_cache_stats_breakdown[TMA_ACC_R][MSHR_HIT] = 0
	Total_core_cache_stats_breakdown[TMA_ACC_W][HIT] = 0
	Total_core_cache_stats_breakdown[TMA_ACC_W][HIT_RESERVED] = 0
	Total_core_cache_stats_breakdown[TMA_ACC_W][MISS] = 0
	Total_core_cache_stats_breakdown[TMA_ACC_W][RESERVATION_FAIL] = 0
	Total_core_cache_stats_breakdown[TMA_ACC_W][SECTOR_MISS] = 0
	Total_core_cache_stats_breakdown[TMA_ACC_W][MSHR_HIT] = 0
	Total_core_cache_stats_breakdown[CP_ASYNC_ACC_R][HIT] = 0
	Total_core_cache_stats_breakdown[CP_ASYNC_ACC_R][HIT_RESERVED] = 0
	Total_core_cache_stats_breakdown[CP_ASYNC_ACC_R][MISS] = 0
	Total_core_cache_stats_breakdown[CP_ASYNC_ACC_R][RESERVATION_FAIL] = 0
	Total_core_cache_stats_breakdown[CP_ASYNC_ACC_R][SECTOR_MISS] = 0
	Total_core_cache_stats_breakdown[CP_ASYNC_ACC_R][MSHR_HIT] = 0
	Total_core_cache_stats_breakdown[GLOBAL_ACC_W][TOTAL_ACCESS] = 1081344

Total_core_cache_fail_stats:
	Total_core_cache_fail_stats_breakdown[GLOBAL_ACC_W][MISS_QUEUE_FULL] = 1503282
ctas_completed 2048, Shader 0 warp_id issue ditsribution:
warp_id:
0, 1, 2, 3, 4, 5, 6, 7, 
distro:
24120, 24120, 24120, 24120, 24120, 24120, 24120, 24120, 
gpgpu_n_tot_thrd_icount = 790364160
gpgpu_n_tot_w_icount = 24698880
gpgpu_n_stall_shd_mem = 1100060
gpgpu_n_mem_read_local = 0
gpgpu_n_mem_write_local = 0
gpgpu_n_mem_read_global = 1310720
gpgpu_n_mem_write_global = 1081344
gpgpu_n_mem_texture = 0
gpgpu_n_mem_const = 0
gpgpu_n_tma_tx_completed = 0
gpgpu_n_tma_read_tx_completed = 0
gpgpu_n_tma_write_tx_completed = 0
gpgpu_n_load_insn  = 0
gpgpu_n_store_insn = 2359296
gpgpu_n_shmem_insn = 10485760
gpgpu_n_sstarr_insn = 0
gpgpu_n_tex_insn = 0
gpgpu_n_const_mem_insn = 0
gpgpu_n_param_mem_insn = 7929856
gpgpu_n_shmem_bkconflict = 196608
gpgpu_n_l1cache_bkconflict = 707087
gpgpu_n_intrawarp_mshr_merge = 0
gpgpu_n_cmem_portconflict = 0
gpgpu_stall_shd_mem[c_mem][resource_stall] = 0
gpgpu_stall_shd_mem[s_mem][bk_conf] = 196608
gpgpu_stall_shd_mem[gl_mem][resource_stall] = 707087
gpgpu_stall_shd_mem[gl_mem][coal_stall] = 196365
gpgpu_stall_shd_mem[gl_mem][data_port_stall] = 0
gpu_reg_bank_conflict_stalls = 0
Warp Occupancy Distribution:
Stall:26343048	W0_Idle:10071849	W0_Scoreboard:13950411	W1:0	W2:0	W3:0	W4:0	W5:0	W6:0	W7:0	W8:450560	W9:0	W10:0	W11:0	W12:0	W13:0	W14:0	W15:0	W16:0	W17:0	W18:0	W19:0	W20:0	W21:0	W22:0	W23:0	W24:0	W25:0	W26:0	W27:0	W28:0	W29:0	W30:0	W31:0	W32:24248320
single_issue_nums: WS0:6174720	WS1:6174720	WS2:6174720	WS3:6174720	
dual_issue_nums: WS0:0	WS1:0	WS2:0	WS3:0	
Warp Stall Breakdown:
  Selected                   24698880   16.5%
  NoInstruction               6340902    4.2%
  Barrier                     4511811    3.0%
  Membar                            0    0.0%
  WaitTMA                    16267087   10.9%
  WaitWGMMA                         0    0.0%
  Atomic                            0    0.0%
  SB_MemGlobal                 739349    0.5%
  SB_MemShared                      0    0.0%
  SB_TensorCore               5170070    3.5%
  SB_SpInt                   18607470   12.5%
  SB_Sfu                     17468589   11.7%
  SB_Tma                            0    0.0%
  SB_Other                          0    0.0%
  MathPipeThrottle           49787795   33.4%
  MioThrottle                 1716651    1.1%
  PipeStallOther               666026    0.4%
  NotSelected                 3309577    2.2%
  Total warp-scheduler samples: 149284207
traffic_breakdown_coretomem[CP_ASYNC_ACC_R] = 10485760 {8:1310720,}
traffic_breakdown_coretomem[GLOBAL_ACC_W] = 43253760 {40:1081344,}
traffic_breakdown_memtocore[CP_ASYNC_ACC_R] = 209715200 {40:5242880,}
traffic_breakdown_memtocore[GLOBAL_ACC_W] = 8650752 {8:1081344,}
maxmflatency = 1434 
max_icnt2mem_latency = 1082 
maxmrqlatency = 850 
max_icnt2sh_latency = 1008 
averagemflatency = 394 
avg_icnt2mem_latency = 148 
avg_mrq_latency = 33 
avg_icnt2sh_latency = 6 
mrq_lat_table:577139 	40906 	47346 	1191423 	675560 	333556 	204854 	145749 	53206 	2560 	0 	0 	0 	0 	0 	0 	0 	0 	0 	0 	0 	0 	0 	0 	0 	0 	0 	0 	0 	0 	0 	0 	
dq_lat_table:0 	0 	0 	0 	0 	0 	0 	0 	0 	0 	0 	0 	0 	0 	0 	0 	0 	0 	0 	0 	0 	0 	0 	0 	0 	0 	0 	0 	0 	0 	0 	0 	
mf_lat_table:0 	0 	0 	0 	0 	0 	0 	0 	1076250 	4448 	646 	0 	0 	0 	0 	0 	0 	0 	0 	0 	0 	0 	0 	0 	0 	0 	0 	0 	0 	0 	0 	0 	
icnt2mem_lat_table:134095 	1042964 	36295 	12000 	10750 	72085 	549795 	493382 	26128 	14555 	15 	0 	0 	0 	0 	0 	0 	0 	0 	0 	0 	0 	0 	0 	
icnt2sh_lat_table:64788 	254288 	509638 	235480 	13231 	1112 	570 	668 	647 	922 	0 	0 	0 	0 	0 	0 	0 	0 	0 	0 	0 	0 	0 	0 	
mf_lat_pw_table:0 	0 	0 	0 	0 	0 	0 	0 	191 	6 	0 	0 	0 	0 	0 	0 	0 	0 	0 	0 	0 	0 	0 	0 	0 	0 	0 	0 	0 	0 	0 	0 	
maximum concurrent accesses to same row:
dram[0]:        12        12        16        12        12        12        12        12        12        12        12        12        12        12        12        12 
dram[1]:        12        12        12        12        12        12        12        12        12        12        12        12        12        12        12        12 
dram[2]:        12        12        12         8        12        12        12        12        12        12        12        12        12        12        12        12 
dram[3]:        12        12        12         8        12        12        12        12        12        12        12        12        12        12        12        12 
dram[4]:         8        12        12        12        12        12        12        12        12        12        12        12        12        12         8        12 
dram[5]:        12        12         8        12        12        12         8        12         8        12        12        12        12        12        12        12 
dram[6]:        12        12        12        12        12        12        12        12        12        12        12        12        12        12        12        12 
dram[7]:        12        12        12        12        12        12        12        12        12        12        12        12        16        12        12        12 
dram[8]:        12        12        12        12        12        12        16        12        12        12        12        12        12        12        12        12 
dram[9]:        12        12        12        12        12         8        12        12        12        12        12        12        12        12        12        12 
dram[10]:        12        12        12         8        12        12         8        12        12        12        12        12        12        12        12        12 
dram[11]:        12        12        12        12        12        12        12        12        12        12        12        12        12        12        12        12 
dram[12]:        12        12        12        12        12        12        12        12        12        12        12        12        12        12        12        12 
dram[13]:        12        12        12        12        12        12         8        12        12        12        12        12        12        12        12        12 
dram[14]:        12        12        12        12        12        12        12        12        12        12        12        12        12        12        12        12 
dram[15]:        12        12        12        12        12        12        12        12        12        12        12        12        16        12        12        12 
dram[16]:        12        12        16        12        12        12        12        12        12        12        12        12        12        12        12        12 
dram[17]:        12        12        16        12        12        12        12        12        12        12        12        12        12        12        16        12 
dram[18]:        12        12        12        12        12        12        12        12        12        12        12        12        16        12        12        12 
dram[19]:        12        12        12        12        12        12        12        12        12        12        12        12        12        12        12        12 
dram[20]:        12        12         8        12        12        12        12        12        16        12        12        12        16        12        12        12 
dram[21]:        12        12        12        12        12        12        12        12        12        12        16        12        12        12        12        12 
dram[22]:         8        12        16        12        12        12        12        12        12        12        12        12        12        12        16        12 
dram[23]:        12        12        12        12        12        12        12        12        12        12        12        12        16        12        12        12 
dram[24]:        12        12        16        12        12        12        12        12        12         8        12        12        12        12        12        12 
dram[25]:        12        12        16        12        12        12        12        12        12        12        12        12        12        12        12        12 
dram[26]:        12        12        11        12        12        12        12        12        12        12        12        12        12        12        12        12 
dram[27]:        12        12         8        12        12        12        12        12        12        12        12        12        12        12        12        12 
dram[28]:        12        12        12        12        12        12        12        12        12        12        12        12        16        12        12        12 
dram[29]:        12        12        12        12        12        12        12        12        12        12        16        12        12        12        12        12 
dram[30]:        12        12        12        12        12        12        12        12        12        12        12        12        16        12        12        12 
dram[31]:        12        12        12        12        12        12        12         8        12        12        12        12        16        12        12        12 
dram[32]:        12        12        16        12        12        12        12        12        12        12        12        12        12        12        12        12 
dram[33]:        12        12        16        12        12        12        12        12        12        12        12        12        12        12        12        12 
dram[34]:        12        12        12        12        12        12        12        12        12        12         8        12        12        12        12        12 
dram[35]:        12        12        12        12        12        12         8        12        12        12        12        12        12        12        12        12 
dram[36]:        12        12        16        12        12        12         8        12        12        12        12        12        12        12        12        12 
dram[37]:        12        12        12        12        12        12        12        12        12        12        16        12        12        12        12        12 
dram[38]:        12        12        12        12        12        12        12        12        12        12        12        12        12        12        12        12 
dram[39]:        12        12        12        12        12         8        12        12        12        12        12        12        16        12         8        12 
dram[40]:        12        12        12        12        12        12        12        12        12        12        12        12        12        12        12        12 
dram[41]:        12        12        16        12        12        12        12        12        12        12        12        12        12        12        12        12 
dram[42]:        12        12        12        12        12        12        12        12        12        12        12        12        12        12        12        12 
dram[43]:        12        12        12        12        12        12        12        12        12        12        12        12        12        12        12        12 
dram[44]:        12        12        12        12        12        12        12        12        12        12        16        12        16        12        12        12 
dram[45]:        12        12        12        12        12        12        12        12        12        12        12        12        16        12        12        12 
dram[46]:        12        12        12        12        12        12        12        12        12         8        12        12        12        12        12        12 
dram[47]:        16        12        12        12        12         8        12        12        12        12        12        12        16        12         8        12 
dram[48]:        12         8        12         8         8         8         8         8         8         8         8         8        12         8         8         8 
dram[49]:         8         8        12         8         8         8         8         8         8         8         8         8         8         8        12         8 
dram[50]:        12         8         8         8         8         8         8         8         8         8         8         8        12         8        12         8 
dram[51]:        12         8         8         8         8         8         8         8         8         8         8         8         8         8        12         8 
dram[52]:         8         8         8         8         8         8         8         8         8         8         8         8         8         8         8         8 
dram[53]:         8         8         8         8         8         8         8         8         8         8        12         8         8         8         8         8 
dram[54]:         8         8         8         8         8         8         8         8         8         8        12         8         8         8         8         8 
dram[55]:         8         8         8         8         8         8         8         8         8         8         8         8         8         8         8         8 
dram[56]:         8         8         8         8         8         8         8         8         8         8         8         8         8         8         8         8 
dram[57]:         8         8        12         8         8         8         8         8         8         8         8         8        12         8         8         8 
dram[58]:        12         8         8         8         8         8         8         8         8         8         8         8        12         8         8         8 
dram[59]:        12         8         8         8         8         8         8         8         8         8         8         8         8         8         8         8 
dram[60]:         8         8         8         8        12         8         8         8         8         8        12         8         8         8         8         8 
dram[61]:         8         8         8         8         8         8         8         8         8         8        12         8         8         8         8         8 
dram[62]:         8         8         8         8         8         8         8         8         8         8        12         8         8         8         8         8 
dram[63]:         8         8         8         8         8         8         8         8         8         8         8         8         8         8         8         8 
dram[64]:         8         8         8         8         8         8         8         8         8         8         8         8         8         8         8         8 
dram[65]:         8         8         8         8         8         8         8         8         8         8         8         8         8         8         8         8 
dram[66]:         8         8         8         8         8         8         8         8         8         8         8         8         8         8         8         8 
dram[67]:         8         8         8         8         8         8         8         8         8         8         8         8         8         8         8         8 
dram[68]:        12         8        12         8         8         8         8         8         8         8         8         8         8         8         8         8 
dram[69]:        12         8        12         8         8         8         8         8         8         8         8         8         8         8         8         8 
dram[70]:         8         8        12         8         8         8         8         8         8         8         8         8         8         8        12         8 
dram[71]:         8         8        12         8         8         8         8         8         8         8         8         8        12         8        12         8 
dram[72]:         8         8         8         8         8         8         8         8         8         8        12         8         8         8         8         8 
dram[73]:         8         8         8         8        12         8         8         8         8         8         8         8         8         8         8         8 
dram[74]:         8         8         8         8         8         8         8         8         8         8        12         8         8         8         8         8 
dram[75]:         8         8         8         8         8         8         8         8        12         8        12         8         8         8         8         8 
dram[76]:         8         8        12         8         8         8         8         8         8         8         8         8        12         8         8         8 
dram[77]:         8         8         8         8         8         8         8         8         8         8         8         8         8         8         8         8 
dram[78]:         8         8         8         8         8         8         8         8         8         8         8         8         8         8        12         8 
dram[79]:         8         8         8         8         8         8         8         8         8         8         8         8        12         8         8         8 
maximum service time to same row:
dram[0]:      8776      8348      7604      8049      8032      8041      7150      8055      7124      8038      7030      8257      6893      8320      6717      8534 
dram[1]:      8772      8411      7572      8132      7516      8064      7147      7809      7183      7839      8318      8294      6881      8527      7719      8572 
dram[2]:      8281      8256      7674      8010      7304      8043      8481      8008      7001      8092      6691      8335      6951      8361      7845      8546 
dram[3]:      8005      8337      7340      8155      7909      8163      8424      8072      8438      7995      6837      8368      6884      8305      7660      8482 
dram[4]:      7246      8357      7112      8140      7910      8160      7495      8040      7104      8072      7026      8391      7116      8242      6640      8393 
dram[5]:      7231      8285      7190      8140      7395      8142      6810      8053      7288      8126      9728      8448      7291      8383      6596      8442 
dram[6]:      7222      8282      8384      8154      7242      8125      7161      8046      6965      8138      7186      8452      7535      8220      6595      8407 
dram[7]:      8125      8296      7510      8147      7505      8093      8521      8077      8525      8162      6716      8413      8526      8230      6601      8256 
dram[8]:      8825      8373      7589      8302      8033      8161      7426      8091      7123      8013      6838      8364      6921      8325      7054      8511 
dram[9]:      7187      8412      7595      8139      7300      8092      7108      7988      8546      8021      9148      8326      6777      8545      7688      8547 
dram[10]:      7189      8268      7709      8019      7350      8175      8422      8096      6837      8070      6864      8336      6941      8373      7883      8572 
dram[11]:      8297      8317      7359      8130      7785      8156      8449      8077      8174      8007      7242      8335      6875      8302      7651      8398 
dram[12]:      7243      8369      9403      8169      7421      8134      7504      8017      7116      8086      7033      8538      7551      8285      9114      8474 
dram[13]:      7220      8314      7162      8112      7253      8128      7136      8092      7630      8199      6703      8484      7379      8409      6651      8479 
dram[14]:      8174      8278      7667      8164      7219      8101      8619      8027      7060      8142      6700      8420      8114      8222      8003      8374 
dram[15]:      7208      8274      7205      8208      7494      8101      8676      8091      8558      7950      6740      8467      8303      8154      6582      8400 
dram[16]:      8433      8402      8253      8310      7160      8026      7131      8042      7091      7902      7029      8143      6901      8314      7517      8551 
dram[17]:      8061      8401      7697      8165      7294      8087      7213      8045      8521      8056      6737      8335      6782      8519      8389      8535 
dram[18]:      8281      8256      7158      8033      7343      8097      7597      8103      7031      8044      6734      8367      6964      8343      8443      8538 
dram[19]:      8385      8244      8694      8053      8271      8051      7188      8048      6963      7862      8170      8281      6870      8298      8421      8412 
dram[20]:      7248      8390      8405      8172      8353      8185      8653      8024      7114      8094      8151      8413      7253      8288      8612      8381 
dram[21]:      7235      8323      7191      8145      7276      8131      6810      8051      7632      8144      7680      8533      6790      8400      6592      8342 
dram[22]:      7225      8271      8385      8245      7287      8131      7161      8040      8196      8137      7336      8463      6766      8296      6620      8336 
dram[23]:      8066      8273      7662      8150      7273      8110      7105      8061      7059      8174      7002      8445      6758      8125      6581      8307 
dram[24]:      7218      8366      7652      8304      8466      8077      7823      8072      8169      8067      6754      8327      6904      8324      7355      8469 
dram[25]:      8223      8413      8694      8265      7293      8196      7142      8044      8510      8047      6803      8446      6887      8549      8425      8600 
dram[26]:      9310      8273      7132      7990      7680      8079      8221      8042      6828      8064      6767      8363      6949      8370      6694      8610 
dram[27]:      8435      8305      8761      8145      9534      8160      7938      8040      6980      8131      8140      8372      6877      8313      8405      8432 
dram[28]:      7243      8343      8369      8175      7285      8171      9351      8016      7123      8087      7871      8421      7396      8277      8286      8456 
dram[29]:      7244      8312      7197      8158      8163      8144      7125      8091      7088      8152      8391      8459      6796      8386      6743      8489 
dram[30]:      8956      8262      8994      8098      7591      8088      7151      8023      8222      8065      7475      8424      7487      8231      8332      8393 
dram[31]:      8280      8255      8567      8128      7587      8087      7280      8095      7042      7885      7164      8505      6775      8139      6621      8373 
dram[32]:      8240      8367      7770      8076      7606      8067      8474      8080      8103      7956      7624      8219      7306      8335      6740      8560 
dram[33]:      8047      8396      7548      8300      7228      8193      8340      8044      8117      8019      6837      8396      6911      8495      7583      8549 
dram[34]:      7194      8497      7142      8037      7194      8110      7394      8048      7008      8044      7088      8330      6937      8343      7074      8539 
dram[35]:      7174      8212      7349      8053      7353      8075      7105      7846      6811      7887      7880      8232      9248      8361      6614      8363 
dram[36]:      7247      8367      7659      8122      7799      8167      9227      8072      7115      8096      6728      8397      7426      8251      7025      8370 
dram[37]:      7240      8322      7765      8135      7262      8131      6810      8064      7121      8123      7922      8507      7913      8398      6591      8470 
dram[38]:      7221      8287      8470      8244      8514      8138      7138      8177      7100      8101      7161      8464      7376      8262      7959      8339 
dram[39]:      8667      8267      7163      8117      7434      8105      7016      8063      7062      8147      7931      8410      8001      8085      6639      8229 
dram[40]:      8674      8373      8277      8292      7214      8154      8361      8101      7122      8050      7524      8317      7292      8327      6588      8527 
dram[41]:      8040      8414      7579      8280      7590      8189      8769      8062      8171      8050      8517      8432      6784      8533      7619      8561 
dram[42]:      7395      8570      7136      8013      7488      8173      7120      8049      6828      8064      8000      8348      6928      8339      7148      8594 
dram[43]:      7164      8282      7354      8058      7397      8076      7107      7836      6979      7887      8429      8309      6877      8313      7081      8567 
dram[44]:      7245      8345      7640      8131      8165      8130      9235      8013      7124      8065      7977      8538      7803      8244      7028      8474 
dram[45]:      7433      8336      7699      8176      7300      8145      6797      8076      7709      8179      6750      8445      7920      8238      6644      8482 
dram[46]:      7215      8299      7603      8156      7787      8105      7173      8046      7044      8203      6989      8451      7406      8272      7973      8428 
dram[47]:      8687      8268      7187      8177      7778      8114      7220      8085      7109      7876      7882      8501      7576      8161      6622      8395 
dram[48]:      7230      8354      7682      8479      7819      8205      7743      8674      7089      9086      7613      8590      6943      8313      6591      8623 
dram[49]:      7252      8387      7486      8310      7922      8446      7151      8612      7712      8714      8018      8639      6889      8340      6644      8589 
dram[50]:      7190      8257      7183      8187      7273      8799      8434      8499      7783      8212      7967      8743      7012      8340      6596      8569 
dram[51]:      7210      8348      7351      8205      7899      8628      8482      8095      7795      8718      6990      8637      6967      8302      8453      8587 
dram[52]:      7241      8563      7664      8511      7362      8185      6875      8102      7142      8115      6767      8420      8327      8519      7802      8857 
dram[53]:      7939      8685      7505      9232      7296      8144      6810      8023      7162      8128      8877      8608      8261      8714      6596      8758 
dram[54]:      8034      8350      7917      8657      7312      8138      8621      8033      8407      8104      6774      8521      6764      8518      8129      8976 
dram[55]:      7685      8711      7214      8445      7318      8311      7115      8316      7060      8151      6788      8483      8187      8601      8088      8401 
dram[56]:      7229      8393      7557      8473      7860      8210      7760      8689      7159      8698      7600      8554      6968      8326      6782      8567 
dram[57]:      7246      8428      7622      8387      8023      8450      7150      8643      7687      8958      8091      8635      6791      8548      6724      8610 
dram[58]:      7191      8339      7183      8220      7278      8792      8410      8506      7824      8119      7964      8788      6983      8357      6592      8660 
dram[59]:      7185      8350      7567      8217      7957      8653      8189      8097      8064      8578      7431      8709      6930      8314      8835      8606 
dram[60]:      7246      8522      7754      8468      7274      8134      8580      8080      7141      8058      7356      8576      8043      8504      7857      8831 
dram[61]:      7984      8679      7523      9250      7300      8148      7142      8072      7138      8173      6756      8442      8238      8731      6579      8749 
dram[62]:      7837      8362      7897      8610      7312      8106      8291      8046      8063      8185      6788      8454      6779      8444      8182      8910 
dram[63]:      7678      8666      7206      8544      7320      8332      7278      8072      7132      7962      6889      8565      8176      8648      8065      8303 
dram[64]:      7944      8605      7931      8536      8678      8170      7162      8103      8091      8084      6849      8366      6901      8755      8146      8948 
dram[65]:      7725      8663      7486      8440      7242      8262      7760      8565      7146      8055      6834      8416      7986      8806      8115      8591 
dram[66]:      7194      8514      7858      8314      9656      8156      8489      8188      6999      8043      8673      8391      8046      8663      8050      8763 
dram[67]:      8098      8812      8154      8205      8973      8182      7144      8095      9854      8017      7692      8419      7732      8561      6702      8902 
dram[68]:      7411      8472      7186      8171      7290      8673      8274      8514      7994      8177      8019      8722      6775      8530      6601      8444 
dram[69]:      7256      8441      7189      8188      7833      8678      8167      8023      8182      8428      8674      8726      6787      8401      7674      8562 
dram[70]:      7222      8333      7214      8235      7828      8103      8096      8650      7141      8479      7536      8666      9143      8250      6608      8474 
dram[71]:      7221      8333      7211      8214      7901      8479      7209      8523      7740      8667      7829      8660      7559      8186      6597      8400 
dram[72]:      8087      8611      7935      8522      7248      8162      7198      8081      7166      8029      6842      8407      6877      8915      8203      9019 
dram[73]:      7756      8710      7629      8456      8419      8294      7231      8587      7163      8050      6838      8439      7952      8819      8057      8673 
dram[74]:      7189      8498      8326      8579      7277      8157      7158      8248      6838      8065      8647      8379      8048      8656      8045      8804 
dram[75]:      8129      8691      8561      8211      9469      8187      7139      8093      9928      8109      6836      8432      7697      8527      6609      8656 
dram[76]:      7273      8462      7190      8173      7287      8679      8351      8521      7995      8067      7986      8747      6780     11906      6612      8370 
dram[77]:      7242      8432      7192      8180      7864      8693      8158      8051      8252      8395      8648      8606      6795      8512      6830      8554 
dram[78]:      7218      8370      7232      8191      7833      8106      8105      8647      7056      8560      7543      8668      8204      8287      6614      8490 
dram[79]:      7217      8329      7210      8211      7911      8496      7260      8836      7748      8683      7951      8671      7555      8216      6591      8441 
average row accesses per activate:
dram[0]:  4.250649  4.290237  4.205462  4.224410  4.071247  4.211640  4.194226  4.283401  4.117419  4.278003  4.194737  4.229333  4.179586  4.224410  4.209781  4.276316 
dram[1]:  4.264668  4.325798  4.170103  4.215969  4.161248  4.213245  4.198163  4.264785  4.116129  4.260753  4.216931  4.190225  4.213542  4.207843  4.197436  4.227568 
dram[2]:  4.212629  4.277267  4.131378  4.177922  4.108974  4.241333  4.227815  4.263087  4.109536  4.161417  4.144156  4.283784  4.119441  4.220183  4.185659  4.304636 
dram[3]:  4.260756  4.299868  4.120865  4.199739  4.147668  4.235686  4.117268  4.244652  4.148244  4.229333  4.190539  4.333333  4.127388  4.242424  4.180307  4.209845 
dram[4]:  4.211068  4.322709  4.161746  4.163871  4.154545  4.218833  4.173629  4.318367  4.091026  4.223702  4.214286  4.283784  4.156812  4.257936  4.128788  4.260813 
dram[5]:  4.230272  4.323138  4.153846  4.158505  4.145078  4.218833  4.135834  4.324251  4.164491  4.201324  4.250667  4.244980  4.148718  4.225722  4.198973  4.227568 
dram[6]:  4.223514  4.356091  4.141762  4.260238  4.090677  4.191041  4.197109  4.283401  4.145644  4.195767  4.157757  4.351166  4.175258  4.241107  4.205920  4.278947 
dram[7]:  4.205920  4.315650  4.108861  4.228047  4.142303  4.170380  4.206851  4.227696  4.146944  4.262097  4.179554  4.226666  4.228459  4.259259  4.153749  4.253927 
dram[8]:  4.242542  4.293263  4.159178  4.232589  4.125161  4.230053  4.236074  4.321526  4.138781  4.215425  4.262032  4.240642  4.158098  4.245383  4.227390  4.307285 
dram[9]:  4.270588  4.304636  4.124841  4.228346  4.158648  4.188406  4.213439  4.292287  4.126779  4.244980  4.174084  4.274932  4.175484  4.212042  4.198718  4.312997 
dram[10]:  4.223804  4.288918  4.123410  4.154839  4.126289  4.262734  4.152146  4.226365  4.136187  4.187582  4.197369  4.292287  4.151088  4.214660  4.168367  4.283267 
dram[11]:  4.279161  4.295905  4.160462  4.185956  4.170795  4.177398  4.145454  4.194188  4.126779  4.194445  4.214003  4.321526  4.115629  4.250991  4.239948  4.238592 
dram[12]:  4.226098  4.317397  4.090795  4.189364  4.151948  4.262734  4.169713  4.286487  4.142857  4.188903  4.204485  4.283784  4.179586  4.207843  4.215206  4.278947 
dram[13]:  4.242857  4.310345  4.128499  4.177232  4.170795  4.233023  4.169713  4.229333  4.148244  4.200000  4.204485  4.320163  4.159383  4.253633  4.166879  4.284585 
dram[14]:  4.258149  4.294584  4.145594  4.180052  4.054430  4.267114  4.206851  4.264785  4.161880  4.184697  4.219577  4.314286  4.155128  4.218873  4.173691  4.273324 
dram[15]:  4.255208  4.287599  4.106194  4.185473  4.138422  4.167759  4.217966  4.213811  4.157757  4.243316  4.152344  4.295393  4.221643  4.297730  4.189744  4.272010 
dram[16]:  4.304348  4.369624  4.340483  4.322148  4.248340  4.338336  4.253334  4.351166  4.245007  4.295393  4.312584  4.379834  4.286093  4.361789  4.321429  4.352075 
dram[17]:  4.332891  4.374159  4.278732  4.369064  4.228836  4.298649  4.301887  4.327422  4.288022  4.330601  4.287634  4.343836  4.316000  4.372283  4.291338  4.393243 
dram[18]:  4.345745  4.391892  4.300133  4.333782  4.252660  4.323370  4.220900  4.327422  4.236388  4.296748  4.289367  4.384509  4.254928  4.392906  4.308300  4.362416 
dram[19]:  4.287402  4.341789  4.266140  4.314592  4.251330  4.279946  4.257333  4.358517  4.215609  4.324693  4.308108  4.367769  4.304521  4.326613  4.294350  4.344920 
dram[20]:  4.310026  4.403794  4.225260  4.327078  4.264000  4.316146  4.237716  4.363136  4.247670  4.312925  4.267737  4.354395  4.308921  4.398907  4.304348  4.362416 
dram[21]:  4.334218  4.370968  4.229465  4.293883  4.188482  4.338336  4.217966  4.339261  4.226790  4.324693  4.295148  4.381216  4.307590  4.414266  4.315720  4.375504 
dram[22]:  4.293036  4.381402  4.292328  4.288181  4.288204  4.339700  4.287634  4.339261  4.289367  4.360385  4.255007  4.336525  4.279100  4.363143  4.288714  4.323138 
dram[23]:  4.304348  4.381402  4.271053  4.293883  4.235762  4.297297  4.244681  4.375173  4.249333  4.342466  4.297843  4.415042  4.303192  4.360434  4.280105  4.397835 
dram[24]:  4.329802  4.367785  4.281746  4.342780  4.231482  4.328338  4.286290  4.348423  4.250667  4.307065  4.306757  4.349794  4.280423  4.354533  4.311346  4.375504 
dram[25]:  4.277487  4.400541  4.267457  4.348649  4.278447  4.329700  4.260347  4.366391  4.242343  4.360385  4.264706  4.375173  4.304521  4.336927  4.331126  4.400541 
dram[26]:  4.335544  4.406504  4.293103  4.360434  4.268358  4.301759  4.267737  4.312925  4.259012  4.315646  4.279195  4.378453  4.317333  4.363143  4.306983  4.368279 
dram[27]:  4.312665  4.361930  4.297477  4.361789  4.238727  4.306233  4.242021  4.355769  4.183727  4.331967  4.279195  4.367769  4.298805  4.338275  4.301316  4.417120 
dram[28]:  4.281414  4.354753  4.284016  4.301333  4.244356  4.360768  4.274799  4.390582  4.271754  4.337893  4.296496  4.402778  4.328877  4.394809  4.304348  4.368279 
dram[29]:  4.321004  4.360590  4.288360  4.284196  4.207895  4.283019  4.233422  4.330601  4.226790  4.342466  4.290713  4.404167  4.326203  4.326613  4.304348  4.359249 
dram[30]:  4.298292  4.367785  4.261498  4.289894  4.245684  4.323810  4.276139  4.342466  4.312584  4.330601  4.266399  4.337893  4.310253  4.373641  4.287402  4.362416 
dram[31]:  4.280105  4.354753  4.277045  4.314171  4.241700  4.277255  4.300539  4.354395  4.226790  4.296748  4.277480  4.413649  4.297477  4.313673  4.291338  4.344920 
dram[32]:  4.196658  4.305960  4.135204  4.235526  4.138243  4.297297  4.184797  4.254692  4.138961  4.204244  4.148244  4.256376  4.114069  4.284575  4.233160  4.287599 
dram[33]:  4.269281  4.336000  4.163030  4.253633  4.139715  4.240000  4.190289  4.260403  4.129534  4.237968  4.207124  4.302578  4.206226  4.290280  4.252275  4.294584 
dram[34]:  4.264668  4.326231  4.167310  4.256275  4.147860  4.235686  4.247340  4.287838  4.093710  4.193122  4.156454  4.295393  4.171171  4.285904  4.215206  4.283267 
dram[35]:  4.216774  4.291942  4.180879  4.166883  4.133075  4.228724  4.205263  4.236315  4.136187  4.183377  4.200264  4.278003  4.195596  4.280212  4.150824  4.250980 
dram[36]:  4.253906  4.298547  4.136306  4.194805  4.086735  4.231383  4.197109  4.317007  4.109536  4.198676  4.202899  4.252011  4.111534  4.227034  4.184379  4.259502 
dram[37]:  4.244156  4.278947  4.107459  4.252964  4.147668  4.241333  4.184797  4.254692  4.120155  4.279352  4.202899  4.257718  4.175032  4.251979  4.244156  4.298942 
dram[38]:  4.257477  4.341789  4.153649  4.247368  4.123871  4.173228  4.201051  4.322888  4.175393  4.226666  4.238032  4.289580  4.169884  4.247694  4.182865  4.300264 
dram[39]:  4.196405  4.300264  4.144317  4.182642  4.141191  4.244326  4.205263  4.247657  4.116129  4.232310  4.178244  4.250670  4.196891  4.221204  4.193590  4.228868 
dram[40]:  4.203085  4.277267  4.136654  4.227333  4.140827  4.171690  4.208443  4.298103  4.102960  4.183377  4.190539  4.342466  4.188387  4.257596  4.205920  4.316069 
dram[41]:  4.260756  4.309934  4.191462  4.249670  4.130155  4.202114  4.198684  4.256376  4.172775  4.228000  4.201581  4.324693  4.153649  4.185714  4.235751  4.310345 
dram[42]:  4.250649  4.295905  4.175484  4.225722  4.167969  4.178478  4.153446  4.273585  4.100257  4.233645  4.183727  4.318801  4.159178  4.214379  4.219355  4.327563 
dram[43]:  4.275817  4.301587  4.144872  4.209150  4.129032  4.192358  4.148052  4.295393  4.159061  4.201324  4.185040  4.262097  4.186047  4.251979  4.185422  4.227568 
dram[44]:  4.181586  4.294195  4.123253  4.182642  4.107692  4.203434  4.247670  4.309783  4.096401  4.134289  4.202899  4.314286  4.158974  4.251979  4.211340  4.304636 
dram[45]:  4.241245  4.376344  4.085535  4.175938  4.123552  4.208995  4.200000  4.272237  4.120155  4.234980  4.207124  4.307065  4.223958  4.246377  4.191026  4.298942 
dram[46]:  4.201540  4.294195  4.198186  4.216993  4.146373  4.288410  4.158854  4.239305  4.105534  4.215425  4.208719  4.301221  4.218750  4.291611  4.215206  4.294584 
dram[47]:  4.221935  4.312997  4.135204  4.205997  4.154545  4.246996  4.169713  4.250670  4.137484  4.232310  4.185040  4.273585  4.180645  4.249012  4.128788  4.237288 
dram[48]:  3.913793  3.877751  3.898765  3.896296  3.757211  3.772947  3.774818  3.774272  3.754217  3.808824  3.814181  3.806846  3.840295  3.866005  3.906634  3.925743 
dram[49]:  3.892157  3.916049  3.910891  3.886699  3.714964  3.743405  3.777240  3.813725  3.788321  3.827586  3.804878  3.853961  3.905000  3.866005  3.935644  3.925743 
dram[50]:  3.885086  3.903941  3.918114  3.903465  3.736842  3.802439  3.772947  3.804401  3.765701  3.769976  3.786408  3.851485  3.847291  3.873134  3.878049  3.918519 
dram[51]:  3.892157  3.916049  3.882064  3.855746  3.763855  3.790754  3.783981  3.790754  3.765701  3.820639  3.788835  3.858561  3.847291  3.868486  3.878049  3.889706 
dram[52]:  3.783019  3.820574  3.759434  3.790476  3.804401  3.884712  3.846154  3.889447  3.855721  3.913924  3.875000  3.923858  3.772182  3.783133  3.793349  3.809069 
dram[53]:  3.783019  3.825359  3.759434  3.808612  3.830049  3.848635  3.875000  3.936387  3.884712  3.926396  3.909320  3.941327  3.742857  3.783133  3.829736  3.859564 
dram[54]:  3.754098  3.804762  3.721963  3.792363  3.792683  3.829630  3.877500  3.906566  3.877500  3.933842  3.884712  3.916456  3.813107  3.803398  3.813843  3.845783 
dram[55]:  3.783019  3.807143  3.757076  3.758865  3.849010  3.884712  3.860697  3.857855  3.865337  3.911392  3.855721  3.911392  3.736342  3.800971  3.804762  3.813843 
dram[56]:  3.892157  3.920792  3.872549  3.918114  3.782082  3.763855  3.765701  3.792683  3.793187  3.795122  3.782082  3.797561  3.859259  3.846914  3.887531  3.880196 
dram[57]:  3.918519  3.925743  3.875000  3.889163  3.739234  3.786408  3.786408  3.832512  3.797561  3.856079  3.779661  3.853961  3.914787  3.904762  3.868613  3.887255 
dram[58]:  3.901720  3.942786  3.872549  3.858191  3.745803  3.802439  3.770531  3.813725  3.786408  3.825553  3.768116  3.851485  3.885572  3.902256  3.878049  3.880196 
dram[59]:  3.918519  3.925743  3.882064  3.858191  3.775362  3.759036  3.793187  3.837438  3.759036  3.772397  3.795620  3.846535  3.856790  3.887781  3.859223  3.889706 
dram[60]:  3.805226  3.820574  3.761792  3.777251  3.832512  3.848635  3.896985  3.899244  3.875000  3.923858  3.865337  3.923858  3.763158  3.819951  3.802381  3.831731 
dram[61]:  3.789598  3.832134  3.735363  3.765957  3.820639  3.906801  3.855721  3.899244  3.836634  3.906566  3.851117  3.913924  3.824817  3.829268  3.802381  3.815789 
dram[62]:  3.814286  3.825359  3.748235  3.779097  3.858561  3.820197  3.867831  3.926396  3.877500  3.913924  3.914141  3.877193  3.794686  3.821951  3.786730  3.790974 
dram[63]:  3.754098  3.795724  3.728972  3.803828  3.849010  3.851117  3.848635  3.904040  3.846154  3.881910  3.865337  3.881910  3.754177  3.800971  3.832134  3.813843 
dram[64]:  3.791469  3.825359  3.781775  3.827251  3.811275  3.877500  3.822660  3.891960  3.877500  3.916456  3.904282  3.867500  3.794749  3.800959  3.784870  3.811456 
dram[65]:  3.791469  3.811456  3.770335  3.769784  3.849010  3.867831  3.863184  3.901763  3.906801  3.923858  3.865337  3.913924  3.770142  3.796651  3.793839  3.822967 
dram[66]:  3.791469  3.813843  3.781775  3.813559  3.851485  3.906801  3.834568  3.894472  3.846154  3.906566  3.829630  3.923858  3.772512  3.794749  3.791469  3.850242 
dram[67]:  3.802850  3.832134  3.779377  3.792771  3.820639  3.839109  3.860697  3.865337  3.887218  3.877193  3.889724  3.913924  3.772512  3.796651  3.784870  3.873479 
dram[68]:  3.887531  3.896806  3.836186  3.864197  3.754808  3.774818  3.782082  3.821079  3.750000  3.779126  3.811736  3.849010  3.886978  3.879607  3.935644  3.965000 
dram[69]:  3.882641  3.916049  3.824390  3.871287  3.748201  3.800000  3.745803  3.756627  3.750000  3.785888  3.768116  3.823096  3.906173  3.870098  3.861650  3.877751 
dram[70]:  3.930693  3.875306  3.890819  3.907500  3.744019  3.763855  3.763855  3.769976  3.783981  3.813725  3.783981  3.816176  3.870416  3.879607  3.878049  3.863747 
dram[71]:  3.882641  3.933002  3.855037  3.905000  3.726191  3.768116  3.761446  3.790754  3.802439  3.792683  3.811736  3.856436  3.915842  3.860636  3.897059  3.908867 
dram[72]:  3.782506  3.789099  3.757143  3.783654  3.841975  3.867831  3.858209  3.909091  3.867831  3.933842  3.884712  3.848259  3.770142  3.868293  3.767059  3.845783 
dram[73]:  3.818616  3.816229  3.761337  3.787952  3.870647  3.863184  3.899498  3.909091  3.858209  3.913924  3.855721  3.904040  3.792363  3.842615  3.827751  3.822967 
dram[74]:  3.809524  3.811456  3.781775  3.795181  3.853961  3.896985  3.887218  3.882205  3.846154  3.906566  3.839109  3.884422  3.739437  3.776722  3.782506  3.850242 
dram[75]:  3.784870  3.832134  3.761337  3.750000  3.851485  3.851117  3.848635  3.853234  3.887218  3.916456  3.880000  3.894207  3.730679  3.763033  3.782506  3.854722 
dram[76]:  3.885086  3.942786  3.826829  3.883375  3.766265  3.858911  3.819071  3.793187  3.774818  3.806846  3.811736  3.820639  3.935323  3.870098  3.887531  3.916049 
dram[77]:  3.908867  3.903941  3.815085  3.880893  3.741627  3.795620  3.752404  3.774818  3.747596  3.804401  3.750000  3.823096  3.867971  3.870098  3.880488  3.899263 
dram[78]:  3.908867  3.872861  3.862069  3.895262  3.746412  3.772947  3.779661  3.813725  3.783981  3.827586  3.777240  3.806846  3.844660  3.870098  3.878049  3.882641 
dram[79]:  3.899263  3.930521  3.836186  3.905000  3.739857  3.791262  3.795620  3.832512  3.763285  3.795122  3.786408  3.818627  3.896552  3.879607  3.849879  3.899263 
average row locality = 3272299/790874 = 4.137573
number of total memory accesses made:
dram[0]:         0         0         0         0         0         0         0         0         0         0         0         0         0         0         0         0 
dram[1]:         0         0         0         0         0         0         0         0         0         0         0         0         0         0         0         0 
dram[2]:         0         0         0         0         0         0         0         0         0         0         0         0         0         0         0         0 
dram[3]:         0         0         0         0         0         0         0         0         0         0         0         0         0         0         0         0 
dram[4]:         0         0         0         0         0         0         0         0         0         0         0         0         0         0         0         0 
dram[5]:         0         0         0         0         0         0         0         0         0         0         0         0         0         0         0         0 
dram[6]:         0         0         0         0         0         0         0         0         0         0         0         0         0         0         0         0 
dram[7]:         0         0         0         0         0         0         0         0         0         0         0         0         0         0         0         0 
dram[8]:         0         0         0         0         0         0         0         0         0         0         0         0         0         0         0         0 
dram[9]:         0         0         0         0         0         0         0         0         0         0         0         0         0         0         0         0 
dram[10]:         0         0         0         0         0         0         0         0         0         0         0         0         0         0         0         0 
dram[11]:         0         0         0         0         0         0         0         0         0         0         0         0         0         0         0         0 
dram[12]:         0         0         0         0         0         0         0         0         0         0         0         0         0         0         0         0 
dram[13]:         0         0         0         0         0         0         0         0         0         0         0         0         0         0         0         0 
dram[14]:         0         0         0         0         0         0         0         0         0         0         0         0         0         0         0         0 
dram[15]:         0         0         0         0         0         0         0         0         0         0         0         0         0         0         0         0 
dram[16]:         0         0         0         0         0         0         0         0         0         0         0         0         0         0         0         0 
dram[17]:         0         0         0         0         0         0         0         0         0         0         0         0         0         0         0         0 
dram[18]:         0         0         0         0         0         0         0         0         0         0         0         0         0         0         0         0 
dram[19]:         0         0         0         0         0         0         0         0         0         0         0         0         0         0         0         0 
dram[20]:         0         0         0         0         0         0         0         0         0         0         0         0         0         0         0         0 
dram[21]:         0         0         0         0         0         0         0         0         0         0         0         0         0         0         0         0 
dram[22]:         0         0         0         0         0         0         0         0         0         0         0         0         0         0         0         0 
dram[23]:         0         0         0         0         0         0         0         0         0         0         0         0         0         0         0         0 
dram[24]:         0         0         0         0         0         0         0         0         0         0         0         0         0         0         0         0 
dram[25]:         0         0         0         0         0         0         0         0         0         0         0         0         0         0         0         0 
dram[26]:         0         0         0         0         0         0         0         0         0         0         0         0         0         0         0         0 
dram[27]:         0         0         0         0         0         0         0         0         0         0         0         0         0         0         0         0 
dram[28]:         0         0         0         0         0         0         0         0         0         0         0         0         0         0         0         0 
dram[29]:         0         0         0         0         0         0         0         0         0         0         0         0         0         0         0         0 
dram[30]:         0         0         0         0         0         0         0         0         0         0         0         0         0         0         0         0 
dram[31]:         0         0         0         0         0         0         0         0         0         0         0         0         0         0         0         0 
dram[32]:         0         0         0         0         0         0         0         0         0         0         0         0         0         0         0         0 
dram[33]:         0         0         0         0         0         0         0         0         0         0         0         0         0         0         0         0 
dram[34]:         0         0         0         0         0         0         0         0         0         0         0         0         0         0         0         0 
dram[35]:         0         0         0         0         0         0         0         0         0         0         0         0         0         0         0         0 
dram[36]:         0         0         0         0         0         0         0         0         0         0         0         0         0         0         0         0 
dram[37]:         0         0         0         0         0         0         0         0         0         0         0         0         0         0         0         0 
dram[38]:         0         0         0         0         0         0         0         0         0         0         0         0         0         0         0         0 
dram[39]:         0         0         0         0         0         0         0         0         0         0         0         0         0         0         0         0 
dram[40]:         0         0         0         0         0         0         0         0         0         0         0         0         0         0         0         0 
dram[41]:         0         0         0         0         0         0         0         0         0         0         0         0         0         0         0         0 
dram[42]:         0         0         0         0         0         0         0         0         0         0         0         0         0         0         0         0 
dram[43]:         0         0         0         0         0         0         0         0         0         0         0         0         0         0         0         0 
dram[44]:         0         0         0         0         0         0         0         0         0         0         0         0         0         0         0         0 
dram[45]:         0         0         0         0         0         0         0         0         0         0         0         0         0         0         0         0 
dram[46]:         0         0         0         0         0         0         0         0         0         0         0         0         0         0         0         0 
dram[47]:         0         0         0         0         0         0         0         0         0         0         0         0         0         0         0         0 
dram[48]:         0         0         0         0         0         0         0         0         0         0         0         0         0         0         0         0 
dram[49]:         0         0         0         0         0         0         0         0         0         0         0         0         0         0         0         0 
dram[50]:         0         0         0         0         0         0         0         0         0         0         0         0         0         0         0         0 
dram[51]:         0         0         0         0         0         0         0         0         0         0         0         0         0         0         0         0 
dram[52]:         0         0         0         0         0         0         0         0         0         0         0         0         0         0         0         0 
dram[53]:         0         0         0         0         0         0         0         0         0         0         0         0         0         0         0         0 
dram[54]:         0         0         0         0         0         0         0         0         0         0         0         0         0         0         0         0 
dram[55]:         0         0         0         0         0         0         0         0         0         0         0         0         0         0         0         0 
dram[56]:         0         0         0         0         0         0         0         0         0         0         0         0         0         0         0         0 
dram[57]:         0         0         0         0         0         0         0         0         0         0         0         0         0         0         0         0 
dram[58]:         0         0         0         0         0         0         0         0         0         0         0         0         0         0         0         0 
dram[59]:         0         0         0         0         0         0         0         0         0         0         0         0         0         0         0         0 
dram[60]:         0         0         0         0         0         0         0         0         0         0         0         0         0         0         0         0 
dram[61]:         0         0         0         0         0         0         0         0         0         0         0         0         0         0         0         0 
dram[62]:         0         0         0         0         0         0         0         0         0         0         0         0         0         0         0         0 
dram[63]:         0         0         0         0         0         0         0         0         0         0         0         0         0         0         0         0 
dram[64]:         0         0         0         0         0         0         0         0         0         0         0         0         0         0         0         0 
dram[65]:         0         0         0         0         0         0         0         0         0         0         0         0         0         0         0         0 
dram[66]:         0         0         0         0         0         0         0         0         0         0         0         0         0         0         0         0 
dram[67]:         0         0         0         0         0         0         0         0         0         0         0         0         0         0         0         0 
dram[68]:         0         0         0         0         0         0         0         0         0         0         0         0         0         0         0         0 
dram[69]:         0         0         0         0         0         0         0         0         0         0         0         0         0         0         0         0 
dram[70]:         0         0         0         0         0         0         0         0         0         0         0         0         0         0         0         0 
dram[71]:         0         0         0         0         0         0         0         0         0         0         0         0         0         0         0         0 
dram[72]:         0         0         0         0         0         0         0         0         0         0         0         0         0         0         0         0 
dram[73]:         0         0         0         0         0         0         0         0         0         0         0         0         0         0         0         0 
dram[74]:         0         0         0         0         0         0         0         0         0         0         0         0         0         0         0         0 
dram[75]:         0         0         0         0         0         0         0         0         0         0         0         0         0         0         0         0 
dram[76]:         0         0         0         0         0         0         0         0         0         0         0         0         0         0         0         0 
dram[77]:         0         0         0         0         0         0         0         0         0         0         0         0         0         0         0         0 
dram[78]:         0         0         0         0         0         0         0         0         0         0         0         0         0         0         0         0 
dram[79]:         0         0         0         0         0         0         0         0         0         0         0         0         0         0         0         0 
total accesses: 0
min_bank_accesses = 0!
min_chip_accesses = 0!
number of total read accesses:
dram[0]:      3120      3120      3088      3088      3040      3040      3040      3040      3040      3040      3040      3040      3088      3088      3120      3120 
dram[1]:      3120      3120      3088      3088      3040      3040      3040      3040      3040      3040      3040      3040      3088      3088      3120      3120 
dram[2]:      3120      3120      3088      3088      3040      3040      3040      3040      3040      3040      3040      3040      3088      3088      3120      3120 
dram[3]:      3120      3120      3088      3088      3040      3040      3040      3040      3040      3040      3040      3040      3088      3088      3120      3120 
dram[4]:      3120      3120      3088      3088      3040      3040      3040      3040      3040      3040      3040      3040      3088      3088      3120      3120 
dram[5]:      3120      3120      3088      3088      3040      3040      3040      3040      3040      3040      3040      3040      3088      3088      3120      3120 
dram[6]:      3120      3120      3088      3088      3040      3040      3040      3040      3040      3040      3040      3040      3088      3088      3120      3120 
dram[7]:      3120      3120      3088      3088      3040      3040      3040      3040      3040      3040      3040      3040      3088      3088      3120      3120 
dram[8]:      3120      3120      3088      3088      3040      3040      3040      3040      3040      3040      3040      3040      3088      3088      3120      3120 
dram[9]:      3120      3120      3088      3088      3040      3040      3040      3040      3040      3040      3040      3040      3088      3088      3120      3120 
dram[10]:      3120      3120      3088      3088      3040      3040      3040      3040      3040      3040      3040      3040      3088      3088      3120      3120 
dram[11]:      3120      3120      3088      3088      3040      3040      3040      3040      3040      3040      3040      3040      3088      3088      3120      3120 
dram[12]:      3120      3120      3088      3088      3040      3040      3040      3040      3040      3040      3040      3040      3088      3088      3120      3120 
dram[13]:      3120      3120      3088      3088      3040      3040      3040      3040      3040      3040      3040      3040      3088      3088      3120      3120 
dram[14]:      3120      3120      3088      3088      3040      3040      3040      3040      3040      3040      3040      3040      3088      3088      3120      3120 
dram[15]:      3120      3120      3088      3088      3040      3040      3040      3040      3040      3040      3040      3040      3088      3088      3120      3120 
dram[16]:      3120      3120      3088      3088      3040      3040      3040      3040      3040      3040      3040      3040      3088      3088      3120      3120 
dram[17]:      3120      3120      3088      3088      3040      3040      3040      3040      3040      3040      3040      3040      3088      3088      3120      3120 
dram[18]:      3120      3120      3088      3088      3040      3040      3040      3040      3040      3040      3040      3040      3088      3088      3120      3120 
dram[19]:      3120      3120      3088      3088      3040      3040      3040      3040      3040      3040      3040      3040      3088      3088      3120      3120 
dram[20]:      3120      3120      3088      3088      3040      3040      3040      3040      3040      3040      3040      3040      3088      3088      3120      3120 
dram[21]:      3120      3120      3088      3088      3040      3040      3040      3040      3040      3040      3040      3040      3088      3088      3120      3120 
dram[22]:      3120      3120      3088      3088      3040      3040      3040      3040      3040      3040      3040      3040      3088      3088      3120      3120 
dram[23]:      3120      3120      3088      3088      3040      3040      3040      3040      3040      3040      3040      3040      3088      3088      3120      3120 
dram[24]:      3120      3120      3088      3088      3040      3040      3040      3040      3040      3040      3040      3040      3088      3088      3120      3120 
dram[25]:      3120      3120      3088      3088      3040      3040      3040      3040      3040      3040      3040      3040      3088      3088      3120      3120 
dram[26]:      3120      3120      3088      3088      3040      3040      3040      3040      3040      3040      3040      3040      3088      3088      3120      3120 
dram[27]:      3120      3120      3088      3088      3040      3040      3040      3040      3040      3040      3040      3040      3088      3088      3120      3120 
dram[28]:      3120      3120      3088      3088      3040      3040      3040      3040      3040      3040      3040      3040      3088      3088      3120      3120 
dram[29]:      3120      3120      3088      3088      3040      3040      3040      3040      3040      3040      3040      3040      3088      3088      3120      3120 
dram[30]:      3120      3120      3088      3088      3040      3040      3040      3040      3040      3040      3040      3040      3088      3088      3120      3120 
dram[31]:      3120      3120      3088      3088      3040      3040      3040      3040      3040      3040      3040      3040      3088      3088      3120      3120 
dram[32]:      3120      3120      3088      3088      3040      3040      3040      3040      3040      3040      3040      3040      3092      3092      3120      3120 
dram[33]:      3120      3120      3088      3088      3040      3040      3040      3040      3040      3040      3040      3040      3092      3092      3120      3120 
dram[34]:      3120      3120      3088      3088      3040      3040      3040      3040      3040      3040      3040      3040      3092      3092      3120      3120 
dram[35]:      3120      3120      3088      3088      3040      3040      3040      3040      3040      3040      3040      3040      3092      3092      3120      3120 
dram[36]:      3120      3120      3088      3088      3040      3040      3040      3040      3040      3040      3040      3040      3092      3092      3120      3120 
dram[37]:      3120      3120      3088      3088      3040      3040      3040      3040      3040      3040      3040      3040      3092      3092      3120      3120 
dram[38]:      3120      3120      3088      3088      3040      3040      3040      3040      3040      3040      3040      3040      3092      3092      3120      3120 
dram[39]:      3120      3120      3088      3088      3040      3040      3040      3040      3040      3040      3040      3040      3092      3092      3120      3120 
dram[40]:      3120      3120      3088      3088      3040      3040      3040      3040      3040      3040      3040      3040      3092      3092      3120      3120 
dram[41]:      3120      3120      3088      3088      3040      3040      3040      3040      3040      3040      3040      3040      3092      3092      3120      3120 
dram[42]:      3120      3120      3088      3088      3040      3040      3040      3040      3040      3040      3040      3040      3092      3092      3120      3120 
dram[43]:      3120      3120      3088      3088      3040      3040      3040      3040      3040      3040      3040      3040      3092      3092      3120      3120 
dram[44]:      3120      3120      3088      3088      3040      3040      3040      3040      3040      3040      3040      3040      3092      3092      3120      3120 
dram[45]:      3120      3120      3088      3088      3040      3040      3040      3040      3040      3040      3040      3040      3092      3092      3120      3120 
dram[46]:      3120      3120      3088      3088      3040      3040      3040      3040      3040      3040      3040      3040      3092      3092      3120      3120 
dram[47]:      3120      3120      3088      3088      3040      3040      3040      3040      3040      3040      3040      3040      3092      3092      3120      3120 
dram[48]:      1560      1560      1552      1552      1520      1520      1520      1520      1520      1520      1520      1520      1532      1532      1560      1560 
dram[49]:      1560      1560      1552      1552      1520      1520      1520      1520      1520      1520      1520      1520      1532      1532      1560      1560 
dram[50]:      1560      1560      1552      1552      1520      1520      1520      1520      1520      1520      1520      1520      1532      1532      1560      1560 
dram[51]:      1560      1560      1552      1552      1520      1520      1520      1520      1520      1520      1520      1520      1532      1532      1560      1560 
dram[52]:      1560      1560      1552      1552      1520      1520      1520      1520      1520      1520      1520      1520      1532      1532      1560      1560 
dram[53]:      1560      1560      1552      1552      1520      1520      1520      1520      1520      1520      1520      1520      1532      1532      1560      1560 
dram[54]:      1560      1560      1552      1552      1520      1520      1520      1520      1520      1520      1520      1520      1532      1532      1560      1560 
dram[55]:      1560      1560      1552      1552      1520      1520      1520      1520      1520      1520      1520      1520      1532      1532      1560      1560 
dram[56]:      1560      1560      1552      1552      1520      1520      1520      1520      1520      1520      1520      1520      1532      1532      1560      1560 
dram[57]:      1560      1560      1552      1552      1520      1520      1520      1520      1520      1520      1520      1520      1532      1532      1560      1560 
dram[58]:      1560      1560      1552      1552      1520      1520      1520      1520      1520      1520      1520      1520      1532      1532      1560      1560 
dram[59]:      1560      1560      1552      1552      1520      1520      1520      1520      1520      1520      1520      1520      1532      1532      1560      1560 
dram[60]:      1560      1560      1552      1552      1520      1520      1520      1520      1520      1520      1520      1520      1532      1532      1560      1560 
dram[61]:      1560      1560      1552      1552      1520      1520      1520      1520      1520      1520      1520      1520      1532      1532      1560      1560 
dram[62]:      1560      1560      1552      1552      1520      1520      1520      1520      1520      1520      1520      1520      1532      1532      1560      1560 
dram[63]:      1560      1560      1552      1552      1520      1520      1520      1520      1520      1520      1520      1520      1532      1532      1560      1560 
dram[64]:      1560      1560      1536      1536      1520      1520      1520      1520      1520      1520      1520      1520      1552      1552      1560      1560 
dram[65]:      1560      1560      1536      1536      1520      1520      1520      1520      1520      1520      1520      1520      1552      1552      1560      1560 
dram[66]:      1560      1560      1536      1536      1520      1520      1520      1520      1520      1520      1520      1520      1552      1552      1560      1560 
dram[67]:      1560      1560      1536      1536      1520      1520      1520      1520      1520      1520      1520      1520      1552      1552      1560      1560 
dram[68]:      1560      1560      1536      1536      1520      1520      1520      1520      1520      1520      1520      1520      1552      1552      1560      1560 
dram[69]:      1560      1560      1536      1536      1520      1520      1520      1520      1520      1520      1520      1520      1552      1552      1560      1560 
dram[70]:      1560      1560      1536      1536      1520      1520      1520      1520      1520      1520      1520      1520      1552      1552      1560      1560 
dram[71]:      1560      1560      1536      1536      1520      1520      1520      1520      1520      1520      1520      1520      1552      1552      1560      1560 
dram[72]:      1560      1560      1536      1536      1520      1520      1520      1520      1520      1520      1520      1520      1552      1552      1560      1560 
dram[73]:      1560      1560      1536      1536      1520      1520      1520      1520      1520      1520      1520      1520      1552      1552      1560      1560 
dram[74]:      1560      1560      1536      1536      1520      1520      1520      1520      1520      1520      1520      1520      1552      1552      1560      1560 
dram[75]:      1560      1560      1536      1536      1520      1520      1520      1520      1520      1520      1520      1520      1552      1552      1560      1560 
dram[76]:      1560      1560      1536      1536      1520      1520      1520      1520      1520      1520      1520      1520      1552      1552      1560      1560 
dram[77]:      1560      1560      1536      1536      1520      1520      1520      1520      1520      1520      1520      1520      1552      1552      1560      1560 
dram[78]:      1560      1560      1536      1536      1520      1520      1520      1520      1520      1520      1520      1520      1552      1552      1560      1560 
dram[79]:      1560      1560      1536      1536      1520      1520      1520      1520      1520      1520      1520      1520      1552      1552      1560      1560 
total dram reads = 3145728
bank skew: 3120/1520 = 2.05
chip skew: 49160/24568 = 2.00
number of total write accesses:
dram[0]:       612       528       584       524       640       576       624       536       604       520       592       528       588       524       604       520 
dram[1]:       604       532       592       532       640       564       636       532       600       520       592       528       592       524       616       524 
dram[2]:       596       540       604       516       660       564       608       544       596       524       604       520       616       528       596       520 
dram[3]:       592       540       604       516       648       564       620       540       600       528       596       528       608       528       596       520 
dram[4]:       608       540       616       556       636       564       628       536       604       528       584       520       584       524       600       524 
dram[5]:       600       524       608       556       640       564       628       536       600       528       592       524       592       528       604       524 
dram[6]:       596       536       620       548       652       564       616       536       592       528       596       528       608       524       592       528 
dram[7]:       592       536       632       552       648       568       612       540       596       524       596       520       604       528       596       520 
dram[8]:       604       520       608       532       628       564       616       528       604       520       592       528       588       520       608       528 
dram[9]:       588       520       600       536       632       556       632       528       600       524       596       528       592       520       620       528 
dram[10]:       580       524       612       528       648       560       612       536       596       520       600       528       616       528       592       524 
dram[11]:       580       528       612       524       636       556       608       540       600       524       600       528       604       520       596       524 
dram[12]:       604       524       624       568       628       560       616       528       600       524       588       520       588       524       604       528 
dram[13]:       588       520       628       564       636       556       616       528       600       524       588       524       592       528       604       528 
dram[14]:       584       524       632       556       652       556       612       532       592       528       600       524       612       524       592       528 
dram[15]:       592       520       640       556       636       560       612       532       596       536       596       520       600       524       592       524 
dram[16]:       588       524       600       528       636       560       600       528       592       520       588       524       592       524       588       524 
dram[17]:       588       520       604       528       628       564       608       528       584       520       600       524       596       520       600       524 
dram[18]:       592       520       600       528       632       568       604       528       600       524       588       520       600       528       600       520 
dram[19]:       588       528       600       540       628       560       612       532       588       520       592       524       596       524       592       520 
dram[20]:       588       520       628       560       632       564       604       528       600       520       592       520       592       528       588       520 
dram[21]:       592       528       624       564       640       560       612       528       588       520       588       528       588       520       588       524 
dram[22]:       588       524       628       564       636       564       600       528       588       520       588       520       588       528       592       524 
dram[23]:       588       524       632       564       632       560       608       528       588       520       596       520       592       520       600       520 
dram[24]:       596       536       596       520       636       548       596       520       592       520       588       524       592       520       592       524 
dram[25]:       592       528       604       520       624       552       604       520       584       520       600       528       596       520       600       528 
dram[26]:       596       528       596       520       628       556       592       520       600       528       592       520       600       528       596       520 
dram[27]:       596       536       592       524       624       552       600       524       592       524       592       524       596       524       596       524 
dram[28]:       604       532       620       552       624       556       596       520       604       524       592       520       600       516       588       520 
dram[29]:       604       532       616       552       632       552       608       520       588       520       592       524       592       524       588       528 
dram[30]:       604       536       620       552       628       552       600       520       588       520       588       524       596       524       588       520 
dram[31]:       600       532       616       556       616       552       604       520       588       524       604       516       592       520       600       520 
dram[32]:       580       524       616       524       652       560       612       536       588       520       600       524       616       520       592       520 
dram[33]:       584       528       620       528       640       560       612       536       592       520       596       524       604       520       600       524 
dram[34]:       604       516       600       536       632       564       616       532       596       520       592       520       596       524       604       524 
dram[35]:       592       516       592       532       636       560       624       532       596       524       592       520       588       524       620       528 
dram[36]:       588       536       636       568       656       568       616       532       596       520       600       528       608       516       592       520 
dram[37]:       592       528       644       560       648       564       612       536       596       524       600       528       608       524       592       520 
dram[38]:       616       528       624       560       624       560       628       532       600       520       588       520       592       528       604       524 
dram[39]:       596       524       628       564       628       556       624       532       600       520       592       524       592       532       604       528 
dram[40]:       600       540       604       516       660       572       600       528       592       524       596       520       616       524       592       520 
dram[41]:       592       536       608       516       660       564       604       524       592       524       596       520       608       524       600       520 
dram[42]:       612       528       592       528       644       576       616       524       600       524       592       520       592       528       600       520 
dram[43]:       604       528       580       528       640       568       616       520       600       528       596       524       592       524       612       524 
dram[44]:       600       540       628       564       656       568       600       528       588       524       600       524       608       524       592       520 
dram[45]:       600       544       640       560       656       568       608       520       596       528       596       520       608       524       596       520 
dram[46]:       612       540       612       552       644       568       616       524       600       520       584       520       592       524       604       524 
dram[47]:       608       528       616       552       636       564       616       524       600       520       596       524       592       532       600       520 
dram[48]:       116       104       108       104       172       168       156       140       152       136       160       148       124       104       120       104 
dram[49]:       112       104       112       104       176       164       160       144       148       136       160       148       120       104       120       104 
dram[50]:       116       100       108       100       168       156       168       144       156       148       160       144       120       100       120       108 
dram[51]:       112       104       112       100       168       152       156       152       156       140       164       140       120       108       120       108 
dram[52]:       176       148       168       160       144       120       120       112       120       104       120       104       164       152       148       144 
dram[53]:       176       156       168       160       140       124       120       108       120       108       128       100       160       152       148       136 
dram[54]:       172       152       164       148       140       124       124       108       124       104       120       108       156       140       152       144 
dram[55]:       176       156       164       152       140       120       128       108       120       100       120       100       164       136       152       152 
dram[56]:       112        96       112       108       168       168       156       140       156       144       168       148       124       104       120       108 
dram[57]:       108       104       116       108       172       160       160       144       148       136       164       148       120       104       120       104 
dram[58]:       112       100       112       104       168       156       164       144       160       148       160       144       120       100       120       108 
dram[59]:       108       104       112       104       172       160       156       152       160       152       160       136       120       108       120       108 
dram[60]:       168       148       172       168       144       124       124       112       120       104       120       104       164       152       148       136 
dram[61]:       172       152       172       164       140       124       120       112       120       108       128       104       160       152       148       140 
dram[62]:       168       156       164       156       140       124       124       108       124       104       120       108       156       140       152       144 
dram[63]:       172       152       176       152       140       128       124       104       120       100       120       100       164       136       152       152 
dram[64]:       160       156       164       148       140       124       128       116       124       108       120       108       152       132       164       148 
dram[65]:       160       148       160       144       140       124       132       116       124       104       120       104       156       140       164       152 
dram[66]:       160       152       164       156       144       124       132       120       120       108       124       104       160       152       160       136 
dram[67]:       164       152       160       152       140       124       128       120       124       108       128       104       160       140       164       128 
dram[68]:       120       104       132       116       168       156       168       156       160       148       156       140       120       108       120       104 
dram[69]:       112       104       128       112       172       152       168       156       160       144       160       144       120       108       124       104 
dram[70]:       112       100       128       108       180       168       168       148       156       144       156       148       124       108       120       112 
dram[71]:       112       100       132       104       180       160       164       152       156       140       156       152       120       108       120       108 
dram[72]:       160       156       168       152       144       124       124       112       124       104       120       108       156       136       164       144 
dram[73]:       160       156       160       144       144       132       128       112       124       104       120       104       148       140       160       152 
dram[74]:       160       148       164       156       148       124       124       116       120       108       124       104       164       152       160       136 
dram[75]:       164       152       160       156       144       128       124       116       124       108       128       104       164       144       160       128 
dram[76]:       116       100       132       116       172       156       168       156       156       148       156       140       120       108       120       104 
dram[77]:       108       100       128       112       176       160       164       156       156       144       160       144       120       108       124       108 
dram[78]:       108        96       128       104       184       168       164       144       156       136       160       148       128       108       120       112 
dram[79]:       108        96       132       104       188       168       160       144       152       144       160       152       120       108       120       108 
total dram writes = 506284
bank skew: 660/96 = 6.88
chip skew: 9184/2112 = 4.35
average mf latency per bank:
dram[0]:        108       110       114       116       121       121       114       116       112       114       114       116       112       113       113       114
dram[1]:        108       110       118       115       121       122       113       116       113       114       114       116       112       113       112       113
dram[2]:        109       110       113       116       120       122       115       116       112       114       114       116       110       113       113       114
dram[3]:        109       110       113       116       120       122       114       115       113       115       113       116       111       113       114       114
dram[4]:        108       110       113       114       121       121       115       116       112       114       115       116       112       113       112       114
dram[5]:        109       111       114       113       121       121       114       116       112       114       114       116       112       112       112       114
dram[6]:        108       111       113       114       120       122       115       116       113       114       114       116       112       113       113       114
dram[7]:        107       110       112       113       119       121       114       116       113       115       114       116       111       113       114       114
dram[8]:        108       110       113       115       121       122       113       117       113       114       115       116       112       113       113       113
dram[9]:        109       111       114       115       121       122       113       116       112       115       114       116       112       112       112       113
dram[10]:        109       110       113       115       120       121       114       117       112       114       114       116       111       113       114       114
dram[11]:        110       110       113       115       121       122       114       115       114       115       114       116       111       113       114       114
dram[12]:        108       111       113       114       121       122       114       117       113       114       115       116       112       113       113       113
dram[13]:        108       110       114       113       121       122       114       116       112       114       114       116       111       113       112       113
dram[14]:        109       111       112       113       120       122       117       116       114       114       114       116       110       113       113       113
dram[15]:        108       111       112       113       120       122       115       116       113       114       115       116       112       113       114       113
dram[16]:        110       111       114       116       121       122       114       116       114       114       115       116       112       114       115       114
dram[17]:        110       110       115       115       122       122       114       115       113       115       115       116       113       113       114       115
dram[18]:        109       110       113       116       120       121       114       115       113       114       114       116       112       114       113       114
dram[19]:        109       110       114       116       121       122       114       116       113       115       114       116       112       113       114       114
dram[20]:        109       111       113       115       121       122       115       116       113       115       114       116       112       113       112       114
dram[21]:        109       111       114       113       121       121       115       115       113       115       115       116       112       113       114       113
dram[22]:        109       111       113       113       121       122       114       116       114       115       115       116       112       113       114       114
dram[23]:        108       111       112       114       121       122       113       116       113       114       114       117       111       113       113       114
dram[24]:        110       110       114       116       122       122       114       116       114       115       115       116       111       114       114       114
dram[25]:        110       110       115       115       121       122       115       116       114       115       114       116       112       113       114       114
dram[26]:        109       110       114       116       121       122       115       116       113       114       114       116       112       113       113       114
dram[27]:        109       110       113       115       121       122       115       116       113       115       114       116       112       112       114       114
dram[28]:        109       110       114       114       122       122       114       116       114       115       115       116       111       113       113       114
dram[29]:        108       110       114       114       121       122       115       115       112       115       114       116       112       113       114       114
dram[30]:        110       111       112       113       121       122       115       115       114       114       115       116       111       114       114       115
dram[31]:        108       111       113       114       121       122       115       116       114       114       115       116       114       113       114       115
dram[32]:        109       110       112       116       120       122       113       115       113       115       114       116       110       113       115       114
dram[33]:        109       110       114       115       121       122       113       114       114       115       114       116       111       112       114       113
dram[34]:        109       110       114       115       121       122       113       115       112       114       115       116       112       113       112       114
dram[35]:        109       111       113       116       122       123       113       115       113       115       114       116       112       112       112       113
dram[36]:        109       111       112       114       120       121       114       114       113       114       114       116       112       113       114       114
dram[37]:        109       111       112       113       121       121       114       114       113       115       115       116       111       112       114       114
dram[38]:        107       110       113       114       121       122       112       115       113       114       115       116       112       112       112       114
dram[39]:        107       110       113       113       121       122       112       115       113       115       114       116       111       113       112       114
dram[40]:        109       109       113       116       120       122       113       115       113       114       114       116       110       113       114       113
dram[41]:        110       109       113       115       120       122       114       115       114       115       114       116       111       112       115       114
dram[42]:        107       110       114       115       120       122       113       116       112       114       114       116       112       112       113       114
dram[43]:        109       110       113       116       121       121       113       115       113       115       114       116       111       112       113       114
dram[44]:        109       111       113       114       120       122       114       115       113       114       114       116       113       113       114       114
dram[45]:        109       109       113       114       120       121       114       115       113       114       115       116       111       113       114       113
dram[46]:        109       110       112       114       120       122       113       115       113       115       115       116       112       113       112       114
dram[47]:        108       110       113       114       121       122       113       115       113       115       114       116       112       112       112       114
dram[48]:        120       120       123       123       129       130       121       121       121       122       122       123       122       124       124       123
dram[49]:        120       120       125       124       129       129       121       121       122       122       122       123       123       124       125       123
dram[50]:        119       121       122       124       130       130       120       122       122       122       122       123       123       124       124       123
dram[51]:        121       120       122       123       130       130       121       121       122       123       122       124       123       124       124       123
dram[52]:        116       117       118       118       131       133       124       124       123       125       125       127       120       121       122       121
dram[53]:        116       117       119       118       132       132       124       124       124       125       125       127       120       120       121       122
dram[54]:        115       117       121       119       132       132       124       124       125       124       126       126       120       120       120       121
dram[55]:        114       117       118       119       132       133       123       125       125       126       126       127       120       121       120       120
dram[56]:        121       121       121       123       130       129       120       122       122       121       122       123       122       124       124       123
dram[57]:        122       120       124       123       130       130       121       121       122       122       122       124       123       123       125       124
dram[58]:        120       120       122       123       130       130       120       122       121       122       122       123       123       124       124       123
dram[59]:        120       120       122       123       130       130       121       122       121       122       122       124       124       124       124       123
dram[60]:        116       118       118       117       132       133       123       123       124       125       126       127       120       120       122       121
dram[61]:        115       117       119       118       132       132       124       124       123       125       124       126       121       121       121       121
dram[62]:        116       117       119       118       132       133       124       125       124       125       125       126       120       121       121       120
dram[63]:        115       117       117       119       132       133       124       124       124       126       125       127       121       122       121       120
dram[64]:        116       117       123       124       131       133       125       125       123       125       125       126       119       120       120       120
dram[65]:        115       117       124       125       132       132       125       126       124       125       125       126       120       119       121       120
dram[66]:        116       117       124       124       132       133       125       125       124       125       125       126       118       118       122       121
dram[67]:        116       116       123       124       132       133       125       126       124       125       124       126       119       119       120       122
dram[68]:        119       121       126       127       131       130       124       123       121       122       123       123       122       122       124       124
dram[69]:        119       120       125       126       130       130       124       123       121       122       123       124       121       122       124       124
dram[70]:        119       120       126       127       129       129       122       124       122       121       123       123       121       122       124       123
dram[71]:        119       119       126       127       128       130       124       123       121       122       123       123       122       122       125       124
dram[72]:        116       117       123       125       131       133       126       126       124       125       126       126       119       121       121       120
dram[73]:        116       116       124       125       132       132       127       126       124       125       126       127       120       119       121       120
dram[74]:        116       117       122       123       131       133       126       126       123       124       125       126       117       119       121       121
dram[75]:        116       116       123       123       132       132       126       126       123       125       125       127       119       120       121       122
dram[76]:        120       122       125       127       130       130       123       123       121       121       122       124       122       122       123       123
dram[77]:        120       120       126       126       130       130       124       123       122       122       123       123       121       122       124       123
dram[78]:        119       121       126       127       128       129       122       124       122       122       122       124       121       122       124       123
dram[79]:        119       121       126       127       128       129       122       124       122       122       122       123       123       122       124       123
maximum mf latency per bank:
dram[0]:       1168       597       874      1084      1095       493       512       501       697       492       659       497      1019       506      1140       744
dram[1]:       1001       621      1343      1224       774       484       501       503       844       505       681       483       815       482      1192       704
dram[2]:       1099       497       618      1317       706       508       684       479       538       486       660       484       914       704      1353       899
dram[3]:        547       515       678      1253      1269       532       548       484       652       492       660       565       743       677      1406       659
dram[4]:        541       699      1018       976      1048       493       799       505       683       505       705       485      1233       576      1098       743
dram[5]:        737       726      1299       519      1033       480       847       505       526       523       662       508      1103       530       998       508
dram[6]:        735      1152      1283       502       727       502       867       502       538       506       638       519      1146       505      1361       801
dram[7]:        500       486      1185       482       842       485      1254       473       523       478       923       475      1287       833      1231       835
dram[8]:       1113       603       950      1087      1084       488       531       483       805       511       618       485      1003       491      1164       788
dram[9]:       1099       490      1318      1266       707       508       489       484       639       487       594       485       671       490      1187       696
dram[10]:        532       653       881      1303       681       499       627       490       655       484       568       489       924       503      1395       584
dram[11]:       1324       519       765      1246      1245       536       683       598       679       489       691       574       649       637      1422       688
dram[12]:        790      1055      1308       994      1052       485       782       481       815       488       818       480      1244       721      1089       536
dram[13]:        752       730      1226       576       919       476       721       508       845       510       813       479      1184       510      1019       517
dram[14]:        848       737      1166       515       843       489      1318       513       673       502       819       505       627       719      1237       553
dram[15]:        693       744      1218       500       794       502      1106       490       530       488       952       496      1192       494      1295       584
dram[16]:       1317       629      1188      1100       738       518       579       625       856       505       785       581       814       612      1344       809
dram[17]:       1195       616      1330      1174       870       535       561       488       740       504       607       507       955       535      1331      1066
dram[18]:        801       608      1019      1321       691       509       822       482       690       488       636       489       751       737      1422       877
dram[19]:       1128       507       907      1319      1096       520       805       554       733       502       642       548      1001       881      1422       885
dram[20]:        672       724      1422      1207      1010       491       845       493       693       492       667       483      1096       501      1014       526
dram[21]:        732       753      1419       566      1050       483       782       525       607       525       682       496      1255       633      1159       516
dram[22]:        671       737      1042       493       824       526       779       533       538       534       962       532      1157       506      1216       813
dram[23]:        518       566      1052       504      1029       499      1111       527       577       540       668       523      1325       523      1379      1032
dram[24]:       1337       582      1107      1162      1310       536       580       500       879       486       754       632       831       486      1341       874
dram[25]:       1326       535      1321      1044       825       498       706       492       801       493       604       488       965       508      1335       763
dram[26]:        595       529      1181      1308       706       493       727       484       723       486       785       494       819       757      1409       793
dram[27]:       1132       554       803      1305      1065       517       653       515       644       517       558       502      1001       556      1394       650
dram[28]:        920       983      1329       560       970       504       861       504       632       493       584       496      1063       636      1248       606
dram[29]:        754       757      1233       595       966       491       785       506       563       479       636       483      1254       522      1112       619
dram[30]:       1012       763      1111       496       876       482      1056       530       629       488       827       529       634       869      1219       843
dram[31]:        577       688       961       684       820       504       745       521       726       504       786       503      1204       663      1189       762
dram[32]:       1327       507       979      1241      1063       499       540       494       792       502       619       506       961       508      1351       608
dram[33]:       1333       563      1349      1198       718       500       527       489       781       509       709       501       724       489      1419       680
dram[34]:       1140       505       797      1229       816      1059       780       573       640       480       764       542      1010       774      1144       910
dram[35]:       1150       504       870      1330      1251       896       643       476       689       505       603       549       955       711      1142       722
dram[36]:        668      1298      1265      1219      1041       488       703       490       611       509       587       488      1314       493      1200       542
dram[37]:        792       780      1426       493      1197       479       855       491       633       488       984       481      1030       480      1204       626
dram[38]:        650       766      1144       505       926       516       787       517       681       515       751       493       892       522       939       717
dram[39]:        499       477      1167       541       974       480      1061       498       550       485       686       536      1005       695       963       528
dram[40]:       1332       579       798      1376      1053       493       506       512       751       480       648       486       912       487      1412       646
dram[41]:       1344       497       925      1060       693       542       589       478       880       501       764       519       721       492      1434       612
dram[42]:        555       624       746      1271       954       719       582       520       704       503       661       510       995       503      1220       615
dram[43]:       1080       640       914      1328      1230       494       803       477       817       559       520       593       695       530      1163       554
dram[44]:        655      1302      1413      1231       896       489       801       480       566       514       606       480      1317       520      1260       503
dram[45]:        737       784      1241       542      1034       494       830       491       625       489       927       507      1266       505      1210       580
dram[46]:        737       792      1130       482       730       484      1242       482       601       497       749       487       909       486       984       732
dram[47]:        737       482      1200       501       819       519       726       482       592       493       679       498      1009       594      1206       815
dram[48]:       1144       474       476       759       671       466       501       470       469       473       475       467       554       470      1118       468
dram[49]:        983       469      1293      1216       676       469       478       471       469       467       469       474       562       470      1112       471
dram[50]:        471       464       546      1109       741       474       473       470       479       473       620       468       618       473      1130       465
dram[51]:       1086       465       469       753       733       468       467       469       483       470       471       468       626       474      1124       475
dram[52]:        835       470       478       466       495       466       667       469       476       467       613       470       921       472      1081       473
dram[53]:        474       786       474       468       499       469       470       466       475       468       468       465       865       473       766       476
dram[54]:        482       468      1283       467       513       465       509       475       480       469       469       471       481       471       794       472
dram[55]:        487       467       484       471       485       467      1075       467       469       465       469       473       904       477       785       473
dram[56]:       1164       464       504       779       736       469       480       468       471       471       477       466       625       468      1137       469
dram[57]:       1161       471      1262      1196       682       468       471       468       476       474       479       468       557       467      1132       473
dram[58]:        469       465       943      1103       947       470       466       471       478       470       471       467       612       468      1146       469
dram[59]:       1096       467       474       758       697       468       469       470       472       472       471       467       620       473      1049       471
dram[60]:        472       467       473       467       508       467       668       470       474       466       616       470       918       469      1065       470
dram[61]:        470       684       470       472       512       469       470       467       474       467       473       466      1093       468       778       474
dram[62]:        480       466      1019       470       479       467      1254       465       469       472       469       467       469       468       810       472
dram[63]:        478       468       486       472       525       466       473       466       469       468       468       468       752       474       802       476
dram[64]:        467       468       635      1073       735       467       501       472       473       471       470       469       479       470      1097       472
dram[65]:        467       470       539       470       683       466       495       467       470       466       471       471       742       476      1158       472
dram[66]:        470       469       481       468       745       469       467       467       474       468       635       468       472       472      1182       472
dram[67]:        697       464       484       473       743       538       469       468       470       470       476       467       468       474      1170       476
dram[68]:        471      1028       738       754       847       474       793       470       482       467       626       472       601       477       980       477
dram[69]:        468       810       760       470      1031       467       796       467       469       466       617       470       581       466       978       476
dram[70]:        473       698      1017       466       661       465       470       466       474       470       617       471       593       468       964       468
dram[71]:        489       468       744       466       471       470       736       466       477       467       704       466      1014       467      1127       469
dram[72]:        471       470       721      1206       725       470       479       470       471       470       472       470       473       468      1226       469
dram[73]:        468       465       534       475       690       469       494       469       471       467       468       467       643       468      1163       472
dram[74]:        468       468       553       468       506       466       471       466       478       468       468       470       470       468      1179       476
dram[75]:        712       466       544       467       723       467       468       467       480       469       474       472       475       468      1183       471
dram[76]:        470      1032       814       770       944       468       802       465       478       470       645       470       608       466       976       470
dram[77]:        468       706       812       471       910       469       471       468       481       466       632       471       593       463       998       473
dram[78]:        467       466      1026       472       485       467       469       471       478       471       645       464       696       471       996       473
dram[79]:        484       469       778       469       470       467       469       471       470       468       624       468      1013       470       974       473
Memory Partition 0: 
Cache L2_bank_000:
MSHR contents

Cache L2_bank_001:
MSHR contents

In Dram Latency Queue (total = 1): 
Ready @ 154486 -   mf: uid=20846752, sid4294967295:w4294967295, part=0, addr=0xc06d2fb80, store, size=128, L2_WRBK  status = IN_PARTITION_DRAM_LATENCY_QUEUE (154232), 
DRAM[0]: 16 bks, busW=8 BL=4 CL=12, tRRD=3 tCCD=1, tRCD=12 tRAS=28 tRP=12 tRC=40
n_cmd=269422 n_nop=197637 n_act=12203 n_pre=12187 n_ref_event=0 n_req=51428 n_rd=49152 n_rd_L2_A=0 n_write=0 n_wr_bk=9104 bw_util=0.4325
n_activity=169707 dram_eff=0.6865
bk0: 3120a 233546i bk1: 3120a 232419i bk2: 3088a 232667i bk3: 3088a 231969i bk4: 3040a 231209i bk5: 3040a 232182i bk6: 3040a 232625i bk7: 3040a 233070i bk8: 3040a 232803i bk9: 3040a 234080i bk10: 3040a 233504i bk11: 3040a 234719i bk12: 3088a 232055i bk13: 3088a 232398i bk14: 3120a 230865i bk15: 3120a 234093i 

------------------------------------------------------------------------

Row_Buffer_Locality = 0.762717
Row_Buffer_Locality_read = 0.794657
Row_Buffer_Locality_write = 0.072935
Bank_Level_Parallism = 4.259904
Bank_Level_Parallism_Col = 3.332888
Bank_Level_Parallism_Ready = 1.814388
write_to_read_ratio_blp_rw_average = 0.218184
GrpLevelPara = 2.033355 

BW Util details:
bwutil = 0.432452 
total_CMD = 269422 
util_bw = 58256 
Wasted_Col = 68307 
Wasted_Row = 23200 
Idle = 119659 

BW Util Bottlenecks: 
RCDc_limit = 66488 
RCDWRc_limit = 8639 
WTRc_limit = 13557 
RTWc_limit = 53337 
CCDLc_limit = 35819 
rwq = 0 
CCDLc_limit_alone = 31106 
WTRc_limit_alone = 12654 
RTWc_limit_alone = 49527 

Commands details: 
total_CMD = 269422 
n_nop = 197637 
Read = 49152 
Write = 0 
L2_Alloc = 0 
L2_WB = 9104 
n_act = 12203 
n_pre = 12187 
n_ref = 0 
n_req = 51428 
total_req = 58256 

Dual Bus Interface Util: 
issued_total_row = 24390 
issued_total_col = 58256 
Row_Bus_Util =  0.090527 
CoL_Bus_Util = 0.216226 
Either_Row_CoL_Bus_Util = 0.266441 
Issued_on_Two_Bus_Simul_Util = 0.040312 
issued_two_Eff = 0.151299 
queue_avg = 13.341787 


dram_util_bins: 0 0 0 0 0 0 0 0 0 0
dram_eff_bins: 0 0 0 0 0 0 0 0 0 0
mrqq: max=128 avg=13.3418
Memory Partition 1: 
Cache L2_bank_002:
MSHR contents

Cache L2_bank_003:
MSHR contents

In Dram Latency Queue (total = 2): 
Ready @ 154588 -   mf: uid=20846770, sid4294967295:w4294967295, part=1, addr=0xc077acc00, store, size=128, L2_WRBK  status = IN_PARTITION_DRAM_LATENCY_QUEUE (154334), 
Ready @ 154624 -   mf: uid=20846778, sid4294967295:w4294967295, part=1, addr=0xc06d38b80, store, size=128, L2_WRBK  status = IN_PARTITION_DRAM_LATENCY_QUEUE (154370), 
DRAM[1]: 16 bks, busW=8 BL=4 CL=12, tRRD=3 tCCD=1, tRCD=12 tRAS=28 tRP=12 tRC=40
n_cmd=269422 n_nop=197729 n_act=12203 n_pre=12187 n_ref_event=0 n_req=51434 n_rd=49152 n_rd_L2_A=0 n_write=0 n_wr_bk=9128 bw_util=0.4326
n_activity=170092 dram_eff=0.6853
bk0: 3120a 233234i bk1: 3120a 233504i bk2: 3088a 233571i bk3: 3088a 232591i bk4: 3040a 233186i bk5: 3040a 231582i bk6: 3040a 232839i bk7: 3040a 234141i bk8: 3040a 231237i bk9: 3040a 234673i bk10: 3040a 234156i bk11: 3040a 233267i bk12: 3088a 234093i bk13: 3088a 232593i bk14: 3120a 232845i bk15: 3120a 232626i 

------------------------------------------------------------------------

Row_Buffer_Locality = 0.762744
Row_Buffer_Locality_read = 0.794434
Row_Buffer_Locality_write = 0.080193
Bank_Level_Parallism = 4.216099
Bank_Level_Parallism_Col = 3.289930
Bank_Level_Parallism_Ready = 1.822014
write_to_read_ratio_blp_rw_average = 0.213773
GrpLevelPara = 2.032777 

BW Util details:
bwutil = 0.432630 
total_CMD = 269422 
util_bw = 58280 
Wasted_Col = 68367 
Wasted_Row = 23266 
Idle = 119509 

BW Util Bottlenecks: 
RCDc_limit = 66253 
RCDWRc_limit = 8597 
WTRc_limit = 14018 
RTWc_limit = 50899 
CCDLc_limit = 35766 
rwq = 0 
CCDLc_limit_alone = 31082 
WTRc_limit_alone = 13025 
RTWc_limit_alone = 47208 

Commands details: 
total_CMD = 269422 
n_nop = 197729 
Read = 49152 
Write = 0 
L2_Alloc = 0 
L2_WB = 9128 
n_act = 12203 
n_pre = 12187 
n_ref = 0 
n_req = 51434 
total_req = 58280 

Dual Bus Interface Util: 
issued_total_row = 24390 
issued_total_col = 58280 
Row_Bus_Util =  0.090527 
CoL_Bus_Util = 0.216315 
Either_Row_CoL_Bus_Util = 0.266099 
Issued_on_Two_Bus_Simul_Util = 0.040743 
issued_two_Eff = 0.153111 
queue_avg = 12.933691 


dram_util_bins: 0 0 0 0 0 0 0 0 0 0
dram_eff_bins: 0 0 0 0 0 0 0 0 0 0
mrqq: max=128 avg=12.9337
Memory Partition 2: 
Cache L2_bank_004:
MSHR contents

Cache L2_bank_005:
MSHR contents

In Dram Latency Queue (total = 0): 
DRAM[2]: 16 bks, busW=8 BL=4 CL=12, tRRD=3 tCCD=1, tRCD=12 tRAS=28 tRP=12 tRC=40
n_cmd=269422 n_nop=197832 n_act=12255 n_pre=12239 n_ref_event=0 n_req=51436 n_rd=49152 n_rd_L2_A=0 n_write=0 n_wr_bk=9136 bw_util=0.4327
n_activity=168606 dram_eff=0.6914
bk0: 3120a 231888i bk1: 3120a 233380i bk2: 3088a 230887i bk3: 3088a 233383i bk4: 3040a 230519i bk5: 3040a 233148i bk6: 3040a 232884i bk7: 3040a 234120i bk8: 3040a 232590i bk9: 3040a 234014i bk10: 3040a 233260i bk11: 3040a 235794i bk12: 3088a 233604i bk13: 3088a 233359i bk14: 3120a 231263i bk15: 3120a 233860i 

------------------------------------------------------------------------

Row_Buffer_Locality = 0.761743
Row_Buffer_Locality_read = 0.794067
Row_Buffer_Locality_write = 0.066112
Bank_Level_Parallism = 4.242970
Bank_Level_Parallism_Col = 3.295840
Bank_Level_Parallism_Ready = 1.807782
write_to_read_ratio_blp_rw_average = 0.221579
GrpLevelPara = 2.033979 

BW Util details:
bwutil = 0.432689 
total_CMD = 269422 
util_bw = 58288 
Wasted_Col = 68476 
Wasted_Row = 22715 
Idle = 119943 

BW Util Bottlenecks: 
RCDc_limit = 66048 
RCDWRc_limit = 8685 
WTRc_limit = 13221 
RTWc_limit = 51994 
CCDLc_limit = 36130 
rwq = 0 
CCDLc_limit_alone = 31203 
WTRc_limit_alone = 12304 
RTWc_limit_alone = 47984 

Commands details: 
total_CMD = 269422 
n_nop = 197832 
Read = 49152 
Write = 0 
L2_Alloc = 0 
L2_WB = 9136 
n_act = 12255 
n_pre = 12239 
n_ref = 0 
n_req = 51436 
total_req = 58288 

Dual Bus Interface Util: 
issued_total_row = 24494 
issued_total_col = 58288 
Row_Bus_Util =  0.090913 
CoL_Bus_Util = 0.216345 
Either_Row_CoL_Bus_Util = 0.265717 
Issued_on_Two_Bus_Simul_Util = 0.041541 
issued_two_Eff = 0.156335 
queue_avg = 13.111279 


dram_util_bins: 0 0 0 0 0 0 0 0 0 0
dram_eff_bins: 0 0 0 0 0 0 0 0 0 0
mrqq: max=128 avg=13.1113
Memory Partition 3: 
Cache L2_bank_006:
MSHR contents

Cache L2_bank_007:
MSHR contents

In Dram Latency Queue (total = 0): 
DRAM[3]: 16 bks, busW=8 BL=4 CL=12, tRRD=3 tCCD=1, tRCD=12 tRAS=28 tRP=12 tRC=40
n_cmd=269422 n_nop=197630 n_act=12233 n_pre=12217 n_ref_event=0 n_req=51434 n_rd=49152 n_rd_L2_A=0 n_write=0 n_wr_bk=9128 bw_util=0.4326
n_activity=169612 dram_eff=0.6872
bk0: 3120a 233275i bk1: 3120a 234305i bk2: 3088a 233242i bk3: 3088a 234187i bk4: 3040a 233235i bk5: 3040a 233560i bk6: 3040a 233589i bk7: 3040a 234637i bk8: 3040a 234019i bk9: 3040a 234994i bk10: 3040a 232989i bk11: 3040a 233901i bk12: 3088a 232902i bk13: 3088a 233612i bk14: 3120a 231514i bk15: 3120a 232981i 

------------------------------------------------------------------------

Row_Buffer_Locality = 0.762161
Row_Buffer_Locality_read = 0.794149
Row_Buffer_Locality_write = 0.073181
Bank_Level_Parallism = 4.166710
Bank_Level_Parallism_Col = 3.237885
Bank_Level_Parallism_Ready = 1.793068
write_to_read_ratio_blp_rw_average = 0.212025
GrpLevelPara = 2.017484 

BW Util details:
bwutil = 0.432630 
total_CMD = 269422 
util_bw = 58280 
Wasted_Col = 68457 
Wasted_Row = 23320 
Idle = 119365 

BW Util Bottlenecks: 
RCDc_limit = 66314 
RCDWRc_limit = 8623 
WTRc_limit = 13819 
RTWc_limit = 47930 
CCDLc_limit = 35199 
rwq = 0 
CCDLc_limit_alone = 30611 
WTRc_limit_alone = 12870 
RTWc_limit_alone = 44291 

Commands details: 
total_CMD = 269422 
n_nop = 197630 
Read = 49152 
Write = 0 
L2_Alloc = 0 
L2_WB = 9128 
n_act = 12233 
n_pre = 12217 
n_ref = 0 
n_req = 51434 
total_req = 58280 

Dual Bus Interface Util: 
issued_total_row = 24450 
issued_total_col = 58280 
Row_Bus_Util =  0.090750 
CoL_Bus_Util = 0.216315 
Either_Row_CoL_Bus_Util = 0.266467 
Issued_on_Two_Bus_Simul_Util = 0.040598 
issued_two_Eff = 0.152357 
queue_avg = 12.590976 


dram_util_bins: 0 0 0 0 0 0 0 0 0 0
dram_eff_bins: 0 0 0 0 0 0 0 0 0 0
mrqq: max=128 avg=12.591
Memory Partition 4: 
Cache L2_bank_008:
MSHR contents

Cache L2_bank_009:
MSHR contents

In Dram Latency Queue (total = 1): 
Ready @ 154454 -   mf: uid=20846726, sid4294967295:w4294967295, part=4, addr=0xc07835c00, store, size=128, L2_WRBK  status = IN_PARTITION_DRAM_LATENCY_QUEUE (154200), 
DRAM[4]: 16 bks, busW=8 BL=4 CL=12, tRRD=3 tCCD=1, tRCD=12 tRAS=28 tRP=12 tRC=40
n_cmd=269422 n_nop=197784 n_act=12225 n_pre=12209 n_ref_event=0 n_req=51440 n_rd=49152 n_rd_L2_A=0 n_write=0 n_wr_bk=9152 bw_util=0.4328
n_activity=168782 dram_eff=0.6909
bk0: 3120a 234030i bk1: 3120a 232833i bk2: 3088a 232578i bk3: 3088a 232046i bk4: 3040a 233799i bk5: 3040a 232000i bk6: 3040a 232926i bk7: 3040a 233264i bk8: 3040a 234418i bk9: 3040a 235411i bk10: 3040a 233082i bk11: 3040a 235278i bk12: 3088a 233810i bk13: 3088a 233668i bk14: 3120a 232667i bk15: 3120a 234183i 

------------------------------------------------------------------------

Row_Buffer_Locality = 0.762344
Row_Buffer_Locality_read = 0.794535
Row_Buffer_Locality_write = 0.070804
Bank_Level_Parallism = 4.198705
Bank_Level_Parallism_Col = 3.253705
Bank_Level_Parallism_Ready = 1.812929
write_to_read_ratio_blp_rw_average = 0.213284
GrpLevelPara = 2.018408 

BW Util details:
bwutil = 0.432808 
total_CMD = 269422 
util_bw = 58304 
Wasted_Col = 68212 
Wasted_Row = 22625 
Idle = 120281 

BW Util Bottlenecks: 
RCDc_limit = 65731 
RCDWRc_limit = 8795 
WTRc_limit = 14271 
RTWc_limit = 48073 
CCDLc_limit = 35507 
rwq = 0 
CCDLc_limit_alone = 30869 
WTRc_limit_alone = 13315 
RTWc_limit_alone = 44391 

Commands details: 
total_CMD = 269422 
n_nop = 197784 
Read = 49152 
Write = 0 
L2_Alloc = 0 
L2_WB = 9152 
n_act = 12225 
n_pre = 12209 
n_ref = 0 
n_req = 51440 
total_req = 58304 

Dual Bus Interface Util: 
issued_total_row = 24434 
issued_total_col = 58304 
Row_Bus_Util =  0.090690 
CoL_Bus_Util = 0.216404 
Either_Row_CoL_Bus_Util = 0.265895 
Issued_on_Two_Bus_Simul_Util = 0.041199 
issued_two_Eff = 0.154946 
queue_avg = 12.651509 


dram_util_bins: 0 0 0 0 0 0 0 0 0 0
dram_eff_bins: 0 0 0 0 0 0 0 0 0 0
mrqq: max=128 avg=12.6515
Memory Partition 5: 
Cache L2_bank_010:
MSHR contents

Cache L2_bank_011:
MSHR contents

In Dram Latency Queue (total = 0): 
DRAM[5]: 16 bks, busW=8 BL=4 CL=12, tRRD=3 tCCD=1, tRCD=12 tRAS=28 tRP=12 tRC=40
n_cmd=269422 n_nop=197716 n_act=12222 n_pre=12206 n_ref_event=0 n_req=51439 n_rd=49152 n_rd_L2_A=0 n_write=0 n_wr_bk=9148 bw_util=0.4328
n_activity=168816 dram_eff=0.6907
bk0: 3120a 232222i bk1: 3120a 234066i bk2: 3088a 234296i bk3: 3088a 232781i bk4: 3040a 232568i bk5: 3040a 232216i bk6: 3040a 233362i bk7: 3040a 234149i bk8: 3040a 232931i bk9: 3040a 234107i bk10: 3040a 235008i bk11: 3040a 234779i bk12: 3088a 232507i bk13: 3088a 233393i bk14: 3120a 234099i bk15: 3120a 234186i 

------------------------------------------------------------------------

Row_Buffer_Locality = 0.762398
Row_Buffer_Locality_read = 0.793905
Row_Buffer_Locality_write = 0.085265
Bank_Level_Parallism = 4.190590
Bank_Level_Parallism_Col = 3.232700
Bank_Level_Parallism_Ready = 1.768885
write_to_read_ratio_blp_rw_average = 0.214514
GrpLevelPara = 2.016381 

BW Util details:
bwutil = 0.432778 
total_CMD = 269422 
util_bw = 58300 
Wasted_Col = 68559 
Wasted_Row = 22409 
Idle = 120154 

BW Util Bottlenecks: 
RCDc_limit = 66614 
RCDWRc_limit = 8679 
WTRc_limit = 13722 
RTWc_limit = 48793 
CCDLc_limit = 36075 
rwq = 0 
CCDLc_limit_alone = 31723 
WTRc_limit_alone = 12809 
RTWc_limit_alone = 45354 

Commands details: 
total_CMD = 269422 
n_nop = 197716 
Read = 49152 
Write = 0 
L2_Alloc = 0 
L2_WB = 9148 
n_act = 12222 
n_pre = 12206 
n_ref = 0 
n_req = 51439 
total_req = 58300 

Dual Bus Interface Util: 
issued_total_row = 24428 
issued_total_col = 58300 
Row_Bus_Util =  0.090668 
CoL_Bus_Util = 0.216389 
Either_Row_CoL_Bus_Util = 0.266148 
Issued_on_Two_Bus_Simul_Util = 0.040910 
issued_two_Eff = 0.153711 
queue_avg = 12.584017 


dram_util_bins: 0 0 0 0 0 0 0 0 0 0
dram_eff_bins: 0 0 0 0 0 0 0 0 0 0
mrqq: max=128 avg=12.584
Memory Partition 6: 
Cache L2_bank_012:
MSHR contents

Cache L2_bank_013:
MSHR contents

In Dram Latency Queue (total = 1): 
Ready @ 154628 -   mf: uid=20846782, sid4294967295:w4294967295, part=6, addr=0xc07724c00, store, size=128, L2_WRBK  status = IN_PARTITION_DRAM_LATENCY_QUEUE (154374), 
DRAM[6]: 16 bks, busW=8 BL=4 CL=12, tRRD=3 tCCD=1, tRCD=12 tRAS=28 tRP=12 tRC=40
n_cmd=269422 n_nop=197631 n_act=12198 n_pre=12182 n_ref_event=0 n_req=51443 n_rd=49152 n_rd_L2_A=0 n_write=0 n_wr_bk=9164 bw_util=0.4329
n_activity=170052 dram_eff=0.6859
bk0: 3120a 233737i bk1: 3120a 234218i bk2: 3088a 231371i bk3: 3088a 233891i bk4: 3040a 231942i bk5: 3040a 232801i bk6: 3040a 231663i bk7: 3040a 234736i bk8: 3040a 232510i bk9: 3040a 234255i bk10: 3040a 234080i bk11: 3040a 236409i bk12: 3088a 232943i bk13: 3088a 233903i bk14: 3120a 232841i bk15: 3120a 234046i 

------------------------------------------------------------------------

Row_Buffer_Locality = 0.762883
Row_Buffer_Locality_read = 0.794698
Row_Buffer_Locality_write = 0.080314
Bank_Level_Parallism = 4.162786
Bank_Level_Parallism_Col = 3.233234
Bank_Level_Parallism_Ready = 1.757134
write_to_read_ratio_blp_rw_average = 0.221415
GrpLevelPara = 2.021083 

BW Util details:
bwutil = 0.432897 
total_CMD = 269422 
util_bw = 58316 
Wasted_Col = 69222 
Wasted_Row = 23046 
Idle = 118838 

BW Util Bottlenecks: 
RCDc_limit = 66669 
RCDWRc_limit = 8633 
WTRc_limit = 13798 
RTWc_limit = 51508 
CCDLc_limit = 36732 
rwq = 0 
CCDLc_limit_alone = 31699 
WTRc_limit_alone = 12858 
RTWc_limit_alone = 47415 

Commands details: 
total_CMD = 269422 
n_nop = 197631 
Read = 49152 
Write = 0 
L2_Alloc = 0 
L2_WB = 9164 
n_act = 12198 
n_pre = 12182 
n_ref = 0 
n_req = 51443 
total_req = 58316 

Dual Bus Interface Util: 
issued_total_row = 24380 
issued_total_col = 58316 
Row_Bus_Util =  0.090490 
CoL_Bus_Util = 0.216449 
Either_Row_CoL_Bus_Util = 0.266463 
Issued_on_Two_Bus_Simul_Util = 0.040476 
issued_two_Eff = 0.151899 
queue_avg = 12.866406 


dram_util_bins: 0 0 0 0 0 0 0 0 0 0
dram_eff_bins: 0 0 0 0 0 0 0 0 0 0
mrqq: max=128 avg=12.8664
Memory Partition 7: 
Cache L2_bank_014:
MSHR contents

Cache L2_bank_015:
MSHR contents

In Dram Latency Queue (total = 1): 
Ready @ 154483 -   mf: uid=20846747, sid4294967295:w4294967295, part=7, addr=0xc07665c00, store, size=128, L2_WRBK  status = IN_PARTITION_DRAM_LATENCY_QUEUE (154229), 
DRAM[7]: 16 bks, busW=8 BL=4 CL=12, tRRD=3 tCCD=1, tRCD=12 tRAS=28 tRP=12 tRC=40
n_cmd=269422 n_nop=197657 n_act=12229 n_pre=12213 n_ref_event=0 n_req=51443 n_rd=49152 n_rd_L2_A=0 n_write=0 n_wr_bk=9164 bw_util=0.4329
n_activity=169157 dram_eff=0.6895
bk0: 3120a 232171i bk1: 3120a 233605i bk2: 3088a 231422i bk3: 3088a 233847i bk4: 3040a 232522i bk5: 3040a 232776i bk6: 3040a 233274i bk7: 3040a 234240i bk8: 3040a 233639i bk9: 3040a 232719i bk10: 3040a 231985i bk11: 3040a 234833i bk12: 3088a 233834i bk13: 3088a 234241i bk14: 3120a 233563i bk15: 3120a 233425i 

------------------------------------------------------------------------

Row_Buffer_Locality = 0.762281
Row_Buffer_Locality_read = 0.794169
Row_Buffer_Locality_write = 0.078132
Bank_Level_Parallism = 4.212060
Bank_Level_Parallism_Col = 3.259349
Bank_Level_Parallism_Ready = 1.760066
write_to_read_ratio_blp_rw_average = 0.220668
GrpLevelPara = 2.018690 

BW Util details:
bwutil = 0.432897 
total_CMD = 269422 
util_bw = 58316 
Wasted_Col = 68647 
Wasted_Row = 22631 
Idle = 119828 

BW Util Bottlenecks: 
RCDc_limit = 66886 
RCDWRc_limit = 8347 
WTRc_limit = 13399 
RTWc_limit = 51387 
CCDLc_limit = 36232 
rwq = 0 
CCDLc_limit_alone = 31351 
WTRc_limit_alone = 12482 
RTWc_limit_alone = 47423 

Commands details: 
total_CMD = 269422 
n_nop = 197657 
Read = 49152 
Write = 0 
L2_Alloc = 0 
L2_WB = 9164 
n_act = 12229 
n_pre = 12213 
n_ref = 0 
n_req = 51443 
total_req = 58316 

Dual Bus Interface Util: 
issued_total_row = 24442 
issued_total_col = 58316 
Row_Bus_Util =  0.090720 
CoL_Bus_Util = 0.216449 
Either_Row_CoL_Bus_Util = 0.266367 
Issued_on_Two_Bus_Simul_Util = 0.040802 
issued_two_Eff = 0.153181 
queue_avg = 13.020217 


dram_util_bins: 0 0 0 0 0 0 0 0 0 0
dram_eff_bins: 0 0 0 0 0 0 0 0 0 0
mrqq: max=128 avg=13.0202
Memory Partition 8: 
Cache L2_bank_016:
MSHR contents

Cache L2_bank_017:
MSHR contents

In Dram Latency Queue (total = 1): 
Ready @ 154461 -   mf: uid=20846727, sid4294967295:w4294967295, part=8, addr=0xc06d34b80, store, size=128, L2_WRBK  status = IN_PARTITION_DRAM_LATENCY_QUEUE (154207), 
DRAM[8]: 16 bks, busW=8 BL=4 CL=12, tRRD=3 tCCD=1, tRCD=12 tRAS=28 tRP=12 tRC=40
n_cmd=269422 n_nop=197730 n_act=12167 n_pre=12151 n_ref_event=0 n_req=51424 n_rd=49152 n_rd_L2_A=0 n_write=0 n_wr_bk=9088 bw_util=0.4323
n_activity=169446 dram_eff=0.6874
bk0: 3120a 232551i bk1: 3120a 233105i bk2: 3088a 231353i bk3: 3088a 232102i bk4: 3040a 231506i bk5: 3040a 231984i bk6: 3040a 232020i bk7: 3040a 234122i bk8: 3040a 232946i bk9: 3040a 233694i bk10: 3040a 233632i bk11: 3040a 233899i bk12: 3088a 233057i bk13: 3088a 232962i bk14: 3120a 233535i bk15: 3120a 233501i 

------------------------------------------------------------------------

Row_Buffer_Locality = 0.763398
Row_Buffer_Locality_read = 0.794881
Row_Buffer_Locality_write = 0.082306
Bank_Level_Parallism = 4.246334
Bank_Level_Parallism_Col = 3.322165
Bank_Level_Parallism_Ready = 1.815436
write_to_read_ratio_blp_rw_average = 0.216665
GrpLevelPara = 2.040636 

BW Util details:
bwutil = 0.432333 
total_CMD = 269422 
util_bw = 58240 
Wasted_Col = 68515 
Wasted_Row = 23070 
Idle = 119597 

BW Util Bottlenecks: 
RCDc_limit = 66318 
RCDWRc_limit = 8371 
WTRc_limit = 13433 
RTWc_limit = 52379 
CCDLc_limit = 35829 
rwq = 0 
CCDLc_limit_alone = 31194 
WTRc_limit_alone = 12493 
RTWc_limit_alone = 48684 

Commands details: 
total_CMD = 269422 
n_nop = 197730 
Read = 49152 
Write = 0 
L2_Alloc = 0 
L2_WB = 9088 
n_act = 12167 
n_pre = 12151 
n_ref = 0 
n_req = 51424 
total_req = 58240 

Dual Bus Interface Util: 
issued_total_row = 24318 
issued_total_col = 58240 
Row_Bus_Util =  0.090260 
CoL_Bus_Util = 0.216166 
Either_Row_CoL_Bus_Util = 0.266096 
Issued_on_Two_Bus_Simul_Util = 0.040331 
issued_two_Eff = 0.151565 
queue_avg = 13.119515 


dram_util_bins: 0 0 0 0 0 0 0 0 0 0
dram_eff_bins: 0 0 0 0 0 0 0 0 0 0
mrqq: max=128 avg=13.1195
Memory Partition 9: 
Cache L2_bank_018:
MSHR contents

Cache L2_bank_019:
MSHR contents

In Dram Latency Queue (total = 0): 
DRAM[9]: 16 bks, busW=8 BL=4 CL=12, tRRD=3 tCCD=1, tRCD=12 tRAS=28 tRP=12 tRC=40
n_cmd=269422 n_nop=197790 n_act=12192 n_pre=12176 n_ref_event=0 n_req=51427 n_rd=49152 n_rd_L2_A=0 n_write=0 n_wr_bk=9100 bw_util=0.4324
n_activity=168983 dram_eff=0.6894
bk0: 3120a 233290i bk1: 3120a 234455i bk2: 3088a 232127i bk3: 3088a 232865i bk4: 3040a 231869i bk5: 3040a 232187i bk6: 3040a 232786i bk7: 3040a 234289i bk8: 3040a 232856i bk9: 3040a 233138i bk10: 3040a 234141i bk11: 3040a 235409i bk12: 3088a 231919i bk13: 3088a 231784i bk14: 3120a 231636i bk15: 3120a 233175i 

------------------------------------------------------------------------

Row_Buffer_Locality = 0.762926
Row_Buffer_Locality_read = 0.794474
Row_Buffer_Locality_write = 0.081319
Bank_Level_Parallism = 4.253877
Bank_Level_Parallism_Col = 3.311858
Bank_Level_Parallism_Ready = 1.787286
write_to_read_ratio_blp_rw_average = 0.216621
GrpLevelPara = 2.029317 

BW Util details:
bwutil = 0.432422 
total_CMD = 269422 
util_bw = 58252 
Wasted_Col = 68147 
Wasted_Row = 22701 
Idle = 120322 

BW Util Bottlenecks: 
RCDc_limit = 66212 
RCDWRc_limit = 8487 
WTRc_limit = 14420 
RTWc_limit = 51796 
CCDLc_limit = 36244 
rwq = 0 
CCDLc_limit_alone = 31387 
WTRc_limit_alone = 13381 
RTWc_limit_alone = 47978 

Commands details: 
total_CMD = 269422 
n_nop = 197790 
Read = 49152 
Write = 0 
L2_Alloc = 0 
L2_WB = 9100 
n_act = 12192 
n_pre = 12176 
n_ref = 0 
n_req = 51427 
total_req = 58252 

Dual Bus Interface Util: 
issued_total_row = 24368 
issued_total_col = 58252 
Row_Bus_Util =  0.090445 
CoL_Bus_Util = 0.216211 
Either_Row_CoL_Bus_Util = 0.265873 
Issued_on_Two_Bus_Simul_Util = 0.040784 
issued_two_Eff = 0.153395 
queue_avg = 13.136848 


dram_util_bins: 0 0 0 0 0 0 0 0 0 0
dram_eff_bins: 0 0 0 0 0 0 0 0 0 0
mrqq: max=128 avg=13.1368
Memory Partition 10: 
Cache L2_bank_020:
MSHR contents

Cache L2_bank_021:
MSHR contents

In Dram Latency Queue (total = 1): 
Ready @ 154489 -   mf: uid=20846755, sid4294967295:w4294967295, part=10, addr=0xc069e1b80, store, size=128, L2_WRBK  status = IN_PARTITION_DRAM_LATENCY_QUEUE (154235), 
DRAM[10]: 16 bks, busW=8 BL=4 CL=12, tRRD=3 tCCD=1, tRCD=12 tRAS=28 tRP=12 tRC=40
n_cmd=269422 n_nop=197717 n_act=12249 n_pre=12233 n_ref_event=0 n_req=51428 n_rd=49152 n_rd_L2_A=0 n_write=0 n_wr_bk=9104 bw_util=0.4325
n_activity=170111 dram_eff=0.6849
bk0: 3120a 233246i bk1: 3120a 233155i bk2: 3088a 233116i bk3: 3088a 233110i bk4: 3040a 232878i bk5: 3040a 233466i bk6: 3040a 233108i bk7: 3040a 235020i bk8: 3040a 234101i bk9: 3040a 233863i bk10: 3040a 233689i bk11: 3040a 234481i bk12: 3088a 234387i bk13: 3088a 234396i bk14: 3120a 231841i bk15: 3120a 233542i 

------------------------------------------------------------------------

Row_Buffer_Locality = 0.761822
Row_Buffer_Locality_read = 0.793559
Row_Buffer_Locality_write = 0.076450
Bank_Level_Parallism = 4.159743
Bank_Level_Parallism_Col = 3.219355
Bank_Level_Parallism_Ready = 1.757484
write_to_read_ratio_blp_rw_average = 0.220772
GrpLevelPara = 2.021996 

BW Util details:
bwutil = 0.432452 
total_CMD = 269422 
util_bw = 58256 
Wasted_Col = 68912 
Wasted_Row = 23029 
Idle = 119225 

BW Util Bottlenecks: 
RCDc_limit = 66428 
RCDWRc_limit = 8496 
WTRc_limit = 12773 
RTWc_limit = 49388 
CCDLc_limit = 34929 
rwq = 0 
CCDLc_limit_alone = 30345 
WTRc_limit_alone = 11875 
RTWc_limit_alone = 45702 

Commands details: 
total_CMD = 269422 
n_nop = 197717 
Read = 49152 
Write = 0 
L2_Alloc = 0 
L2_WB = 9104 
n_act = 12249 
n_pre = 12233 
n_ref = 0 
n_req = 51428 
total_req = 58256 

Dual Bus Interface Util: 
issued_total_row = 24482 
issued_total_col = 58256 
Row_Bus_Util =  0.090869 
CoL_Bus_Util = 0.216226 
Either_Row_CoL_Bus_Util = 0.266144 
Issued_on_Two_Bus_Simul_Util = 0.040951 
issued_two_Eff = 0.153867 
queue_avg = 12.706891 


dram_util_bins: 0 0 0 0 0 0 0 0 0 0
dram_eff_bins: 0 0 0 0 0 0 0 0 0 0
mrqq: max=128 avg=12.7069
Memory Partition 11: 
Cache L2_bank_022:
MSHR contents

Cache L2_bank_023:
MSHR contents

In Dram Latency Queue (total = 1): 
Ready @ 154468 -   mf: uid=20846735, sid4294967295:w4294967295, part=11, addr=0xc0769cc00, store, size=128, L2_WRBK  status = IN_PARTITION_DRAM_LATENCY_QUEUE (154214), 
DRAM[11]: 16 bks, busW=8 BL=4 CL=12, tRRD=3 tCCD=1, tRCD=12 tRAS=28 tRP=12 tRC=40
n_cmd=269422 n_nop=197814 n_act=12225 n_pre=12209 n_ref_event=0 n_req=51422 n_rd=49152 n_rd_L2_A=0 n_write=0 n_wr_bk=9080 bw_util=0.4323
n_activity=169712 dram_eff=0.6862
bk0: 3120a 234198i bk1: 3120a 234219i bk2: 3088a 231788i bk3: 3088a 233701i bk4: 3040a 231940i bk5: 3040a 233236i bk6: 3040a 232012i bk7: 3040a 235101i bk8: 3040a 231957i bk9: 3040a 233615i bk10: 3040a 232741i bk11: 3040a 234916i bk12: 3088a 232752i bk13: 3088a 234276i bk14: 3120a 233130i bk15: 3120a 233133i 

------------------------------------------------------------------------

Row_Buffer_Locality = 0.762261
Row_Buffer_Locality_read = 0.793966
Row_Buffer_Locality_write = 0.075771
Bank_Level_Parallism = 4.180952
Bank_Level_Parallism_Col = 3.246466
Bank_Level_Parallism_Ready = 1.795199
write_to_read_ratio_blp_rw_average = 0.217417
GrpLevelPara = 2.023566 

BW Util details:
bwutil = 0.432274 
total_CMD = 269422 
util_bw = 58232 
Wasted_Col = 69394 
Wasted_Row = 22928 
Idle = 118868 

BW Util Bottlenecks: 
RCDc_limit = 66597 
RCDWRc_limit = 8613 
WTRc_limit = 14064 
RTWc_limit = 50955 
CCDLc_limit = 35894 
rwq = 0 
CCDLc_limit_alone = 31162 
WTRc_limit_alone = 13203 
RTWc_limit_alone = 47084 

Commands details: 
total_CMD = 269422 
n_nop = 197814 
Read = 49152 
Write = 0 
L2_Alloc = 0 
L2_WB = 9080 
n_act = 12225 
n_pre = 12209 
n_ref = 0 
n_req = 51422 
total_req = 58232 

Dual Bus Interface Util: 
issued_total_row = 24434 
issued_total_col = 58232 
Row_Bus_Util =  0.090690 
CoL_Bus_Util = 0.216137 
Either_Row_CoL_Bus_Util = 0.265784 
Issued_on_Two_Bus_Simul_Util = 0.041043 
issued_two_Eff = 0.154424 
queue_avg = 12.651776 


dram_util_bins: 0 0 0 0 0 0 0 0 0 0
dram_eff_bins: 0 0 0 0 0 0 0 0 0 0
mrqq: max=128 avg=12.6518
Memory Partition 12: 
Cache L2_bank_024:
MSHR contents

Cache L2_bank_025:
MSHR contents

In Dram Latency Queue (total = 0): 
DRAM[12]: 16 bks, busW=8 BL=4 CL=12, tRRD=3 tCCD=1, tRCD=12 tRAS=28 tRP=12 tRC=40
n_cmd=269422 n_nop=197721 n_act=12213 n_pre=12197 n_ref_event=0 n_req=51434 n_rd=49152 n_rd_L2_A=0 n_write=0 n_wr_bk=9128 bw_util=0.4326
n_activity=168842 dram_eff=0.6903
bk0: 3120a 232808i bk1: 3120a 233022i bk2: 3088a 231645i bk3: 3088a 231817i bk4: 3040a 232069i bk5: 3040a 233572i bk6: 3040a 233692i bk7: 3040a 234232i bk8: 3040a 234499i bk9: 3040a 234567i bk10: 3040a 234991i bk11: 3040a 233756i bk12: 3088a 234574i bk13: 3088a 233173i bk14: 3120a 232661i bk15: 3120a 232169i 

------------------------------------------------------------------------

Row_Buffer_Locality = 0.762550
Row_Buffer_Locality_read = 0.794230
Row_Buffer_Locality_write = 0.080193
Bank_Level_Parallism = 4.212416
Bank_Level_Parallism_Col = 3.259174
Bank_Level_Parallism_Ready = 1.794115
write_to_read_ratio_blp_rw_average = 0.214796
GrpLevelPara = 2.027635 

BW Util details:
bwutil = 0.432630 
total_CMD = 269422 
util_bw = 58280 
Wasted_Col = 68728 
Wasted_Row = 22298 
Idle = 120116 

BW Util Bottlenecks: 
RCDc_limit = 66961 
RCDWRc_limit = 8511 
WTRc_limit = 14151 
RTWc_limit = 50670 
CCDLc_limit = 35662 
rwq = 0 
CCDLc_limit_alone = 31303 
WTRc_limit_alone = 13170 
RTWc_limit_alone = 47292 

Commands details: 
total_CMD = 269422 
n_nop = 197721 
Read = 49152 
Write = 0 
L2_Alloc = 0 
L2_WB = 9128 
n_act = 12213 
n_pre = 12197 
n_ref = 0 
n_req = 51434 
total_req = 58280 

Dual Bus Interface Util: 
issued_total_row = 24410 
issued_total_col = 58280 
Row_Bus_Util =  0.090601 
CoL_Bus_Util = 0.216315 
Either_Row_CoL_Bus_Util = 0.266129 
Issued_on_Two_Bus_Simul_Util = 0.040787 
issued_two_Eff = 0.153261 
queue_avg = 12.612779 


dram_util_bins: 0 0 0 0 0 0 0 0 0 0
dram_eff_bins: 0 0 0 0 0 0 0 0 0 0
mrqq: max=128 avg=12.6128
Memory Partition 13: 
Cache L2_bank_026:
MSHR contents

Cache L2_bank_027:
MSHR contents

In Dram Latency Queue (total = 2): 
Ready @ 154440 -   mf: uid=20846721, sid4294967295:w4294967295, part=13, addr=0xc0783ec00, store, size=128, L2_WRBK  status = IN_PARTITION_DRAM_LATENCY_QUEUE (154186), 
Ready @ 154528 -   mf: uid=20846763, sid4294967295:w4294967295, part=13, addr=0xc07018c00, store, size=128, L2_WRBK  status = IN_PARTITION_DRAM_LATENCY_QUEUE (154274), 
DRAM[13]: 16 bks, busW=8 BL=4 CL=12, tRRD=3 tCCD=1, tRCD=12 tRAS=28 tRP=12 tRC=40
n_cmd=269422 n_nop=197636 n_act=12212 n_pre=12196 n_ref_event=0 n_req=51433 n_rd=49152 n_rd_L2_A=0 n_write=0 n_wr_bk=9124 bw_util=0.4326
n_activity=168724 dram_eff=0.6908
bk0: 3120a 233290i bk1: 3120a 232851i bk2: 3088a 232175i bk3: 3088a 233188i bk4: 3040a 232675i bk5: 3040a 234072i bk6: 3040a 232694i bk7: 3040a 233444i bk8: 3040a 231933i bk9: 3040a 233617i bk10: 3040a 234975i bk11: 3040a 235272i bk12: 3088a 232743i bk13: 3088a 234141i bk14: 3120a 233531i bk15: 3120a 233019i 

------------------------------------------------------------------------

Row_Buffer_Locality = 0.762565
Row_Buffer_Locality_read = 0.794108
Row_Buffer_Locality_write = 0.082858
Bank_Level_Parallism = 4.212027
Bank_Level_Parallism_Col = 3.259157
Bank_Level_Parallism_Ready = 1.807056
write_to_read_ratio_blp_rw_average = 0.213030
GrpLevelPara = 2.024328 

BW Util details:
bwutil = 0.432600 
total_CMD = 269422 
util_bw = 58276 
Wasted_Col = 68252 
Wasted_Row = 22703 
Idle = 120191 

BW Util Bottlenecks: 
RCDc_limit = 66597 
RCDWRc_limit = 8591 
WTRc_limit = 14689 
RTWc_limit = 49006 
CCDLc_limit = 35911 
rwq = 0 
CCDLc_limit_alone = 31309 
WTRc_limit_alone = 13704 
RTWc_limit_alone = 45389 

Commands details: 
total_CMD = 269422 
n_nop = 197636 
Read = 49152 
Write = 0 
L2_Alloc = 0 
L2_WB = 9124 
n_act = 12212 
n_pre = 12196 
n_ref = 0 
n_req = 51433 
total_req = 58276 

Dual Bus Interface Util: 
issued_total_row = 24408 
issued_total_col = 58276 
Row_Bus_Util =  0.090594 
CoL_Bus_Util = 0.216300 
Either_Row_CoL_Bus_Util = 0.266444 
Issued_on_Two_Bus_Simul_Util = 0.040450 
issued_two_Eff = 0.151812 
queue_avg = 12.693169 


dram_util_bins: 0 0 0 0 0 0 0 0 0 0
dram_eff_bins: 0 0 0 0 0 0 0 0 0 0
mrqq: max=128 avg=12.6932
Memory Partition 14: 
Cache L2_bank_028:
MSHR contents

Cache L2_bank_029:
MSHR contents

In Dram Latency Queue (total = 0): 
DRAM[14]: 16 bks, busW=8 BL=4 CL=12, tRRD=3 tCCD=1, tRCD=12 tRAS=28 tRP=12 tRC=40
n_cmd=269422 n_nop=197569 n_act=12219 n_pre=12203 n_ref_event=0 n_req=51439 n_rd=49152 n_rd_L2_A=0 n_write=0 n_wr_bk=9148 bw_util=0.4328
n_activity=168894 dram_eff=0.6904
bk0: 3120a 233142i bk1: 3120a 233388i bk2: 3088a 230856i bk3: 3088a 233340i bk4: 3040a 232658i bk5: 3040a 232336i bk6: 3040a 231132i bk7: 3040a 234484i bk8: 3040a 232495i bk9: 3040a 233575i bk10: 3040a 234100i bk11: 3040a 235689i bk12: 3088a 231879i bk13: 3088a 234401i bk14: 3120a 231900i bk15: 3120a 233216i 

------------------------------------------------------------------------

Row_Buffer_Locality = 0.762456
Row_Buffer_Locality_read = 0.794047
Row_Buffer_Locality_write = 0.083516
Bank_Level_Parallism = 4.226423
Bank_Level_Parallism_Col = 3.290701
Bank_Level_Parallism_Ready = 1.790309
write_to_read_ratio_blp_rw_average = 0.217990
GrpLevelPara = 2.026030 

BW Util details:
bwutil = 0.432778 
total_CMD = 269422 
util_bw = 58300 
Wasted_Col = 68723 
Wasted_Row = 22891 
Idle = 119508 

BW Util Bottlenecks: 
RCDc_limit = 66865 
RCDWRc_limit = 8406 
WTRc_limit = 13897 
RTWc_limit = 51240 
CCDLc_limit = 36235 
rwq = 0 
CCDLc_limit_alone = 31633 
WTRc_limit_alone = 12914 
RTWc_limit_alone = 47621 

Commands details: 
total_CMD = 269422 
n_nop = 197569 
Read = 49152 
Write = 0 
L2_Alloc = 0 
L2_WB = 9148 
n_act = 12219 
n_pre = 12203 
n_ref = 0 
n_req = 51439 
total_req = 58300 

Dual Bus Interface Util: 
issued_total_row = 24422 
issued_total_col = 58300 
Row_Bus_Util =  0.090646 
CoL_Bus_Util = 0.216389 
Either_Row_CoL_Bus_Util = 0.266693 
Issued_on_Two_Bus_Simul_Util = 0.040342 
issued_two_Eff = 0.151267 
queue_avg = 12.853494 


dram_util_bins: 0 0 0 0 0 0 0 0 0 0
dram_eff_bins: 0 0 0 0 0 0 0 0 0 0
mrqq: max=128 avg=12.8535
Memory Partition 15: 
Cache L2_bank_030:
MSHR contents

Cache L2_bank_031:
MSHR contents

In Dram Latency Queue (total = 1): 
Ready @ 154582 -   mf: uid=20846768, sid4294967295:w4294967295, part=15, addr=0xc06d9cb80, store, size=128, L2_WRBK  status = IN_PARTITION_DRAM_LATENCY_QUEUE (154328), 
DRAM[15]: 16 bks, busW=8 BL=4 CL=12, tRRD=3 tCCD=1, tRCD=12 tRAS=28 tRP=12 tRC=40
n_cmd=269422 n_nop=197659 n_act=12212 n_pre=12196 n_ref_event=0 n_req=51436 n_rd=49152 n_rd_L2_A=0 n_write=0 n_wr_bk=9136 bw_util=0.4327
n_activity=168993 dram_eff=0.6898
bk0: 3120a 233640i bk1: 3120a 234079i bk2: 3088a 233100i bk3: 3088a 233564i bk4: 3040a 231910i bk5: 3040a 231242i bk6: 3040a 235002i bk7: 3040a 233962i bk8: 3040a 232661i bk9: 3040a 233071i bk10: 3040a 232461i bk11: 3040a 234737i bk12: 3088a 231878i bk13: 3088a 234852i bk14: 3120a 233390i bk15: 3120a 232834i 

------------------------------------------------------------------------

Row_Buffer_Locality = 0.762579
Row_Buffer_Locality_read = 0.794434
Row_Buffer_Locality_write = 0.077058
Bank_Level_Parallism = 4.208436
Bank_Level_Parallism_Col = 3.272711
Bank_Level_Parallism_Ready = 1.789562
write_to_read_ratio_blp_rw_average = 0.220866
GrpLevelPara = 2.031220 

BW Util details:
bwutil = 0.432689 
total_CMD = 269422 
util_bw = 58288 
Wasted_Col = 68570 
Wasted_Row = 22795 
Idle = 119769 

BW Util Bottlenecks: 
RCDc_limit = 66759 
RCDWRc_limit = 8589 
WTRc_limit = 13308 
RTWc_limit = 51670 
CCDLc_limit = 36147 
rwq = 0 
CCDLc_limit_alone = 31210 
WTRc_limit_alone = 12435 
RTWc_limit_alone = 47606 

Commands details: 
total_CMD = 269422 
n_nop = 197659 
Read = 49152 
Write = 0 
L2_Alloc = 0 
L2_WB = 9136 
n_act = 12212 
n_pre = 12196 
n_ref = 0 
n_req = 51436 
total_req = 58288 

Dual Bus Interface Util: 
issued_total_row = 24408 
issued_total_col = 58288 
Row_Bus_Util =  0.090594 
CoL_Bus_Util = 0.216345 
Either_Row_CoL_Bus_Util = 0.266359 
Issued_on_Two_Bus_Simul_Util = 0.040579 
issued_two_Eff = 0.152349 
queue_avg = 13.148035 


dram_util_bins: 0 0 0 0 0 0 0 0 0 0
dram_eff_bins: 0 0 0 0 0 0 0 0 0 0
mrqq: max=128 avg=13.148
Memory Partition 16: 
Cache L2_bank_032:
MSHR contents

Cache L2_bank_033:
MSHR contents

In Dram Latency Queue (total = 1): 
Ready @ 154636 -   mf: uid=20846785, sid4294967295:w4294967295, part=16, addr=0xc07ab1c00, store, size=128, L2_WRBK  status = IN_PARTITION_DRAM_LATENCY_QUEUE (154382), 
DRAM[16]: 16 bks, busW=8 BL=4 CL=12, tRRD=3 tCCD=1, tRCD=12 tRAS=28 tRP=12 tRC=40
n_cmd=269422 n_nop=198169 n_act=11907 n_pre=11891 n_ref_event=0 n_req=51406 n_rd=49152 n_rd_L2_A=0 n_write=0 n_wr_bk=9016 bw_util=0.4318
n_activity=167931 dram_eff=0.6928
bk0: 3120a 232581i bk1: 3120a 234265i bk2: 3088a 233124i bk3: 3088a 233341i bk4: 3040a 232096i bk5: 3040a 233830i bk6: 3040a 233827i bk7: 3040a 234901i bk8: 3040a 233760i bk9: 3040a 234086i bk10: 3040a 236113i bk11: 3040a 234056i bk12: 3088a 232281i bk13: 3088a 233737i bk14: 3120a 233661i bk15: 3120a 233861i 

------------------------------------------------------------------------

Row_Buffer_Locality = 0.768373
Row_Buffer_Locality_read = 0.800049
Row_Buffer_Locality_write = 0.077640
Bank_Level_Parallism = 4.193837
Bank_Level_Parallism_Col = 3.298224
Bank_Level_Parallism_Ready = 1.807592
write_to_read_ratio_blp_rw_average = 0.208076
GrpLevelPara = 2.029504 

BW Util details:
bwutil = 0.431798 
total_CMD = 269422 
util_bw = 58168 
Wasted_Col = 67364 
Wasted_Row = 22933 
Idle = 120957 

BW Util Bottlenecks: 
RCDc_limit = 64788 
RCDWRc_limit = 7983 
WTRc_limit = 13682 
RTWc_limit = 49591 
CCDLc_limit = 35555 
rwq = 0 
CCDLc_limit_alone = 30690 
WTRc_limit_alone = 12642 
RTWc_limit_alone = 45766 

Commands details: 
total_CMD = 269422 
n_nop = 198169 
Read = 49152 
Write = 0 
L2_Alloc = 0 
L2_WB = 9016 
n_act = 11907 
n_pre = 11891 
n_ref = 0 
n_req = 51406 
total_req = 58168 

Dual Bus Interface Util: 
issued_total_row = 23798 
issued_total_col = 58168 
Row_Bus_Util =  0.088330 
CoL_Bus_Util = 0.215899 
Either_Row_CoL_Bus_Util = 0.264466 
Issued_on_Two_Bus_Simul_Util = 0.039763 
issued_two_Eff = 0.150352 
queue_avg = 13.024693 


dram_util_bins: 0 0 0 0 0 0 0 0 0 0
dram_eff_bins: 0 0 0 0 0 0 0 0 0 0
mrqq: max=128 avg=13.0247
Memory Partition 17: 
Cache L2_bank_034:
MSHR contents

Cache L2_bank_035:
MSHR contents

In Dram Latency Queue (total = 2): 
Ready @ 154589 -   mf: uid=20846771, sid4294967295:w4294967295, part=17, addr=0xc077a9c00, store, size=128, L2_WRBK  status = IN_PARTITION_DRAM_LATENCY_QUEUE (154335), 
Ready @ 154625 -   mf: uid=20846779, sid4294967295:w4294967295, part=17, addr=0xc07684c00, store, size=128, L2_WRBK  status = IN_PARTITION_DRAM_LATENCY_QUEUE (154371), 
DRAM[17]: 16 bks, busW=8 BL=4 CL=12, tRRD=3 tCCD=1, tRCD=12 tRAS=28 tRP=12 tRC=40
n_cmd=269422 n_nop=198208 n_act=11899 n_pre=11883 n_ref_event=0 n_req=51411 n_rd=49152 n_rd_L2_A=0 n_write=0 n_wr_bk=9036 bw_util=0.4319
n_activity=168881 dram_eff=0.6891
bk0: 3120a 233264i bk1: 3120a 233495i bk2: 3088a 232738i bk3: 3088a 233489i bk4: 3040a 232384i bk5: 3040a 232213i bk6: 3040a 233059i bk7: 3040a 234682i bk8: 3040a 233759i bk9: 3040a 234018i bk10: 3040a 233267i bk11: 3040a 234232i bk12: 3088a 233980i bk13: 3088a 232956i bk14: 3120a 231928i bk15: 3120a 234054i 

------------------------------------------------------------------------

Row_Buffer_Locality = 0.768551
Row_Buffer_Locality_read = 0.800049
Row_Buffer_Locality_write = 0.083223
Bank_Level_Parallism = 4.210927
Bank_Level_Parallism_Col = 3.327747
Bank_Level_Parallism_Ready = 1.843799
write_to_read_ratio_blp_rw_average = 0.209853
GrpLevelPara = 2.028666 

BW Util details:
bwutil = 0.431947 
total_CMD = 269422 
util_bw = 58188 
Wasted_Col = 67850 
Wasted_Row = 23251 
Idle = 120133 

BW Util Bottlenecks: 
RCDc_limit = 65089 
RCDWRc_limit = 8014 
WTRc_limit = 13854 
RTWc_limit = 50889 
CCDLc_limit = 35877 
rwq = 0 
CCDLc_limit_alone = 31151 
WTRc_limit_alone = 12899 
RTWc_limit_alone = 47118 

Commands details: 
total_CMD = 269422 
n_nop = 198208 
Read = 49152 
Write = 0 
L2_Alloc = 0 
L2_WB = 9036 
n_act = 11899 
n_pre = 11883 
n_ref = 0 
n_req = 51411 
total_req = 58188 

Dual Bus Interface Util: 
issued_total_row = 23782 
issued_total_col = 58188 
Row_Bus_Util =  0.088270 
CoL_Bus_Util = 0.215973 
Either_Row_CoL_Bus_Util = 0.264321 
Issued_on_Two_Bus_Simul_Util = 0.039923 
issued_two_Eff = 0.151038 
queue_avg = 13.771388 


dram_util_bins: 0 0 0 0 0 0 0 0 0 0
dram_eff_bins: 0 0 0 0 0 0 0 0 0 0
mrqq: max=128 avg=13.7714
Memory Partition 18: 
Cache L2_bank_036:
MSHR contents

Cache L2_bank_037:
MSHR contents

In Dram Latency Queue (total = 2): 
Ready @ 154495 -   mf: uid=20846758, sid4294967295:w4294967295, part=18, addr=0xc07639c00, store, size=128, L2_WRBK  status = IN_PARTITION_DRAM_LATENCY_QUEUE (154241), 
Ready @ 154585 -   mf: uid=20846769, sid4294967295:w4294967295, part=18, addr=0xc077a2c00, store, size=128, L2_WRBK  status = IN_PARTITION_DRAM_LATENCY_QUEUE (154331), 
DRAM[18]: 16 bks, busW=8 BL=4 CL=12, tRRD=3 tCCD=1, tRCD=12 tRAS=28 tRP=12 tRC=40
n_cmd=269422 n_nop=198109 n_act=11920 n_pre=11904 n_ref_event=0 n_req=51415 n_rd=49152 n_rd_L2_A=0 n_write=0 n_wr_bk=9052 bw_util=0.4321
n_activity=168389 dram_eff=0.6913
bk0: 3120a 233414i bk1: 3120a 233849i bk2: 3088a 232535i bk3: 3088a 232101i bk4: 3040a 232538i bk5: 3040a 233202i bk6: 3040a 233866i bk7: 3040a 234666i bk8: 3040a 234465i bk9: 3040a 234701i bk10: 3040a 234079i bk11: 3040a 235627i bk12: 3088a 234007i bk13: 3088a 234188i bk14: 3120a 230845i bk15: 3120a 234770i 

------------------------------------------------------------------------

Row_Buffer_Locality = 0.768161
Row_Buffer_Locality_read = 0.799784
Row_Buffer_Locality_write = 0.081308
Bank_Level_Parallism = 4.194265
Bank_Level_Parallism_Col = 3.304521
Bank_Level_Parallism_Ready = 1.823345
write_to_read_ratio_blp_rw_average = 0.210123
GrpLevelPara = 2.031068 

BW Util details:
bwutil = 0.432066 
total_CMD = 269422 
util_bw = 58204 
Wasted_Col = 67124 
Wasted_Row = 23283 
Idle = 120811 

BW Util Bottlenecks: 
RCDc_limit = 65222 
RCDWRc_limit = 8148 
WTRc_limit = 13705 
RTWc_limit = 49009 
CCDLc_limit = 35167 
rwq = 0 
CCDLc_limit_alone = 30528 
WTRc_limit_alone = 12692 
RTWc_limit_alone = 45383 

Commands details: 
total_CMD = 269422 
n_nop = 198109 
Read = 49152 
Write = 0 
L2_Alloc = 0 
L2_WB = 9052 
n_act = 11920 
n_pre = 11904 
n_ref = 0 
n_req = 51415 
total_req = 58204 

Dual Bus Interface Util: 
issued_total_row = 23824 
issued_total_col = 58204 
Row_Bus_Util =  0.088426 
CoL_Bus_Util = 0.216033 
Either_Row_CoL_Bus_Util = 0.264689 
Issued_on_Two_Bus_Simul_Util = 0.039770 
issued_two_Eff = 0.150253 
queue_avg = 13.499833 


dram_util_bins: 0 0 0 0 0 0 0 0 0 0
dram_eff_bins: 0 0 0 0 0 0 0 0 0 0
mrqq: max=128 avg=13.4998
Memory Partition 19: 
Cache L2_bank_038:
MSHR contents

Cache L2_bank_039:
MSHR contents

In Dram Latency Queue (total = 0): 
DRAM[19]: 16 bks, busW=8 BL=4 CL=12, tRRD=3 tCCD=1, tRCD=12 tRAS=28 tRP=12 tRC=40
n_cmd=269422 n_nop=198173 n_act=11950 n_pre=11934 n_ref_event=0 n_req=51413 n_rd=49152 n_rd_L2_A=0 n_write=0 n_wr_bk=9044 bw_util=0.432
n_activity=167807 dram_eff=0.6936
bk0: 3120a 233229i bk1: 3120a 233222i bk2: 3088a 233213i bk3: 3088a 232473i bk4: 3040a 232544i bk5: 3040a 232803i bk6: 3040a 232030i bk7: 3040a 235881i bk8: 3040a 233832i bk9: 3040a 234802i bk10: 3040a 234078i bk11: 3040a 234582i bk12: 3088a 234084i bk13: 3088a 233264i bk14: 3120a 233107i bk15: 3120a 234991i 

------------------------------------------------------------------------

Row_Buffer_Locality = 0.767569
Row_Buffer_Locality_read = 0.799215
Row_Buffer_Locality_write = 0.079611
Bank_Level_Parallism = 4.197304
Bank_Level_Parallism_Col = 3.298055
Bank_Level_Parallism_Ready = 1.814506
write_to_read_ratio_blp_rw_average = 0.209972
GrpLevelPara = 2.034101 

BW Util details:
bwutil = 0.432006 
total_CMD = 269422 
util_bw = 58196 
Wasted_Col = 67756 
Wasted_Row = 22722 
Idle = 120748 

BW Util Bottlenecks: 
RCDc_limit = 65285 
RCDWRc_limit = 8056 
WTRc_limit = 14427 
RTWc_limit = 48532 
CCDLc_limit = 35780 
rwq = 0 
CCDLc_limit_alone = 31382 
WTRc_limit_alone = 13465 
RTWc_limit_alone = 45096 

Commands details: 
total_CMD = 269422 
n_nop = 198173 
Read = 49152 
Write = 0 
L2_Alloc = 0 
L2_WB = 9044 
n_act = 11950 
n_pre = 11934 
n_ref = 0 
n_req = 51413 
total_req = 58196 

Dual Bus Interface Util: 
issued_total_row = 23884 
issued_total_col = 58196 
Row_Bus_Util =  0.088649 
CoL_Bus_Util = 0.216003 
Either_Row_CoL_Bus_Util = 0.264451 
Issued_on_Two_Bus_Simul_Util = 0.040201 
issued_two_Eff = 0.152016 
queue_avg = 13.142728 


dram_util_bins: 0 0 0 0 0 0 0 0 0 0
dram_eff_bins: 0 0 0 0 0 0 0 0 0 0
mrqq: max=128 avg=13.1427
Memory Partition 20: 
Cache L2_bank_040:
MSHR contents

Cache L2_bank_041:
MSHR contents

In Dram Latency Queue (total = 0): 
DRAM[20]: 16 bks, busW=8 BL=4 CL=12, tRRD=3 tCCD=1, tRCD=12 tRAS=28 tRP=12 tRC=40
n_cmd=269422 n_nop=198173 n_act=11925 n_pre=11909 n_ref_event=0 n_req=51423 n_rd=49152 n_rd_L2_A=0 n_write=0 n_wr_bk=9084 bw_util=0.4323
n_activity=167375 dram_eff=0.6959
bk0: 3120a 233246i bk1: 3120a 232863i bk2: 3088a 232228i bk3: 3088a 233855i bk4: 3040a 232333i bk5: 3040a 233540i bk6: 3040a 233922i bk7: 3040a 235029i bk8: 3040a 235446i bk9: 3040a 234766i bk10: 3040a 235927i bk11: 3040a 235295i bk12: 3088a 234056i bk13: 3088a 233628i bk14: 3120a 233917i bk15: 3120a 233744i 

------------------------------------------------------------------------

Row_Buffer_Locality = 0.768100
Row_Buffer_Locality_read = 0.799622
Row_Buffer_Locality_write = 0.085865
Bank_Level_Parallism = 4.167543
Bank_Level_Parallism_Col = 3.265070
Bank_Level_Parallism_Ready = 1.811457
write_to_read_ratio_blp_rw_average = 0.206757
GrpLevelPara = 2.026305 

BW Util details:
bwutil = 0.432303 
total_CMD = 269422 
util_bw = 58236 
Wasted_Col = 67728 
Wasted_Row = 22416 
Idle = 121042 

BW Util Bottlenecks: 
RCDc_limit = 65293 
RCDWRc_limit = 8179 
WTRc_limit = 14033 
RTWc_limit = 47849 
CCDLc_limit = 35403 
rwq = 0 
CCDLc_limit_alone = 30877 
WTRc_limit_alone = 12985 
RTWc_limit_alone = 44371 

Commands details: 
total_CMD = 269422 
n_nop = 198173 
Read = 49152 
Write = 0 
L2_Alloc = 0 
L2_WB = 9084 
n_act = 11925 
n_pre = 11909 
n_ref = 0 
n_req = 51423 
total_req = 58236 

Dual Bus Interface Util: 
issued_total_row = 23834 
issued_total_col = 58236 
Row_Bus_Util =  0.088463 
CoL_Bus_Util = 0.216152 
Either_Row_CoL_Bus_Util = 0.264451 
Issued_on_Two_Bus_Simul_Util = 0.040164 
issued_two_Eff = 0.151876 
queue_avg = 13.176110 


dram_util_bins: 0 0 0 0 0 0 0 0 0 0
dram_eff_bins: 0 0 0 0 0 0 0 0 0 0
mrqq: max=128 avg=13.1761
Memory Partition 21: 
Cache L2_bank_042:
MSHR contents

Cache L2_bank_043:
MSHR contents

In Dram Latency Queue (total = 2): 
Ready @ 154451 -   mf: uid=20846724, sid4294967295:w4294967295, part=21, addr=0xc07841c00, store, size=128, L2_WRBK  status = IN_PARTITION_DRAM_LATENCY_QUEUE (154197), 
Ready @ 154490 -   mf: uid=20846756, sid4294967295:w4294967295, part=21, addr=0xc07626c00, store, size=128, L2_WRBK  status = IN_PARTITION_DRAM_LATENCY_QUEUE (154236), 
DRAM[21]: 16 bks, busW=8 BL=4 CL=12, tRRD=3 tCCD=1, tRCD=12 tRAS=28 tRP=12 tRC=40
n_cmd=269422 n_nop=198156 n_act=11935 n_pre=11919 n_ref_event=0 n_req=51425 n_rd=49152 n_rd_L2_A=0 n_write=0 n_wr_bk=9092 bw_util=0.4324
n_activity=167030 dram_eff=0.6974
bk0: 3120a 234001i bk1: 3120a 233377i bk2: 3088a 232690i bk3: 3088a 233430i bk4: 3040a 232535i bk5: 3040a 232150i bk6: 3040a 232039i bk7: 3040a 234247i bk8: 3040a 233754i bk9: 3040a 233305i bk10: 3040a 233612i bk11: 3040a 234547i bk12: 3088a 234104i bk13: 3088a 234333i bk14: 3120a 233452i bk15: 3120a 234316i 

------------------------------------------------------------------------

Row_Buffer_Locality = 0.767914
Row_Buffer_Locality_read = 0.799561
Row_Buffer_Locality_write = 0.083590
Bank_Level_Parallism = 4.230655
Bank_Level_Parallism_Col = 3.313854
Bank_Level_Parallism_Ready = 1.824445
write_to_read_ratio_blp_rw_average = 0.213427
GrpLevelPara = 2.035543 

BW Util details:
bwutil = 0.432363 
total_CMD = 269422 
util_bw = 58244 
Wasted_Col = 67674 
Wasted_Row = 22117 
Idle = 121387 

BW Util Bottlenecks: 
RCDc_limit = 65336 
RCDWRc_limit = 8197 
WTRc_limit = 14259 
RTWc_limit = 50732 
CCDLc_limit = 35895 
rwq = 0 
CCDLc_limit_alone = 31119 
WTRc_limit_alone = 13197 
RTWc_limit_alone = 47018 

Commands details: 
total_CMD = 269422 
n_nop = 198156 
Read = 49152 
Write = 0 
L2_Alloc = 0 
L2_WB = 9092 
n_act = 11935 
n_pre = 11919 
n_ref = 0 
n_req = 51425 
total_req = 58244 

Dual Bus Interface Util: 
issued_total_row = 23854 
issued_total_col = 58244 
Row_Bus_Util =  0.088538 
CoL_Bus_Util = 0.216181 
Either_Row_CoL_Bus_Util = 0.264514 
Issued_on_Two_Bus_Simul_Util = 0.040205 
issued_two_Eff = 0.151994 
queue_avg = 13.106179 


dram_util_bins: 0 0 0 0 0 0 0 0 0 0
dram_eff_bins: 0 0 0 0 0 0 0 0 0 0
mrqq: max=128 avg=13.1062
Memory Partition 22: 
Cache L2_bank_044:
MSHR contents

Cache L2_bank_045:
MSHR contents

In Dram Latency Queue (total = 1): 
Ready @ 154627 -   mf: uid=20846781, sid4294967295:w4294967295, part=22, addr=0xc07725c00, store, size=128, L2_WRBK  status = IN_PARTITION_DRAM_LATENCY_QUEUE (154373), 
DRAM[22]: 16 bks, busW=8 BL=4 CL=12, tRRD=3 tCCD=1, tRCD=12 tRAS=28 tRP=12 tRC=40
n_cmd=269422 n_nop=198202 n_act=11924 n_pre=11908 n_ref_event=0 n_req=51422 n_rd=49152 n_rd_L2_A=0 n_write=0 n_wr_bk=9080 bw_util=0.4323
n_activity=167315 dram_eff=0.6961
bk0: 3120a 232416i bk1: 3120a 233788i bk2: 3088a 232932i bk3: 3088a 233670i bk4: 3040a 232346i bk5: 3040a 234638i bk6: 3040a 234573i bk7: 3040a 234809i bk8: 3040a 234535i bk9: 3040a 235607i bk10: 3040a 234830i bk11: 3040a 234014i bk12: 3088a 234456i bk13: 3088a 234997i bk14: 3120a 233165i bk15: 3120a 232272i 

------------------------------------------------------------------------

Row_Buffer_Locality = 0.768115
Row_Buffer_Locality_read = 0.799500
Row_Buffer_Locality_write = 0.088546
Bank_Level_Parallism = 4.176286
Bank_Level_Parallism_Col = 3.275218
Bank_Level_Parallism_Ready = 1.806326
write_to_read_ratio_blp_rw_average = 0.206933
GrpLevelPara = 2.011643 

BW Util details:
bwutil = 0.432274 
total_CMD = 269422 
util_bw = 58232 
Wasted_Col = 67551 
Wasted_Row = 22465 
Idle = 121174 

BW Util Bottlenecks: 
RCDc_limit = 65282 
RCDWRc_limit = 7906 
WTRc_limit = 14105 
RTWc_limit = 47707 
CCDLc_limit = 35750 
rwq = 0 
CCDLc_limit_alone = 31077 
WTRc_limit_alone = 13053 
RTWc_limit_alone = 44086 

Commands details: 
total_CMD = 269422 
n_nop = 198202 
Read = 49152 
Write = 0 
L2_Alloc = 0 
L2_WB = 9080 
n_act = 11924 
n_pre = 11908 
n_ref = 0 
n_req = 51422 
total_req = 58232 

Dual Bus Interface Util: 
issued_total_row = 23832 
issued_total_col = 58232 
Row_Bus_Util =  0.088456 
CoL_Bus_Util = 0.216137 
Either_Row_CoL_Bus_Util = 0.264344 
Issued_on_Two_Bus_Simul_Util = 0.040249 
issued_two_Eff = 0.152261 
queue_avg = 13.058774 


dram_util_bins: 0 0 0 0 0 0 0 0 0 0
dram_eff_bins: 0 0 0 0 0 0 0 0 0 0
mrqq: max=128 avg=13.0588
Memory Partition 23: 
Cache L2_bank_046:
MSHR contents

Cache L2_bank_047:
MSHR contents

In Dram Latency Queue (total = 1): 
Ready @ 154436 -   mf: uid=20846720, sid4294967295:w4294967295, part=23, addr=0xc077c7c00, store, size=128, L2_WRBK  status = IN_PARTITION_DRAM_LATENCY_QUEUE (154182), 
DRAM[23]: 16 bks, busW=8 BL=4 CL=12, tRRD=3 tCCD=1, tRCD=12 tRAS=28 tRP=12 tRC=40
n_cmd=269422 n_nop=198241 n_act=11918 n_pre=11902 n_ref_event=0 n_req=51425 n_rd=49152 n_rd_L2_A=0 n_write=0 n_wr_bk=9092 bw_util=0.4324
n_activity=167696 dram_eff=0.6946
bk0: 3120a 232469i bk1: 3120a 233496i bk2: 3088a 232067i bk3: 3088a 233284i bk4: 3040a 233802i bk5: 3040a 232805i bk6: 3040a 232424i bk7: 3040a 233825i bk8: 3040a 235117i bk9: 3040a 233316i bk10: 3040a 233385i bk11: 3040a 235658i bk12: 3088a 233159i bk13: 3088a 234126i bk14: 3120a 232535i bk15: 3120a 233070i 

------------------------------------------------------------------------

Row_Buffer_Locality = 0.768245
Row_Buffer_Locality_read = 0.800069
Row_Buffer_Locality_write = 0.080070
Bank_Level_Parallism = 4.232397
Bank_Level_Parallism_Col = 3.324133
Bank_Level_Parallism_Ready = 1.847212
write_to_read_ratio_blp_rw_average = 0.211197
GrpLevelPara = 2.025143 

BW Util details:
bwutil = 0.432363 
total_CMD = 269422 
util_bw = 58244 
Wasted_Col = 67679 
Wasted_Row = 22371 
Idle = 121128 

BW Util Bottlenecks: 
RCDc_limit = 65008 
RCDWRc_limit = 8038 
WTRc_limit = 13115 
RTWc_limit = 51958 
CCDLc_limit = 35743 
rwq = 0 
CCDLc_limit_alone = 31288 
WTRc_limit_alone = 12162 
RTWc_limit_alone = 48456 

Commands details: 
total_CMD = 269422 
n_nop = 198241 
Read = 49152 
Write = 0 
L2_Alloc = 0 
L2_WB = 9092 
n_act = 11918 
n_pre = 11902 
n_ref = 0 
n_req = 51425 
total_req = 58244 

Dual Bus Interface Util: 
issued_total_row = 23820 
issued_total_col = 58244 
Row_Bus_Util =  0.088411 
CoL_Bus_Util = 0.216181 
Either_Row_CoL_Bus_Util = 0.264199 
Issued_on_Two_Bus_Simul_Util = 0.040394 
issued_two_Eff = 0.152892 
queue_avg = 13.026605 


dram_util_bins: 0 0 0 0 0 0 0 0 0 0
dram_eff_bins: 0 0 0 0 0 0 0 0 0 0
mrqq: max=128 avg=13.0266
Memory Partition 24: 
Cache L2_bank_048:
MSHR contents

Cache L2_bank_049:
MSHR contents

In Dram Latency Queue (total = 0): 
DRAM[24]: 16 bks, busW=8 BL=4 CL=12, tRRD=3 tCCD=1, tRCD=12 tRAS=28 tRP=12 tRC=40
n_cmd=269422 n_nop=198204 n_act=11911 n_pre=11895 n_ref_event=0 n_req=51402 n_rd=49152 n_rd_L2_A=0 n_write=0 n_wr_bk=9000 bw_util=0.4317
n_activity=168041 dram_eff=0.6921
bk0: 3120a 232919i bk1: 3120a 233231i bk2: 3088a 232064i bk3: 3088a 233937i bk4: 3040a 232612i bk5: 3040a 231367i bk6: 3040a 233961i bk7: 3040a 234654i bk8: 3040a 232584i bk9: 3040a 235329i bk10: 3040a 234561i bk11: 3040a 234926i bk12: 3088a 232588i bk13: 3088a 232954i bk14: 3120a 233218i bk15: 3120a 234943i 

------------------------------------------------------------------------

Row_Buffer_Locality = 0.768278
Row_Buffer_Locality_read = 0.799662
Row_Buffer_Locality_write = 0.082667
Bank_Level_Parallism = 4.208480
Bank_Level_Parallism_Col = 3.309509
Bank_Level_Parallism_Ready = 1.829997
write_to_read_ratio_blp_rw_average = 0.208954
GrpLevelPara = 2.030452 

BW Util details:
bwutil = 0.431680 
total_CMD = 269422 
util_bw = 58152 
Wasted_Col = 67919 
Wasted_Row = 22749 
Idle = 120602 

BW Util Bottlenecks: 
RCDc_limit = 65867 
RCDWRc_limit = 8172 
WTRc_limit = 13722 
RTWc_limit = 50701 
CCDLc_limit = 36079 
rwq = 0 
CCDLc_limit_alone = 31687 
WTRc_limit_alone = 12836 
RTWc_limit_alone = 47195 

Commands details: 
total_CMD = 269422 
n_nop = 198204 
Read = 49152 
Write = 0 
L2_Alloc = 0 
L2_WB = 9000 
n_act = 11911 
n_pre = 11895 
n_ref = 0 
n_req = 51402 
total_req = 58152 

Dual Bus Interface Util: 
issued_total_row = 23806 
issued_total_col = 58152 
Row_Bus_Util =  0.088360 
CoL_Bus_Util = 0.215840 
Either_Row_CoL_Bus_Util = 0.264336 
Issued_on_Two_Bus_Simul_Util = 0.039863 
issued_two_Eff = 0.150805 
queue_avg = 13.206387 


dram_util_bins: 0 0 0 0 0 0 0 0 0 0
dram_eff_bins: 0 0 0 0 0 0 0 0 0 0
mrqq: max=128 avg=13.2064
Memory Partition 25: 
Cache L2_bank_050:
MSHR contents

Cache L2_bank_051:
MSHR contents

In Dram Latency Queue (total = 1): 
Ready @ 154579 -   mf: uid=20846765, sid4294967295:w4294967295, part=25, addr=0xc077a4c00, store, size=128, L2_WRBK  status = IN_PARTITION_DRAM_LATENCY_QUEUE (154325), 
DRAM[25]: 16 bks, busW=8 BL=4 CL=12, tRRD=3 tCCD=1, tRCD=12 tRAS=28 tRP=12 tRC=40
n_cmd=269422 n_nop=198268 n_act=11897 n_pre=11881 n_ref_event=0 n_req=51407 n_rd=49152 n_rd_L2_A=0 n_write=0 n_wr_bk=9020 bw_util=0.4318
n_activity=167601 dram_eff=0.6942
bk0: 3120a 232805i bk1: 3120a 234957i bk2: 3088a 232794i bk3: 3088a 231989i bk4: 3040a 233245i bk5: 3040a 232686i bk6: 3040a 233169i bk7: 3040a 233785i bk8: 3040a 235645i bk9: 3040a 234855i bk10: 3040a 234822i bk11: 3040a 233310i bk12: 3088a 233637i bk13: 3088a 233761i bk14: 3120a 233170i bk15: 3120a 233909i 

------------------------------------------------------------------------

Row_Buffer_Locality = 0.768572
Row_Buffer_Locality_read = 0.799947
Row_Buffer_Locality_write = 0.084701
Bank_Level_Parallism = 4.207877
Bank_Level_Parallism_Col = 3.296953
Bank_Level_Parallism_Ready = 1.809874
write_to_read_ratio_blp_rw_average = 0.212385
GrpLevelPara = 2.030620 

BW Util details:
bwutil = 0.431828 
total_CMD = 269422 
util_bw = 58172 
Wasted_Col = 67452 
Wasted_Row = 22579 
Idle = 121219 

BW Util Bottlenecks: 
RCDc_limit = 65061 
RCDWRc_limit = 8161 
WTRc_limit = 13415 
RTWc_limit = 51113 
CCDLc_limit = 35725 
rwq = 0 
CCDLc_limit_alone = 30980 
WTRc_limit_alone = 12556 
RTWc_limit_alone = 47227 

Commands details: 
total_CMD = 269422 
n_nop = 198268 
Read = 49152 
Write = 0 
L2_Alloc = 0 
L2_WB = 9020 
n_act = 11897 
n_pre = 11881 
n_ref = 0 
n_req = 51407 
total_req = 58172 

Dual Bus Interface Util: 
issued_total_row = 23778 
issued_total_col = 58172 
Row_Bus_Util =  0.088256 
CoL_Bus_Util = 0.215914 
Either_Row_CoL_Bus_Util = 0.264099 
Issued_on_Two_Bus_Simul_Util = 0.040071 
issued_two_Eff = 0.151727 
queue_avg = 13.435748 


dram_util_bins: 0 0 0 0 0 0 0 0 0 0
dram_eff_bins: 0 0 0 0 0 0 0 0 0 0
mrqq: max=128 avg=13.4357
Memory Partition 26: 
Cache L2_bank_052:
MSHR contents

Cache L2_bank_053:
MSHR contents

In Dram Latency Queue (total = 0): 
DRAM[26]: 16 bks, busW=8 BL=4 CL=12, tRRD=3 tCCD=1, tRCD=12 tRAS=28 tRP=12 tRC=40
n_cmd=269422 n_nop=198144 n_act=11898 n_pre=11882 n_ref_event=0 n_req=51407 n_rd=49152 n_rd_L2_A=0 n_write=0 n_wr_bk=9020 bw_util=0.4318
n_activity=168330 dram_eff=0.6912
bk0: 3120a 233816i bk1: 3120a 233497i bk2: 3088a 233264i bk3: 3088a 232957i bk4: 3040a 232748i bk5: 3040a 231348i bk6: 3040a 233771i bk7: 3040a 234708i bk8: 3040a 231570i bk9: 3040a 235300i bk10: 3040a 234571i bk11: 3040a 234803i bk12: 3088a 234066i bk13: 3088a 233701i bk14: 3120a 232979i bk15: 3120a 233861i 

------------------------------------------------------------------------

Row_Buffer_Locality = 0.768553
Row_Buffer_Locality_read = 0.799683
Row_Buffer_Locality_write = 0.090022
Bank_Level_Parallism = 4.199348
Bank_Level_Parallism_Col = 3.297997
Bank_Level_Parallism_Ready = 1.798666
write_to_read_ratio_blp_rw_average = 0.212062
GrpLevelPara = 2.029772 

BW Util details:
bwutil = 0.431828 
total_CMD = 269422 
util_bw = 58172 
Wasted_Col = 68163 
Wasted_Row = 22545 
Idle = 120542 

BW Util Bottlenecks: 
RCDc_limit = 65867 
RCDWRc_limit = 8035 
WTRc_limit = 13760 
RTWc_limit = 50617 
CCDLc_limit = 36507 
rwq = 0 
CCDLc_limit_alone = 31911 
WTRc_limit_alone = 12798 
RTWc_limit_alone = 46983 

Commands details: 
total_CMD = 269422 
n_nop = 198144 
Read = 49152 
Write = 0 
L2_Alloc = 0 
L2_WB = 9020 
n_act = 11898 
n_pre = 11882 
n_ref = 0 
n_req = 51407 
total_req = 58172 

Dual Bus Interface Util: 
issued_total_row = 23780 
issued_total_col = 58172 
Row_Bus_Util =  0.088263 
CoL_Bus_Util = 0.215914 
Either_Row_CoL_Bus_Util = 0.264559 
Issued_on_Two_Bus_Simul_Util = 0.039618 
issued_two_Eff = 0.149752 
queue_avg = 13.370697 


dram_util_bins: 0 0 0 0 0 0 0 0 0 0
dram_eff_bins: 0 0 0 0 0 0 0 0 0 0
mrqq: max=128 avg=13.3707
Memory Partition 27: 
Cache L2_bank_054:
MSHR contents

Cache L2_bank_055:
MSHR contents

In Dram Latency Queue (total = 0): 
DRAM[27]: 16 bks, busW=8 BL=4 CL=12, tRRD=3 tCCD=1, tRCD=12 tRAS=28 tRP=12 tRC=40
n_cmd=269422 n_nop=198164 n_act=11923 n_pre=11907 n_ref_event=0 n_req=51407 n_rd=49152 n_rd_L2_A=0 n_write=0 n_wr_bk=9020 bw_util=0.4318
n_activity=168081 dram_eff=0.6922
bk0: 3120a 233536i bk1: 3120a 234008i bk2: 3088a 233249i bk3: 3088a 232374i bk4: 3040a 232338i bk5: 3040a 233718i bk6: 3040a 231642i bk7: 3040a 234790i bk8: 3040a 232516i bk9: 3040a 235923i bk10: 3040a 233694i bk11: 3040a 234389i bk12: 3088a 234638i bk13: 3088a 233352i bk14: 3120a 231998i bk15: 3120a 233626i 

------------------------------------------------------------------------

Row_Buffer_Locality = 0.768067
Row_Buffer_Locality_read = 0.799601
Row_Buffer_Locality_write = 0.080710
Bank_Level_Parallism = 4.206353
Bank_Level_Parallism_Col = 3.312184
Bank_Level_Parallism_Ready = 1.835024
write_to_read_ratio_blp_rw_average = 0.210585
GrpLevelPara = 2.037464 

BW Util details:
bwutil = 0.431828 
total_CMD = 269422 
util_bw = 58172 
Wasted_Col = 67835 
Wasted_Row = 22903 
Idle = 120512 

BW Util Bottlenecks: 
RCDc_limit = 65234 
RCDWRc_limit = 8077 
WTRc_limit = 13729 
RTWc_limit = 50761 
CCDLc_limit = 35441 
rwq = 0 
CCDLc_limit_alone = 30832 
WTRc_limit_alone = 12838 
RTWc_limit_alone = 47043 

Commands details: 
total_CMD = 269422 
n_nop = 198164 
Read = 49152 
Write = 0 
L2_Alloc = 0 
L2_WB = 9020 
n_act = 11923 
n_pre = 11907 
n_ref = 0 
n_req = 51407 
total_req = 58172 

Dual Bus Interface Util: 
issued_total_row = 23830 
issued_total_col = 58172 
Row_Bus_Util =  0.088449 
CoL_Bus_Util = 0.215914 
Either_Row_CoL_Bus_Util = 0.264485 
Issued_on_Two_Bus_Simul_Util = 0.039878 
issued_two_Eff = 0.150776 
queue_avg = 13.312087 


dram_util_bins: 0 0 0 0 0 0 0 0 0 0
dram_eff_bins: 0 0 0 0 0 0 0 0 0 0
mrqq: max=128 avg=13.3121
Memory Partition 28: 
Cache L2_bank_056:
MSHR contents

Cache L2_bank_057:
MSHR contents

In Dram Latency Queue (total = 1): 
Ready @ 154432 -   mf: uid=20846716, sid4294967295:w4294967295, part=28, addr=0xc06e2eb80, store, size=128, L2_WRBK  status = IN_PARTITION_DRAM_LATENCY_QUEUE (154178), 
DRAM[28]: 16 bks, busW=8 BL=4 CL=12, tRRD=3 tCCD=1, tRCD=12 tRAS=28 tRP=12 tRC=40
n_cmd=269422 n_nop=198114 n_act=11891 n_pre=11875 n_ref_event=0 n_req=51419 n_rd=49152 n_rd_L2_A=0 n_write=0 n_wr_bk=9068 bw_util=0.4322
n_activity=167301 dram_eff=0.696
bk0: 3120a 232108i bk1: 3120a 233666i bk2: 3088a 232907i bk3: 3088a 233351i bk4: 3040a 233631i bk5: 3040a 232679i bk6: 3040a 234838i bk7: 3040a 234492i bk8: 3040a 234734i bk9: 3040a 234516i bk10: 3040a 233412i bk11: 3040a 235612i bk12: 3088a 233384i bk13: 3088a 233950i bk14: 3120a 232445i bk15: 3120a 233222i 

------------------------------------------------------------------------

Row_Buffer_Locality = 0.768743
Row_Buffer_Locality_read = 0.800110
Row_Buffer_Locality_write = 0.088663
Bank_Level_Parallism = 4.205943
Bank_Level_Parallism_Col = 3.308949
Bank_Level_Parallism_Ready = 1.842065
write_to_read_ratio_blp_rw_average = 0.207000
GrpLevelPara = 2.037320 

BW Util details:
bwutil = 0.432184 
total_CMD = 269422 
util_bw = 58220 
Wasted_Col = 67220 
Wasted_Row = 22737 
Idle = 121245 

BW Util Bottlenecks: 
RCDc_limit = 65346 
RCDWRc_limit = 8111 
WTRc_limit = 14037 
RTWc_limit = 49157 
CCDLc_limit = 35331 
rwq = 0 
CCDLc_limit_alone = 30747 
WTRc_limit_alone = 13103 
RTWc_limit_alone = 45507 

Commands details: 
total_CMD = 269422 
n_nop = 198114 
Read = 49152 
Write = 0 
L2_Alloc = 0 
L2_WB = 9068 
n_act = 11891 
n_pre = 11875 
n_ref = 0 
n_req = 51419 
total_req = 58220 

Dual Bus Interface Util: 
issued_total_row = 23766 
issued_total_col = 58220 
Row_Bus_Util =  0.088211 
CoL_Bus_Util = 0.216092 
Either_Row_CoL_Bus_Util = 0.264670 
Issued_on_Two_Bus_Simul_Util = 0.039633 
issued_two_Eff = 0.149745 
queue_avg = 13.159289 


dram_util_bins: 0 0 0 0 0 0 0 0 0 0
dram_eff_bins: 0 0 0 0 0 0 0 0 0 0
mrqq: max=128 avg=13.1593
Memory Partition 29: 
Cache L2_bank_058:
MSHR contents

Cache L2_bank_059:
MSHR contents

In Dram Latency Queue (total = 1): 
Ready @ 154444 -   mf: uid=20846722, sid4294967295:w4294967295, part=29, addr=0xc0783cc00, store, size=128, L2_WRBK  status = IN_PARTITION_DRAM_LATENCY_QUEUE (154190), 
DRAM[29]: 16 bks, busW=8 BL=4 CL=12, tRRD=3 tCCD=1, tRCD=12 tRAS=28 tRP=12 tRC=40
n_cmd=269422 n_nop=198060 n_act=11944 n_pre=11928 n_ref_event=0 n_req=51420 n_rd=49152 n_rd_L2_A=0 n_write=0 n_wr_bk=9072 bw_util=0.4322
n_activity=167506 dram_eff=0.6952
bk0: 3120a 233974i bk1: 3120a 234775i bk2: 3088a 232107i bk3: 3088a 234204i bk4: 3040a 233634i bk5: 3040a 234299i bk6: 3040a 233683i bk7: 3040a 234305i bk8: 3040a 233631i bk9: 3040a 233919i bk10: 3040a 234137i bk11: 3040a 235079i bk12: 3088a 234321i bk13: 3088a 233605i bk14: 3120a 233836i bk15: 3120a 234156i 

------------------------------------------------------------------------

Row_Buffer_Locality = 0.767717
Row_Buffer_Locality_read = 0.799093
Row_Buffer_Locality_write = 0.087743
Bank_Level_Parallism = 4.178875
Bank_Level_Parallism_Col = 3.259294
Bank_Level_Parallism_Ready = 1.806334
write_to_read_ratio_blp_rw_average = 0.205296
GrpLevelPara = 2.021517 

BW Util details:
bwutil = 0.432214 
total_CMD = 269422 
util_bw = 58224 
Wasted_Col = 67479 
Wasted_Row = 22305 
Idle = 121414 

BW Util Bottlenecks: 
RCDc_limit = 65392 
RCDWRc_limit = 8113 
WTRc_limit = 15133 
RTWc_limit = 46281 
CCDLc_limit = 35649 
rwq = 0 
CCDLc_limit_alone = 31127 
WTRc_limit_alone = 14057 
RTWc_limit_alone = 42835 

Commands details: 
total_CMD = 269422 
n_nop = 198060 
Read = 49152 
Write = 0 
L2_Alloc = 0 
L2_WB = 9072 
n_act = 11944 
n_pre = 11928 
n_ref = 0 
n_req = 51420 
total_req = 58224 

Dual Bus Interface Util: 
issued_total_row = 23872 
issued_total_col = 58224 
Row_Bus_Util =  0.088604 
CoL_Bus_Util = 0.216107 
Either_Row_CoL_Bus_Util = 0.264871 
Issued_on_Two_Bus_Simul_Util = 0.039841 
issued_two_Eff = 0.150416 
queue_avg = 12.999388 


dram_util_bins: 0 0 0 0 0 0 0 0 0 0
dram_eff_bins: 0 0 0 0 0 0 0 0 0 0
mrqq: max=128 avg=12.9994
Memory Partition 30: 
Cache L2_bank_060:
MSHR contents

Cache L2_bank_061:
MSHR contents

In Dram Latency Queue (total = 1): 
Ready @ 154619 -   mf: uid=20846774, sid4294967295:w4294967295, part=30, addr=0xc07677c00, store, size=128, L2_WRBK  status = IN_PARTITION_DRAM_LATENCY_QUEUE (154365), 
DRAM[30]: 16 bks, busW=8 BL=4 CL=12, tRRD=3 tCCD=1, tRCD=12 tRAS=28 tRP=12 tRC=40
n_cmd=269422 n_nop=198131 n_act=11926 n_pre=11910 n_ref_event=0 n_req=51417 n_rd=49152 n_rd_L2_A=0 n_write=0 n_wr_bk=9060 bw_util=0.4321
n_activity=166998 dram_eff=0.6972
bk0: 3120a 233597i bk1: 3120a 234851i bk2: 3088a 233755i bk3: 3088a 233905i bk4: 3040a 232611i bk5: 3040a 232561i bk6: 3040a 234069i bk7: 3040a 234379i bk8: 3040a 233911i bk9: 3040a 233571i bk10: 3040a 234230i bk11: 3040a 234686i bk12: 3088a 232537i bk13: 3088a 234599i bk14: 3120a 235316i bk15: 3120a 233868i 

------------------------------------------------------------------------

Row_Buffer_Locality = 0.768053
Row_Buffer_Locality_read = 0.799500
Row_Buffer_Locality_write = 0.085651
Bank_Level_Parallism = 4.186922
Bank_Level_Parallism_Col = 3.265995
Bank_Level_Parallism_Ready = 1.829726
write_to_read_ratio_blp_rw_average = 0.201344
GrpLevelPara = 2.011703 

BW Util details:
bwutil = 0.432125 
total_CMD = 269422 
util_bw = 58212 
Wasted_Col = 67708 
Wasted_Row = 22094 
Idle = 121408 

BW Util Bottlenecks: 
RCDc_limit = 65773 
RCDWRc_limit = 7991 
WTRc_limit = 14338 
RTWc_limit = 46972 
CCDLc_limit = 35967 
rwq = 0 
CCDLc_limit_alone = 31494 
WTRc_limit_alone = 13320 
RTWc_limit_alone = 43517 

Commands details: 
total_CMD = 269422 
n_nop = 198131 
Read = 49152 
Write = 0 
L2_Alloc = 0 
L2_WB = 9060 
n_act = 11926 
n_pre = 11910 
n_ref = 0 
n_req = 51417 
total_req = 58212 

Dual Bus Interface Util: 
issued_total_row = 23836 
issued_total_col = 58212 
Row_Bus_Util =  0.088471 
CoL_Bus_Util = 0.216063 
Either_Row_CoL_Bus_Util = 0.264607 
Issued_on_Two_Bus_Simul_Util = 0.039926 
issued_two_Eff = 0.150889 
queue_avg = 13.133319 


dram_util_bins: 0 0 0 0 0 0 0 0 0 0
dram_eff_bins: 0 0 0 0 0 0 0 0 0 0
mrqq: max=128 avg=13.1333
Memory Partition 31: 
Cache L2_bank_062:
MSHR contents

Cache L2_bank_063:
MSHR contents

In Dram Latency Queue (total = 2): 
Ready @ 154481 -   mf: uid=20846743, sid4294967295:w4294967295, part=31, addr=0xc0766bc00, store, size=128, L2_WRBK  status = IN_PARTITION_DRAM_LATENCY_QUEUE (154227), 
Ready @ 154581 -   mf: uid=20846767, sid4294967295:w4294967295, part=31, addr=0xc06d9db80, store, size=128, L2_WRBK  status = IN_PARTITION_DRAM_LATENCY_QUEUE (154327), 
DRAM[31]: 16 bks, busW=8 BL=4 CL=12, tRRD=3 tCCD=1, tRCD=12 tRAS=28 tRP=12 tRC=40
n_cmd=269422 n_nop=198111 n_act=11948 n_pre=11932 n_ref_event=0 n_req=51417 n_rd=49152 n_rd_L2_A=0 n_write=0 n_wr_bk=9060 bw_util=0.4321
n_activity=167162 dram_eff=0.6965
bk0: 3120a 232992i bk1: 3120a 235354i bk2: 3088a 233746i bk3: 3088a 234196i bk4: 3040a 233774i bk5: 3040a 234579i bk6: 3040a 233269i bk7: 3040a 233696i bk8: 3040a 234260i bk9: 3040a 234975i bk10: 3040a 234501i bk11: 3040a 235342i bk12: 3088a 233240i bk13: 3088a 233586i bk14: 3120a 233056i bk15: 3120a 234676i 

------------------------------------------------------------------------

Row_Buffer_Locality = 0.767626
Row_Buffer_Locality_read = 0.799194
Row_Buffer_Locality_write = 0.082561
Bank_Level_Parallism = 4.160190
Bank_Level_Parallism_Col = 3.229604
Bank_Level_Parallism_Ready = 1.781402
write_to_read_ratio_blp_rw_average = 0.202092
GrpLevelPara = 2.009726 

BW Util details:
bwutil = 0.432125 
total_CMD = 269422 
util_bw = 58212 
Wasted_Col = 67497 
Wasted_Row = 22584 
Idle = 121129 

BW Util Bottlenecks: 
RCDc_limit = 65249 
RCDWRc_limit = 7959 
WTRc_limit = 13503 
RTWc_limit = 46151 
CCDLc_limit = 35358 
rwq = 0 
CCDLc_limit_alone = 30878 
WTRc_limit_alone = 12447 
RTWc_limit_alone = 42727 

Commands details: 
total_CMD = 269422 
n_nop = 198111 
Read = 49152 
Write = 0 
L2_Alloc = 0 
L2_WB = 9060 
n_act = 11948 
n_pre = 11932 
n_ref = 0 
n_req = 51417 
total_req = 58212 

Dual Bus Interface Util: 
issued_total_row = 23880 
issued_total_col = 58212 
Row_Bus_Util =  0.088634 
CoL_Bus_Util = 0.216063 
Either_Row_CoL_Bus_Util = 0.264681 
Issued_on_Two_Bus_Simul_Util = 0.040015 
issued_two_Eff = 0.151183 
queue_avg = 12.924164 


dram_util_bins: 0 0 0 0 0 0 0 0 0 0
dram_eff_bins: 0 0 0 0 0 0 0 0 0 0
mrqq: max=128 avg=12.9242
Memory Partition 32: 
Cache L2_bank_064:
MSHR contents

Cache L2_bank_065:
MSHR contents

In Dram Latency Queue (total = 1): 
Ready @ 154466 -   mf: uid=20846732, sid4294967295:w4294967295, part=32, addr=0xc07678c00, store, size=128, L2_WRBK  status = IN_PARTITION_DRAM_LATENCY_QUEUE (154212), 
DRAM[32]: 16 bks, busW=8 BL=4 CL=12, tRRD=3 tCCD=1, tRCD=12 tRAS=28 tRP=12 tRC=40
n_cmd=269422 n_nop=197839 n_act=12209 n_pre=12193 n_ref_event=0 n_req=51431 n_rd=49160 n_rd_L2_A=0 n_write=0 n_wr_bk=9084 bw_util=0.4324
n_activity=169476 dram_eff=0.6873
bk0: 3120a 232804i bk1: 3120a 233814i bk2: 3088a 232325i bk3: 3088a 232516i bk4: 3040a 231806i bk5: 3040a 231943i bk6: 3040a 233984i bk7: 3040a 235004i bk8: 3040a 234444i bk9: 3040a 234999i bk10: 3040a 232741i bk11: 3040a 234288i bk12: 3092a 234232i bk13: 3092a 235271i bk14: 3120a 231934i bk15: 3120a 233619i 

------------------------------------------------------------------------

Row_Buffer_Locality = 0.762614
Row_Buffer_Locality_read = 0.794386
Row_Buffer_Locality_write = 0.074857
Bank_Level_Parallism = 4.189689
Bank_Level_Parallism_Col = 3.253375
Bank_Level_Parallism_Ready = 1.792305
write_to_read_ratio_blp_rw_average = 0.219102
GrpLevelPara = 2.028707 

BW Util details:
bwutil = 0.432363 
total_CMD = 269422 
util_bw = 58244 
Wasted_Col = 68342 
Wasted_Row = 22938 
Idle = 119898 

BW Util Bottlenecks: 
RCDc_limit = 65842 
RCDWRc_limit = 8416 
WTRc_limit = 13882 
RTWc_limit = 50146 
CCDLc_limit = 35484 
rwq = 0 
CCDLc_limit_alone = 30957 
WTRc_limit_alone = 12935 
RTWc_limit_alone = 46566 

Commands details: 
total_CMD = 269422 
n_nop = 197839 
Read = 49160 
Write = 0 
L2_Alloc = 0 
L2_WB = 9084 
n_act = 12209 
n_pre = 12193 
n_ref = 0 
n_req = 51431 
total_req = 58244 

Dual Bus Interface Util: 
issued_total_row = 24402 
issued_total_col = 58244 
Row_Bus_Util =  0.090572 
CoL_Bus_Util = 0.216181 
Either_Row_CoL_Bus_Util = 0.265691 
Issued_on_Two_Bus_Simul_Util = 0.041062 
issued_two_Eff = 0.154548 
queue_avg = 12.876639 


dram_util_bins: 0 0 0 0 0 0 0 0 0 0
dram_eff_bins: 0 0 0 0 0 0 0 0 0 0
mrqq: max=128 avg=12.8766
Memory Partition 33: 
Cache L2_bank_066:
MSHR contents

Cache L2_bank_067:
MSHR contents

In Dram Latency Queue (total = 1): 
Ready @ 154622 -   mf: uid=20846776, sid4294967295:w4294967295, part=33, addr=0xc07686c00, store, size=128, L2_WRBK  status = IN_PARTITION_DRAM_LATENCY_QUEUE (154368), 
DRAM[33]: 16 bks, busW=8 BL=4 CL=12, tRRD=3 tCCD=1, tRCD=12 tRAS=28 tRP=12 tRC=40
n_cmd=269422 n_nop=197718 n_act=12144 n_pre=12128 n_ref_event=0 n_req=51432 n_rd=49160 n_rd_L2_A=0 n_write=0 n_wr_bk=9088 bw_util=0.4324
n_activity=170204 dram_eff=0.6844
bk0: 3120a 233928i bk1: 3120a 233461i bk2: 3088a 233917i bk3: 3088a 233672i bk4: 3040a 232648i bk5: 3040a 232147i bk6: 3040a 233781i bk7: 3040a 235083i bk8: 3040a 232846i bk9: 3040a 234693i bk10: 3040a 235056i bk11: 3040a 234659i bk12: 3092a 233439i bk13: 3092a 233798i bk14: 3120a 232361i bk15: 3120a 233998i 

------------------------------------------------------------------------

Row_Buffer_Locality = 0.763882
Row_Buffer_Locality_read = 0.795199
Row_Buffer_Locality_write = 0.086268
Bank_Level_Parallism = 4.135598
Bank_Level_Parallism_Col = 3.211710
Bank_Level_Parallism_Ready = 1.788405
write_to_read_ratio_blp_rw_average = 0.217094
GrpLevelPara = 2.011768 

BW Util details:
bwutil = 0.432392 
total_CMD = 269422 
util_bw = 58248 
Wasted_Col = 69266 
Wasted_Row = 23056 
Idle = 118852 

BW Util Bottlenecks: 
RCDc_limit = 66630 
RCDWRc_limit = 8633 
WTRc_limit = 14136 
RTWc_limit = 48595 
CCDLc_limit = 35838 
rwq = 0 
CCDLc_limit_alone = 31142 
WTRc_limit_alone = 13090 
RTWc_limit_alone = 44945 

Commands details: 
total_CMD = 269422 
n_nop = 197718 
Read = 49160 
Write = 0 
L2_Alloc = 0 
L2_WB = 9088 
n_act = 12144 
n_pre = 12128 
n_ref = 0 
n_req = 51432 
total_req = 58248 

Dual Bus Interface Util: 
issued_total_row = 24272 
issued_total_col = 58248 
Row_Bus_Util =  0.090089 
CoL_Bus_Util = 0.216196 
Either_Row_CoL_Bus_Util = 0.266140 
Issued_on_Two_Bus_Simul_Util = 0.040145 
issued_two_Eff = 0.150842 
queue_avg = 12.817806 


dram_util_bins: 0 0 0 0 0 0 0 0 0 0
dram_eff_bins: 0 0 0 0 0 0 0 0 0 0
mrqq: max=128 avg=12.8178
Memory Partition 34: 
Cache L2_bank_068:
MSHR contents

Cache L2_bank_069:
MSHR contents

In Dram Latency Queue (total = 0): 
DRAM[34]: 16 bks, busW=8 BL=4 CL=12, tRRD=3 tCCD=1, tRCD=12 tRAS=28 tRP=12 tRC=40
n_cmd=269422 n_nop=197829 n_act=12170 n_pre=12154 n_ref_event=0 n_req=51429 n_rd=49160 n_rd_L2_A=0 n_write=0 n_wr_bk=9076 bw_util=0.4323
n_activity=169133 dram_eff=0.6886
bk0: 3120a 235331i bk1: 3120a 234514i bk2: 3088a 231396i bk3: 3088a 232200i bk4: 3040a 233902i bk5: 3040a 232995i bk6: 3040a 232017i bk7: 3040a 234463i bk8: 3040a 234359i bk9: 3040a 233297i bk10: 3040a 232487i bk11: 3040a 235117i bk12: 3092a 232793i bk13: 3092a 233824i bk14: 3120a 230539i bk15: 3120a 232844i 

------------------------------------------------------------------------

Row_Buffer_Locality = 0.763363
Row_Buffer_Locality_read = 0.794976
Row_Buffer_Locality_write = 0.078449
Bank_Level_Parallism = 4.215384
Bank_Level_Parallism_Col = 3.299784
Bank_Level_Parallism_Ready = 1.806546
write_to_read_ratio_blp_rw_average = 0.220844
GrpLevelPara = 2.040853 

BW Util details:
bwutil = 0.432303 
total_CMD = 269422 
util_bw = 58236 
Wasted_Col = 68053 
Wasted_Row = 23188 
Idle = 119945 

BW Util Bottlenecks: 
RCDc_limit = 65951 
RCDWRc_limit = 8376 
WTRc_limit = 13567 
RTWc_limit = 51012 
CCDLc_limit = 35225 
rwq = 0 
CCDLc_limit_alone = 30706 
WTRc_limit_alone = 12717 
RTWc_limit_alone = 47343 

Commands details: 
total_CMD = 269422 
n_nop = 197829 
Read = 49160 
Write = 0 
L2_Alloc = 0 
L2_WB = 9076 
n_act = 12170 
n_pre = 12154 
n_ref = 0 
n_req = 51429 
total_req = 58236 

Dual Bus Interface Util: 
issued_total_row = 24324 
issued_total_col = 58236 
Row_Bus_Util =  0.090282 
CoL_Bus_Util = 0.216152 
Either_Row_CoL_Bus_Util = 0.265728 
Issued_on_Two_Bus_Simul_Util = 0.040706 
issued_two_Eff = 0.153185 
queue_avg = 12.948200 


dram_util_bins: 0 0 0 0 0 0 0 0 0 0
dram_eff_bins: 0 0 0 0 0 0 0 0 0 0
mrqq: max=128 avg=12.9482
Memory Partition 35: 
Cache L2_bank_070:
MSHR contents

Cache L2_bank_071:
MSHR contents

In Dram Latency Queue (total = 0): 
DRAM[35]: 16 bks, busW=8 BL=4 CL=12, tRRD=3 tCCD=1, tRCD=12 tRAS=28 tRP=12 tRC=40
n_cmd=269422 n_nop=197776 n_act=12222 n_pre=12206 n_ref_event=0 n_req=51429 n_rd=49160 n_rd_L2_A=0 n_write=0 n_wr_bk=9076 bw_util=0.4323
n_activity=169935 dram_eff=0.6854
bk0: 3120a 232972i bk1: 3120a 234554i bk2: 3088a 233152i bk3: 3088a 232852i bk4: 3040a 232276i bk5: 3040a 232385i bk6: 3040a 233354i bk7: 3040a 233568i bk8: 3040a 231665i bk9: 3040a 234024i bk10: 3040a 233653i bk11: 3040a 235532i bk12: 3092a 232382i bk13: 3092a 233803i bk14: 3120a 231117i bk15: 3120a 232591i 

------------------------------------------------------------------------

Row_Buffer_Locality = 0.762352
Row_Buffer_Locality_read = 0.794182
Row_Buffer_Locality_write = 0.072719
Bank_Level_Parallism = 4.210035
Bank_Level_Parallism_Col = 3.278407
Bank_Level_Parallism_Ready = 1.811045
write_to_read_ratio_blp_rw_average = 0.214646
GrpLevelPara = 2.028365 

BW Util details:
bwutil = 0.432303 
total_CMD = 269422 
util_bw = 58236 
Wasted_Col = 68814 
Wasted_Row = 23139 
Idle = 119233 

BW Util Bottlenecks: 
RCDc_limit = 66670 
RCDWRc_limit = 8540 
WTRc_limit = 13655 
RTWc_limit = 51155 
CCDLc_limit = 35686 
rwq = 0 
CCDLc_limit_alone = 31111 
WTRc_limit_alone = 12768 
RTWc_limit_alone = 47467 

Commands details: 
total_CMD = 269422 
n_nop = 197776 
Read = 49160 
Write = 0 
L2_Alloc = 0 
L2_WB = 9076 
n_act = 12222 
n_pre = 12206 
n_ref = 0 
n_req = 51429 
total_req = 58236 

Dual Bus Interface Util: 
issued_total_row = 24428 
issued_total_col = 58236 
Row_Bus_Util =  0.090668 
CoL_Bus_Util = 0.216152 
Either_Row_CoL_Bus_Util = 0.265925 
Issued_on_Two_Bus_Simul_Util = 0.040895 
issued_two_Eff = 0.153784 
queue_avg = 12.912795 


dram_util_bins: 0 0 0 0 0 0 0 0 0 0
dram_eff_bins: 0 0 0 0 0 0 0 0 0 0
mrqq: max=128 avg=12.9128
Memory Partition 36: 
Cache L2_bank_072:
MSHR contents

Cache L2_bank_073:
MSHR contents

In Dram Latency Queue (total = 1): 
Ready @ 154435 -   mf: uid=20846719, sid4294967295:w4294967295, part=36, addr=0xc06e28b80, store, size=128, L2_WRBK  status = IN_PARTITION_DRAM_LATENCY_QUEUE (154181), 
DRAM[36]: 16 bks, busW=8 BL=4 CL=12, tRRD=3 tCCD=1, tRCD=12 tRAS=28 tRP=12 tRC=40
n_cmd=269422 n_nop=197584 n_act=12243 n_pre=12227 n_ref_event=0 n_req=51455 n_rd=49160 n_rd_L2_A=0 n_write=0 n_wr_bk=9180 bw_util=0.4331
n_activity=168785 dram_eff=0.6913
bk0: 3120a 233957i bk1: 3120a 232633i bk2: 3088a 232756i bk3: 3088a 232540i bk4: 3040a 232528i bk5: 3040a 232680i bk6: 3040a 232257i bk7: 3040a 235145i bk8: 3040a 233879i bk9: 3040a 233962i bk10: 3040a 233460i bk11: 3040a 234645i bk12: 3092a 233113i bk13: 3092a 234270i bk14: 3120a 232049i bk15: 3120a 231383i 

------------------------------------------------------------------------

Row_Buffer_Locality = 0.762064
Row_Buffer_Locality_read = 0.793999
Row_Buffer_Locality_write = 0.077996
Bank_Level_Parallism = 4.225630
Bank_Level_Parallism_Col = 3.289442
Bank_Level_Parallism_Ready = 1.820929
write_to_read_ratio_blp_rw_average = 0.218254
GrpLevelPara = 2.030560 

BW Util details:
bwutil = 0.433075 
total_CMD = 269422 
util_bw = 58340 
Wasted_Col = 68288 
Wasted_Row = 22687 
Idle = 120107 

BW Util Bottlenecks: 
RCDc_limit = 66393 
RCDWRc_limit = 8736 
WTRc_limit = 14277 
RTWc_limit = 49100 
CCDLc_limit = 35584 
rwq = 0 
CCDLc_limit_alone = 31069 
WTRc_limit_alone = 13315 
RTWc_limit_alone = 45547 

Commands details: 
total_CMD = 269422 
n_nop = 197584 
Read = 49160 
Write = 0 
L2_Alloc = 0 
L2_WB = 9180 
n_act = 12243 
n_pre = 12227 
n_ref = 0 
n_req = 51455 
total_req = 58340 

Dual Bus Interface Util: 
issued_total_row = 24470 
issued_total_col = 58340 
Row_Bus_Util =  0.090824 
CoL_Bus_Util = 0.216538 
Either_Row_CoL_Bus_Util = 0.266637 
Issued_on_Two_Bus_Simul_Util = 0.040724 
issued_two_Eff = 0.152733 
queue_avg = 12.645311 


dram_util_bins: 0 0 0 0 0 0 0 0 0 0
dram_eff_bins: 0 0 0 0 0 0 0 0 0 0
mrqq: max=128 avg=12.6453
Memory Partition 37: 
Cache L2_bank_074:
MSHR contents

Cache L2_bank_075:
MSHR contents

In Dram Latency Queue (total = 0): 
DRAM[37]: 16 bks, busW=8 BL=4 CL=12, tRRD=3 tCCD=1, tRCD=12 tRAS=28 tRP=12 tRC=40
n_cmd=269422 n_nop=197634 n_act=12191 n_pre=12175 n_ref_event=0 n_req=51454 n_rd=49160 n_rd_L2_A=0 n_write=0 n_wr_bk=9176 bw_util=0.433
n_activity=168552 dram_eff=0.6922
bk0: 3120a 232655i bk1: 3120a 232486i bk2: 3088a 232673i bk3: 3088a 232971i bk4: 3040a 230336i bk5: 3040a 233135i bk6: 3040a 233801i bk7: 3040a 234775i bk8: 3040a 232315i bk9: 3040a 234427i bk10: 3040a 233483i bk11: 3040a 235780i bk12: 3092a 232256i bk13: 3092a 234138i bk14: 3120a 233579i bk15: 3120a 233354i 

------------------------------------------------------------------------

Row_Buffer_Locality = 0.763070
Row_Buffer_Locality_read = 0.794691
Row_Buffer_Locality_write = 0.085440
Bank_Level_Parallism = 4.225322
Bank_Level_Parallism_Col = 3.279563
Bank_Level_Parallism_Ready = 1.772439
write_to_read_ratio_blp_rw_average = 0.221359
GrpLevelPara = 2.031674 

BW Util details:
bwutil = 0.433046 
total_CMD = 269422 
util_bw = 58336 
Wasted_Col = 68343 
Wasted_Row = 22432 
Idle = 120311 

BW Util Bottlenecks: 
RCDc_limit = 66432 
RCDWRc_limit = 8667 
WTRc_limit = 14129 
RTWc_limit = 51195 
CCDLc_limit = 35502 
rwq = 0 
CCDLc_limit_alone = 30878 
WTRc_limit_alone = 13208 
RTWc_limit_alone = 47492 

Commands details: 
total_CMD = 269422 
n_nop = 197634 
Read = 49160 
Write = 0 
L2_Alloc = 0 
L2_WB = 9176 
n_act = 12191 
n_pre = 12175 
n_ref = 0 
n_req = 51454 
total_req = 58336 

Dual Bus Interface Util: 
issued_total_row = 24366 
issued_total_col = 58336 
Row_Bus_Util =  0.090438 
CoL_Bus_Util = 0.216523 
Either_Row_CoL_Bus_Util = 0.266452 
Issued_on_Two_Bus_Simul_Util = 0.040509 
issued_two_Eff = 0.152031 
queue_avg = 12.668620 


dram_util_bins: 0 0 0 0 0 0 0 0 0 0
dram_eff_bins: 0 0 0 0 0 0 0 0 0 0
mrqq: max=128 avg=12.6686
Memory Partition 38: 
Cache L2_bank_076:
MSHR contents

Cache L2_bank_077:
MSHR contents

In Dram Latency Queue (total = 0): 
DRAM[38]: 16 bks, busW=8 BL=4 CL=12, tRRD=3 tCCD=1, tRCD=12 tRAS=28 tRP=12 tRC=40
n_cmd=269422 n_nop=197719 n_act=12170 n_pre=12154 n_ref_event=0 n_req=51447 n_rd=49160 n_rd_L2_A=0 n_write=0 n_wr_bk=9148 bw_util=0.4328
n_activity=168825 dram_eff=0.6908
bk0: 3120a 233108i bk1: 3120a 233715i bk2: 3088a 232263i bk3: 3088a 232852i bk4: 3040a 232313i bk5: 3040a 232763i bk6: 3040a 232438i bk7: 3040a 234625i bk8: 3040a 231397i bk9: 3040a 234383i bk10: 3040a 232861i bk11: 3040a 234434i bk12: 3092a 232649i bk13: 3092a 232757i bk14: 3120a 232847i bk15: 3120a 234011i 

------------------------------------------------------------------------

Row_Buffer_Locality = 0.763446
Row_Buffer_Locality_read = 0.795159
Row_Buffer_Locality_write = 0.081767
Bank_Level_Parallism = 4.229889
Bank_Level_Parallism_Col = 3.297412
Bank_Level_Parallism_Ready = 1.809632
write_to_read_ratio_blp_rw_average = 0.220323
GrpLevelPara = 2.036122 

BW Util details:
bwutil = 0.432838 
total_CMD = 269422 
util_bw = 58308 
Wasted_Col = 68929 
Wasted_Row = 22361 
Idle = 119824 

BW Util Bottlenecks: 
RCDc_limit = 66533 
RCDWRc_limit = 8620 
WTRc_limit = 14266 
RTWc_limit = 52817 
CCDLc_limit = 36321 
rwq = 0 
CCDLc_limit_alone = 31609 
WTRc_limit_alone = 13343 
RTWc_limit_alone = 49028 

Commands details: 
total_CMD = 269422 
n_nop = 197719 
Read = 49160 
Write = 0 
L2_Alloc = 0 
L2_WB = 9148 
n_act = 12170 
n_pre = 12154 
n_ref = 0 
n_req = 51447 
total_req = 58308 

Dual Bus Interface Util: 
issued_total_row = 24324 
issued_total_col = 58308 
Row_Bus_Util =  0.090282 
CoL_Bus_Util = 0.216419 
Either_Row_CoL_Bus_Util = 0.266136 
Issued_on_Two_Bus_Simul_Util = 0.040565 
issued_two_Eff = 0.152420 
queue_avg = 12.943854 


dram_util_bins: 0 0 0 0 0 0 0 0 0 0
dram_eff_bins: 0 0 0 0 0 0 0 0 0 0
mrqq: max=128 avg=12.9439
Memory Partition 39: 
Cache L2_bank_078:
MSHR contents

Cache L2_bank_079:
MSHR contents

In Dram Latency Queue (total = 2): 
Ready @ 154432 -   mf: uid=20846717, sid4294967295:w4294967295, part=39, addr=0xc07854c00, store, size=128, L2_WRBK  status = IN_PARTITION_DRAM_LATENCY_QUEUE (154178), 
Ready @ 154530 -   mf: uid=20846764, sid4294967295:w4294967295, part=39, addr=0xc07027c00, store, size=128, L2_WRBK  status = IN_PARTITION_DRAM_LATENCY_QUEUE (154276), 
DRAM[39]: 16 bks, busW=8 BL=4 CL=12, tRRD=3 tCCD=1, tRCD=12 tRAS=28 tRP=12 tRC=40
n_cmd=269422 n_nop=197722 n_act=12236 n_pre=12220 n_ref_event=0 n_req=51446 n_rd=49160 n_rd_L2_A=0 n_write=0 n_wr_bk=9144 bw_util=0.4328
n_activity=169145 dram_eff=0.6894
bk0: 3120a 231218i bk1: 3120a 234173i bk2: 3088a 232889i bk3: 3088a 232772i bk4: 3040a 232795i bk5: 3040a 233040i bk6: 3040a 233302i bk7: 3040a 233441i bk8: 3040a 232615i bk9: 3040a 233952i bk10: 3040a 233347i bk11: 3040a 235137i bk12: 3092a 233105i bk13: 3092a 231729i bk14: 3120a 233800i bk15: 3120a 233438i 

------------------------------------------------------------------------

Row_Buffer_Locality = 0.762158
Row_Buffer_Locality_read = 0.793938
Row_Buffer_Locality_write = 0.078740
Bank_Level_Parallism = 4.220607
Bank_Level_Parallism_Col = 3.272868
Bank_Level_Parallism_Ready = 1.798762
write_to_read_ratio_blp_rw_average = 0.214490
GrpLevelPara = 2.022966 

BW Util details:
bwutil = 0.432808 
total_CMD = 269422 
util_bw = 58304 
Wasted_Col = 68559 
Wasted_Row = 22747 
Idle = 119812 

BW Util Bottlenecks: 
RCDc_limit = 66835 
RCDWRc_limit = 8434 
WTRc_limit = 14492 
RTWc_limit = 50092 
CCDLc_limit = 35473 
rwq = 0 
CCDLc_limit_alone = 30684 
WTRc_limit_alone = 13379 
RTWc_limit_alone = 46416 

Commands details: 
total_CMD = 269422 
n_nop = 197722 
Read = 49160 
Write = 0 
L2_Alloc = 0 
L2_WB = 9144 
n_act = 12236 
n_pre = 12220 
n_ref = 0 
n_req = 51446 
total_req = 58304 

Dual Bus Interface Util: 
issued_total_row = 24456 
issued_total_col = 58304 
Row_Bus_Util =  0.090772 
CoL_Bus_Util = 0.216404 
Either_Row_CoL_Bus_Util = 0.266125 
Issued_on_Two_Bus_Simul_Util = 0.041051 
issued_two_Eff = 0.154254 
queue_avg = 12.771103 


dram_util_bins: 0 0 0 0 0 0 0 0 0 0
dram_eff_bins: 0 0 0 0 0 0 0 0 0 0
mrqq: max=128 avg=12.7711
Memory Partition 40: 
Cache L2_bank_080:
MSHR contents

Cache L2_bank_081:
MSHR contents

In Dram Latency Queue (total = 0): 
DRAM[40]: 16 bks, busW=8 BL=4 CL=12, tRRD=3 tCCD=1, tRCD=12 tRAS=28 tRP=12 tRC=40
n_cmd=269422 n_nop=197817 n_act=12204 n_pre=12188 n_ref_event=0 n_req=51436 n_rd=49160 n_rd_L2_A=0 n_write=0 n_wr_bk=9104 bw_util=0.4325
n_activity=169846 dram_eff=0.6861
bk0: 3120a 231951i bk1: 3120a 232893i bk2: 3088a 231638i bk3: 3088a 232297i bk4: 3040a 231037i bk5: 3040a 233176i bk6: 3040a 234023i bk7: 3040a 234554i bk8: 3040a 232421i bk9: 3040a 233755i bk10: 3040a 234268i bk11: 3040a 234973i bk12: 3092a 233213i bk13: 3092a 232591i bk14: 3120a 232361i bk15: 3120a 234965i 

------------------------------------------------------------------------

Row_Buffer_Locality = 0.762734
Row_Buffer_Locality_read = 0.794386
Row_Buffer_Locality_write = 0.079086
Bank_Level_Parallism = 4.214544
Bank_Level_Parallism_Col = 3.269427
Bank_Level_Parallism_Ready = 1.790763
write_to_read_ratio_blp_rw_average = 0.221764
GrpLevelPara = 2.028025 

BW Util details:
bwutil = 0.432511 
total_CMD = 269422 
util_bw = 58264 
Wasted_Col = 68820 
Wasted_Row = 22890 
Idle = 119448 

BW Util Bottlenecks: 
RCDc_limit = 66482 
RCDWRc_limit = 8530 
WTRc_limit = 14364 
RTWc_limit = 51334 
CCDLc_limit = 36051 
rwq = 0 
CCDLc_limit_alone = 31247 
WTRc_limit_alone = 13370 
RTWc_limit_alone = 47524 

Commands details: 
total_CMD = 269422 
n_nop = 197817 
Read = 49160 
Write = 0 
L2_Alloc = 0 
L2_WB = 9104 
n_act = 12204 
n_pre = 12188 
n_ref = 0 
n_req = 51436 
total_req = 58264 

Dual Bus Interface Util: 
issued_total_row = 24392 
issued_total_col = 58264 
Row_Bus_Util =  0.090535 
CoL_Bus_Util = 0.216256 
Either_Row_CoL_Bus_Util = 0.265773 
Issued_on_Two_Bus_Simul_Util = 0.041017 
issued_two_Eff = 0.154333 
queue_avg = 13.206665 


dram_util_bins: 0 0 0 0 0 0 0 0 0 0
dram_eff_bins: 0 0 0 0 0 0 0 0 0 0
mrqq: max=128 avg=13.2067
Memory Partition 41: 
Cache L2_bank_082:
MSHR contents

Cache L2_bank_083:
MSHR contents

In Dram Latency Queue (total = 1): 
Ready @ 154489 -   mf: uid=20846754, sid4294967295:w4294967295, part=41, addr=0xc07688c00, store, size=128, L2_WRBK  status = IN_PARTITION_DRAM_LATENCY_QUEUE (154235), 
DRAM[41]: 16 bks, busW=8 BL=4 CL=12, tRRD=3 tCCD=1, tRCD=12 tRAS=28 tRP=12 tRC=40
n_cmd=269422 n_nop=197741 n_act=12173 n_pre=12157 n_ref_event=0 n_req=51432 n_rd=49160 n_rd_L2_A=0 n_write=0 n_wr_bk=9088 bw_util=0.4324
n_activity=169503 dram_eff=0.6873
bk0: 3120a 232585i bk1: 3120a 233455i bk2: 3088a 232180i bk3: 3088a 233501i bk4: 3040a 231587i bk5: 3040a 232715i bk6: 3040a 232642i bk7: 3040a 233939i bk8: 3040a 233338i bk9: 3040a 234674i bk10: 3040a 234926i bk11: 3040a 234963i bk12: 3092a 233179i bk13: 3092a 233545i bk14: 3120a 232767i bk15: 3120a 234997i 

------------------------------------------------------------------------

Row_Buffer_Locality = 0.763319
Row_Buffer_Locality_read = 0.794752
Row_Buffer_Locality_write = 0.083187
Bank_Level_Parallism = 4.191753
Bank_Level_Parallism_Col = 3.259658
Bank_Level_Parallism_Ready = 1.793143
write_to_read_ratio_blp_rw_average = 0.218015
GrpLevelPara = 2.021874 

BW Util details:
bwutil = 0.432392 
total_CMD = 269422 
util_bw = 58248 
Wasted_Col = 68459 
Wasted_Row = 22918 
Idle = 119797 

BW Util Bottlenecks: 
RCDc_limit = 66627 
RCDWRc_limit = 8652 
WTRc_limit = 13749 
RTWc_limit = 51356 
CCDLc_limit = 35771 
rwq = 0 
CCDLc_limit_alone = 31198 
WTRc_limit_alone = 12782 
RTWc_limit_alone = 47750 

Commands details: 
total_CMD = 269422 
n_nop = 197741 
Read = 49160 
Write = 0 
L2_Alloc = 0 
L2_WB = 9088 
n_act = 12173 
n_pre = 12157 
n_ref = 0 
n_req = 51432 
total_req = 58248 

Dual Bus Interface Util: 
issued_total_row = 24330 
issued_total_col = 58248 
Row_Bus_Util =  0.090304 
CoL_Bus_Util = 0.216196 
Either_Row_CoL_Bus_Util = 0.266055 
Issued_on_Two_Bus_Simul_Util = 0.040446 
issued_two_Eff = 0.152021 
queue_avg = 13.059835 


dram_util_bins: 0 0 0 0 0 0 0 0 0 0
dram_eff_bins: 0 0 0 0 0 0 0 0 0 0
mrqq: max=128 avg=13.0598
Memory Partition 42: 
Cache L2_bank_084:
MSHR contents

Cache L2_bank_085:
MSHR contents

In Dram Latency Queue (total = 1): 
Ready @ 154613 -   mf: uid=20846772, sid4294967295:w4294967295, part=42, addr=0xc07633c00, store, size=128, L2_WRBK  status = IN_PARTITION_DRAM_LATENCY_QUEUE (154359), 
DRAM[42]: 16 bks, busW=8 BL=4 CL=12, tRRD=3 tCCD=1, tRCD=12 tRAS=28 tRP=12 tRC=40
n_cmd=269422 n_nop=197745 n_act=12198 n_pre=12182 n_ref_event=0 n_req=51434 n_rd=49160 n_rd_L2_A=0 n_write=0 n_wr_bk=9096 bw_util=0.4325
n_activity=169214 dram_eff=0.6885
bk0: 3120a 232565i bk1: 3120a 233022i bk2: 3088a 232025i bk3: 3088a 233827i bk4: 3040a 232952i bk5: 3040a 232552i bk6: 3040a 231493i bk7: 3040a 234556i bk8: 3040a 234001i bk9: 3040a 234418i bk10: 3040a 232855i bk11: 3040a 235128i bk12: 3092a 232157i bk13: 3092a 234409i bk14: 3120a 231907i bk15: 3120a 234110i 

------------------------------------------------------------------------

Row_Buffer_Locality = 0.762842
Row_Buffer_Locality_read = 0.794386
Row_Buffer_Locality_write = 0.080915
Bank_Level_Parallism = 4.205178
Bank_Level_Parallism_Col = 3.266186
Bank_Level_Parallism_Ready = 1.770290
write_to_read_ratio_blp_rw_average = 0.223555
GrpLevelPara = 2.041210 

BW Util details:
bwutil = 0.432452 
total_CMD = 269422 
util_bw = 58256 
Wasted_Col = 68765 
Wasted_Row = 22844 
Idle = 119557 

BW Util Bottlenecks: 
RCDc_limit = 66256 
RCDWRc_limit = 8506 
WTRc_limit = 13291 
RTWc_limit = 52791 
CCDLc_limit = 35862 
rwq = 0 
CCDLc_limit_alone = 31005 
WTRc_limit_alone = 12360 
RTWc_limit_alone = 48865 

Commands details: 
total_CMD = 269422 
n_nop = 197745 
Read = 49160 
Write = 0 
L2_Alloc = 0 
L2_WB = 9096 
n_act = 12198 
n_pre = 12182 
n_ref = 0 
n_req = 51434 
total_req = 58256 

Dual Bus Interface Util: 
issued_total_row = 24380 
issued_total_col = 58256 
Row_Bus_Util =  0.090490 
CoL_Bus_Util = 0.216226 
Either_Row_CoL_Bus_Util = 0.266040 
Issued_on_Two_Bus_Simul_Util = 0.040676 
issued_two_Eff = 0.152894 
queue_avg = 12.998074 


dram_util_bins: 0 0 0 0 0 0 0 0 0 0
dram_eff_bins: 0 0 0 0 0 0 0 0 0 0
mrqq: max=128 avg=12.9981
Memory Partition 43: 
Cache L2_bank_086:
MSHR contents

Cache L2_bank_087:
MSHR contents

In Dram Latency Queue (total = 1): 
Ready @ 154467 -   mf: uid=20846734, sid4294967295:w4294967295, part=43, addr=0xc06d29b80, store, size=128, L2_WRBK  status = IN_PARTITION_DRAM_LATENCY_QUEUE (154213), 
DRAM[43]: 16 bks, busW=8 BL=4 CL=12, tRRD=3 tCCD=1, tRCD=12 tRAS=28 tRP=12 tRC=40
n_cmd=269422 n_nop=197735 n_act=12219 n_pre=12203 n_ref_event=0 n_req=51431 n_rd=49160 n_rd_L2_A=0 n_write=0 n_wr_bk=9084 bw_util=0.4324
n_activity=170458 dram_eff=0.6834
bk0: 3120a 233184i bk1: 3120a 233576i bk2: 3088a 232806i bk3: 3088a 231807i bk4: 3040a 231942i bk5: 3040a 231870i bk6: 3040a 231542i bk7: 3040a 233661i bk8: 3040a 232278i bk9: 3040a 232738i bk10: 3040a 233059i bk11: 3040a 233293i bk12: 3092a 233305i bk13: 3092a 234411i bk14: 3120a 232406i bk15: 3120a 232813i 

------------------------------------------------------------------------

Row_Buffer_Locality = 0.762420
Row_Buffer_Locality_read = 0.794142
Row_Buffer_Locality_write = 0.075738
Bank_Level_Parallism = 4.227877
Bank_Level_Parallism_Col = 3.313389
Bank_Level_Parallism_Ready = 1.815758
write_to_read_ratio_blp_rw_average = 0.218278
GrpLevelPara = 2.035500 

BW Util details:
bwutil = 0.432363 
total_CMD = 269422 
util_bw = 58244 
Wasted_Col = 69034 
Wasted_Row = 23505 
Idle = 118639 

BW Util Bottlenecks: 
RCDc_limit = 66890 
RCDWRc_limit = 8472 
WTRc_limit = 14460 
RTWc_limit = 51860 
CCDLc_limit = 35281 
rwq = 0 
CCDLc_limit_alone = 30582 
WTRc_limit_alone = 13480 
RTWc_limit_alone = 48141 

Commands details: 
total_CMD = 269422 
n_nop = 197735 
Read = 49160 
Write = 0 
L2_Alloc = 0 
L2_WB = 9084 
n_act = 12219 
n_pre = 12203 
n_ref = 0 
n_req = 51431 
total_req = 58244 

Dual Bus Interface Util: 
issued_total_row = 24422 
issued_total_col = 58244 
Row_Bus_Util =  0.090646 
CoL_Bus_Util = 0.216181 
Either_Row_CoL_Bus_Util = 0.266077 
Issued_on_Two_Bus_Simul_Util = 0.040750 
issued_two_Eff = 0.153152 
queue_avg = 13.215172 


dram_util_bins: 0 0 0 0 0 0 0 0 0 0
dram_eff_bins: 0 0 0 0 0 0 0 0 0 0
mrqq: max=128 avg=13.2152
Memory Partition 44: 
Cache L2_bank_088:
MSHR contents

Cache L2_bank_089:
MSHR contents

In Dram Latency Queue (total = 2): 
Ready @ 154432 -   mf: uid=20846718, sid4294967295:w4294967295, part=44, addr=0xc06e2db80, store, size=128, L2_WRBK  status = IN_PARTITION_DRAM_LATENCY_QUEUE (154178), 
Ready @ 154482 -   mf: uid=20846745, sid4294967295:w4294967295, part=44, addr=0xc06103c00, store, size=128, L2_WRBK  status = IN_PARTITION_DRAM_LATENCY_QUEUE (154228), 
DRAM[44]: 16 bks, busW=8 BL=4 CL=12, tRRD=3 tCCD=1, tRCD=12 tRAS=28 tRP=12 tRC=40
n_cmd=269422 n_nop=197635 n_act=12231 n_pre=12215 n_ref_event=0 n_req=51451 n_rd=49160 n_rd_L2_A=0 n_write=0 n_wr_bk=9164 bw_util=0.433
n_activity=168484 dram_eff=0.6923
bk0: 3120a 232506i bk1: 3120a 234352i bk2: 3088a 232886i bk3: 3088a 233659i bk4: 3040a 233603i bk5: 3040a 234110i bk6: 3040a 232911i bk7: 3040a 233806i bk8: 3040a 233141i bk9: 3040a 233573i bk10: 3040a 234302i bk11: 3040a 234846i bk12: 3092a 233639i bk13: 3092a 233361i bk14: 3120a 232300i bk15: 3120a 232715i 

------------------------------------------------------------------------

Row_Buffer_Locality = 0.762279
Row_Buffer_Locality_read = 0.794243
Row_Buffer_Locality_write = 0.076386
Bank_Level_Parallism = 4.190196
Bank_Level_Parallism_Col = 3.249589
Bank_Level_Parallism_Ready = 1.789092
write_to_read_ratio_blp_rw_average = 0.219244
GrpLevelPara = 2.031651 

BW Util details:
bwutil = 0.432956 
total_CMD = 269422 
util_bw = 58324 
Wasted_Col = 68542 
Wasted_Row = 22648 
Idle = 119908 

BW Util Bottlenecks: 
RCDc_limit = 66269 
RCDWRc_limit = 8700 
WTRc_limit = 13788 
RTWc_limit = 50664 
CCDLc_limit = 36062 
rwq = 0 
CCDLc_limit_alone = 31337 
WTRc_limit_alone = 12869 
RTWc_limit_alone = 46858 

Commands details: 
total_CMD = 269422 
n_nop = 197635 
Read = 49160 
Write = 0 
L2_Alloc = 0 
L2_WB = 9164 
n_act = 12231 
n_pre = 12215 
n_ref = 0 
n_req = 51451 
total_req = 58324 

Dual Bus Interface Util: 
issued_total_row = 24446 
issued_total_col = 58324 
Row_Bus_Util =  0.090735 
CoL_Bus_Util = 0.216478 
Either_Row_CoL_Bus_Util = 0.266448 
Issued_on_Two_Bus_Simul_Util = 0.040765 
issued_two_Eff = 0.152994 
queue_avg = 12.717755 


dram_util_bins: 0 0 0 0 0 0 0 0 0 0
dram_eff_bins: 0 0 0 0 0 0 0 0 0 0
mrqq: max=128 avg=12.7178
Memory Partition 45: 
Cache L2_bank_090:
MSHR contents

Cache L2_bank_091:
MSHR contents

In Dram Latency Queue (total = 2): 
Ready @ 154452 -   mf: uid=20846725, sid4294967295:w4294967295, part=45, addr=0xc0632ab80, store, size=128, L2_WRBK  status = IN_PARTITION_DRAM_LATENCY_QUEUE (154198), 
Ready @ 154477 -   mf: uid=20846740, sid4294967295:w4294967295, part=45, addr=0xc07656c00, store, size=128, L2_WRBK  status = IN_PARTITION_DRAM_LATENCY_QUEUE (154223), 
DRAM[45]: 16 bks, busW=8 BL=4 CL=12, tRRD=3 tCCD=1, tRCD=12 tRAS=28 tRP=12 tRC=40
n_cmd=269422 n_nop=197723 n_act=12198 n_pre=12182 n_ref_event=0 n_req=51456 n_rd=49160 n_rd_L2_A=0 n_write=0 n_wr_bk=9184 bw_util=0.4331
n_activity=168505 dram_eff=0.6925
bk0: 3120a 234003i bk1: 3120a 233455i bk2: 3088a 233138i bk3: 3088a 233627i bk4: 3040a 231785i bk5: 3040a 232657i bk6: 3040a 233630i bk7: 3040a 234569i bk8: 3040a 233319i bk9: 3040a 233414i bk10: 3040a 233172i bk11: 3040a 234224i bk12: 3092a 233169i bk13: 3092a 233498i bk14: 3120a 232298i bk15: 3120a 234759i 

------------------------------------------------------------------------

Row_Buffer_Locality = 0.762943
Row_Buffer_Locality_read = 0.794874
Row_Buffer_Locality_write = 0.079268
Bank_Level_Parallism = 4.200748
Bank_Level_Parallism_Col = 3.258649
Bank_Level_Parallism_Ready = 1.785016
write_to_read_ratio_blp_rw_average = 0.217539
GrpLevelPara = 2.031904 

BW Util details:
bwutil = 0.433105 
total_CMD = 269422 
util_bw = 58344 
Wasted_Col = 68616 
Wasted_Row = 22416 
Idle = 120046 

BW Util Bottlenecks: 
RCDc_limit = 66346 
RCDWRc_limit = 8734 
WTRc_limit = 13971 
RTWc_limit = 51059 
CCDLc_limit = 35493 
rwq = 0 
CCDLc_limit_alone = 30851 
WTRc_limit_alone = 12986 
RTWc_limit_alone = 47402 

Commands details: 
total_CMD = 269422 
n_nop = 197723 
Read = 49160 
Write = 0 
L2_Alloc = 0 
L2_WB = 9184 
n_act = 12198 
n_pre = 12182 
n_ref = 0 
n_req = 51456 
total_req = 58344 

Dual Bus Interface Util: 
issued_total_row = 24380 
issued_total_col = 58344 
Row_Bus_Util =  0.090490 
CoL_Bus_Util = 0.216552 
Either_Row_CoL_Bus_Util = 0.266122 
Issued_on_Two_Bus_Simul_Util = 0.040921 
issued_two_Eff = 0.153768 
queue_avg = 12.934148 


dram_util_bins: 0 0 0 0 0 0 0 0 0 0
dram_eff_bins: 0 0 0 0 0 0 0 0 0 0
mrqq: max=128 avg=12.9341
Memory Partition 46: 
Cache L2_bank_092:
MSHR contents

Cache L2_bank_093:
MSHR contents

In Dram Latency Queue (total = 0): 
DRAM[46]: 16 bks, busW=8 BL=4 CL=12, tRRD=3 tCCD=1, tRCD=12 tRAS=28 tRP=12 tRC=40
n_cmd=269422 n_nop=197681 n_act=12179 n_pre=12163 n_ref_event=0 n_req=51444 n_rd=49160 n_rd_L2_A=0 n_write=0 n_wr_bk=9136 bw_util=0.4327
n_activity=169090 dram_eff=0.6895
bk0: 3120a 233481i bk1: 3120a 233410i bk2: 3088a 232509i bk3: 3088a 232080i bk4: 3040a 234683i bk5: 3040a 233626i bk6: 3040a 232247i bk7: 3040a 234201i bk8: 3040a 233852i bk9: 3040a 234431i bk10: 3040a 234362i bk11: 3040a 235150i bk12: 3092a 233402i bk13: 3092a 234438i bk14: 3120a 233524i bk15: 3120a 234326i 

------------------------------------------------------------------------

Row_Buffer_Locality = 0.763257
Row_Buffer_Locality_read = 0.795077
Row_Buffer_Locality_write = 0.078371
Bank_Level_Parallism = 4.156838
Bank_Level_Parallism_Col = 3.224434
Bank_Level_Parallism_Ready = 1.782455
write_to_read_ratio_blp_rw_average = 0.213268
GrpLevelPara = 2.013279 

BW Util details:
bwutil = 0.432749 
total_CMD = 269422 
util_bw = 58296 
Wasted_Col = 68726 
Wasted_Row = 22725 
Idle = 119675 

BW Util Bottlenecks: 
RCDc_limit = 66595 
RCDWRc_limit = 8432 
WTRc_limit = 13921 
RTWc_limit = 47481 
CCDLc_limit = 35783 
rwq = 0 
CCDLc_limit_alone = 31441 
WTRc_limit_alone = 12992 
RTWc_limit_alone = 44068 

Commands details: 
total_CMD = 269422 
n_nop = 197681 
Read = 49160 
Write = 0 
L2_Alloc = 0 
L2_WB = 9136 
n_act = 12179 
n_pre = 12163 
n_ref = 0 
n_req = 51444 
total_req = 58296 

Dual Bus Interface Util: 
issued_total_row = 24342 
issued_total_col = 58296 
Row_Bus_Util =  0.090349 
CoL_Bus_Util = 0.216374 
Either_Row_CoL_Bus_Util = 0.266277 
Issued_on_Two_Bus_Simul_Util = 0.040446 
issued_two_Eff = 0.151894 
queue_avg = 12.567671 


dram_util_bins: 0 0 0 0 0 0 0 0 0 0
dram_eff_bins: 0 0 0 0 0 0 0 0 0 0
mrqq: max=128 avg=12.5677
Memory Partition 47: 
Cache L2_bank_094:
MSHR contents

Cache L2_bank_095:
MSHR contents

In Dram Latency Queue (total = 1): 
Ready @ 154580 -   mf: uid=20846766, sid4294967295:w4294967295, part=47, addr=0xc07852c00, store, size=128, L2_WRBK  status = IN_PARTITION_DRAM_LATENCY_QUEUE (154326), 
DRAM[47]: 16 bks, busW=8 BL=4 CL=12, tRRD=3 tCCD=1, tRCD=12 tRAS=28 tRP=12 tRC=40
n_cmd=269422 n_nop=197704 n_act=12228 n_pre=12212 n_ref_event=0 n_req=51442 n_rd=49160 n_rd_L2_A=0 n_write=0 n_wr_bk=9128 bw_util=0.4327
n_activity=169142 dram_eff=0.6892
bk0: 3120a 231398i bk1: 3120a 233002i bk2: 3088a 231568i bk3: 3088a 232472i bk4: 3040a 232374i bk5: 3040a 234195i bk6: 3040a 234481i bk7: 3040a 233832i bk8: 3040a 231750i bk9: 3040a 233686i bk10: 3040a 234240i bk11: 3040a 234261i bk12: 3092a 231599i bk13: 3092a 233602i bk14: 3120a 232386i bk15: 3120a 233020i 

------------------------------------------------------------------------

Row_Buffer_Locality = 0.762295
Row_Buffer_Locality_read = 0.794101
Row_Buffer_Locality_write = 0.077125
Bank_Level_Parallism = 4.238404
Bank_Level_Parallism_Col = 3.301761
Bank_Level_Parallism_Ready = 1.787452
write_to_read_ratio_blp_rw_average = 0.220984
GrpLevelPara = 2.036461 

BW Util details:
bwutil = 0.432689 
total_CMD = 269422 
util_bw = 58288 
Wasted_Col = 68616 
Wasted_Row = 22758 
Idle = 119760 

BW Util Bottlenecks: 
RCDc_limit = 66635 
RCDWRc_limit = 8574 
WTRc_limit = 13240 
RTWc_limit = 54059 
CCDLc_limit = 35849 
rwq = 0 
CCDLc_limit_alone = 30938 
WTRc_limit_alone = 12271 
RTWc_limit_alone = 50117 

Commands details: 
total_CMD = 269422 
n_nop = 197704 
Read = 49160 
Write = 0 
L2_Alloc = 0 
L2_WB = 9128 
n_act = 12228 
n_pre = 12212 
n_ref = 0 
n_req = 51442 
total_req = 58288 

Dual Bus Interface Util: 
issued_total_row = 24440 
issued_total_col = 58288 
Row_Bus_Util =  0.090713 
CoL_Bus_Util = 0.216345 
Either_Row_CoL_Bus_Util = 0.266192 
Issued_on_Two_Bus_Simul_Util = 0.040865 
issued_two_Eff = 0.153518 
queue_avg = 13.358249 


dram_util_bins: 0 0 0 0 0 0 0 0 0 0
dram_eff_bins: 0 0 0 0 0 0 0 0 0 0
mrqq: max=128 avg=13.3582
Memory Partition 48: 
Cache L2_bank_096:
MSHR contents

Cache L2_bank_097:
MSHR contents

In Dram Latency Queue (total = 2): 
Ready @ 154462 -   mf: uid=20846728, sid4294967295:w4294967295, part=48, addr=0xc06af4980, store, size=128, L2_WRBK  status = IN_PARTITION_DRAM_LATENCY_QUEUE (154208), 
Ready @ 154505 -   mf: uid=20846762, sid4294967295:w4294967295, part=48, addr=0xc0728f980, store, size=128, L2_WRBK  status = IN_PARTITION_DRAM_LATENCY_QUEUE (154251), 
DRAM[48]: 16 bks, busW=8 BL=4 CL=12, tRRD=3 tCCD=1, tRCD=12 tRAS=28 tRP=12 tRC=40
n_cmd=269422 n_nop=232670 n_act=6542 n_pre=6526 n_ref_event=0 n_req=25097 n_rd=24568 n_rd_L2_A=0 n_write=0 n_wr_bk=2116 bw_util=0.1981
n_activity=138704 dram_eff=0.3848
bk0: 1560a 256179i bk1: 1560a 256120i bk2: 1552a 256273i bk3: 1552a 256308i bk4: 1520a 255551i bk5: 1520a 255804i bk6: 1520a 256061i bk7: 1520a 256161i bk8: 1520a 255806i bk9: 1520a 255748i bk10: 1520a 256418i bk11: 1520a 256270i bk12: 1532a 256063i bk13: 1532a 256601i bk14: 1560a 256454i bk15: 1560a 256173i 

------------------------------------------------------------------------

Row_Buffer_Locality = 0.739331
Row_Buffer_Locality_read = 0.755088
Row_Buffer_Locality_write = 0.007561
Bank_Level_Parallism = 2.127483
Bank_Level_Parallism_Col = 1.668225
Bank_Level_Parallism_Ready = 1.188240
write_to_read_ratio_blp_rw_average = 0.111392
GrpLevelPara = 1.413390 

BW Util details:
bwutil = 0.198083 
total_CMD = 269422 
util_bw = 26684 
Wasted_Col = 58247 
Wasted_Row = 26872 
Idle = 157619 

BW Util Bottlenecks: 
RCDc_limit = 54636 
RCDWRc_limit = 3544 
WTRc_limit = 2979 
RTWc_limit = 9357 
CCDLc_limit = 19521 
rwq = 0 
CCDLc_limit_alone = 18337 
WTRc_limit_alone = 2663 
RTWc_limit_alone = 8489 

Commands details: 
total_CMD = 269422 
n_nop = 232670 
Read = 24568 
Write = 0 
L2_Alloc = 0 
L2_WB = 2116 
n_act = 6542 
n_pre = 6526 
n_ref = 0 
n_req = 25097 
total_req = 26684 

Dual Bus Interface Util: 
issued_total_row = 13068 
issued_total_col = 26684 
Row_Bus_Util =  0.048504 
CoL_Bus_Util = 0.099042 
Either_Row_CoL_Bus_Util = 0.136411 
Issued_on_Two_Bus_Simul_Util = 0.011135 
issued_two_Eff = 0.081628 
queue_avg = 2.404570 


dram_util_bins: 0 0 0 0 0 0 0 0 0 0
dram_eff_bins: 0 0 0 0 0 0 0 0 0 0
mrqq: max=108 avg=2.40457
Memory Partition 49: 
Cache L2_bank_098:
MSHR contents

Cache L2_bank_099:
MSHR contents

In Dram Latency Queue (total = 3): 
Ready @ 154482 -   mf: uid=20846746, sid4294967295:w4294967295, part=49, addr=0xc06f12980, store, size=128, L2_WRBK  status = IN_PARTITION_DRAM_LATENCY_QUEUE (154228), 
Ready @ 154495 -   mf: uid=20846759, sid4294967295:w4294967295, part=49, addr=0xc067a1980, store, size=128, L2_WRBK  status = IN_PARTITION_DRAM_LATENCY_QUEUE (154241), 
Ready @ 154623 -   mf: uid=20846777, sid4294967295:w4294967295, part=49, addr=0xc06aeb980, store, size=128, L2_WRBK  status = IN_PARTITION_DRAM_LATENCY_QUEUE (154369), 
DRAM[49]: 16 bks, busW=8 BL=4 CL=12, tRRD=3 tCCD=1, tRCD=12 tRAS=28 tRP=12 tRC=40
n_cmd=269422 n_nop=232570 n_act=6524 n_pre=6508 n_ref_event=0 n_req=25097 n_rd=24568 n_rd_L2_A=0 n_write=0 n_wr_bk=2116 bw_util=0.1981
n_activity=139140 dram_eff=0.3836
bk0: 1560a 256026i bk1: 1560a 256530i bk2: 1552a 256281i bk3: 1552a 256418i bk4: 1520a 255789i bk5: 1520a 255904i bk6: 1520a 256199i bk7: 1520a 256447i bk8: 1520a 256608i bk9: 1520a 256293i bk10: 1520a 256430i bk11: 1520a 256002i bk12: 1532a 256751i bk13: 1532a 256577i bk14: 1560a 256423i bk15: 1560a 256406i 

------------------------------------------------------------------------

Row_Buffer_Locality = 0.740049
Row_Buffer_Locality_read = 0.755780
Row_Buffer_Locality_write = 0.009452
Bank_Level_Parallism = 2.091764
Bank_Level_Parallism_Col = 1.647191
Bank_Level_Parallism_Ready = 1.194274
write_to_read_ratio_blp_rw_average = 0.108713
GrpLevelPara = 1.396121 

BW Util details:
bwutil = 0.198083 
total_CMD = 269422 
util_bw = 26684 
Wasted_Col = 58198 
Wasted_Row = 27351 
Idle = 157189 

BW Util Bottlenecks: 
RCDc_limit = 54660 
RCDWRc_limit = 3653 
WTRc_limit = 3226 
RTWc_limit = 8028 
CCDLc_limit = 19773 
rwq = 0 
CCDLc_limit_alone = 18683 
WTRc_limit_alone = 2890 
RTWc_limit_alone = 7274 

Commands details: 
total_CMD = 269422 
n_nop = 232570 
Read = 24568 
Write = 0 
L2_Alloc = 0 
L2_WB = 2116 
n_act = 6524 
n_pre = 6508 
n_ref = 0 
n_req = 25097 
total_req = 26684 

Dual Bus Interface Util: 
issued_total_row = 13032 
issued_total_col = 26684 
Row_Bus_Util =  0.048370 
CoL_Bus_Util = 0.099042 
Either_Row_CoL_Bus_Util = 0.136782 
Issued_on_Two_Bus_Simul_Util = 0.010630 
issued_two_Eff = 0.077716 
queue_avg = 2.361099 


dram_util_bins: 0 0 0 0 0 0 0 0 0 0
dram_eff_bins: 0 0 0 0 0 0 0 0 0 0
mrqq: max=100 avg=2.3611
Memory Partition 50: 
Cache L2_bank_100:
MSHR contents

Cache L2_bank_101:
MSHR contents

In Dram Latency Queue (total = 3): 
Ready @ 154466 -   mf: uid=20846733, sid4294967295:w4294967295, part=50, addr=0xc0664ea00, store, size=128, L2_WRBK  status = IN_PARTITION_DRAM_LATENCY_QUEUE (154212), 
Ready @ 154473 -   mf: uid=20846737, sid4294967295:w4294967295, part=50, addr=0xc07304980, store, size=128, L2_WRBK  status = IN_PARTITION_DRAM_LATENCY_QUEUE (154219), 
Ready @ 154492 -   mf: uid=20846757, sid4294967295:w4294967295, part=50, addr=0xc065f8a00, store, size=128, L2_WRBK  status = IN_PARTITION_DRAM_LATENCY_QUEUE (154238), 
DRAM[50]: 16 bks, busW=8 BL=4 CL=12, tRRD=3 tCCD=1, tRCD=12 tRAS=28 tRP=12 tRC=40
n_cmd=269422 n_nop=232481 n_act=6539 n_pre=6523 n_ref_event=0 n_req=25097 n_rd=24568 n_rd_L2_A=0 n_write=0 n_wr_bk=2116 bw_util=0.1981
n_activity=139142 dram_eff=0.3836
bk0: 1560a 256017i bk1: 1560a 256438i bk2: 1552a 256549i bk3: 1552a 256515i bk4: 1520a 255821i bk5: 1520a 256067i bk6: 1520a 256065i bk7: 1520a 256173i bk8: 1520a 256196i bk9: 1520a 255927i bk10: 1520a 256438i bk11: 1520a 256212i bk12: 1532a 256332i bk13: 1532a 256558i bk14: 1560a 255994i bk15: 1560a 256416i 

------------------------------------------------------------------------

Row_Buffer_Locality = 0.739451
Row_Buffer_Locality_read = 0.755088
Row_Buffer_Locality_write = 0.013233
Bank_Level_Parallism = 2.097674
Bank_Level_Parallism_Col = 1.653778
Bank_Level_Parallism_Ready = 1.194124
write_to_read_ratio_blp_rw_average = 0.112319
GrpLevelPara = 1.403926 

BW Util details:
bwutil = 0.198083 
total_CMD = 269422 
util_bw = 26684 
Wasted_Col = 58466 
Wasted_Row = 27418 
Idle = 156854 

BW Util Bottlenecks: 
RCDc_limit = 55008 
RCDWRc_limit = 3585 
WTRc_limit = 2817 
RTWc_limit = 8852 
CCDLc_limit = 19557 
rwq = 0 
CCDLc_limit_alone = 18457 
WTRc_limit_alone = 2541 
RTWc_limit_alone = 8028 

Commands details: 
total_CMD = 269422 
n_nop = 232481 
Read = 24568 
Write = 0 
L2_Alloc = 0 
L2_WB = 2116 
n_act = 6539 
n_pre = 6523 
n_ref = 0 
n_req = 25097 
total_req = 26684 

Dual Bus Interface Util: 
issued_total_row = 13062 
issued_total_col = 26684 
Row_Bus_Util =  0.048482 
CoL_Bus_Util = 0.099042 
Either_Row_CoL_Bus_Util = 0.137112 
Issued_on_Two_Bus_Simul_Util = 0.010411 
issued_two_Eff = 0.075932 
queue_avg = 2.357443 


dram_util_bins: 0 0 0 0 0 0 0 0 0 0
dram_eff_bins: 0 0 0 0 0 0 0 0 0 0
mrqq: max=102 avg=2.35744
Memory Partition 51: 
Cache L2_bank_102:
MSHR contents

Cache L2_bank_103:
MSHR contents

In Dram Latency Queue (total = 1): 
Ready @ 154477 -   mf: uid=20846741, sid4294967295:w4294967295, part=51, addr=0xc0630fa00, store, size=128, L2_WRBK  status = IN_PARTITION_DRAM_LATENCY_QUEUE (154223), 
DRAM[51]: 16 bks, busW=8 BL=4 CL=12, tRRD=3 tCCD=1, tRCD=12 tRAS=28 tRP=12 tRC=40
n_cmd=269422 n_nop=232579 n_act=6541 n_pre=6525 n_ref_event=0 n_req=25096 n_rd=24568 n_rd_L2_A=0 n_write=0 n_wr_bk=2112 bw_util=0.1981
n_activity=138158 dram_eff=0.3862
bk0: 1560a 256184i bk1: 1560a 256200i bk2: 1552a 256040i bk3: 1552a 256324i bk4: 1520a 256271i bk5: 1520a 256066i bk6: 1520a 255788i bk7: 1520a 255973i bk8: 1520a 256372i bk9: 1520a 256478i bk10: 1520a 256018i bk11: 1520a 256178i bk12: 1532a 256415i bk13: 1532a 256273i bk14: 1560a 256177i bk15: 1560a 256528i 

------------------------------------------------------------------------

Row_Buffer_Locality = 0.739361
Row_Buffer_Locality_read = 0.754966
Row_Buffer_Locality_write = 0.013258
Bank_Level_Parallism = 2.111736
Bank_Level_Parallism_Col = 1.668341
Bank_Level_Parallism_Ready = 1.187894
write_to_read_ratio_blp_rw_average = 0.111821
GrpLevelPara = 1.414270 

BW Util details:
bwutil = 0.198054 
total_CMD = 269422 
util_bw = 26680 
Wasted_Col = 58180 
Wasted_Row = 27163 
Idle = 157399 

BW Util Bottlenecks: 
RCDc_limit = 54837 
RCDWRc_limit = 3645 
WTRc_limit = 3117 
RTWc_limit = 9194 
CCDLc_limit = 19604 
rwq = 0 
CCDLc_limit_alone = 18562 
WTRc_limit_alone = 2821 
RTWc_limit_alone = 8448 

Commands details: 
total_CMD = 269422 
n_nop = 232579 
Read = 24568 
Write = 0 
L2_Alloc = 0 
L2_WB = 2112 
n_act = 6541 
n_pre = 6525 
n_ref = 0 
n_req = 25096 
total_req = 26680 

Dual Bus Interface Util: 
issued_total_row = 13066 
issued_total_col = 26680 
Row_Bus_Util =  0.048496 
CoL_Bus_Util = 0.099027 
Either_Row_CoL_Bus_Util = 0.136748 
Issued_on_Two_Bus_Simul_Util = 0.010775 
issued_two_Eff = 0.078794 
queue_avg = 2.323114 


dram_util_bins: 0 0 0 0 0 0 0 0 0 0
dram_eff_bins: 0 0 0 0 0 0 0 0 0 0
mrqq: max=90 avg=2.32311
Memory Partition 52: 
Cache L2_bank_104:
MSHR contents

Cache L2_bank_105:
MSHR contents

In Dram Latency Queue (total = 1): 
Ready @ 154619 -   mf: uid=20846775, sid4294967295:w4294967295, part=52, addr=0xc06f67980, store, size=128, L2_WRBK  status = IN_PARTITION_DRAM_LATENCY_QUEUE (154365), 
DRAM[52]: 16 bks, busW=8 BL=4 CL=12, tRRD=3 tCCD=1, tRCD=12 tRAS=28 tRP=12 tRC=40
n_cmd=269422 n_nop=232354 n_act=6558 n_pre=6542 n_ref_event=0 n_req=25119 n_rd=24568 n_rd_L2_A=0 n_write=0 n_wr_bk=2204 bw_util=0.1987
n_activity=138807 dram_eff=0.3857
bk0: 1560a 255934i bk1: 1560a 255694i bk2: 1552a 255991i bk3: 1552a 255568i bk4: 1520a 255699i bk5: 1520a 256488i bk6: 1520a 256542i bk7: 1520a 256425i bk8: 1520a 256480i bk9: 1520a 256672i bk10: 1520a 256371i bk11: 1520a 256603i bk12: 1532a 255929i bk13: 1532a 255718i bk14: 1560a 255887i bk15: 1560a 256004i 

------------------------------------------------------------------------

Row_Buffer_Locality = 0.738923
Row_Buffer_Locality_read = 0.755251
Row_Buffer_Locality_write = 0.010889
Bank_Level_Parallism = 2.110725
Bank_Level_Parallism_Col = 1.669142
Bank_Level_Parallism_Ready = 1.207754
write_to_read_ratio_blp_rw_average = 0.117924
GrpLevelPara = 1.407985 

BW Util details:
bwutil = 0.198737 
total_CMD = 269422 
util_bw = 26772 
Wasted_Col = 58558 
Wasted_Row = 27364 
Idle = 156728 

BW Util Bottlenecks: 
RCDc_limit = 54895 
RCDWRc_limit = 3848 
WTRc_limit = 3286 
RTWc_limit = 9267 
CCDLc_limit = 19547 
rwq = 0 
CCDLc_limit_alone = 18318 
WTRc_limit_alone = 2918 
RTWc_limit_alone = 8406 

Commands details: 
total_CMD = 269422 
n_nop = 232354 
Read = 24568 
Write = 0 
L2_Alloc = 0 
L2_WB = 2204 
n_act = 6558 
n_pre = 6542 
n_ref = 0 
n_req = 25119 
total_req = 26772 

Dual Bus Interface Util: 
issued_total_row = 13100 
issued_total_col = 26772 
Row_Bus_Util =  0.048623 
CoL_Bus_Util = 0.099368 
Either_Row_CoL_Bus_Util = 0.137583 
Issued_on_Two_Bus_Simul_Util = 0.010407 
issued_two_Eff = 0.075645 
queue_avg = 2.307800 


dram_util_bins: 0 0 0 0 0 0 0 0 0 0
dram_eff_bins: 0 0 0 0 0 0 0 0 0 0
mrqq: max=107 avg=2.3078
Memory Partition 53: 
Cache L2_bank_106:
MSHR contents

Cache L2_bank_107:
MSHR contents

In Dram Latency Queue (total = 1): 
Ready @ 154503 -   mf: uid=20846761, sid4294967295:w4294967295, part=53, addr=0xc068f1a00, store, size=128, L2_WRBK  status = IN_PARTITION_DRAM_LATENCY_QUEUE (154249), 
DRAM[53]: 16 bks, busW=8 BL=4 CL=12, tRRD=3 tCCD=1, tRCD=12 tRAS=28 tRP=12 tRC=40
n_cmd=269422 n_nop=232444 n_act=6533 n_pre=6517 n_ref_event=0 n_req=25119 n_rd=24568 n_rd_L2_A=0 n_write=0 n_wr_bk=2204 bw_util=0.1987
n_activity=138560 dram_eff=0.3864
bk0: 1560a 255787i bk1: 1560a 255833i bk2: 1552a 255808i bk3: 1552a 255755i bk4: 1520a 256131i bk5: 1520a 256349i bk6: 1520a 256359i bk7: 1520a 257001i bk8: 1520a 256502i bk9: 1520a 256609i bk10: 1520a 256342i bk11: 1520a 256801i bk12: 1532a 255927i bk13: 1532a 256276i bk14: 1560a 256153i bk15: 1560a 255750i 

------------------------------------------------------------------------

Row_Buffer_Locality = 0.739918
Row_Buffer_Locality_read = 0.756146
Row_Buffer_Locality_write = 0.016334
Bank_Level_Parallism = 2.107023
Bank_Level_Parallism_Col = 1.668658
Bank_Level_Parallism_Ready = 1.191170
write_to_read_ratio_blp_rw_average = 0.117888
GrpLevelPara = 1.407448 

BW Util details:
bwutil = 0.198737 
total_CMD = 269422 
util_bw = 26772 
Wasted_Col = 58328 
Wasted_Row = 27138 
Idle = 157184 

BW Util Bottlenecks: 
RCDc_limit = 54741 
RCDWRc_limit = 3696 
WTRc_limit = 3313 
RTWc_limit = 9188 
CCDLc_limit = 19952 
rwq = 0 
CCDLc_limit_alone = 18660 
WTRc_limit_alone = 2880 
RTWc_limit_alone = 8329 

Commands details: 
total_CMD = 269422 
n_nop = 232444 
Read = 24568 
Write = 0 
L2_Alloc = 0 
L2_WB = 2204 
n_act = 6533 
n_pre = 6517 
n_ref = 0 
n_req = 25119 
total_req = 26772 

Dual Bus Interface Util: 
issued_total_row = 13050 
issued_total_col = 26772 
Row_Bus_Util =  0.048437 
CoL_Bus_Util = 0.099368 
Either_Row_CoL_Bus_Util = 0.137249 
Issued_on_Two_Bus_Simul_Util = 0.010556 
issued_two_Eff = 0.076911 
queue_avg = 2.323812 


dram_util_bins: 0 0 0 0 0 0 0 0 0 0
dram_eff_bins: 0 0 0 0 0 0 0 0 0 0
mrqq: max=93 avg=2.32381
Memory Partition 54: 
Cache L2_bank_108:
MSHR contents

Cache L2_bank_109:
MSHR contents

In Dram Latency Queue (total = 2): 
Ready @ 154481 -   mf: uid=20846742, sid4294967295:w4294967295, part=54, addr=0xc06c45980, store, size=128, L2_WRBK  status = IN_PARTITION_DRAM_LATENCY_QUEUE (154227), 
Ready @ 154626 -   mf: uid=20846780, sid4294967295:w4294967295, part=54, addr=0xc0808cd80, store, size=128, L2_WRBK  status = IN_PARTITION_DRAM_LATENCY_QUEUE (154372), 
DRAM[54]: 16 bks, busW=8 BL=4 CL=12, tRRD=3 tCCD=1, tRCD=12 tRAS=28 tRP=12 tRC=40
n_cmd=269422 n_nop=232416 n_act=6550 n_pre=6534 n_ref_event=0 n_req=25113 n_rd=24568 n_rd_L2_A=0 n_write=0 n_wr_bk=2180 bw_util=0.1986
n_activity=138986 dram_eff=0.3849
bk0: 1560a 255246i bk1: 1560a 255465i bk2: 1552a 255444i bk3: 1552a 256007i bk4: 1520a 256077i bk5: 1520a 256224i bk6: 1520a 256681i bk7: 1520a 256745i bk8: 1520a 256380i bk9: 1520a 256613i bk10: 1520a 256478i bk11: 1520a 256452i bk12: 1532a 256326i bk13: 1532a 256207i bk14: 1560a 256061i bk15: 1560a 256018i 

------------------------------------------------------------------------

Row_Buffer_Locality = 0.739179
Row_Buffer_Locality_read = 0.755129
Row_Buffer_Locality_write = 0.020183
Bank_Level_Parallism = 2.108263
Bank_Level_Parallism_Col = 1.669136
Bank_Level_Parallism_Ready = 1.199865
write_to_read_ratio_blp_rw_average = 0.114217
GrpLevelPara = 1.410121 

BW Util details:
bwutil = 0.198558 
total_CMD = 269422 
util_bw = 26748 
Wasted_Col = 58516 
Wasted_Row = 27360 
Idle = 156798 

BW Util Bottlenecks: 
RCDc_limit = 55058 
RCDWRc_limit = 3755 
WTRc_limit = 3188 
RTWc_limit = 9180 
CCDLc_limit = 19749 
rwq = 0 
CCDLc_limit_alone = 18583 
WTRc_limit_alone = 2846 
RTWc_limit_alone = 8356 

Commands details: 
total_CMD = 269422 
n_nop = 232416 
Read = 24568 
Write = 0 
L2_Alloc = 0 
L2_WB = 2180 
n_act = 6550 
n_pre = 6534 
n_ref = 0 
n_req = 25113 
total_req = 26748 

Dual Bus Interface Util: 
issued_total_row = 13084 
issued_total_col = 26748 
Row_Bus_Util =  0.048563 
CoL_Bus_Util = 0.099279 
Either_Row_CoL_Bus_Util = 0.137353 
Issued_on_Two_Bus_Simul_Util = 0.010489 
issued_two_Eff = 0.076366 
queue_avg = 2.352172 


dram_util_bins: 0 0 0 0 0 0 0 0 0 0
dram_eff_bins: 0 0 0 0 0 0 0 0 0 0
mrqq: max=102 avg=2.35217
Memory Partition 55: 
Cache L2_bank_110:
MSHR contents

Cache L2_bank_111:
MSHR contents

In Dram Latency Queue (total = 0): 
DRAM[55]: 16 bks, busW=8 BL=4 CL=12, tRRD=3 tCCD=1, tRCD=12 tRAS=28 tRP=12 tRC=40
n_cmd=269422 n_nop=232467 n_act=6562 n_pre=6546 n_ref_event=0 n_req=25115 n_rd=24568 n_rd_L2_A=0 n_write=0 n_wr_bk=2188 bw_util=0.1986
n_activity=139400 dram_eff=0.3839
bk0: 1560a 255600i bk1: 1560a 255592i bk2: 1552a 255933i bk3: 1552a 255549i bk4: 1520a 256507i bk5: 1520a 256370i bk6: 1520a 256190i bk7: 1520a 256489i bk8: 1520a 256556i bk9: 1520a 256854i bk10: 1520a 256450i bk11: 1520a 256662i bk12: 1532a 256008i bk13: 1532a 256447i bk14: 1560a 255836i bk15: 1560a 255845i 

------------------------------------------------------------------------

Row_Buffer_Locality = 0.738722
Row_Buffer_Locality_read = 0.754884
Row_Buffer_Locality_write = 0.012797
Bank_Level_Parallism = 2.103488
Bank_Level_Parallism_Col = 1.663881
Bank_Level_Parallism_Ready = 1.199768
write_to_read_ratio_blp_rw_average = 0.115901
GrpLevelPara = 1.403488 

BW Util details:
bwutil = 0.198618 
total_CMD = 269422 
util_bw = 26756 
Wasted_Col = 58480 
Wasted_Row = 27424 
Idle = 156762 

BW Util Bottlenecks: 
RCDc_limit = 54760 
RCDWRc_limit = 3765 
WTRc_limit = 3297 
RTWc_limit = 8756 
CCDLc_limit = 19624 
rwq = 0 
CCDLc_limit_alone = 18379 
WTRc_limit_alone = 2881 
RTWc_limit_alone = 7927 

Commands details: 
total_CMD = 269422 
n_nop = 232467 
Read = 24568 
Write = 0 
L2_Alloc = 0 
L2_WB = 2188 
n_act = 6562 
n_pre = 6546 
n_ref = 0 
n_req = 25115 
total_req = 26756 

Dual Bus Interface Util: 
issued_total_row = 13108 
issued_total_col = 26756 
Row_Bus_Util =  0.048652 
CoL_Bus_Util = 0.099309 
Either_Row_CoL_Bus_Util = 0.137164 
Issued_on_Two_Bus_Simul_Util = 0.010797 
issued_two_Eff = 0.078717 
queue_avg = 2.282746 


dram_util_bins: 0 0 0 0 0 0 0 0 0 0
dram_eff_bins: 0 0 0 0 0 0 0 0 0 0
mrqq: max=85 avg=2.28275
Memory Partition 56: 
Cache L2_bank_112:
MSHR contents

Cache L2_bank_113:
MSHR contents

In Dram Latency Queue (total = 0): 
DRAM[56]: 16 bks, busW=8 BL=4 CL=12, tRRD=3 tCCD=1, tRCD=12 tRAS=28 tRP=12 tRC=40
n_cmd=269422 n_nop=232578 n_act=6547 n_pre=6531 n_ref_event=0 n_req=25101 n_rd=24568 n_rd_L2_A=0 n_write=0 n_wr_bk=2132 bw_util=0.1982
n_activity=138625 dram_eff=0.3852
bk0: 1560a 255975i bk1: 1560a 256384i bk2: 1552a 255975i bk3: 1552a 256199i bk4: 1520a 256142i bk5: 1520a 255709i bk6: 1520a 256548i bk7: 1520a 256100i bk8: 1520a 255953i bk9: 1520a 255923i bk10: 1520a 255844i bk11: 1520a 256240i bk12: 1532a 255984i bk13: 1532a 256345i bk14: 1560a 256444i bk15: 1560a 256434i 

------------------------------------------------------------------------

Row_Buffer_Locality = 0.739174
Row_Buffer_Locality_read = 0.755006
Row_Buffer_Locality_write = 0.009381
Bank_Level_Parallism = 2.122555
Bank_Level_Parallism_Col = 1.674798
Bank_Level_Parallism_Ready = 1.186255
write_to_read_ratio_blp_rw_average = 0.110970
GrpLevelPara = 1.415743 

BW Util details:
bwutil = 0.198202 
total_CMD = 269422 
util_bw = 26700 
Wasted_Col = 57938 
Wasted_Row = 27328 
Idle = 157456 

BW Util Bottlenecks: 
RCDc_limit = 54668 
RCDWRc_limit = 3659 
WTRc_limit = 3053 
RTWc_limit = 9544 
CCDLc_limit = 19617 
rwq = 0 
CCDLc_limit_alone = 18493 
WTRc_limit_alone = 2802 
RTWc_limit_alone = 8671 

Commands details: 
total_CMD = 269422 
n_nop = 232578 
Read = 24568 
Write = 0 
L2_Alloc = 0 
L2_WB = 2132 
n_act = 6547 
n_pre = 6531 
n_ref = 0 
n_req = 25101 
total_req = 26700 

Dual Bus Interface Util: 
issued_total_row = 13078 
issued_total_col = 26700 
Row_Bus_Util =  0.048541 
CoL_Bus_Util = 0.099101 
Either_Row_CoL_Bus_Util = 0.136752 
Issued_on_Two_Bus_Simul_Util = 0.010890 
issued_two_Eff = 0.079633 
queue_avg = 2.341735 


dram_util_bins: 0 0 0 0 0 0 0 0 0 0
dram_eff_bins: 0 0 0 0 0 0 0 0 0 0
mrqq: max=92 avg=2.34174
Memory Partition 57: 
Cache L2_bank_114:
MSHR contents

Cache L2_bank_115:
MSHR contents

In Dram Latency Queue (total = 0): 
DRAM[57]: 16 bks, busW=8 BL=4 CL=12, tRRD=3 tCCD=1, tRCD=12 tRAS=28 tRP=12 tRC=40
n_cmd=269422 n_nop=232553 n_act=6518 n_pre=6502 n_ref_event=0 n_req=25097 n_rd=24568 n_rd_L2_A=0 n_write=0 n_wr_bk=2116 bw_util=0.1981
n_activity=138225 dram_eff=0.3861
bk0: 1560a 256517i bk1: 1560a 256542i bk2: 1552a 255958i bk3: 1552a 256247i bk4: 1520a 255984i bk5: 1520a 256001i bk6: 1520a 255663i bk7: 1520a 256438i bk8: 1520a 256150i bk9: 1520a 256436i bk10: 1520a 256104i bk11: 1520a 255847i bk12: 1532a 256803i bk13: 1532a 256739i bk14: 1560a 255774i bk15: 1560a 256389i 

------------------------------------------------------------------------

Row_Buffer_Locality = 0.740288
Row_Buffer_Locality_read = 0.755902
Row_Buffer_Locality_write = 0.015123
Bank_Level_Parallism = 2.110795
Bank_Level_Parallism_Col = 1.668307
Bank_Level_Parallism_Ready = 1.193412
write_to_read_ratio_blp_rw_average = 0.113031
GrpLevelPara = 1.412594 

BW Util details:
bwutil = 0.198083 
total_CMD = 269422 
util_bw = 26684 
Wasted_Col = 58236 
Wasted_Row = 27008 
Idle = 157494 

BW Util Bottlenecks: 
RCDc_limit = 54882 
RCDWRc_limit = 3571 
WTRc_limit = 2956 
RTWc_limit = 9207 
CCDLc_limit = 19775 
rwq = 0 
CCDLc_limit_alone = 18635 
WTRc_limit_alone = 2685 
RTWc_limit_alone = 8338 

Commands details: 
total_CMD = 269422 
n_nop = 232553 
Read = 24568 
Write = 0 
L2_Alloc = 0 
L2_WB = 2116 
n_act = 6518 
n_pre = 6502 
n_ref = 0 
n_req = 25097 
total_req = 26684 

Dual Bus Interface Util: 
issued_total_row = 13020 
issued_total_col = 26684 
Row_Bus_Util =  0.048326 
CoL_Bus_Util = 0.099042 
Either_Row_CoL_Bus_Util = 0.136845 
Issued_on_Two_Bus_Simul_Util = 0.010523 
issued_two_Eff = 0.076894 
queue_avg = 2.381539 


dram_util_bins: 0 0 0 0 0 0 0 0 0 0
dram_eff_bins: 0 0 0 0 0 0 0 0 0 0
mrqq: max=107 avg=2.38154
Memory Partition 58: 
Cache L2_bank_116:
MSHR contents

Cache L2_bank_117:
MSHR contents

In Dram Latency Queue (total = 1): 
Ready @ 154615 -   mf: uid=20846773, sid4294967295:w4294967295, part=58, addr=0xc065f3a00, store, size=128, L2_WRBK  status = IN_PARTITION_DRAM_LATENCY_QUEUE (154361), 
DRAM[58]: 16 bks, busW=8 BL=4 CL=12, tRRD=3 tCCD=1, tRCD=12 tRAS=28 tRP=12 tRC=40
n_cmd=269422 n_nop=232546 n_act=6532 n_pre=6516 n_ref_event=0 n_req=25098 n_rd=24568 n_rd_L2_A=0 n_write=0 n_wr_bk=2120 bw_util=0.1981
n_activity=138653 dram_eff=0.385
bk0: 1560a 256118i bk1: 1560a 256266i bk2: 1552a 256451i bk3: 1552a 256469i bk4: 1520a 255627i bk5: 1520a 255828i bk6: 1520a 256114i bk7: 1520a 255849i bk8: 1520a 256056i bk9: 1520a 255829i bk10: 1520a 256275i bk11: 1520a 256107i bk12: 1532a 256354i bk13: 1532a 256254i bk14: 1560a 256274i bk15: 1560a 256298i 

------------------------------------------------------------------------

Row_Buffer_Locality = 0.739740
Row_Buffer_Locality_read = 0.755332
Row_Buffer_Locality_write = 0.016981
Bank_Level_Parallism = 2.112814
Bank_Level_Parallism_Col = 1.675779
Bank_Level_Parallism_Ready = 1.201476
write_to_read_ratio_blp_rw_average = 0.112787
GrpLevelPara = 1.409728 

BW Util details:
bwutil = 0.198113 
total_CMD = 269422 
util_bw = 26688 
Wasted_Col = 58117 
Wasted_Row = 27690 
Idle = 156927 

BW Util Bottlenecks: 
RCDc_limit = 54749 
RCDWRc_limit = 3590 
WTRc_limit = 2738 
RTWc_limit = 9431 
CCDLc_limit = 19932 
rwq = 0 
CCDLc_limit_alone = 18667 
WTRc_limit_alone = 2408 
RTWc_limit_alone = 8496 

Commands details: 
total_CMD = 269422 
n_nop = 232546 
Read = 24568 
Write = 0 
L2_Alloc = 0 
L2_WB = 2120 
n_act = 6532 
n_pre = 6516 
n_ref = 0 
n_req = 25098 
total_req = 26688 

Dual Bus Interface Util: 
issued_total_row = 13048 
issued_total_col = 26688 
Row_Bus_Util =  0.048430 
CoL_Bus_Util = 0.099056 
Either_Row_CoL_Bus_Util = 0.136871 
Issued_on_Two_Bus_Simul_Util = 0.010615 
issued_two_Eff = 0.077557 
queue_avg = 2.365501 


dram_util_bins: 0 0 0 0 0 0 0 0 0 0
dram_eff_bins: 0 0 0 0 0 0 0 0 0 0
mrqq: max=104 avg=2.3655
Memory Partition 59: 
Cache L2_bank_118:
MSHR contents

Cache L2_bank_119:
MSHR contents

In Dram Latency Queue (total = 1): 
Ready @ 154484 -   mf: uid=20846749, sid4294967295:w4294967295, part=59, addr=0xc06af9a00, store, size=128, L2_WRBK  status = IN_PARTITION_DRAM_LATENCY_QUEUE (154230), 
DRAM[59]: 16 bks, busW=8 BL=4 CL=12, tRRD=3 tCCD=1, tRCD=12 tRAS=28 tRP=12 tRC=40
n_cmd=269422 n_nop=232527 n_act=6540 n_pre=6524 n_ref_event=0 n_req=25101 n_rd=24568 n_rd_L2_A=0 n_write=0 n_wr_bk=2132 bw_util=0.1982
n_activity=138261 dram_eff=0.3862
bk0: 1560a 255977i bk1: 1560a 256287i bk2: 1552a 256246i bk3: 1552a 256354i bk4: 1520a 256032i bk5: 1520a 255481i bk6: 1520a 256153i bk7: 1520a 255998i bk8: 1520a 256218i bk9: 1520a 255823i bk10: 1520a 256202i bk11: 1520a 256046i bk12: 1532a 256219i bk13: 1532a 256319i bk14: 1560a 255713i bk15: 1560a 256359i 

------------------------------------------------------------------------

Row_Buffer_Locality = 0.739453
Row_Buffer_Locality_read = 0.755373
Row_Buffer_Locality_write = 0.005629
Bank_Level_Parallism = 2.126772
Bank_Level_Parallism_Col = 1.686278
Bank_Level_Parallism_Ready = 1.201161
write_to_read_ratio_blp_rw_average = 0.113290
GrpLevelPara = 1.422714 

BW Util details:
bwutil = 0.198202 
total_CMD = 269422 
util_bw = 26700 
Wasted_Col = 58070 
Wasted_Row = 27337 
Idle = 157315 

BW Util Bottlenecks: 
RCDc_limit = 54644 
RCDWRc_limit = 3627 
WTRc_limit = 2863 
RTWc_limit = 9970 
CCDLc_limit = 19684 
rwq = 0 
CCDLc_limit_alone = 18532 
WTRc_limit_alone = 2579 
RTWc_limit_alone = 9102 

Commands details: 
total_CMD = 269422 
n_nop = 232527 
Read = 24568 
Write = 0 
L2_Alloc = 0 
L2_WB = 2132 
n_act = 6540 
n_pre = 6524 
n_ref = 0 
n_req = 25101 
total_req = 26700 

Dual Bus Interface Util: 
issued_total_row = 13064 
issued_total_col = 26700 
Row_Bus_Util =  0.048489 
CoL_Bus_Util = 0.099101 
Either_Row_CoL_Bus_Util = 0.136941 
Issued_on_Two_Bus_Simul_Util = 0.010649 
issued_two_Eff = 0.077761 
queue_avg = 2.340729 


dram_util_bins: 0 0 0 0 0 0 0 0 0 0
dram_eff_bins: 0 0 0 0 0 0 0 0 0 0
mrqq: max=112 avg=2.34073
Memory Partition 60: 
Cache L2_bank_120:
MSHR contents

Cache L2_bank_121:
MSHR contents

In Dram Latency Queue (total = 1): 
Ready @ 154483 -   mf: uid=20846748, sid4294967295:w4294967295, part=60, addr=0xc0643b980, store, size=128, L2_WRBK  status = IN_PARTITION_DRAM_LATENCY_QUEUE (154229), 
DRAM[60]: 16 bks, busW=8 BL=4 CL=12, tRRD=3 tCCD=1, tRCD=12 tRAS=28 tRP=12 tRC=40
n_cmd=269422 n_nop=232400 n_act=6543 n_pre=6527 n_ref_event=0 n_req=25120 n_rd=24568 n_rd_L2_A=0 n_write=0 n_wr_bk=2208 bw_util=0.1988
n_activity=138135 dram_eff=0.3877
bk0: 1560a 255814i bk1: 1560a 255767i bk2: 1552a 255831i bk3: 1552a 255920i bk4: 1520a 256109i bk5: 1520a 256467i bk6: 1520a 256537i bk7: 1520a 256485i bk8: 1520a 256469i bk9: 1520a 256524i bk10: 1520a 256130i bk11: 1520a 256727i bk12: 1532a 256254i bk13: 1532a 256082i bk14: 1560a 256070i bk15: 1560a 256148i 

------------------------------------------------------------------------

Row_Buffer_Locality = 0.739530
Row_Buffer_Locality_read = 0.755821
Row_Buffer_Locality_write = 0.014493
Bank_Level_Parallism = 2.115252
Bank_Level_Parallism_Col = 1.666427
Bank_Level_Parallism_Ready = 1.188900
write_to_read_ratio_blp_rw_average = 0.114994
GrpLevelPara = 1.410617 

BW Util details:
bwutil = 0.198766 
total_CMD = 269422 
util_bw = 26776 
Wasted_Col = 57998 
Wasted_Row = 27051 
Idle = 157597 

BW Util Bottlenecks: 
RCDc_limit = 54625 
RCDWRc_limit = 3809 
WTRc_limit = 3384 
RTWc_limit = 8857 
CCDLc_limit = 19498 
rwq = 0 
CCDLc_limit_alone = 18245 
WTRc_limit_alone = 3012 
RTWc_limit_alone = 7976 

Commands details: 
total_CMD = 269422 
n_nop = 232400 
Read = 24568 
Write = 0 
L2_Alloc = 0 
L2_WB = 2208 
n_act = 6543 
n_pre = 6527 
n_ref = 0 
n_req = 25120 
total_req = 26776 

Dual Bus Interface Util: 
issued_total_row = 13070 
issued_total_col = 26776 
Row_Bus_Util =  0.048511 
CoL_Bus_Util = 0.099383 
Either_Row_CoL_Bus_Util = 0.137413 
Issued_on_Two_Bus_Simul_Util = 0.010482 
issued_two_Eff = 0.076279 
queue_avg = 2.280571 


dram_util_bins: 0 0 0 0 0 0 0 0 0 0
dram_eff_bins: 0 0 0 0 0 0 0 0 0 0
mrqq: max=98 avg=2.28057
Memory Partition 61: 
Cache L2_bank_122:
MSHR contents

Cache L2_bank_123:
MSHR contents

In Dram Latency Queue (total = 0): 
DRAM[61]: 16 bks, busW=8 BL=4 CL=12, tRRD=3 tCCD=1, tRCD=12 tRAS=28 tRP=12 tRC=40
n_cmd=269422 n_nop=232427 n_act=6550 n_pre=6534 n_ref_event=0 n_req=25122 n_rd=24568 n_rd_L2_A=0 n_write=0 n_wr_bk=2216 bw_util=0.1988
n_activity=138289 dram_eff=0.3874
bk0: 1560a 255781i bk1: 1560a 255789i bk2: 1552a 255468i bk3: 1552a 255724i bk4: 1520a 256195i bk5: 1520a 256375i bk6: 1520a 256445i bk7: 1520a 256508i bk8: 1520a 256589i bk9: 1520a 256390i bk10: 1520a 255999i bk11: 1520a 257002i bk12: 1532a 256234i bk13: 1532a 256206i bk14: 1560a 256033i bk15: 1560a 255839i 

------------------------------------------------------------------------

Row_Buffer_Locality = 0.739272
Row_Buffer_Locality_read = 0.755698
Row_Buffer_Locality_write = 0.010830
Bank_Level_Parallism = 2.114513
Bank_Level_Parallism_Col = 1.671775
Bank_Level_Parallism_Ready = 1.200194
write_to_read_ratio_blp_rw_average = 0.117428
GrpLevelPara = 1.408833 

BW Util details:
bwutil = 0.198826 
total_CMD = 269422 
util_bw = 26784 
Wasted_Col = 58165 
Wasted_Row = 27274 
Idle = 157199 

BW Util Bottlenecks: 
RCDc_limit = 54655 
RCDWRc_limit = 3756 
WTRc_limit = 2951 
RTWc_limit = 9235 
CCDLc_limit = 20045 
rwq = 0 
CCDLc_limit_alone = 18826 
WTRc_limit_alone = 2639 
RTWc_limit_alone = 8328 

Commands details: 
total_CMD = 269422 
n_nop = 232427 
Read = 24568 
Write = 0 
L2_Alloc = 0 
L2_WB = 2216 
n_act = 6550 
n_pre = 6534 
n_ref = 0 
n_req = 25122 
total_req = 26784 

Dual Bus Interface Util: 
issued_total_row = 13084 
issued_total_col = 26784 
Row_Bus_Util =  0.048563 
CoL_Bus_Util = 0.099413 
Either_Row_CoL_Bus_Util = 0.137312 
Issued_on_Two_Bus_Simul_Util = 0.010664 
issued_two_Eff = 0.077659 
queue_avg = 2.356400 


dram_util_bins: 0 0 0 0 0 0 0 0 0 0
dram_eff_bins: 0 0 0 0 0 0 0 0 0 0
mrqq: max=110 avg=2.3564
Memory Partition 62: 
Cache L2_bank_124:
MSHR contents

Cache L2_bank_125:
MSHR contents

In Dram Latency Queue (total = 0): 
DRAM[62]: 16 bks, busW=8 BL=4 CL=12, tRRD=3 tCCD=1, tRCD=12 tRAS=28 tRP=12 tRC=40
n_cmd=269422 n_nop=232408 n_act=6545 n_pre=6529 n_ref_event=0 n_req=25115 n_rd=24568 n_rd_L2_A=0 n_write=0 n_wr_bk=2188 bw_util=0.1986
n_activity=139155 dram_eff=0.3845
bk0: 1560a 255788i bk1: 1560a 255322i bk2: 1552a 255531i bk3: 1552a 255656i bk4: 1520a 256460i bk5: 1520a 256158i bk6: 1520a 256450i bk7: 1520a 256958i bk8: 1520a 256210i bk9: 1520a 256705i bk10: 1520a 256399i bk11: 1520a 256599i bk12: 1532a 255976i bk13: 1532a 256156i bk14: 1560a 255852i bk15: 1560a 255413i 

------------------------------------------------------------------------

Row_Buffer_Locality = 0.739399
Row_Buffer_Locality_read = 0.755617
Row_Buffer_Locality_write = 0.010969
Bank_Level_Parallism = 2.110600
Bank_Level_Parallism_Col = 1.677084
Bank_Level_Parallism_Ready = 1.194760
write_to_read_ratio_blp_rw_average = 0.114313
GrpLevelPara = 1.417980 

BW Util details:
bwutil = 0.198618 
total_CMD = 269422 
util_bw = 26756 
Wasted_Col = 58426 
Wasted_Row = 27693 
Idle = 156547 

BW Util Bottlenecks: 
RCDc_limit = 55056 
RCDWRc_limit = 3713 
WTRc_limit = 3017 
RTWc_limit = 10037 
CCDLc_limit = 19751 
rwq = 0 
CCDLc_limit_alone = 18496 
WTRc_limit_alone = 2714 
RTWc_limit_alone = 9085 

Commands details: 
total_CMD = 269422 
n_nop = 232408 
Read = 24568 
Write = 0 
L2_Alloc = 0 
L2_WB = 2188 
n_act = 6545 
n_pre = 6529 
n_ref = 0 
n_req = 25115 
total_req = 26756 

Dual Bus Interface Util: 
issued_total_row = 13074 
issued_total_col = 26756 
Row_Bus_Util =  0.048526 
CoL_Bus_Util = 0.099309 
Either_Row_CoL_Bus_Util = 0.137383 
Issued_on_Two_Bus_Simul_Util = 0.010452 
issued_two_Eff = 0.076079 
queue_avg = 2.345146 


dram_util_bins: 0 0 0 0 0 0 0 0 0 0
dram_eff_bins: 0 0 0 0 0 0 0 0 0 0
mrqq: max=86 avg=2.34515
Memory Partition 63: 
Cache L2_bank_126:
MSHR contents

Cache L2_bank_127:
MSHR contents

In Dram Latency Queue (total = 1): 
Ready @ 154462 -   mf: uid=20846729, sid4294967295:w4294967295, part=63, addr=0xc06fb7980, store, size=128, L2_WRBK  status = IN_PARTITION_DRAM_LATENCY_QUEUE (154208), 
DRAM[63]: 16 bks, busW=8 BL=4 CL=12, tRRD=3 tCCD=1, tRCD=12 tRAS=28 tRP=12 tRC=40
n_cmd=269422 n_nop=232417 n_act=6567 n_pre=6551 n_ref_event=0 n_req=25116 n_rd=24568 n_rd_L2_A=0 n_write=0 n_wr_bk=2192 bw_util=0.1986
n_activity=138060 dram_eff=0.3877
bk0: 1560a 255535i bk1: 1560a 255546i bk2: 1552a 255670i bk3: 1552a 256164i bk4: 1520a 256415i bk5: 1520a 256504i bk6: 1520a 256123i bk7: 1520a 256280i bk8: 1520a 256437i bk9: 1520a 256664i bk10: 1520a 256450i bk11: 1520a 256545i bk12: 1532a 255837i bk13: 1532a 256260i bk14: 1560a 255927i bk15: 1560a 255852i 

------------------------------------------------------------------------

Row_Buffer_Locality = 0.738533
Row_Buffer_Locality_read = 0.754599
Row_Buffer_Locality_write = 0.018248
Bank_Level_Parallism = 2.118626
Bank_Level_Parallism_Col = 1.665070
Bank_Level_Parallism_Ready = 1.193535
write_to_read_ratio_blp_rw_average = 0.116458
GrpLevelPara = 1.403973 

BW Util details:
bwutil = 0.198647 
total_CMD = 269422 
util_bw = 26760 
Wasted_Col = 58298 
Wasted_Row = 27118 
Idle = 157246 

BW Util Bottlenecks: 
RCDc_limit = 54748 
RCDWRc_limit = 3772 
WTRc_limit = 3084 
RTWc_limit = 8902 
CCDLc_limit = 19758 
rwq = 0 
CCDLc_limit_alone = 18445 
WTRc_limit_alone = 2743 
RTWc_limit_alone = 7930 

Commands details: 
total_CMD = 269422 
n_nop = 232417 
Read = 24568 
Write = 0 
L2_Alloc = 0 
L2_WB = 2192 
n_act = 6567 
n_pre = 6551 
n_ref = 0 
n_req = 25116 
total_req = 26760 

Dual Bus Interface Util: 
issued_total_row = 13118 
issued_total_col = 26760 
Row_Bus_Util =  0.048689 
CoL_Bus_Util = 0.099324 
Either_Row_CoL_Bus_Util = 0.137350 
Issued_on_Two_Bus_Simul_Util = 0.010664 
issued_two_Eff = 0.077638 
queue_avg = 2.298443 


dram_util_bins: 0 0 0 0 0 0 0 0 0 0
dram_eff_bins: 0 0 0 0 0 0 0 0 0 0
mrqq: max=98 avg=2.29844
Memory Partition 64: 
Cache L2_bank_128:
MSHR contents

Cache L2_bank_129:
MSHR contents

In Dram Latency Queue (total = 1): 
Ready @ 154498 -   mf: uid=20846760, sid4294967295:w4294967295, part=64, addr=0xc06b61a00, store, size=128, L2_WRBK  status = IN_PARTITION_DRAM_LATENCY_QUEUE (154244), 
DRAM[64]: 16 bks, busW=8 BL=4 CL=12, tRRD=3 tCCD=1, tRCD=12 tRAS=28 tRP=12 tRC=40
n_cmd=269422 n_nop=232437 n_act=6550 n_pre=6534 n_ref_event=0 n_req=25124 n_rd=24576 n_rd_L2_A=0 n_write=0 n_wr_bk=2192 bw_util=0.1987
n_activity=140297 dram_eff=0.3816
bk0: 1560a 255493i bk1: 1560a 255986i bk2: 1536a 256097i bk3: 1536a 256138i bk4: 1520a 256229i bk5: 1520a 256298i bk6: 1520a 256680i bk7: 1520a 256491i bk8: 1520a 256600i bk9: 1520a 256964i bk10: 1520a 256690i bk11: 1520a 256563i bk12: 1552a 255898i bk13: 1552a 256149i bk14: 1560a 255870i bk15: 1560a 255770i 

------------------------------------------------------------------------

Row_Buffer_Locality = 0.739293
Row_Buffer_Locality_read = 0.755534
Row_Buffer_Locality_write = 0.010949
Bank_Level_Parallism = 2.080061
Bank_Level_Parallism_Col = 1.642345
Bank_Level_Parallism_Ready = 1.187126
write_to_read_ratio_blp_rw_average = 0.115290
GrpLevelPara = 1.393897 

BW Util details:
bwutil = 0.198707 
total_CMD = 269422 
util_bw = 26768 
Wasted_Col = 59190 
Wasted_Row = 27481 
Idle = 155983 

BW Util Bottlenecks: 
RCDc_limit = 55036 
RCDWRc_limit = 3738 
WTRc_limit = 3094 
RTWc_limit = 9046 
CCDLc_limit = 19815 
rwq = 0 
CCDLc_limit_alone = 18594 
WTRc_limit_alone = 2748 
RTWc_limit_alone = 8171 

Commands details: 
total_CMD = 269422 
n_nop = 232437 
Read = 24576 
Write = 0 
L2_Alloc = 0 
L2_WB = 2192 
n_act = 6550 
n_pre = 6534 
n_ref = 0 
n_req = 25124 
total_req = 26768 

Dual Bus Interface Util: 
issued_total_row = 13084 
issued_total_col = 26768 
Row_Bus_Util =  0.048563 
CoL_Bus_Util = 0.099353 
Either_Row_CoL_Bus_Util = 0.137275 
Issued_on_Two_Bus_Simul_Util = 0.010641 
issued_two_Eff = 0.077518 
queue_avg = 2.313664 


dram_util_bins: 0 0 0 0 0 0 0 0 0 0
dram_eff_bins: 0 0 0 0 0 0 0 0 0 0
mrqq: max=105 avg=2.31366
Memory Partition 65: 
Cache L2_bank_130:
MSHR contents

Cache L2_bank_131:
MSHR contents

In Dram Latency Queue (total = 1): 
Ready @ 154628 -   mf: uid=20846783, sid4294967295:w4294967295, part=65, addr=0xc0673d980, store, size=128, L2_WRBK  status = IN_PARTITION_DRAM_LATENCY_QUEUE (154374), 
DRAM[65]: 16 bks, busW=8 BL=4 CL=12, tRRD=3 tCCD=1, tRCD=12 tRAS=28 tRP=12 tRC=40
n_cmd=269422 n_nop=232428 n_act=6547 n_pre=6531 n_ref_event=0 n_req=25123 n_rd=24576 n_rd_L2_A=0 n_write=0 n_wr_bk=2188 bw_util=0.1987
n_activity=139042 dram_eff=0.385
bk0: 1560a 255538i bk1: 1560a 255822i bk2: 1536a 256371i bk3: 1536a 255910i bk4: 1520a 256430i bk5: 1520a 256461i bk6: 1520a 256336i bk7: 1520a 256619i bk8: 1520a 256818i bk9: 1520a 256897i bk10: 1520a 256489i bk11: 1520a 256680i bk12: 1552a 255900i bk13: 1552a 256036i bk14: 1560a 255328i bk15: 1560a 255545i 

------------------------------------------------------------------------

Row_Buffer_Locality = 0.739402
Row_Buffer_Locality_read = 0.755534
Row_Buffer_Locality_write = 0.014625
Bank_Level_Parallism = 2.110635
Bank_Level_Parallism_Col = 1.661243
Bank_Level_Parallism_Ready = 1.182745
write_to_read_ratio_blp_rw_average = 0.115933
GrpLevelPara = 1.411825 

BW Util details:
bwutil = 0.198677 
total_CMD = 269422 
util_bw = 26764 
Wasted_Col = 58241 
Wasted_Row = 27139 
Idle = 157278 

BW Util Bottlenecks: 
RCDc_limit = 54663 
RCDWRc_limit = 3721 
WTRc_limit = 3212 
RTWc_limit = 9157 
CCDLc_limit = 19561 
rwq = 0 
CCDLc_limit_alone = 18350 
WTRc_limit_alone = 2862 
RTWc_limit_alone = 8296 

Commands details: 
total_CMD = 269422 
n_nop = 232428 
Read = 24576 
Write = 0 
L2_Alloc = 0 
L2_WB = 2188 
n_act = 6547 
n_pre = 6531 
n_ref = 0 
n_req = 25123 
total_req = 26764 

Dual Bus Interface Util: 
issued_total_row = 13078 
issued_total_col = 26764 
Row_Bus_Util =  0.048541 
CoL_Bus_Util = 0.099339 
Either_Row_CoL_Bus_Util = 0.137309 
Issued_on_Two_Bus_Simul_Util = 0.010571 
issued_two_Eff = 0.076985 
queue_avg = 2.316203 


dram_util_bins: 0 0 0 0 0 0 0 0 0 0
dram_eff_bins: 0 0 0 0 0 0 0 0 0 0
mrqq: max=92 avg=2.3162
Memory Partition 66: 
Cache L2_bank_132:
MSHR contents

Cache L2_bank_133:
MSHR contents

In Dram Latency Queue (total = 1): 
Ready @ 154474 -   mf: uid=20846738, sid4294967295:w4294967295, part=66, addr=0xc06e4da00, store, size=128, L2_WRBK  status = IN_PARTITION_DRAM_LATENCY_QUEUE (154220), 
DRAM[66]: 16 bks, busW=8 BL=4 CL=12, tRRD=3 tCCD=1, tRCD=12 tRAS=28 tRP=12 tRC=40
n_cmd=269422 n_nop=232378 n_act=6550 n_pre=6534 n_ref_event=0 n_req=25130 n_rd=24576 n_rd_L2_A=0 n_write=0 n_wr_bk=2216 bw_util=0.1989
n_activity=138840 dram_eff=0.3859
bk0: 1560a 255386i bk1: 1560a 255470i bk2: 1536a 256102i bk3: 1536a 256076i bk4: 1520a 256292i bk5: 1520a 256451i bk6: 1520a 256313i bk7: 1520a 256320i bk8: 1520a 256292i bk9: 1520a 256741i bk10: 1520a 256455i bk11: 1520a 256620i bk12: 1552a 255253i bk13: 1552a 255354i bk14: 1560a 255872i bk15: 1560a 255913i 

------------------------------------------------------------------------

Row_Buffer_Locality = 0.739355
Row_Buffer_Locality_read = 0.755575
Row_Buffer_Locality_write = 0.019856
Bank_Level_Parallism = 2.126350
Bank_Level_Parallism_Col = 1.685642
Bank_Level_Parallism_Ready = 1.220588
write_to_read_ratio_blp_rw_average = 0.116666
GrpLevelPara = 1.411602 

BW Util details:
bwutil = 0.198885 
total_CMD = 269422 
util_bw = 26792 
Wasted_Col = 57910 
Wasted_Row = 27684 
Idle = 157036 

BW Util Bottlenecks: 
RCDc_limit = 54355 
RCDWRc_limit = 3832 
WTRc_limit = 3103 
RTWc_limit = 9141 
CCDLc_limit = 19705 
rwq = 0 
CCDLc_limit_alone = 18465 
WTRc_limit_alone = 2766 
RTWc_limit_alone = 8238 

Commands details: 
total_CMD = 269422 
n_nop = 232378 
Read = 24576 
Write = 0 
L2_Alloc = 0 
L2_WB = 2216 
n_act = 6550 
n_pre = 6534 
n_ref = 0 
n_req = 25130 
total_req = 26792 

Dual Bus Interface Util: 
issued_total_row = 13084 
issued_total_col = 26792 
Row_Bus_Util =  0.048563 
CoL_Bus_Util = 0.099443 
Either_Row_CoL_Bus_Util = 0.137494 
Issued_on_Two_Bus_Simul_Util = 0.010511 
issued_two_Eff = 0.076450 
queue_avg = 2.403145 


dram_util_bins: 0 0 0 0 0 0 0 0 0 0
dram_eff_bins: 0 0 0 0 0 0 0 0 0 0
mrqq: max=98 avg=2.40314
Memory Partition 67: 
Cache L2_bank_134:
MSHR contents

Cache L2_bank_135:
MSHR contents

In Dram Latency Queue (total = 2): 
Ready @ 154481 -   mf: uid=20846744, sid4294967295:w4294967295, part=67, addr=0xc06283a00, store, size=128, L2_WRBK  status = IN_PARTITION_DRAM_LATENCY_QUEUE (154227), 
Ready @ 154634 -   mf: uid=20846784, sid4294967295:w4294967295, part=67, addr=0xc0733e980, store, size=128, L2_WRBK  status = IN_PARTITION_DRAM_LATENCY_QUEUE (154380), 
DRAM[67]: 16 bks, busW=8 BL=4 CL=12, tRRD=3 tCCD=1, tRCD=12 tRAS=28 tRP=12 tRC=40
n_cmd=269422 n_nop=232433 n_act=6550 n_pre=6534 n_ref_event=0 n_req=25125 n_rd=24576 n_rd_L2_A=0 n_write=0 n_wr_bk=2196 bw_util=0.1987
n_activity=139767 dram_eff=0.3831
bk0: 1560a 255999i bk1: 1560a 255684i bk2: 1536a 255974i bk3: 1536a 255879i bk4: 1520a 256430i bk5: 1520a 256056i bk6: 1520a 256466i bk7: 1520a 256104i bk8: 1520a 256832i bk9: 1520a 256789i bk10: 1520a 256439i bk11: 1520a 256511i bk12: 1552a 256018i bk13: 1552a 255650i bk14: 1560a 255714i bk15: 1560a 256288i 

------------------------------------------------------------------------

Row_Buffer_Locality = 0.739303
Row_Buffer_Locality_read = 0.755412
Row_Buffer_Locality_write = 0.018215
Bank_Level_Parallism = 2.092180
Bank_Level_Parallism_Col = 1.649557
Bank_Level_Parallism_Ready = 1.190796
write_to_read_ratio_blp_rw_average = 0.110535
GrpLevelPara = 1.399078 

BW Util details:
bwutil = 0.198737 
total_CMD = 269422 
util_bw = 26772 
Wasted_Col = 58705 
Wasted_Row = 27823 
Idle = 156122 

BW Util Bottlenecks: 
RCDc_limit = 54959 
RCDWRc_limit = 3819 
WTRc_limit = 3635 
RTWc_limit = 8380 
CCDLc_limit = 19707 
rwq = 0 
CCDLc_limit_alone = 18607 
WTRc_limit_alone = 3260 
RTWc_limit_alone = 7655 

Commands details: 
total_CMD = 269422 
n_nop = 232433 
Read = 24576 
Write = 0 
L2_Alloc = 0 
L2_WB = 2196 
n_act = 6550 
n_pre = 6534 
n_ref = 0 
n_req = 25125 
total_req = 26772 

Dual Bus Interface Util: 
issued_total_row = 13084 
issued_total_col = 26772 
Row_Bus_Util =  0.048563 
CoL_Bus_Util = 0.099368 
Either_Row_CoL_Bus_Util = 0.137290 
Issued_on_Two_Bus_Simul_Util = 0.010641 
issued_two_Eff = 0.077510 
queue_avg = 2.313490 


dram_util_bins: 0 0 0 0 0 0 0 0 0 0
dram_eff_bins: 0 0 0 0 0 0 0 0 0 0
mrqq: max=96 avg=2.31349
Memory Partition 68: 
Cache L2_bank_136:
MSHR contents

Cache L2_bank_137:
MSHR contents

In Dram Latency Queue (total = 0): 
DRAM[68]: 16 bks, busW=8 BL=4 CL=12, tRRD=3 tCCD=1, tRCD=12 tRAS=28 tRP=12 tRC=40
n_cmd=269422 n_nop=232442 n_act=6539 n_pre=6523 n_ref_event=0 n_req=25120 n_rd=24576 n_rd_L2_A=0 n_write=0 n_wr_bk=2176 bw_util=0.1986
n_activity=138043 dram_eff=0.3876
bk0: 1560a 256183i bk1: 1560a 256231i bk2: 1536a 256192i bk3: 1536a 256014i bk4: 1520a 256031i bk5: 1520a 255964i bk6: 1520a 256341i bk7: 1520a 255932i bk8: 1520a 256160i bk9: 1520a 256121i bk10: 1520a 256513i bk11: 1520a 256586i bk12: 1552a 256067i bk13: 1552a 256340i bk14: 1560a 256626i bk15: 1560a 256539i 

------------------------------------------------------------------------

Row_Buffer_Locality = 0.739689
Row_Buffer_Locality_read = 0.755778
Row_Buffer_Locality_write = 0.012868
Bank_Level_Parallism = 2.113600
Bank_Level_Parallism_Col = 1.667699
Bank_Level_Parallism_Ready = 1.191761
write_to_read_ratio_blp_rw_average = 0.117371
GrpLevelPara = 1.416568 

BW Util details:
bwutil = 0.198588 
total_CMD = 269422 
util_bw = 26752 
Wasted_Col = 57804 
Wasted_Row = 27117 
Idle = 157749 

BW Util Bottlenecks: 
RCDc_limit = 54503 
RCDWRc_limit = 3720 
WTRc_limit = 3192 
RTWc_limit = 8791 
CCDLc_limit = 19596 
rwq = 0 
CCDLc_limit_alone = 18396 
WTRc_limit_alone = 2874 
RTWc_limit_alone = 7909 

Commands details: 
total_CMD = 269422 
n_nop = 232442 
Read = 24576 
Write = 0 
L2_Alloc = 0 
L2_WB = 2176 
n_act = 6539 
n_pre = 6523 
n_ref = 0 
n_req = 25120 
total_req = 26752 

Dual Bus Interface Util: 
issued_total_row = 13062 
issued_total_col = 26752 
Row_Bus_Util =  0.048482 
CoL_Bus_Util = 0.099294 
Either_Row_CoL_Bus_Util = 0.137257 
Issued_on_Two_Bus_Simul_Util = 0.010519 
issued_two_Eff = 0.076636 
queue_avg = 2.377597 


dram_util_bins: 0 0 0 0 0 0 0 0 0 0
dram_eff_bins: 0 0 0 0 0 0 0 0 0 0
mrqq: max=104 avg=2.3776
Memory Partition 69: 
Cache L2_bank_138:
MSHR contents

Cache L2_bank_139:
MSHR contents

In Dram Latency Queue (total = 1): 
Ready @ 154448 -   mf: uid=20846723, sid4294967295:w4294967295, part=69, addr=0xc06580a00, store, size=128, L2_WRBK  status = IN_PARTITION_DRAM_LATENCY_QUEUE (154194), 
DRAM[69]: 16 bks, busW=8 BL=4 CL=12, tRRD=3 tCCD=1, tRCD=12 tRAS=28 tRP=12 tRC=40
n_cmd=269422 n_nop=232450 n_act=6569 n_pre=6553 n_ref_event=0 n_req=25118 n_rd=24576 n_rd_L2_A=0 n_write=0 n_wr_bk=2168 bw_util=0.1985
n_activity=138530 dram_eff=0.3861
bk0: 1560a 256038i bk1: 1560a 256431i bk2: 1536a 256220i bk3: 1536a 256133i bk4: 1520a 256025i bk5: 1520a 255985i bk6: 1520a 255985i bk7: 1520a 255648i bk8: 1520a 256168i bk9: 1520a 255927i bk10: 1520a 256079i bk11: 1520a 256191i bk12: 1552a 256347i bk13: 1552a 256071i bk14: 1560a 256061i bk15: 1560a 256227i 

------------------------------------------------------------------------

Row_Buffer_Locality = 0.738474
Row_Buffer_Locality_read = 0.754476
Row_Buffer_Locality_write = 0.012915
Bank_Level_Parallism = 2.122921
Bank_Level_Parallism_Col = 1.668520
Bank_Level_Parallism_Ready = 1.189426
write_to_read_ratio_blp_rw_average = 0.114497
GrpLevelPara = 1.410496 

BW Util details:
bwutil = 0.198529 
total_CMD = 269422 
util_bw = 26744 
Wasted_Col = 58425 
Wasted_Row = 27098 
Idle = 157155 

BW Util Bottlenecks: 
RCDc_limit = 54877 
RCDWRc_limit = 3670 
WTRc_limit = 3027 
RTWc_limit = 9426 
CCDLc_limit = 19918 
rwq = 0 
CCDLc_limit_alone = 18749 
WTRc_limit_alone = 2702 
RTWc_limit_alone = 8582 

Commands details: 
total_CMD = 269422 
n_nop = 232450 
Read = 24576 
Write = 0 
L2_Alloc = 0 
L2_WB = 2168 
n_act = 6569 
n_pre = 6553 
n_ref = 0 
n_req = 25118 
total_req = 26744 

Dual Bus Interface Util: 
issued_total_row = 13122 
issued_total_col = 26744 
Row_Bus_Util =  0.048704 
CoL_Bus_Util = 0.099264 
Either_Row_CoL_Bus_Util = 0.137227 
Issued_on_Two_Bus_Simul_Util = 0.010742 
issued_two_Eff = 0.078275 
queue_avg = 2.373800 


dram_util_bins: 0 0 0 0 0 0 0 0 0 0
dram_eff_bins: 0 0 0 0 0 0 0 0 0 0
mrqq: max=97 avg=2.3738
Memory Partition 70: 
Cache L2_bank_140:
MSHR contents

Cache L2_bank_141:
MSHR contents

In Dram Latency Queue (total = 1): 
Ready @ 154474 -   mf: uid=20846739, sid4294967295:w4294967295, part=70, addr=0xc06b2ba00, store, size=128, L2_WRBK  status = IN_PARTITION_DRAM_LATENCY_QUEUE (154220), 
DRAM[70]: 16 bks, busW=8 BL=4 CL=12, tRRD=3 tCCD=1, tRCD=12 tRAS=28 tRP=12 tRC=40
n_cmd=269422 n_nop=232419 n_act=6554 n_pre=6538 n_ref_event=0 n_req=25121 n_rd=24576 n_rd_L2_A=0 n_write=0 n_wr_bk=2180 bw_util=0.1986
n_activity=138939 dram_eff=0.3851
bk0: 1560a 256417i bk1: 1560a 256357i bk2: 1536a 256501i bk3: 1536a 256416i bk4: 1520a 255667i bk5: 1520a 255841i bk6: 1520a 256294i bk7: 1520a 256178i bk8: 1520a 256350i bk9: 1520a 255886i bk10: 1520a 256215i bk11: 1520a 256174i bk12: 1552a 256036i bk13: 1552a 256532i bk14: 1560a 256270i bk15: 1560a 256131i 

------------------------------------------------------------------------

Row_Buffer_Locality = 0.739103
Row_Buffer_Locality_read = 0.755127
Row_Buffer_Locality_write = 0.016514
Bank_Level_Parallism = 2.099133
Bank_Level_Parallism_Col = 1.651082
Bank_Level_Parallism_Ready = 1.198871
write_to_read_ratio_blp_rw_average = 0.115380
GrpLevelPara = 1.395710 

BW Util details:
bwutil = 0.198618 
total_CMD = 269422 
util_bw = 26756 
Wasted_Col = 58838 
Wasted_Row = 27123 
Idle = 156705 

BW Util Bottlenecks: 
RCDc_limit = 54884 
RCDWRc_limit = 3735 
WTRc_limit = 3393 
RTWc_limit = 8534 
CCDLc_limit = 19916 
rwq = 0 
CCDLc_limit_alone = 18705 
WTRc_limit_alone = 3005 
RTWc_limit_alone = 7711 

Commands details: 
total_CMD = 269422 
n_nop = 232419 
Read = 24576 
Write = 0 
L2_Alloc = 0 
L2_WB = 2180 
n_act = 6554 
n_pre = 6538 
n_ref = 0 
n_req = 25121 
total_req = 26756 

Dual Bus Interface Util: 
issued_total_row = 13092 
issued_total_col = 26756 
Row_Bus_Util =  0.048593 
CoL_Bus_Util = 0.099309 
Either_Row_CoL_Bus_Util = 0.137342 
Issued_on_Two_Bus_Simul_Util = 0.010560 
issued_two_Eff = 0.076886 
queue_avg = 2.381973 


dram_util_bins: 0 0 0 0 0 0 0 0 0 0
dram_eff_bins: 0 0 0 0 0 0 0 0 0 0
mrqq: max=94 avg=2.38197
Memory Partition 71: 
Cache L2_bank_142:
MSHR contents

Cache L2_bank_143:
MSHR contents

In Dram Latency Queue (total = 1): 
Ready @ 154484 -   mf: uid=20846750, sid4294967295:w4294967295, part=71, addr=0xc06ae1980, store, size=128, L2_WRBK  status = IN_PARTITION_DRAM_LATENCY_QUEUE (154230), 
DRAM[71]: 16 bks, busW=8 BL=4 CL=12, tRRD=3 tCCD=1, tRCD=12 tRAS=28 tRP=12 tRC=40
n_cmd=269422 n_nop=232476 n_act=6539 n_pre=6523 n_ref_event=0 n_req=25117 n_rd=24576 n_rd_L2_A=0 n_write=0 n_wr_bk=2164 bw_util=0.1985
n_activity=138820 dram_eff=0.3852
bk0: 1560a 256107i bk1: 1560a 256536i bk2: 1536a 256274i bk3: 1536a 256173i bk4: 1520a 255733i bk5: 1520a 255726i bk6: 1520a 256001i bk7: 1520a 255755i bk8: 1520a 256229i bk9: 1520a 255953i bk10: 1520a 256412i bk11: 1520a 255865i bk12: 1552a 256262i bk13: 1552a 256005i bk14: 1560a 256273i bk15: 1560a 256130i 

------------------------------------------------------------------------

Row_Buffer_Locality = 0.739658
Row_Buffer_Locality_read = 0.755615
Row_Buffer_Locality_write = 0.014787
Bank_Level_Parallism = 2.123121
Bank_Level_Parallism_Col = 1.681361
Bank_Level_Parallism_Ready = 1.198392
write_to_read_ratio_blp_rw_average = 0.116293
GrpLevelPara = 1.411692 

BW Util details:
bwutil = 0.198499 
total_CMD = 269422 
util_bw = 26740 
Wasted_Col = 58180 
Wasted_Row = 27384 
Idle = 157118 

BW Util Bottlenecks: 
RCDc_limit = 54705 
RCDWRc_limit = 3670 
WTRc_limit = 3257 
RTWc_limit = 9510 
CCDLc_limit = 19745 
rwq = 0 
CCDLc_limit_alone = 18488 
WTRc_limit_alone = 2896 
RTWc_limit_alone = 8614 

Commands details: 
total_CMD = 269422 
n_nop = 232476 
Read = 24576 
Write = 0 
L2_Alloc = 0 
L2_WB = 2164 
n_act = 6539 
n_pre = 6523 
n_ref = 0 
n_req = 25117 
total_req = 26740 

Dual Bus Interface Util: 
issued_total_row = 13062 
issued_total_col = 26740 
Row_Bus_Util =  0.048482 
CoL_Bus_Util = 0.099250 
Either_Row_CoL_Bus_Util = 0.137131 
Issued_on_Two_Bus_Simul_Util = 0.010600 
issued_two_Eff = 0.077302 
queue_avg = 2.394418 


dram_util_bins: 0 0 0 0 0 0 0 0 0 0
dram_eff_bins: 0 0 0 0 0 0 0 0 0 0
mrqq: max=109 avg=2.39442
Memory Partition 72: 
Cache L2_bank_144:
MSHR contents

Cache L2_bank_145:
MSHR contents

In Dram Latency Queue (total = 0): 
DRAM[72]: 16 bks, busW=8 BL=4 CL=12, tRRD=3 tCCD=1, tRCD=12 tRAS=28 tRP=12 tRC=40
n_cmd=269422 n_nop=232503 n_act=6552 n_pre=6536 n_ref_event=0 n_req=25125 n_rd=24576 n_rd_L2_A=0 n_write=0 n_wr_bk=2196 bw_util=0.1987
n_activity=139334 dram_eff=0.3843
bk0: 1560a 255421i bk1: 1560a 255444i bk2: 1536a 256315i bk3: 1536a 256100i bk4: 1520a 256217i bk5: 1520a 255944i bk6: 1520a 256476i bk7: 1520a 256527i bk8: 1520a 256637i bk9: 1520a 256950i bk10: 1520a 256406i bk11: 1520a 256261i bk12: 1552a 255837i bk13: 1552a 255863i bk14: 1560a 255879i bk15: 1560a 255926i 

------------------------------------------------------------------------

Row_Buffer_Locality = 0.739224
Row_Buffer_Locality_read = 0.755534
Row_Buffer_Locality_write = 0.009107
Bank_Level_Parallism = 2.113015
Bank_Level_Parallism_Col = 1.671322
Bank_Level_Parallism_Ready = 1.180637
write_to_read_ratio_blp_rw_average = 0.114117
GrpLevelPara = 1.413878 

BW Util details:
bwutil = 0.198737 
total_CMD = 269422 
util_bw = 26772 
Wasted_Col = 58324 
Wasted_Row = 27385 
Idle = 156941 

BW Util Bottlenecks: 
RCDc_limit = 54583 
RCDWRc_limit = 3733 
WTRc_limit = 3020 
RTWc_limit = 9891 
CCDLc_limit = 20035 
rwq = 0 
CCDLc_limit_alone = 18719 
WTRc_limit_alone = 2677 
RTWc_limit_alone = 8918 

Commands details: 
total_CMD = 269422 
n_nop = 232503 
Read = 24576 
Write = 0 
L2_Alloc = 0 
L2_WB = 2196 
n_act = 6552 
n_pre = 6536 
n_ref = 0 
n_req = 25125 
total_req = 26772 

Dual Bus Interface Util: 
issued_total_row = 13088 
issued_total_col = 26772 
Row_Bus_Util =  0.048578 
CoL_Bus_Util = 0.099368 
Either_Row_CoL_Bus_Util = 0.137030 
Issued_on_Two_Bus_Simul_Util = 0.010916 
issued_two_Eff = 0.079661 
queue_avg = 2.367524 


dram_util_bins: 0 0 0 0 0 0 0 0 0 0
dram_eff_bins: 0 0 0 0 0 0 0 0 0 0
mrqq: max=93 avg=2.36752
Memory Partition 73: 
Cache L2_bank_146:
MSHR contents

Cache L2_bank_147:
MSHR contents

In Dram Latency Queue (total = 1): 
Ready @ 154462 -   mf: uid=20846730, sid4294967295:w4294967295, part=73, addr=0xc06b6fa00, store, size=128, L2_WRBK  status = IN_PARTITION_DRAM_LATENCY_QUEUE (154208), 
DRAM[73]: 16 bks, busW=8 BL=4 CL=12, tRRD=3 tCCD=1, tRCD=12 tRAS=28 tRP=12 tRC=40
n_cmd=269422 n_nop=232503 n_act=6533 n_pre=6517 n_ref_event=0 n_req=25123 n_rd=24576 n_rd_L2_A=0 n_write=0 n_wr_bk=2188 bw_util=0.1987
n_activity=138431 dram_eff=0.3867
bk0: 1560a 255929i bk1: 1560a 255568i bk2: 1536a 255835i bk3: 1536a 255929i bk4: 1520a 256196i bk5: 1520a 256205i bk6: 1520a 256360i bk7: 1520a 256518i bk8: 1520a 256460i bk9: 1520a 256800i bk10: 1520a 256011i bk11: 1520a 256433i bk12: 1552a 255868i bk13: 1552a 256150i bk14: 1560a 256012i bk15: 1560a 255804i 

------------------------------------------------------------------------

Row_Buffer_Locality = 0.739959
Row_Buffer_Locality_read = 0.755981
Row_Buffer_Locality_write = 0.020110
Bank_Level_Parallism = 2.121577
Bank_Level_Parallism_Col = 1.672422
Bank_Level_Parallism_Ready = 1.194963
write_to_read_ratio_blp_rw_average = 0.114029
GrpLevelPara = 1.414953 

BW Util details:
bwutil = 0.198677 
total_CMD = 269422 
util_bw = 26764 
Wasted_Col = 58094 
Wasted_Row = 27227 
Idle = 157337 

BW Util Bottlenecks: 
RCDc_limit = 54619 
RCDWRc_limit = 3634 
WTRc_limit = 3139 
RTWc_limit = 9117 
CCDLc_limit = 19655 
rwq = 0 
CCDLc_limit_alone = 18417 
WTRc_limit_alone = 2761 
RTWc_limit_alone = 8257 

Commands details: 
total_CMD = 269422 
n_nop = 232503 
Read = 24576 
Write = 0 
L2_Alloc = 0 
L2_WB = 2188 
n_act = 6533 
n_pre = 6517 
n_ref = 0 
n_req = 25123 
total_req = 26764 

Dual Bus Interface Util: 
issued_total_row = 13050 
issued_total_col = 26764 
Row_Bus_Util =  0.048437 
CoL_Bus_Util = 0.099339 
Either_Row_CoL_Bus_Util = 0.137030 
Issued_on_Two_Bus_Simul_Util = 0.010745 
issued_two_Eff = 0.078415 
queue_avg = 2.355777 


dram_util_bins: 0 0 0 0 0 0 0 0 0 0
dram_eff_bins: 0 0 0 0 0 0 0 0 0 0
mrqq: max=113 avg=2.35578
Memory Partition 74: 
Cache L2_bank_148:
MSHR contents

Cache L2_bank_149:
MSHR contents

In Dram Latency Queue (total = 0): 
DRAM[74]: 16 bks, busW=8 BL=4 CL=12, tRRD=3 tCCD=1, tRCD=12 tRAS=28 tRP=12 tRC=40
n_cmd=269422 n_nop=232434 n_act=6556 n_pre=6540 n_ref_event=0 n_req=25128 n_rd=24576 n_rd_L2_A=0 n_write=0 n_wr_bk=2208 bw_util=0.1988
n_activity=138331 dram_eff=0.3872
bk0: 1560a 255800i bk1: 1560a 255832i bk2: 1536a 256036i bk3: 1536a 255904i bk4: 1520a 256072i bk5: 1520a 256247i bk6: 1520a 256371i bk7: 1520a 256244i bk8: 1520a 256550i bk9: 1520a 256782i bk10: 1520a 256734i bk11: 1520a 256518i bk12: 1552a 255525i bk13: 1552a 255633i bk14: 1560a 255682i bk15: 1560a 256015i 

------------------------------------------------------------------------

Row_Buffer_Locality = 0.739096
Row_Buffer_Locality_read = 0.755493
Row_Buffer_Locality_write = 0.009058
Bank_Level_Parallism = 2.124211
Bank_Level_Parallism_Col = 1.673427
Bank_Level_Parallism_Ready = 1.182796
write_to_read_ratio_blp_rw_average = 0.119561
GrpLevelPara = 1.418627 

BW Util details:
bwutil = 0.198826 
total_CMD = 269422 
util_bw = 26784 
Wasted_Col = 58077 
Wasted_Row = 27150 
Idle = 157411 

BW Util Bottlenecks: 
RCDc_limit = 54645 
RCDWRc_limit = 3822 
WTRc_limit = 3247 
RTWc_limit = 9611 
CCDLc_limit = 19930 
rwq = 0 
CCDLc_limit_alone = 18716 
WTRc_limit_alone = 2885 
RTWc_limit_alone = 8759 

Commands details: 
total_CMD = 269422 
n_nop = 232434 
Read = 24576 
Write = 0 
L2_Alloc = 0 
L2_WB = 2208 
n_act = 6556 
n_pre = 6540 
n_ref = 0 
n_req = 25128 
total_req = 26784 

Dual Bus Interface Util: 
issued_total_row = 13096 
issued_total_col = 26784 
Row_Bus_Util =  0.048608 
CoL_Bus_Util = 0.099413 
Either_Row_CoL_Bus_Util = 0.137286 
Issued_on_Two_Bus_Simul_Util = 0.010734 
issued_two_Eff = 0.078188 
queue_avg = 2.396968 


dram_util_bins: 0 0 0 0 0 0 0 0 0 0
dram_eff_bins: 0 0 0 0 0 0 0 0 0 0
mrqq: max=104 avg=2.39697
Memory Partition 75: 
Cache L2_bank_150:
MSHR contents

Cache L2_bank_151:
MSHR contents

In Dram Latency Queue (total = 1): 
Ready @ 154484 -   mf: uid=20846751, sid4294967295:w4294967295, part=75, addr=0xc06288a00, store, size=128, L2_WRBK  status = IN_PARTITION_DRAM_LATENCY_QUEUE (154230), 
DRAM[75]: 16 bks, busW=8 BL=4 CL=12, tRRD=3 tCCD=1, tRCD=12 tRAS=28 tRP=12 tRC=40
n_cmd=269422 n_nop=232365 n_act=6567 n_pre=6551 n_ref_event=0 n_req=25127 n_rd=24576 n_rd_L2_A=0 n_write=0 n_wr_bk=2204 bw_util=0.1988
n_activity=138036 dram_eff=0.388
bk0: 1560a 255584i bk1: 1560a 255898i bk2: 1536a 255495i bk3: 1536a 255772i bk4: 1520a 256216i bk5: 1520a 256107i bk6: 1520a 256469i bk7: 1520a 256252i bk8: 1520a 256398i bk9: 1520a 256797i bk10: 1520a 256207i bk11: 1520a 256348i bk12: 1552a 256014i bk13: 1552a 255583i bk14: 1560a 255626i bk15: 1560a 256042i 

------------------------------------------------------------------------

Row_Buffer_Locality = 0.738648
Row_Buffer_Locality_read = 0.754964
Row_Buffer_Locality_write = 0.010889
Bank_Level_Parallism = 2.135993
Bank_Level_Parallism_Col = 1.686156
Bank_Level_Parallism_Ready = 1.201008
write_to_read_ratio_blp_rw_average = 0.119511
GrpLevelPara = 1.422372 

BW Util details:
bwutil = 0.198796 
total_CMD = 269422 
util_bw = 26780 
Wasted_Col = 58014 
Wasted_Row = 27131 
Idle = 157497 

BW Util Bottlenecks: 
RCDc_limit = 54712 
RCDWRc_limit = 3761 
WTRc_limit = 2995 
RTWc_limit = 9670 
CCDLc_limit = 19626 
rwq = 0 
CCDLc_limit_alone = 18454 
WTRc_limit_alone = 2697 
RTWc_limit_alone = 8796 

Commands details: 
total_CMD = 269422 
n_nop = 232365 
Read = 24576 
Write = 0 
L2_Alloc = 0 
L2_WB = 2204 
n_act = 6567 
n_pre = 6551 
n_ref = 0 
n_req = 25127 
total_req = 26780 

Dual Bus Interface Util: 
issued_total_row = 13118 
issued_total_col = 26780 
Row_Bus_Util =  0.048689 
CoL_Bus_Util = 0.099398 
Either_Row_CoL_Bus_Util = 0.137543 
Issued_on_Two_Bus_Simul_Util = 0.010545 
issued_two_Eff = 0.076666 
queue_avg = 2.388339 


dram_util_bins: 0 0 0 0 0 0 0 0 0 0
dram_eff_bins: 0 0 0 0 0 0 0 0 0 0
mrqq: max=108 avg=2.38834
Memory Partition 76: 
Cache L2_bank_152:
MSHR contents

Cache L2_bank_153:
MSHR contents

In Dram Latency Queue (total = 0): 
DRAM[76]: 16 bks, busW=8 BL=4 CL=12, tRRD=3 tCCD=1, tRCD=12 tRAS=28 tRP=12 tRC=40
n_cmd=269422 n_nop=232432 n_act=6525 n_pre=6509 n_ref_event=0 n_req=25118 n_rd=24576 n_rd_L2_A=0 n_write=0 n_wr_bk=2168 bw_util=0.1985
n_activity=138542 dram_eff=0.3861
bk0: 1560a 256152i bk1: 1560a 256497i bk2: 1536a 256329i bk3: 1536a 256567i bk4: 1520a 256144i bk5: 1520a 256074i bk6: 1520a 256121i bk7: 1520a 256033i bk8: 1520a 256344i bk9: 1520a 255966i bk10: 1520a 256150i bk11: 1520a 256191i bk12: 1552a 256469i bk13: 1552a 256135i bk14: 1560a 256576i bk15: 1560a 256176i 

------------------------------------------------------------------------

Row_Buffer_Locality = 0.740226
Row_Buffer_Locality_read = 0.756185
Row_Buffer_Locality_write = 0.016605
Bank_Level_Parallism = 2.103149
Bank_Level_Parallism_Col = 1.662503
Bank_Level_Parallism_Ready = 1.194174
write_to_read_ratio_blp_rw_average = 0.115611
GrpLevelPara = 1.411296 

BW Util details:
bwutil = 0.198529 
total_CMD = 269422 
util_bw = 26744 
Wasted_Col = 58173 
Wasted_Row = 27270 
Idle = 157235 

BW Util Bottlenecks: 
RCDc_limit = 54642 
RCDWRc_limit = 3704 
WTRc_limit = 3204 
RTWc_limit = 9046 
CCDLc_limit = 19375 
rwq = 0 
CCDLc_limit_alone = 18229 
WTRc_limit_alone = 2887 
RTWc_limit_alone = 8217 

Commands details: 
total_CMD = 269422 
n_nop = 232432 
Read = 24576 
Write = 0 
L2_Alloc = 0 
L2_WB = 2168 
n_act = 6525 
n_pre = 6509 
n_ref = 0 
n_req = 25118 
total_req = 26744 

Dual Bus Interface Util: 
issued_total_row = 13034 
issued_total_col = 26744 
Row_Bus_Util =  0.048378 
CoL_Bus_Util = 0.099264 
Either_Row_CoL_Bus_Util = 0.137294 
Issued_on_Two_Bus_Simul_Util = 0.010348 
issued_two_Eff = 0.075372 
queue_avg = 2.333095 


dram_util_bins: 0 0 0 0 0 0 0 0 0 0
dram_eff_bins: 0 0 0 0 0 0 0 0 0 0
mrqq: max=107 avg=2.33309
Memory Partition 77: 
Cache L2_bank_154:
MSHR contents

Cache L2_bank_155:
MSHR contents

In Dram Latency Queue (total = 1): 
Ready @ 154469 -   mf: uid=20846736, sid4294967295:w4294967295, part=77, addr=0xc06adba00, store, size=128, L2_WRBK  status = IN_PARTITION_DRAM_LATENCY_QUEUE (154215), 
DRAM[77]: 16 bks, busW=8 BL=4 CL=12, tRRD=3 tCCD=1, tRCD=12 tRAS=28 tRP=12 tRC=40
n_cmd=269422 n_nop=232503 n_act=6566 n_pre=6550 n_ref_event=0 n_req=25118 n_rd=24576 n_rd_L2_A=0 n_write=0 n_wr_bk=2168 bw_util=0.1985
n_activity=137992 dram_eff=0.3876
bk0: 1560a 255998i bk1: 1560a 256557i bk2: 1536a 255999i bk3: 1536a 256489i bk4: 1520a 255785i bk5: 1520a 255853i bk6: 1520a 255863i bk7: 1520a 255856i bk8: 1520a 256169i bk9: 1520a 256153i bk10: 1520a 255992i bk11: 1520a 256115i bk12: 1552a 256060i bk13: 1552a 256131i bk14: 1560a 256224i bk15: 1560a 256574i 

------------------------------------------------------------------------

Row_Buffer_Locality = 0.738594
Row_Buffer_Locality_read = 0.754679
Row_Buffer_Locality_write = 0.009225
Bank_Level_Parallism = 2.120749
Bank_Level_Parallism_Col = 1.674797
Bank_Level_Parallism_Ready = 1.203522
write_to_read_ratio_blp_rw_average = 0.116649
GrpLevelPara = 1.413261 

BW Util details:
bwutil = 0.198529 
total_CMD = 269422 
util_bw = 26744 
Wasted_Col = 58524 
Wasted_Row = 26981 
Idle = 157173 

BW Util Bottlenecks: 
RCDc_limit = 54934 
RCDWRc_limit = 3662 
WTRc_limit = 3089 
RTWc_limit = 9660 
CCDLc_limit = 19788 
rwq = 0 
CCDLc_limit_alone = 18628 
WTRc_limit_alone = 2773 
RTWc_limit_alone = 8816 

Commands details: 
total_CMD = 269422 
n_nop = 232503 
Read = 24576 
Write = 0 
L2_Alloc = 0 
L2_WB = 2168 
n_act = 6566 
n_pre = 6550 
n_ref = 0 
n_req = 25118 
total_req = 26744 

Dual Bus Interface Util: 
issued_total_row = 13116 
issued_total_col = 26744 
Row_Bus_Util =  0.048682 
CoL_Bus_Util = 0.099264 
Either_Row_CoL_Bus_Util = 0.137030 
Issued_on_Two_Bus_Simul_Util = 0.010916 
issued_two_Eff = 0.079661 
queue_avg = 2.287293 


dram_util_bins: 0 0 0 0 0 0 0 0 0 0
dram_eff_bins: 0 0 0 0 0 0 0 0 0 0
mrqq: max=93 avg=2.28729
Memory Partition 78: 
Cache L2_bank_156:
MSHR contents

Cache L2_bank_157:
MSHR contents

In Dram Latency Queue (total = 2): 
Ready @ 154428 -   mf: uid=20846715, sid4294967295:w4294967295, part=78, addr=0xc06586a00, store, size=128, L2_WRBK  status = IN_PARTITION_DRAM_LATENCY_QUEUE (154174), 
Ready @ 154487 -   mf: uid=20846753, sid4294967295:w4294967295, part=78, addr=0xc06f5b980, store, size=128, L2_WRBK  status = IN_PARTITION_DRAM_LATENCY_QUEUE (154233), 
DRAM[78]: 16 bks, busW=8 BL=4 CL=12, tRRD=3 tCCD=1, tRCD=12 tRAS=28 tRP=12 tRC=40
n_cmd=269422 n_nop=232512 n_act=6554 n_pre=6538 n_ref_event=0 n_req=25117 n_rd=24576 n_rd_L2_A=0 n_write=0 n_wr_bk=2164 bw_util=0.1985
n_activity=138479 dram_eff=0.3862
bk0: 1560a 256563i bk1: 1560a 256180i bk2: 1536a 256311i bk3: 1536a 256257i bk4: 1520a 256071i bk5: 1520a 255846i bk6: 1520a 256453i bk7: 1520a 256505i bk8: 1520a 256257i bk9: 1520a 256254i bk10: 1520a 256393i bk11: 1520a 256492i bk12: 1552a 255988i bk13: 1552a 256051i bk14: 1560a 256019i bk15: 1560a 256478i 

------------------------------------------------------------------------

Row_Buffer_Locality = 0.739061
Row_Buffer_Locality_read = 0.755086
Row_Buffer_Locality_write = 0.011091
Bank_Level_Parallism = 2.096571
Bank_Level_Parallism_Col = 1.648449
Bank_Level_Parallism_Ready = 1.180815
write_to_read_ratio_blp_rw_average = 0.113762
GrpLevelPara = 1.397172 

BW Util details:
bwutil = 0.198499 
total_CMD = 269422 
util_bw = 26740 
Wasted_Col = 58511 
Wasted_Row = 27195 
Idle = 156976 

BW Util Bottlenecks: 
RCDc_limit = 54803 
RCDWRc_limit = 3772 
WTRc_limit = 3146 
RTWc_limit = 8795 
CCDLc_limit = 19734 
rwq = 0 
CCDLc_limit_alone = 18547 
WTRc_limit_alone = 2781 
RTWc_limit_alone = 7973 

Commands details: 
total_CMD = 269422 
n_nop = 232512 
Read = 24576 
Write = 0 
L2_Alloc = 0 
L2_WB = 2164 
n_act = 6554 
n_pre = 6538 
n_ref = 0 
n_req = 25117 
total_req = 26740 

Dual Bus Interface Util: 
issued_total_row = 13092 
issued_total_col = 26740 
Row_Bus_Util =  0.048593 
CoL_Bus_Util = 0.099250 
Either_Row_CoL_Bus_Util = 0.136997 
Issued_on_Two_Bus_Simul_Util = 0.010845 
issued_two_Eff = 0.079166 
queue_avg = 2.301212 


dram_util_bins: 0 0 0 0 0 0 0 0 0 0
dram_eff_bins: 0 0 0 0 0 0 0 0 0 0
mrqq: max=88 avg=2.30121
Memory Partition 79: 
Cache L2_bank_158:
MSHR contents

Cache L2_bank_159:
MSHR contents

In Dram Latency Queue (total = 1): 
Ready @ 154463 -   mf: uid=20846731, sid4294967295:w4294967295, part=79, addr=0xc06ac5a00, store, size=128, L2_WRBK  status = IN_PARTITION_DRAM_LATENCY_QUEUE (154209), 
DRAM[79]: 16 bks, busW=8 BL=4 CL=12, tRRD=3 tCCD=1, tRCD=12 tRAS=28 tRP=12 tRC=40
n_cmd=269422 n_nop=232510 n_act=6544 n_pre=6528 n_ref_event=0 n_req=25117 n_rd=24576 n_rd_L2_A=0 n_write=0 n_wr_bk=2164 bw_util=0.1985
n_activity=137928 dram_eff=0.3877
bk0: 1560a 256591i bk1: 1560a 256439i bk2: 1536a 256085i bk3: 1536a 256430i bk4: 1520a 255545i bk5: 1520a 255871i bk6: 1520a 256114i bk7: 1520a 255698i bk8: 1520a 256257i bk9: 1520a 256125i bk10: 1520a 256197i bk11: 1520a 255773i bk12: 1552a 256165i bk13: 1552a 255961i bk14: 1560a 256158i bk15: 1560a 256074i 

------------------------------------------------------------------------

Row_Buffer_Locality = 0.739459
Row_Buffer_Locality_read = 0.755575
Row_Buffer_Locality_write = 0.007394
Bank_Level_Parallism = 2.134507
Bank_Level_Parallism_Col = 1.689140
Bank_Level_Parallism_Ready = 1.202281
write_to_read_ratio_blp_rw_average = 0.112645
GrpLevelPara = 1.414993 

BW Util details:
bwutil = 0.198499 
total_CMD = 269422 
util_bw = 26740 
Wasted_Col = 57783 
Wasted_Row = 27159 
Idle = 157740 

BW Util Bottlenecks: 
RCDc_limit = 54476 
RCDWRc_limit = 3664 
WTRc_limit = 3192 
RTWc_limit = 9190 
CCDLc_limit = 19947 
rwq = 0 
CCDLc_limit_alone = 18735 
WTRc_limit_alone = 2853 
RTWc_limit_alone = 8317 

Commands details: 
total_CMD = 269422 
n_nop = 232510 
Read = 24576 
Write = 0 
L2_Alloc = 0 
L2_WB = 2164 
n_act = 6544 
n_pre = 6528 
n_ref = 0 
n_req = 25117 
total_req = 26740 

Dual Bus Interface Util: 
issued_total_row = 13072 
issued_total_col = 26740 
Row_Bus_Util =  0.048519 
CoL_Bus_Util = 0.099250 
Either_Row_CoL_Bus_Util = 0.137004 
Issued_on_Two_Bus_Simul_Util = 0.010764 
issued_two_Eff = 0.078565 
queue_avg = 2.370222 


dram_util_bins: 0 0 0 0 0 0 0 0 0 0
dram_eff_bins: 0 0 0 0 0 0 0 0 0 0
mrqq: max=108 avg=2.37022

========= L2 cache stats =========
L2_cache_bank[0]: Access = 49420, Miss = 33032, Miss_rate = 0.668, Pending_hits = 10635, Reservation_fails = 0
L2_cache_bank[1]: Access = 49420, Miss = 33032, Miss_rate = 0.668, Pending_hits = 10461, Reservation_fails = 0
L2_cache_bank[2]: Access = 49420, Miss = 33032, Miss_rate = 0.668, Pending_hits = 10475, Reservation_fails = 0
L2_cache_bank[3]: Access = 49420, Miss = 33032, Miss_rate = 0.668, Pending_hits = 10448, Reservation_fails = 0
L2_cache_bank[4]: Access = 49420, Miss = 33032, Miss_rate = 0.668, Pending_hits = 10367, Reservation_fails = 0
L2_cache_bank[5]: Access = 49420, Miss = 33032, Miss_rate = 0.668, Pending_hits = 10407, Reservation_fails = 0
L2_cache_bank[6]: Access = 49420, Miss = 33032, Miss_rate = 0.668, Pending_hits = 10403, Reservation_fails = 0
L2_cache_bank[7]: Access = 49420, Miss = 33032, Miss_rate = 0.668, Pending_hits = 10366, Reservation_fails = 0
L2_cache_bank[8]: Access = 49420, Miss = 33032, Miss_rate = 0.668, Pending_hits = 10479, Reservation_fails = 0
L2_cache_bank[9]: Access = 49420, Miss = 33032, Miss_rate = 0.668, Pending_hits = 10711, Reservation_fails = 0
L2_cache_bank[10]: Access = 49420, Miss = 33032, Miss_rate = 0.668, Pending_hits = 10496, Reservation_fails = 0
L2_cache_bank[11]: Access = 49420, Miss = 33032, Miss_rate = 0.668, Pending_hits = 10521, Reservation_fails = 0
L2_cache_bank[12]: Access = 49420, Miss = 33032, Miss_rate = 0.668, Pending_hits = 10600, Reservation_fails = 0
L2_cache_bank[13]: Access = 49420, Miss = 33032, Miss_rate = 0.668, Pending_hits = 10560, Reservation_fails = 0
L2_cache_bank[14]: Access = 49420, Miss = 33032, Miss_rate = 0.668, Pending_hits = 10603, Reservation_fails = 0
L2_cache_bank[15]: Access = 49420, Miss = 33032, Miss_rate = 0.668, Pending_hits = 10539, Reservation_fails = 0
L2_cache_bank[16]: Access = 49420, Miss = 33032, Miss_rate = 0.668, Pending_hits = 10516, Reservation_fails = 0
L2_cache_bank[17]: Access = 49420, Miss = 33032, Miss_rate = 0.668, Pending_hits = 10457, Reservation_fails = 0
L2_cache_bank[18]: Access = 49420, Miss = 33032, Miss_rate = 0.668, Pending_hits = 10407, Reservation_fails = 0
L2_cache_bank[19]: Access = 49420, Miss = 33032, Miss_rate = 0.668, Pending_hits = 10670, Reservation_fails = 0
L2_cache_bank[20]: Access = 49420, Miss = 33032, Miss_rate = 0.668, Pending_hits = 10421, Reservation_fails = 0
L2_cache_bank[21]: Access = 49420, Miss = 33032, Miss_rate = 0.668, Pending_hits = 10400, Reservation_fails = 0
L2_cache_bank[22]: Access = 49420, Miss = 33032, Miss_rate = 0.668, Pending_hits = 10362, Reservation_fails = 0
L2_cache_bank[23]: Access = 49420, Miss = 33032, Miss_rate = 0.668, Pending_hits = 10412, Reservation_fails = 0
L2_cache_bank[24]: Access = 49420, Miss = 33032, Miss_rate = 0.668, Pending_hits = 10701, Reservation_fails = 0
L2_cache_bank[25]: Access = 49420, Miss = 33032, Miss_rate = 0.668, Pending_hits = 10332, Reservation_fails = 0
L2_cache_bank[26]: Access = 49420, Miss = 33032, Miss_rate = 0.668, Pending_hits = 10576, Reservation_fails = 0
L2_cache_bank[27]: Access = 49420, Miss = 33032, Miss_rate = 0.668, Pending_hits = 10480, Reservation_fails = 0
L2_cache_bank[28]: Access = 49420, Miss = 33032, Miss_rate = 0.668, Pending_hits = 10556, Reservation_fails = 0
L2_cache_bank[29]: Access = 49420, Miss = 33032, Miss_rate = 0.668, Pending_hits = 10578, Reservation_fails = 0
L2_cache_bank[30]: Access = 49420, Miss = 33032, Miss_rate = 0.668, Pending_hits = 10602, Reservation_fails = 0
L2_cache_bank[31]: Access = 49420, Miss = 33032, Miss_rate = 0.668, Pending_hits = 10595, Reservation_fails = 0
L2_cache_bank[32]: Access = 49404, Miss = 33024, Miss_rate = 0.668, Pending_hits = 10430, Reservation_fails = 0
L2_cache_bank[33]: Access = 49404, Miss = 33024, Miss_rate = 0.668, Pending_hits = 10369, Reservation_fails = 0
L2_cache_bank[34]: Access = 49404, Miss = 33024, Miss_rate = 0.668, Pending_hits = 10576, Reservation_fails = 0
L2_cache_bank[35]: Access = 49404, Miss = 33024, Miss_rate = 0.668, Pending_hits = 10450, Reservation_fails = 0
L2_cache_bank[36]: Access = 49404, Miss = 33024, Miss_rate = 0.668, Pending_hits = 10445, Reservation_fails = 0
L2_cache_bank[37]: Access = 49404, Miss = 33024, Miss_rate = 0.668, Pending_hits = 10446, Reservation_fails = 0
L2_cache_bank[38]: Access = 49404, Miss = 33024, Miss_rate = 0.668, Pending_hits = 10453, Reservation_fails = 0
L2_cache_bank[39]: Access = 49404, Miss = 33024, Miss_rate = 0.668, Pending_hits = 10347, Reservation_fails = 0
L2_cache_bank[40]: Access = 49404, Miss = 33024, Miss_rate = 0.668, Pending_hits = 10497, Reservation_fails = 0
L2_cache_bank[41]: Access = 49404, Miss = 33024, Miss_rate = 0.668, Pending_hits = 10595, Reservation_fails = 0
L2_cache_bank[42]: Access = 49404, Miss = 33024, Miss_rate = 0.668, Pending_hits = 10528, Reservation_fails = 0
L2_cache_bank[43]: Access = 49404, Miss = 33024, Miss_rate = 0.668, Pending_hits = 10726, Reservation_fails = 0
L2_cache_bank[44]: Access = 49404, Miss = 33024, Miss_rate = 0.668, Pending_hits = 10683, Reservation_fails = 0
L2_cache_bank[45]: Access = 49404, Miss = 33024, Miss_rate = 0.668, Pending_hits = 10546, Reservation_fails = 0
L2_cache_bank[46]: Access = 49404, Miss = 33024, Miss_rate = 0.668, Pending_hits = 10638, Reservation_fails = 0
L2_cache_bank[47]: Access = 49404, Miss = 33024, Miss_rate = 0.668, Pending_hits = 10398, Reservation_fails = 0
L2_cache_bank[48]: Access = 49404, Miss = 33024, Miss_rate = 0.668, Pending_hits = 10459, Reservation_fails = 0
L2_cache_bank[49]: Access = 49404, Miss = 33024, Miss_rate = 0.668, Pending_hits = 10455, Reservation_fails = 0
L2_cache_bank[50]: Access = 49404, Miss = 33024, Miss_rate = 0.668, Pending_hits = 10423, Reservation_fails = 0
L2_cache_bank[51]: Access = 49404, Miss = 33024, Miss_rate = 0.668, Pending_hits = 10656, Reservation_fails = 0
L2_cache_bank[52]: Access = 49404, Miss = 33024, Miss_rate = 0.668, Pending_hits = 10387, Reservation_fails = 0
L2_cache_bank[53]: Access = 49404, Miss = 33024, Miss_rate = 0.668, Pending_hits = 10557, Reservation_fails = 0
L2_cache_bank[54]: Access = 49404, Miss = 33024, Miss_rate = 0.668, Pending_hits = 10452, Reservation_fails = 0
L2_cache_bank[55]: Access = 49404, Miss = 33024, Miss_rate = 0.668, Pending_hits = 10480, Reservation_fails = 0
L2_cache_bank[56]: Access = 49404, Miss = 33024, Miss_rate = 0.668, Pending_hits = 10559, Reservation_fails = 0
L2_cache_bank[57]: Access = 49404, Miss = 33024, Miss_rate = 0.668, Pending_hits = 10551, Reservation_fails = 0
L2_cache_bank[58]: Access = 49404, Miss = 33024, Miss_rate = 0.668, Pending_hits = 10773, Reservation_fails = 0
L2_cache_bank[59]: Access = 49404, Miss = 33024, Miss_rate = 0.668, Pending_hits = 10599, Reservation_fails = 0
L2_cache_bank[60]: Access = 49404, Miss = 33024, Miss_rate = 0.668, Pending_hits = 10502, Reservation_fails = 0
L2_cache_bank[61]: Access = 49404, Miss = 33024, Miss_rate = 0.668, Pending_hits = 10642, Reservation_fails = 0
L2_cache_bank[62]: Access = 49404, Miss = 33024, Miss_rate = 0.668, Pending_hits = 10565, Reservation_fails = 0
L2_cache_bank[63]: Access = 49404, Miss = 33024, Miss_rate = 0.668, Pending_hits = 10542, Reservation_fails = 0
L2_cache_bank[64]: Access = 49404, Miss = 33024, Miss_rate = 0.668, Pending_hits = 10545, Reservation_fails = 0
L2_cache_bank[65]: Access = 49404, Miss = 33024, Miss_rate = 0.668, Pending_hits = 10427, Reservation_fails = 0
L2_cache_bank[66]: Access = 49404, Miss = 33024, Miss_rate = 0.668, Pending_hits = 10333, Reservation_fails = 0
L2_cache_bank[67]: Access = 49404, Miss = 33024, Miss_rate = 0.668, Pending_hits = 10471, Reservation_fails = 0
L2_cache_bank[68]: Access = 49404, Miss = 33024, Miss_rate = 0.668, Pending_hits = 10431, Reservation_fails = 0
L2_cache_bank[69]: Access = 49404, Miss = 33024, Miss_rate = 0.668, Pending_hits = 10510, Reservation_fails = 0
L2_cache_bank[70]: Access = 49404, Miss = 33024, Miss_rate = 0.668, Pending_hits = 10441, Reservation_fails = 0
L2_cache_bank[71]: Access = 49404, Miss = 33024, Miss_rate = 0.668, Pending_hits = 10266, Reservation_fails = 0
L2_cache_bank[72]: Access = 49404, Miss = 33024, Miss_rate = 0.668, Pending_hits = 10457, Reservation_fails = 0
L2_cache_bank[73]: Access = 49404, Miss = 33024, Miss_rate = 0.668, Pending_hits = 10578, Reservation_fails = 0
L2_cache_bank[74]: Access = 49404, Miss = 33024, Miss_rate = 0.668, Pending_hits = 10572, Reservation_fails = 0
L2_cache_bank[75]: Access = 49404, Miss = 33024, Miss_rate = 0.668, Pending_hits = 10590, Reservation_fails = 0
L2_cache_bank[76]: Access = 49404, Miss = 33024, Miss_rate = 0.668, Pending_hits = 10664, Reservation_fails = 0
L2_cache_bank[77]: Access = 49404, Miss = 33024, Miss_rate = 0.668, Pending_hits = 10500, Reservation_fails = 0
L2_cache_bank[78]: Access = 49404, Miss = 33024, Miss_rate = 0.668, Pending_hits = 10588, Reservation_fails = 0
L2_cache_bank[79]: Access = 49404, Miss = 33024, Miss_rate = 0.668, Pending_hits = 10515, Reservation_fails = 0
L2_cache_bank[80]: Access = 49404, Miss = 33024, Miss_rate = 0.668, Pending_hits = 10448, Reservation_fails = 0
L2_cache_bank[81]: Access = 49404, Miss = 33024, Miss_rate = 0.668, Pending_hits = 10412, Reservation_fails = 0
L2_cache_bank[82]: Access = 49404, Miss = 33024, Miss_rate = 0.668, Pending_hits = 10396, Reservation_fails = 0
L2_cache_bank[83]: Access = 49404, Miss = 33024, Miss_rate = 0.668, Pending_hits = 10580, Reservation_fails = 0
L2_cache_bank[84]: Access = 49404, Miss = 33024, Miss_rate = 0.668, Pending_hits = 10380, Reservation_fails = 0
L2_cache_bank[85]: Access = 49404, Miss = 33024, Miss_rate = 0.668, Pending_hits = 10573, Reservation_fails = 0
L2_cache_bank[86]: Access = 49404, Miss = 33024, Miss_rate = 0.668, Pending_hits = 10313, Reservation_fails = 0
L2_cache_bank[87]: Access = 49404, Miss = 33024, Miss_rate = 0.668, Pending_hits = 10459, Reservation_fails = 0
L2_cache_bank[88]: Access = 49404, Miss = 33024, Miss_rate = 0.668, Pending_hits = 10768, Reservation_fails = 0
L2_cache_bank[89]: Access = 49404, Miss = 33024, Miss_rate = 0.668, Pending_hits = 10499, Reservation_fails = 0
L2_cache_bank[90]: Access = 49404, Miss = 33024, Miss_rate = 0.668, Pending_hits = 10670, Reservation_fails = 0
L2_cache_bank[91]: Access = 49404, Miss = 33024, Miss_rate = 0.668, Pending_hits = 10510, Reservation_fails = 0
L2_cache_bank[92]: Access = 49404, Miss = 33024, Miss_rate = 0.668, Pending_hits = 10413, Reservation_fails = 0
L2_cache_bank[93]: Access = 49404, Miss = 33024, Miss_rate = 0.668, Pending_hits = 10648, Reservation_fails = 0
L2_cache_bank[94]: Access = 49404, Miss = 33024, Miss_rate = 0.668, Pending_hits = 10527, Reservation_fails = 0
L2_cache_bank[95]: Access = 49404, Miss = 33024, Miss_rate = 0.668, Pending_hits = 10580, Reservation_fails = 0
L2_cache_bank[96]: Access = 24696, Miss = 16492, Miss_rate = 0.668, Pending_hits = 5028, Reservation_fails = 0
L2_cache_bank[97]: Access = 24696, Miss = 16492, Miss_rate = 0.668, Pending_hits = 5095, Reservation_fails = 0
L2_cache_bank[98]: Access = 24696, Miss = 16492, Miss_rate = 0.668, Pending_hits = 4983, Reservation_fails = 0
L2_cache_bank[99]: Access = 24696, Miss = 16492, Miss_rate = 0.668, Pending_hits = 5132, Reservation_fails = 0
L2_cache_bank[100]: Access = 24696, Miss = 16492, Miss_rate = 0.668, Pending_hits = 5037, Reservation_fails = 0
L2_cache_bank[101]: Access = 24696, Miss = 16492, Miss_rate = 0.668, Pending_hits = 5011, Reservation_fails = 0
L2_cache_bank[102]: Access = 24696, Miss = 16492, Miss_rate = 0.668, Pending_hits = 5017, Reservation_fails = 0
L2_cache_bank[103]: Access = 24696, Miss = 16492, Miss_rate = 0.668, Pending_hits = 4984, Reservation_fails = 0
L2_cache_bank[104]: Access = 24696, Miss = 16492, Miss_rate = 0.668, Pending_hits = 5019, Reservation_fails = 0
L2_cache_bank[105]: Access = 24696, Miss = 16492, Miss_rate = 0.668, Pending_hits = 5179, Reservation_fails = 0
L2_cache_bank[106]: Access = 24696, Miss = 16492, Miss_rate = 0.668, Pending_hits = 5039, Reservation_fails = 0
L2_cache_bank[107]: Access = 24696, Miss = 16492, Miss_rate = 0.668, Pending_hits = 5183, Reservation_fails = 0
L2_cache_bank[108]: Access = 24696, Miss = 16492, Miss_rate = 0.668, Pending_hits = 5125, Reservation_fails = 0
L2_cache_bank[109]: Access = 24696, Miss = 16492, Miss_rate = 0.668, Pending_hits = 5041, Reservation_fails = 0
L2_cache_bank[110]: Access = 24696, Miss = 16492, Miss_rate = 0.668, Pending_hits = 5196, Reservation_fails = 0
L2_cache_bank[111]: Access = 24696, Miss = 16492, Miss_rate = 0.668, Pending_hits = 5149, Reservation_fails = 0
L2_cache_bank[112]: Access = 24696, Miss = 16492, Miss_rate = 0.668, Pending_hits = 5047, Reservation_fails = 0
L2_cache_bank[113]: Access = 24696, Miss = 16492, Miss_rate = 0.668, Pending_hits = 4869, Reservation_fails = 0
L2_cache_bank[114]: Access = 24696, Miss = 16492, Miss_rate = 0.668, Pending_hits = 5113, Reservation_fails = 0
L2_cache_bank[115]: Access = 24696, Miss = 16492, Miss_rate = 0.668, Pending_hits = 5081, Reservation_fails = 0
L2_cache_bank[116]: Access = 24696, Miss = 16492, Miss_rate = 0.668, Pending_hits = 5020, Reservation_fails = 0
L2_cache_bank[117]: Access = 24696, Miss = 16492, Miss_rate = 0.668, Pending_hits = 5075, Reservation_fails = 0
L2_cache_bank[118]: Access = 24696, Miss = 16492, Miss_rate = 0.668, Pending_hits = 4973, Reservation_fails = 0
L2_cache_bank[119]: Access = 24696, Miss = 16492, Miss_rate = 0.668, Pending_hits = 5069, Reservation_fails = 0
L2_cache_bank[120]: Access = 24696, Miss = 16492, Miss_rate = 0.668, Pending_hits = 5205, Reservation_fails = 0
L2_cache_bank[121]: Access = 24696, Miss = 16492, Miss_rate = 0.668, Pending_hits = 5101, Reservation_fails = 0
L2_cache_bank[122]: Access = 24696, Miss = 16492, Miss_rate = 0.668, Pending_hits = 5188, Reservation_fails = 0
L2_cache_bank[123]: Access = 24696, Miss = 16492, Miss_rate = 0.668, Pending_hits = 4984, Reservation_fails = 0
L2_cache_bank[124]: Access = 24696, Miss = 16492, Miss_rate = 0.668, Pending_hits = 5078, Reservation_fails = 0
L2_cache_bank[125]: Access = 24696, Miss = 16492, Miss_rate = 0.668, Pending_hits = 5123, Reservation_fails = 0
L2_cache_bank[126]: Access = 24696, Miss = 16492, Miss_rate = 0.668, Pending_hits = 5104, Reservation_fails = 0
L2_cache_bank[127]: Access = 24696, Miss = 16492, Miss_rate = 0.668, Pending_hits = 5190, Reservation_fails = 0
L2_cache_bank[128]: Access = 24708, Miss = 16524, Miss_rate = 0.669, Pending_hits = 5096, Reservation_fails = 0
L2_cache_bank[129]: Access = 24708, Miss = 16524, Miss_rate = 0.669, Pending_hits = 4978, Reservation_fails = 0
L2_cache_bank[130]: Access = 24708, Miss = 16524, Miss_rate = 0.669, Pending_hits = 5098, Reservation_fails = 0
L2_cache_bank[131]: Access = 24708, Miss = 16524, Miss_rate = 0.669, Pending_hits = 5112, Reservation_fails = 0
L2_cache_bank[132]: Access = 24708, Miss = 16524, Miss_rate = 0.669, Pending_hits = 5062, Reservation_fails = 0
L2_cache_bank[133]: Access = 24708, Miss = 16524, Miss_rate = 0.669, Pending_hits = 5108, Reservation_fails = 0
L2_cache_bank[134]: Access = 24708, Miss = 16524, Miss_rate = 0.669, Pending_hits = 5029, Reservation_fails = 0
L2_cache_bank[135]: Access = 24708, Miss = 16524, Miss_rate = 0.669, Pending_hits = 5101, Reservation_fails = 0
L2_cache_bank[136]: Access = 24708, Miss = 16524, Miss_rate = 0.669, Pending_hits = 5100, Reservation_fails = 0
L2_cache_bank[137]: Access = 24708, Miss = 16524, Miss_rate = 0.669, Pending_hits = 5128, Reservation_fails = 0
L2_cache_bank[138]: Access = 24708, Miss = 16524, Miss_rate = 0.669, Pending_hits = 5004, Reservation_fails = 0
L2_cache_bank[139]: Access = 24708, Miss = 16524, Miss_rate = 0.669, Pending_hits = 5105, Reservation_fails = 0
L2_cache_bank[140]: Access = 24708, Miss = 16524, Miss_rate = 0.669, Pending_hits = 5008, Reservation_fails = 0
L2_cache_bank[141]: Access = 24708, Miss = 16524, Miss_rate = 0.669, Pending_hits = 5134, Reservation_fails = 0
L2_cache_bank[142]: Access = 24708, Miss = 16524, Miss_rate = 0.669, Pending_hits = 5032, Reservation_fails = 0
L2_cache_bank[143]: Access = 24708, Miss = 16524, Miss_rate = 0.669, Pending_hits = 5078, Reservation_fails = 0
L2_cache_bank[144]: Access = 24708, Miss = 16524, Miss_rate = 0.669, Pending_hits = 4971, Reservation_fails = 0
L2_cache_bank[145]: Access = 24708, Miss = 16524, Miss_rate = 0.669, Pending_hits = 5041, Reservation_fails = 0
L2_cache_bank[146]: Access = 24708, Miss = 16524, Miss_rate = 0.669, Pending_hits = 5087, Reservation_fails = 0
L2_cache_bank[147]: Access = 24708, Miss = 16524, Miss_rate = 0.669, Pending_hits = 5162, Reservation_fails = 0
L2_cache_bank[148]: Access = 24708, Miss = 16524, Miss_rate = 0.669, Pending_hits = 5109, Reservation_fails = 0
L2_cache_bank[149]: Access = 24708, Miss = 16524, Miss_rate = 0.669, Pending_hits = 5079, Reservation_fails = 0
L2_cache_bank[150]: Access = 24708, Miss = 16524, Miss_rate = 0.669, Pending_hits = 4994, Reservation_fails = 0
L2_cache_bank[151]: Access = 24708, Miss = 16524, Miss_rate = 0.669, Pending_hits = 5036, Reservation_fails = 0
L2_cache_bank[152]: Access = 24708, Miss = 16524, Miss_rate = 0.669, Pending_hits = 5135, Reservation_fails = 0
L2_cache_bank[153]: Access = 24708, Miss = 16524, Miss_rate = 0.669, Pending_hits = 5125, Reservation_fails = 0
L2_cache_bank[154]: Access = 24708, Miss = 16524, Miss_rate = 0.669, Pending_hits = 5124, Reservation_fails = 0
L2_cache_bank[155]: Access = 24708, Miss = 16524, Miss_rate = 0.669, Pending_hits = 5038, Reservation_fails = 0
L2_cache_bank[156]: Access = 24708, Miss = 16524, Miss_rate = 0.669, Pending_hits = 5098, Reservation_fails = 0
L2_cache_bank[157]: Access = 24708, Miss = 16524, Miss_rate = 0.669, Pending_hits = 4997, Reservation_fails = 0
L2_cache_bank[158]: Access = 24708, Miss = 16524, Miss_rate = 0.669, Pending_hits = 5058, Reservation_fails = 0
L2_cache_bank[159]: Access = 24708, Miss = 16524, Miss_rate = 0.669, Pending_hits = 5072, Reservation_fails = 0
L2_total_cache_accesses = 6324224
L2_total_cache_misses = 4227072
L2_total_cache_miss_rate = 0.6684
L2_total_cache_pending_hits = 1333666
L2_total_cache_reservation_fails = 0
L2_total_cache_breakdown:
	L2_cache_stats_breakdown[GLOBAL_ACC_R][HIT] = 0
	L2_cache_stats_breakdown[GLOBAL_ACC_R][HIT_RESERVED] = 0
	L2_cache_stats_breakdown[GLOBAL_ACC_R][MISS] = 0
	L2_cache_stats_breakdown[GLOBAL_ACC_R][RESERVATION_FAIL] = 0
	L2_cache_stats_breakdown[GLOBAL_ACC_R][SECTOR_MISS] = 0
	L2_cache_stats_breakdown[GLOBAL_ACC_R][MSHR_HIT] = 0
	L2_cache_stats_breakdown[LOCAL_ACC_R][HIT] = 0
	L2_cache_stats_breakdown[LOCAL_ACC_R][HIT_RESERVED] = 0
	L2_cache_stats_breakdown[LOCAL_ACC_R][MISS] = 0
	L2_cache_stats_breakdown[LOCAL_ACC_R][RESERVATION_FAIL] = 0
	L2_cache_stats_breakdown[LOCAL_ACC_R][SECTOR_MISS] = 0
	L2_cache_stats_breakdown[LOCAL_ACC_R][MSHR_HIT] = 0
	L2_cache_stats_breakdown[CONST_ACC_R][HIT] = 0
	L2_cache_stats_breakdown[CONST_ACC_R][HIT_RESERVED] = 0
	L2_cache_stats_breakdown[CONST_ACC_R][MISS] = 0
	L2_cache_stats_breakdown[CONST_ACC_R][RESERVATION_FAIL] = 0
	L2_cache_stats_breakdown[CONST_ACC_R][SECTOR_MISS] = 0
	L2_cache_stats_breakdown[CONST_ACC_R][MSHR_HIT] = 0
	L2_cache_stats_breakdown[TEXTURE_ACC_R][HIT] = 0
	L2_cache_stats_breakdown[TEXTURE_ACC_R][HIT_RESERVED] = 0
	L2_cache_stats_breakdown[TEXTURE_ACC_R][MISS] = 0
	L2_cache_stats_breakdown[TEXTURE_ACC_R][RESERVATION_FAIL] = 0
	L2_cache_stats_breakdown[TEXTURE_ACC_R][SECTOR_MISS] = 0
	L2_cache_stats_breakdown[TEXTURE_ACC_R][MSHR_HIT] = 0
	L2_cache_stats_breakdown[GLOBAL_ACC_W][HIT] = 0
	L2_cache_stats_breakdown[GLOBAL_ACC_W][HIT_RESERVED] = 0
	L2_cache_stats_breakdown[GLOBAL_ACC_W][MISS] = 270336
	L2_cache_stats_breakdown[GLOBAL_ACC_W][RESERVATION_FAIL] = 0
	L2_cache_stats_breakdown[GLOBAL_ACC_W][SECTOR_MISS] = 811008
	L2_cache_stats_breakdown[GLOBAL_ACC_W][MSHR_HIT] = 0
	L2_cache_stats_breakdown[GLOBAL_ACC_W][TOTAL_ACCESS] = 1081344
	L2_cache_stats_breakdown[LOCAL_ACC_W][HIT] = 0
	L2_cache_stats_breakdown[LOCAL_ACC_W][HIT_RESERVED] = 0
	L2_cache_stats_breakdown[LOCAL_ACC_W][MISS] = 0
	L2_cache_stats_breakdown[LOCAL_ACC_W][RESERVATION_FAIL] = 0
	L2_cache_stats_breakdown[LOCAL_ACC_W][SECTOR_MISS] = 0
	L2_cache_stats_breakdown[LOCAL_ACC_W][MSHR_HIT] = 0
	L2_cache_stats_breakdown[L1_WRBK_ACC][HIT] = 0
	L2_cache_stats_breakdown[L1_WRBK_ACC][HIT_RESERVED] = 0
	L2_cache_stats_breakdown[L1_WRBK_ACC][MISS] = 0
	L2_cache_stats_breakdown[L1_WRBK_ACC][RESERVATION_FAIL] = 0
	L2_cache_stats_breakdown[L1_WRBK_ACC][SECTOR_MISS] = 0
	L2_cache_stats_breakdown[L1_WRBK_ACC][MSHR_HIT] = 0
	L2_cache_stats_breakdown[L2_WRBK_ACC][HIT] = 0
	L2_cache_stats_breakdown[L2_WRBK_ACC][HIT_RESERVED] = 0
	L2_cache_stats_breakdown[L2_WRBK_ACC][MISS] = 0
	L2_cache_stats_breakdown[L2_WRBK_ACC][RESERVATION_FAIL] = 0
	L2_cache_stats_breakdown[L2_WRBK_ACC][SECTOR_MISS] = 0
	L2_cache_stats_breakdown[L2_WRBK_ACC][MSHR_HIT] = 0
	L2_cache_stats_breakdown[INST_ACC_R][HIT] = 0
	L2_cache_stats_breakdown[INST_ACC_R][HIT_RESERVED] = 0
	L2_cache_stats_breakdown[INST_ACC_R][MISS] = 0
	L2_cache_stats_breakdown[INST_ACC_R][RESERVATION_FAIL] = 0
	L2_cache_stats_breakdown[INST_ACC_R][SECTOR_MISS] = 0
	L2_cache_stats_breakdown[INST_ACC_R][MSHR_HIT] = 0
	L2_cache_stats_breakdown[L1_WR_ALLOC_R][HIT] = 0
	L2_cache_stats_breakdown[L1_WR_ALLOC_R][HIT_RESERVED] = 0
	L2_cache_stats_breakdown[L1_WR_ALLOC_R][MISS] = 0
	L2_cache_stats_breakdown[L1_WR_ALLOC_R][RESERVATION_FAIL] = 0
	L2_cache_stats_breakdown[L1_WR_ALLOC_R][SECTOR_MISS] = 0
	L2_cache_stats_breakdown[L1_WR_ALLOC_R][MSHR_HIT] = 0
	L2_cache_stats_breakdown[L2_WR_ALLOC_R][HIT] = 0
	L2_cache_stats_breakdown[L2_WR_ALLOC_R][HIT_RESERVED] = 0
	L2_cache_stats_breakdown[L2_WR_ALLOC_R][MISS] = 0
	L2_cache_stats_breakdown[L2_WR_ALLOC_R][RESERVATION_FAIL] = 0
	L2_cache_stats_breakdown[L2_WR_ALLOC_R][SECTOR_MISS] = 0
	L2_cache_stats_breakdown[L2_WR_ALLOC_R][MSHR_HIT] = 0
	L2_cache_stats_breakdown[TMA_ACC_R][HIT] = 0
	L2_cache_stats_breakdown[TMA_ACC_R][HIT_RESERVED] = 0
	L2_cache_stats_breakdown[TMA_ACC_R][MISS] = 0
	L2_cache_stats_breakdown[TMA_ACC_R][RESERVATION_FAIL] = 0
	L2_cache_stats_breakdown[TMA_ACC_R][SECTOR_MISS] = 0
	L2_cache_stats_breakdown[TMA_ACC_R][MSHR_HIT] = 0
	L2_cache_stats_breakdown[TMA_ACC_W][HIT] = 0
	L2_cache_stats_breakdown[TMA_ACC_W][HIT_RESERVED] = 0
	L2_cache_stats_breakdown[TMA_ACC_W][MISS] = 0
	L2_cache_stats_breakdown[TMA_ACC_W][RESERVATION_FAIL] = 0
	L2_cache_stats_breakdown[TMA_ACC_W][SECTOR_MISS] = 0
	L2_cache_stats_breakdown[TMA_ACC_W][MSHR_HIT] = 0
	L2_cache_stats_breakdown[CP_ASYNC_ACC_R][HIT] = 763486
	L2_cache_stats_breakdown[CP_ASYNC_ACC_R][HIT_RESERVED] = 1333666
	L2_cache_stats_breakdown[CP_ASYNC_ACC_R][MISS] = 786432
	L2_cache_stats_breakdown[CP_ASYNC_ACC_R][RESERVATION_FAIL] = 0
	L2_cache_stats_breakdown[CP_ASYNC_ACC_R][SECTOR_MISS] = 2359296
	L2_cache_stats_breakdown[CP_ASYNC_ACC_R][MSHR_HIT] = 1333666
	L2_cache_stats_breakdown[CP_ASYNC_ACC_R][TOTAL_ACCESS] = 5242880
L2_total_cache_reservation_fail_reason_breakdown:
	L2_cache_stats_fail_reason_breakdown[LINE_ALLOC_FAIL] = 0
	L2_cache_stats_fail_reason_breakdown[MISS_QUEUE_FULL] = 0
	L2_cache_stats_fail_reason_breakdown[MSHR_ENRTY_FAIL] = 0
	L2_cache_stats_fail_reason_breakdown[MSHR_MERGE_ENRTY_FAIL] = 0
	L2_cache_stats_fail_reason_breakdown[MSHR_RW_PENDING] = 0
	L2_cache_stats_fail_reason_breakdown[TOTAL] = 0
L2_total_cache_reservation_fail_breakdown:
L2_cache_data_port_util = 0.030
L2_cache_fill_port_util = 0.000

icnt_total_pkts_mem_to_simt=6324224
icnt_total_pkts_simt_to_mem=2392064
LD_mem_lat_dist  0 0 0 0 0 0 0 0 0 0 0 0 0 0 0 0 0 0 0 0 0 0 0 0 0 0 0 0
ST_mem_lat_dist  0 0 0 0 0 0 0 0 0 0 0 0 0 0 0 0 0 0 0 0 0 0 0 0 0 0 0 0
----------------------------Interconnect-DETAILS--------------------------------
Req_Network_injected_packets_num = 2390335
Req_Network_cycles = 175017
Req_Network_injected_packets_per_cycle =      13.6577 
Req_Network_conflicts_per_cycle =       5.9597
Req_Network_conflicts_per_cycle_util =       7.5248
Req_Bank_Level_Parallism =      17.2569
Req_Network_in_buffer_full_per_cycle =       0.0000
Req_Network_in_buffer_avg_util =       0.0547
Req_Network_out_buffer_full_per_cycle =       0.0000
Req_Network_out_buffer_avg_util =       1.0195
Req_Network_input_pushes_top = 71:21024 120:21024 0:18688 1:18688 2:18688 3:18688 4:18688 6:18688
Req_Network_output_pushes_top = 132:18697 133:18697 134:18697 135:18697 136:18697 137:18697 138:18697 139:18697
Req_Network_input_grants_top = 71:21024 120:21024 0:18688 1:18688 2:18688 3:18688 4:18688 6:18688
Req_Network_output_grants_top = 132:18697 133:18697 134:18697 135:18697 136:18697 137:18697 138:18697 139:18697
Req_Network_input_full_events_top =
Req_Network_output_full_events_top =
Req_Network_max_input_occupancy_top = 27:58 62:58 29:57 33:57 46:57 91:57 93:57 103:57
Req_Network_max_output_occupancy_top = 202:225 219:224 139:222 177:221 166:219 184:219 199:219 198:218

Reply_Network_injected_packets_num = 6324224
Reply_Network_cycles = 175017
Reply_Network_injected_packets_per_cycle =      36.1349
Reply_Network_conflicts_per_cycle =    1798.0066
Reply_Network_conflicts_per_cycle_util =    2004.6104
Reply_Bank_Level_Parallism =      40.2871
Reply_Network_in_buffer_full_per_cycle =       0.0000
Reply_Network_in_buffer_avg_util =      48.3574
Reply_Network_out_buffer_full_per_cycle =       0.0000
Reply_Network_out_buffer_avg_util =       0.4955
Reply_Network_input_pushes_top = 132:49420 133:49420 134:49420 135:49420 136:49420 137:49420 138:49420 139:49420
Reply_Network_output_pushes_top = 71:55584 120:55584 0:49408 1:49408 2:49408 3:49408 4:49408 6:49408
Reply_Network_input_grants_top = 132:49420 133:49420 134:49420 135:49420 136:49420 137:49420 138:49420 139:49420
Reply_Network_output_grants_top = 71:55584 120:55584 0:49408 1:49408 2:49408 3:49408 4:49408 6:49408
Reply_Network_input_full_events_top =
Reply_Network_output_full_events_top =
Reply_Network_max_input_occupancy_top = 193:400 208:393 176:389 145:385 160:385 225:384 146:381 224:379
Reply_Network_max_output_occupancy_top = 71:46 22:35 120:35 40:29 54:28 90:26 111:24 16:22
----------------------------END-of-Interconnect-DETAILS-------------------------


gpgpu_simulation_time = 0 days, 0 hrs, 10 min, 4 sec (604 sec)
gpgpu_simulation_rate = 1286198 (inst/sec)
gpgpu_simulation_rate = 255 (cycle/sec)
gpgpu_silicon_slowdown = 5882352x
GPGPU-Sim: synchronize waiting for inactive GPU simulation
GPGPU-Sim API: Stream Manager State
GPGPU-Sim: detected inactive GPU simulation thread
[       OK ] Fa2PrefillFp16SmallTest.H32D64FullB32S256 (589002 ms)
[----------] 1 test from Fa2PrefillFp16SmallTest (589002 ms total)

[----------] Global test environment tear-down
[==========] 1 test from 1 test suite ran. (589002 ms total)
[  PASSED  ] 1 test.
GPGPU-Sim: *** exit detected ***
