[2026-06-17 17:32:32] START job_id=h16d128_full stage=fa2_small case=H16D128FullB32S256
[2026-06-17 17:32:32] workdir=/data/wzr/flashgpu-sim-blackwell/flashgpu-sim/test/run/FA2_SMALL4_TENSOR6_LAT22_20260617_1738/work/001_fa2_small_H16D128FullB32S256
[2026-06-17 17:32:32] cpu_set=8,10,12,14
[2026-06-17 17:32:32] command=taskset -c 8,10,12,14 /data/wzr/flashgpu-sim-blackwell/flashgpu-sim/test/build/bin/hopper/run_fa2_small_h16d128_full_tests --gtest_filter=Fa2PrefillFp16SmallTest.H16D128FullB32S256
[2026-06-17 17:32:32] config=SM90_H100_1500MHZ_HBM80_L2S160_MSHR512_L2NOC1700_FA2_REGALLOC_TENSOR6_LAT22_TMP
[2026-06-17 17:32:32] core_clock_mhz=1500.0
[2026-06-17 17:32:32] LD_LIBRARY_PATH=/data/wzr/flashgpu-sim-blackwell/flashgpu-sim/lib/gcc-13.3.0/cuda-12080/release:/home/wzr/cuda/lib64:/home/wzr/cuda/lib64:/home/wzr/cuda/lib64:
self exe links to: /data/wzr/flashgpu-sim-blackwell/flashgpu-sim/test/build/bin/hopper/run_fa2_small_h16d128_full_tests
self exe links to: /data/wzr/flashgpu-sim-blackwell/flashgpu-sim/test/build/bin/hopper/run_fa2_small_h16d128_full_tests
12


        *** GPGPU-Sim Simulator Version 4.2.0  [build gpgpu-sim_git-commit-4ff1712e_modified_29.0] ***


GPGPU-Sim PTX: simulation mode 0 (can change with PTX_SIM_MODE_FUNC environment variable:
               1=functional simulation only, 0=detailed performance simulator)
GPGPU-Sim: Configuration options:

-save_embedded_ptx                      0 # saves ptx files embedded in binary as <n>.ptx
-keep                                   0 # keep intermediate files created by GPGPU-Sim when interfacing with external programs
-gpgpu_ptx_save_converted_ptxplus                    0 # Saved converted ptxplus to a file
-gpgpu_occupancy_sm_number                   90 # The SM number to pass to ptxas when getting register usage for computing GPU occupancy. This parameter is required in the config.
-gpgpu_ptx_register_allocator                    1 # Enable conservative PTX virtual register aliasing.
-gpgpu_ptx_register_allocator_stats                    0 # Print PTX virtual register allocator statistics.
-gpgpu_ptx_reorder                      1 # Enable conservative PTX instruction reordering.
-gpgpu_ptx_reorder_stats                    1 # Print PTX instruction reordering statistics.
-gpgpu_ptx_reorder_ready_slack                    0 # Extra issue-ready slack for PTX switch reordering.
-gpgpu_ptx_reorder_dump                    0 # Dump PTX instruction order after reordering.
-gpgpu_ptx_reorder_dump_dir       ptx_sched_dump # Directory for PTX reorder dumps.
-gpgpu_ptx_reorder_sass_guided                    0 # Use a SASS LDSM/HMMA class stream to guide PTX reordering in segments containing MMA.
-gpgpu_ptx_reorder_sass_file                      # cuobjdump --dump-sass file used by SASS-guided PTX reordering.
-gpgpu_ptx_reorder_sass_guide_lookahead                  256 # Maximum LDSM/HMMA guide-stream distance searched by SASS-guided PTX reordering.
-ptx_opcode_latency_int        4,4,4,4,21,14 # Opcode latencies for integers <ADD,MAX,MUL,MAD,DIV,SHFL>Default 1,1,19,25,145,32
-ptx_opcode_latency_fp           4,4,4,4,39 # Opcode latencies for single precision floating points <ADD,MAX,MUL,MAD,DIV>Default 1,1,1,1,30
-ptx_opcode_latency_dp      64,64,64,64,330 # Opcode latencies for double precision floating points <ADD,MAX,MUL,MAD,DIV>Default 8,8,8,8,335
-ptx_opcode_latency_sfu                   28 # Opcode latencies for SFU instructionsDefault 8
-ptx_opcode_latency_tensor 22,32,19,32,32,32,19 # Opcode latencies for Tensor instructionsDefault 64
-ptx_opcode_latency_wgmma_ss              4,4,4,4 # WGMMA tensor pipe latencies for SS operands <m64n8,m64n16,m64n32,m64n64>. Default 4,4,4,4
-ptx_opcode_latency_wgmma_rs              3,3,3,3 # WGMMA tensor pipe latencies for RS operands <m64n8,m64n16,m64n32,m64n64>. Default 12,12,12,12
-ptx_opcode_completion_wgmma_ss          66,66,66,66 # WGMMA overlappable completion tail latencies for SS operands <m64n8,m64n16,m64n32,m64n64>. Default 66,66,66,66
-ptx_opcode_completion_wgmma_rs          64,65,64,64 # WGMMA overlappable completion tail latencies for RS operands <m64n8,m64n16,m64n32,m64n64>. Default 64,65,64,64
-ptx_opcode_completion_wgmma_int_ss          64,64,64,64 # WGMMA overlappable completion tail latencies for int/b1 SS operands <m64n8,m64n16,m64n32,m64n64>. Default 64,64,64,64
-ptx_opcode_completion_wgmma_int_rs          62,62,62,61 # WGMMA overlappable completion tail latencies for int/b1 RS operands <m64n8,m64n16,m64n32,m64n64>. Default 62,62,62,61
-ptx_opcode_compute_throughput_wgmma 4096,2048,8192,8192,65536 # WGMMA non-overlappable compute throughput in work/cycle per SM <f16/bf16,tf32,fp8,int8,b1>. Default 4096,2048,8192,8192,65536
-ptx_opcode_latency_tma                   32 # Opcode latency for TMA (cp.async.bulk) instructionsDefault 33
-ptx_opcode_latency_cp_async                    7 # Opcode latency for ordinary cp.async instructions. Default 7
-ptx_opcode_latency_cp_async_commit                    7 # Opcode latency for ordinary cp.async.commit_group instructions. Default 7
-ptx_opcode_latency_cp_async_wait                    5 # Opcode latency for ordinary cp.async.wait_group/wait_all instructions. Default 5
-ptx_opcode_latency_tensormap                1,1,1 # Opcode latencies for tensormap descriptor instructions <replace,cp_fenceproxy,fence_proxy_tensormap>Default 1,1,1
-ptx_opcode_initiation_int          1,1,1,1,2,4 # Opcode initiation intervals for integers <ADD,MAX,MUL,MAD,DIV,SHFL>Default 1,1,4,4,32,4
-ptx_opcode_initiation_fp            1,1,1,1,2 # Opcode initiation intervals for single precision floating points <ADD,MAX,MUL,MAD,DIV>Default 1,1,1,1,5
-ptx_opcode_initiation_dp      64,64,64,64,130 # Opcode initiation intervals for double precision floating points <ADD,MAX,MUL,MAD,DIV>Default 8,8,8,8,130
-ptx_opcode_initiation_sfu                    8 # Opcode initiation intervals for sfu instructionsDefault 8
-ptx_opcode_initiation_tensor  6,32,19,32,32,32,19 # Opcode initiation intervals for tensor instructionsDefault 64
-ptx_opcode_initiation_wgmma_ss              4,4,4,4 # WGMMA initiation intervals for SS operands <m64n8,m64n16,m64n32,m64n64>. Default 4,4,4,4
-ptx_opcode_initiation_wgmma_rs              3,3,3,3 # WGMMA initiation intervals for RS operands <m64n8,m64n16,m64n32,m64n64>. Default 12,12,12,12
-ptx_opcode_initiation_tma                   32 # Opcode initiation interval for TMA (cp.async.bulk) instructionsDefault 33
-ptx_opcode_initiation_cp_async                    7 # Opcode initiation interval for ordinary cp.async instructions. Default 7
-ptx_opcode_initiation_cp_async_commit                    7 # Opcode initiation interval for ordinary cp.async.commit_group instructions. Default 7
-ptx_opcode_initiation_cp_async_wait                    5 # Opcode initiation interval for ordinary cp.async.wait_group/wait_all instructions. Default 5
-ptx_opcode_initiation_tensormap                1,1,1 # Opcode initiation intervals for tensormap descriptor instructions <replace,cp_fenceproxy,fence_proxy_tensormap>Default 1,1,1
-cdp_latency         7200,8000,100,12000,1600 # CDP API latency <cudaStreamCreateWithFlags, cudaGetParameterBufferV2_init_perWarp, cudaGetParameterBufferV2_perKernel, cudaLaunchDeviceV2_init_perWarp, cudaLaunchDevicV2_perKernel>Default 7200,8000,100,12000,1600
-network_mode                           2 # Interconnection network mode
-inter_config_file                   mesh # Interconnection network config file
-icnt_in_buffer_limit                  512 # in_buffer_limit
-icnt_out_buffer_limit                  512 # out_buffer_limit
-icnt_subnets                           2 # subnets
-icnt_arbiter_algo                      1 # arbiter_algo
-icnt_verbose                           0 # inct_verbose
-icnt_grant_cycles                      1 # grant_cycles
-icnt_use_voq                           1 # use_voq
-gpgpu_ptx_use_cuobjdump                    1 # Use cuobjdump to extract ptx and sass from binaries
-gpgpu_experimental_lib_support                    0 # Try to extract code from cuda libraries [Broken because of unknown cudaGetExportTable]
-checkpoint_option                      0 #  checkpointing flag (0 = no checkpoint)
-checkpoint_kernel                      1 #  checkpointing during execution of which kernel (1- 1st kernel)
-checkpoint_CTA                         0 #  checkpointing after # of CTA (< less than total CTA)
-resume_option                          0 #  resume flag (0 = no resume)
-resume_kernel                          0 #  Resume from which kernel (1= 1st kernel)
-resume_CTA                             0 #  resume from which CTA 
-checkpoint_CTA_t                       0 #  resume from which CTA 
-checkpoint_insn_Y                      0 #  resume from which CTA 
-gpgpu_ptx_convert_to_ptxplus                    0 # Convert SASS (native ISA) to ptxplus and run ptxplus
-gpgpu_ptx_force_max_capability                   90 # Force maximum compute capability
-gpgpu_ptx_inst_debug_to_file                    0 # Dump executed instructions' debug information to file
-gpgpu_ptx_inst_debug_file       inst_debug.txt # Executed instructions' debug output file
-gpgpu_ptx_inst_debug_thread_uid                    1 # Thread UID for executed instructions' debug output
-gpgpu_simd_model                       1 # 1 = post-dominator
-gpgpu_shader_core_pipeline              1536:32 # shader core pipeline config, i.e., {<nthread>:<warpsize>}
-gpgpu_tex_cache:l1  N:4:128:256,L:R:m:N:L,T:512:8,128:2 # per-shader L1 texture cache  (READ-ONLY) config  {<nsets>:<bsize>:<assoc>,<rep>:<wr>:<alloc>:<wr_alloc>,<mshr>:<N>:<merge>,<mq>:<rf>}
-gpgpu_const_cache:l1 N:128:64:8,L:R:f:N:L,S:2:64,4 # per-shader L1 constant memory cache  (READ-ONLY) config  {<nsets>:<bsize>:<assoc>,<rep>:<wr>:<alloc>:<wr_alloc>,<mshr>:<N>:<merge>,<mq>} 
-gpgpu_cache:il1     N:64:128:16,L:R:f:N:L,S:32:32,32 # shader L1 instruction cache config  {<sector?>:<nsets>:<bsize>:<assoc>,<rep>:<wr>:<alloc>:<wr_alloc>:<set_index_fn>,<mshr>:<N>:<merge>,<mq>} 
-gpgpu_cache:dl1     S:4:128:256,L:T:m:L:L,A:384:48,32:0,32 # per-shader L1 data cache config  {<sector?>:<nsets>:<bsize>:<assoc>,<rep>:<wr>:<alloc>:<wr_alloc>:<set_index_fn>,<mshr>:<N>:<merge>,<mq>:<fifo_entry>,<data_port_width> | none}
-gpgpu_l1_cache_write_ratio                   25 # L1D write ratio
-gpgpu_l1_banks                         4 # The number of L1 cache banks
-gpgpu_l1_banks_byte_interleaving                   32 # l1 banks byte interleaving granularity
-gpgpu_l1_banks_hashing_function                    0 # l1 banks hashing function
-gpgpu_l1_latency                      39 # L1 Hit Latency
-gpgpu_smem_latency                    29 # smem Latency
-gpgpu_cache:dl1PrefL1                 none # per-shader L1 data cache config  {<sector?>:<nsets>:<bsize>:<assoc>,<rep>:<wr>:<alloc>:<wr_alloc>:<set_index_fn>,<mshr>:<N>:<merge>,<mq>:<fifo_entry>,<data_port_width> | none | none}
-gpgpu_cache:dl1PrefShared                 none # per-shader L1 data cache config  {<sector?>:<nsets>:<bsize>:<assoc>,<rep>:<wr>:<alloc>:<wr_alloc>:<set_index_fn>,<mshr>:<N>:<merge>,<mq>:<fifo_entry>,<data_port_width> | none | none}
-gpgpu_gmem_skip_L1D                    0 # global memory access skip L1D cache (implements -Xptxas -dlcm=cg, default=no skip)
-gpgpu_perfect_mem                      0 # enable perfect memory mode (no cache miss)
-n_regfile_gating_group                    4 # group of lanes that should be read/written together)
-gpgpu_clock_gated_reg_file                    0 # enable clock gated reg file for power calculations
-gpgpu_clock_gated_lanes                    0 # enable clock gated lanes for power calculations
-gpgpu_shader_registers                65536 # Number of registers per shader core. Limits number of concurrent CTAs. (default 8192)
-gpgpu_registers_per_block                65536 # Maximum number of registers per CTA. (default 8192)
-gpgpu_ignore_resources_limitation                    0 # gpgpu_ignore_resources_limitation (default 0)
-gpgpu_shader_cta                      24 # Maximum number of concurrent CTAs in shader (default 32)
-gpgpu_num_cta_barriers                   16 # Maximum number of named barriers per CTA (default 16)
-gpgpu_n_clusters                     132 # number of processing clusters
-gpgpu_n_cores_per_cluster                    1 # number of simd cores per cluster
-gpgpu_n_cluster_ejection_buffer_size                   32 # number of packets in ejection buffer
-gpgpu_n_ldst_response_buffer_size                    2 # number of response packets in ld/st unit ejection buffer
-gpgpu_shmem_per_block               232448 # Size of shared memory per thread block or CTA (default 48kB)
-gpgpu_shmem_size                  233472 # Size of shared memory per shader core (default 16kB)
-gpgpu_shmem_option  0,8,16,32,64,100,132,164,196,228 # Option list of shared memory sizes
-gpgpu_unified_l1d_size                  256 # Size of unified data cache(L1D + shared memory) in KB
-gpgpu_adaptive_cache_config                    1 # adaptive_cache_config
-gpgpu_shmem_sizeDefault               135168 # Size of shared memory per shader core (default 16kB)
-gpgpu_shmem_size_PrefL1                16384 # Size of shared memory per shader core (default 16kB)
-gpgpu_shmem_size_PrefShared                16384 # Size of shared memory per shader core (default 16kB)
-gpgpu_shmem_num_banks                   32 # Number of banks in the shared memory in each shader core (default 16)
-gpgpu_shmem_limited_broadcast                    0 # Limit shared memory to do one broadcast per cycle (default on)
-gpgpu_shmem_warp_parts                    1 # Number of portions a warp is divided into for shared memory bank conflict check 
-gpgpu_mem_unit_ports                    1 # The number of memory transactions allowed per core cycle
-gpgpu_shmem_warp_parts                    1 # Number of portions a warp is divided into for shared memory bank conflict check 
-gpgpu_warpdistro_shader                   -1 # Specify which shader core to collect the warp size distribution from
-gpgpu_warp_issue_shader                    0 # Specify which shader core to collect the warp issue distribution from
-gpgpu_local_mem_map                    1 # Mapping from local memory space address to simulated GPU physical address space (default = enabled)
-gpgpu_num_reg_banks                   16 # Number of register banks (default = 8)
-gpgpu_reg_bank_use_warp_id                    0 # Use warp ID in mapping registers to banks (default = off)
-gpgpu_sub_core_model                    1 # Sub Core Volta/Pascal model (default = off)
-gpgpu_enable_specialized_operand_collector                    0 # enable_specialized_operand_collector
-gpgpu_operand_collector_num_units_sp                    4 # number of collector units (default = 4)
-gpgpu_operand_collector_num_units_dp                    0 # number of collector units (default = 0)
-gpgpu_operand_collector_num_units_sfu                    4 # number of collector units (default = 4)
-gpgpu_operand_collector_num_units_int                    0 # number of collector units (default = 0)
-gpgpu_operand_collector_num_units_tensor_core                    4 # number of collector units (default = 4)
-gpgpu_operand_collector_num_units_mem                    2 # number of collector units (default = 2)
-gpgpu_operand_collector_num_units_gen                   16 # number of collector units (default = 0)
-gpgpu_operand_collector_num_in_ports_sp                    1 # number of collector unit in ports (default = 1)
-gpgpu_operand_collector_num_in_ports_dp                    0 # number of collector unit in ports (default = 0)
-gpgpu_operand_collector_num_in_ports_sfu                    1 # number of collector unit in ports (default = 1)
-gpgpu_operand_collector_num_in_ports_int                    0 # number of collector unit in ports (default = 0)
-gpgpu_operand_collector_num_in_ports_tensor_core                    1 # number of collector unit in ports (default = 1)
-gpgpu_operand_collector_num_in_ports_mem                    1 # number of collector unit in ports (default = 1)
-gpgpu_operand_collector_num_in_ports_gen                   16 # number of collector unit in ports (default = 0)
-gpgpu_operand_collector_num_out_ports_sp                    1 # number of collector unit in ports (default = 1)
-gpgpu_operand_collector_num_out_ports_dp                    0 # number of collector unit in ports (default = 0)
-gpgpu_operand_collector_num_out_ports_sfu                    1 # number of collector unit in ports (default = 1)
-gpgpu_operand_collector_num_out_ports_int                    0 # number of collector unit in ports (default = 0)
-gpgpu_operand_collector_num_out_ports_tensor_core                    1 # number of collector unit in ports (default = 1)
-gpgpu_operand_collector_num_out_ports_mem                    1 # number of collector unit in ports (default = 1)
-gpgpu_operand_collector_num_out_ports_gen                   16 # number of collector unit in ports (default = 0)
-gpgpu_coalesce_arch                   90 # Coalescing arch (GT200 = 13, Fermi = 20)
-gpgpu_num_sched_per_core                    4 # Number of warp schedulers per core
-gpgpu_max_insn_issue_per_warp                    1 # Max number of instructions that can be issued per warp in one cycle by scheduler (either 1 or 2)
-gpgpu_dual_issue_diff_exec_units                    1 # should dual issue use two different execution unit resources (Default = 1)
-gpgpu_simt_core_sim_order                    1 # Select the simulation order of cores in a cluster (0=Fix, 1=Round-Robin)
-gpgpu_pipeline_widths 4,4,4,4,4,4,4,4,4,4,8,4,4,4,4,4,4 # Pipeline widths ID_OC_SP,ID_OC_DP,ID_OC_INT,ID_OC_SFU,ID_OC_MEM,OC_EX_SP,OC_EX_DP,OC_EX_INT,OC_EX_SFU,OC_EX_MEM,EX_WB,ID_OC_TENSOR_CORE,OC_EX_TENSOR_CORE,ID_OC_TMA,OC_EX_TMA,ID_OC_CP_ASYNC,OC_EX_CP_ASYNC,ID_OC_TENSOR_MAP,OC_EX_TENSOR_MAP
-gpgpu_tensor_core_avail                    1 # Tensor Core Available (default=0)
-gpgpu_num_sp_units                     4 # Number of SP units (default=1)
-gpgpu_num_dp_units                     4 # Number of DP units (default=0)
-gpgpu_num_int_units                    4 # Number of INT units (default=0)
-gpgpu_num_sfu_units                    4 # Number of SF units (default=1)
-gpgpu_num_tensor_core_units                    4 # Number of tensor_core units (default=1)
-gpgpu_tensor_core_units_per_sub_partition                    1 # Tensor core issue units sharing each subpartition issue register (default=1)
-gpgpu_num_tma_units                    1 # Number of TMA units (default=0)
-gpgpu_num_cp_async_units                    1 # Number of ordinary cp.async units (default=0)
-gpgpu_num_tensormap_units                    0 # Number of tensor-map descriptor units (default=0)
-gpgpu_tma_max_inflight                  384 # Max in-flight TMA mem_fetch requests per SM (default=0, 0=unlimited)
-gpgpu_tma_tx_quota                    48 # Max in-flight mem_fetch per TMA transaction (default=0, 0=unlimited)
-gpgpu_tma_response_width                    1 # TMA response tokens accepted per SM per cycle (default=1)
-gpgpu_tma_request_granularity                   32 # TMA memory request granularity in bytes (32/64/128; default=32)
-gpgpu_tma_request_width                    1 # TMA memory requests issued per TMA unit per cycle (default=1)
-gpgpu_cp_async_max_inflight                  256 # Maximum in-flight ordinary cp.async memory requests per SM (0=unlimited)
-gpgpu_cp_async_request_width                    4 # Ordinary cp.async memory requests issued per SM per cycle (default=1)
-gpgpu_cp_async_response_width                    4 # Ordinary cp.async memory responses accepted per SM per cycle (default=1)
-gpgpu_cp_async_request_granularity                  128 # Ordinary cp.async memory request granularity in bytes (32/64/128; default=32)
-gpgpu_cp_async_idealized_memory                    0 # Idealized ordinary cp.async memory: requests complete instantly (default=0)
-gpgpu_cp_async_wait_release_latency                    5 # Warp release latency for ordinary cp.async.wait_group after the group condition is satisfied (default=5)
-gpgpu_cta_load_balance                    1 # Cap CTAs per core to ceil(total_ctas/n_cores) for load balancing (default=0)
-gpgpu_tma_idealized_memory                    0 # Idealized TMA memory: all requests complete instantly (default=0)
-gpgpu_tma_oob_l2_traffic                    1 # Send OOB fill requests through L2 (models real HW TMA behavior) (default=1)
-gpgpu_mbarrier_arrive_latency                   29 # Latency (cycles) for arrive_tx shared memory write before mbarrier update (default=0)
-gpgpu_mbarrier_trywait_latency                   32 # Latency (cycles) for mbarrier.try_wait polling before warp release (default=0)
-gpgpu_wgmma_issue_chain_ss          7,0,4,20,64 # Per-SM WGMMA SS issue chain throttle <depth,startup_gap,fast_gap,slow_gap,reset_gap>; depth=0 disables
-gpgpu_wgmma_issue_chain_rs          7,0,3,13,64 # Per-SM WGMMA RS issue chain throttle <depth,startup_gap,fast_gap,slow_gap,reset_gap>; depth=0 disables
-gpgpu_num_mem_units                    1 # Number if ldst units (default=1) WARNING: not hooked up to anything
-gpgpu_scheduler                      lrr # Scheduler configuration: < lrr | gto | two_level_active > If two_level_active:<num_active_warps>:<inner_prioritization>:<outer_prioritization>For complete list of prioritization values see shader.h enum scheduler_prioritization_typeDefault: gto
-gpgpu_concurrent_kernel_sm                    0 # Support concurrent kernels on a SM (default = disabled)
-gpgpu_perfect_inst_const_cache                    1 # perfect inst and const cache mode, so all inst and const hits in the cache(default = disabled)
-gpgpu_inst_fetch_throughput                    4 # the number of fetched intruction per warp each cycle
-gpgpu_reg_file_port_throughput                    4 # the number ports of the register file
-specialized_unit_1         0,4,4,4,4,BRA # specialized unit config {<enabled>,<num_units>:<latency>:<initiation>,<ID_OC_SPEC>:<OC_EX_SPEC>,<NAME>}
-specialized_unit_2         0,4,4,4,4,BRA # specialized unit config {<enabled>,<num_units>:<latency>:<initiation>,<ID_OC_SPEC>:<OC_EX_SPEC>,<NAME>}
-specialized_unit_3         0,4,4,4,4,BRA # specialized unit config {<enabled>,<num_units>:<latency>:<initiation>,<ID_OC_SPEC>:<OC_EX_SPEC>,<NAME>}
-specialized_unit_4         0,4,4,4,4,BRA # specialized unit config {<enabled>,<num_units>:<latency>:<initiation>,<ID_OC_SPEC>:<OC_EX_SPEC>,<NAME>}
-specialized_unit_5         0,4,4,4,4,BRA # specialized unit config {<enabled>,<num_units>:<latency>:<initiation>,<ID_OC_SPEC>:<OC_EX_SPEC>,<NAME>}
-specialized_unit_6         0,4,4,4,4,BRA # specialized unit config {<enabled>,<num_units>:<latency>:<initiation>,<ID_OC_SPEC>:<OC_EX_SPEC>,<NAME>}
-specialized_unit_7         0,4,4,4,4,BRA # specialized unit config {<enabled>,<num_units>:<latency>:<initiation>,<ID_OC_SPEC>:<OC_EX_SPEC>,<NAME>}
-specialized_unit_8         0,4,4,4,4,BRA # specialized unit config {<enabled>,<num_units>:<latency>:<initiation>,<ID_OC_SPEC>:<OC_EX_SPEC>,<NAME>}
-gpgpu_perf_sim_memcpy                    1 # Fill the L2 cache on memcpy
-gpgpu_simple_dram_model                    0 # simple_dram_model with fixed latency and BW
-gpgpu_dram_scheduler                    1 # 0 = fifo, 1 = FR-FCFS (defaul)
-gpgpu_dram_partition_queues          64:64:64:64 # i2$:$2d:d2$:$2i
-l2_ideal                               0 # Use a ideal L2 cache that always hit
-gpgpu_cache:dl2     S:128:128:20,L:B:m:L:P,A:512:96,32:0,64 # unified banked L2 data cache config  {<sector?>:<nsets>:<bsize>:<assoc>,<rep>:<wr>:<alloc>:<wr_alloc>:<set_index_fn>,<mshr>:<N>:<merge>,<mq>:<fifo_entry>,<data_port_width>
-gpgpu_cache:dl2_texture_only                    0 # L2 cache used for texture only
-gpgpu_n_mem                           80 # number of memory modules (e.g. memory controllers) in gpu
-gpgpu_n_sub_partition_per_mchannel                    2 # number of memory subpartition in each memory module
-gpgpu_n_mem_per_ctrlr                    1 # number of memory chips per memory controller
-gpgpu_memlatency_stat                   14 # track and display latency statistics 0x2 enables MC, 0x4 enables queue logs
-gpgpu_frfcfs_dram_sched_queue_size                  128 # 0 = unlimited (default); # entries per chip
-gpgpu_dram_return_queue_size                  384 # 0 = unlimited (default); # entries per chip
-gpgpu_dram_buswidth                    8 # default = 4 bytes (8 bytes per cycle at DDR)
-gpgpu_dram_burst_length                    4 # Burst length of each DRAM request (default = 4 data bus cycle)
-dram_data_command_freq_ratio                    2 # Frequency ratio between DRAM data bus and command bus (default = 2 times, i.e. DDR)
-gpgpu_dram_timing_opt nbk=16:CCD=1:RRD=3:RCD=12:RAS=28:RP=12:RC=40:CL=12:WL=2:CDLR=3:WR=10:nbkgrp=4:CCDL=2:RTPL=3 # DRAM timing parameters = {nbk:tCCD:tRRD:tRCD:tRAS:tRP:tRC:CL:WL:tCDLR:tWR:nbkgrp:tCCDL:tRTPL}
-gpgpu_l2_rop_latency                  260 # ROP queue latency (default 85)
-dram_latency                         254 # DRAM latency (default 30)
-dram_dual_bus_interface                    1 # dual_bus_interface (default = 0) 
-dram_bnk_indexing_policy                    0 # dram_bnk_indexing_policy (0 = normal indexing, 1 = Xoring with the higher bits) (Default = 0)
-dram_bnkgrp_indexing_policy                    1 # dram_bnkgrp_indexing_policy (0 = take higher bits, 1 = take lower bits) (Default = 0)
-dram_seperate_write_queue_enable                    0 # Seperate_Write_Queue_Enable
-dram_write_queue_size             32:28:16 # Write_Queue_Size
-dram_elimnate_rw_turnaround                    0 # elimnate_rw_turnaround i.e set tWTR and tRTW = 0
-icnt_flit_size                        40 # icnt_flit_size
-SST_mode                               0 # SST mode
-gpgpu_mem_addr_mapping dramid@8;00000000.00000000.00000000.00000000.0000RRRR.RRRRRRRR.RBBBCCCC.BCCSSSSS # mapping memory address to dram model {dramid@<start bit>;<memory address map>}
-gpgpu_mem_addr_test                    0 # run sweep test to check address mapping for aliased address
-gpgpu_mem_address_mask                    1 # 0 = old addressing mask, 1 = new addressing mask, 2 = new add. mask + flipped bank sel and chip sel bits
-gpgpu_memory_partition_indexing                    2 # 0 = no indexing, 1 = bitwise xoring, 2 = IPoly, 3 = custom indexing
-accelwattch_xml_file accelwattch_sass_sim.xml # AccelWattch XML file
-power_simulation_enabled                    0 # Turn on power simulator (1=On, 0=Off)
-power_per_cycle_dump                    0 # Dump detailed power output each cycle
-hw_perf_file_name            hw_perf.csv # Hardware Performance Statistics file
-hw_perf_bench_name                       # Kernel Name in Hardware Performance Statistics file
-power_simulation_mode                    0 # Switch performance counter input for power simulation (0=Sim, 1=HW, 2=HW-Sim Hybrid)
-dvfs_enabled                           0 # Turn on DVFS for power model
-aggregate_power_stats                    0 # Accumulate power across all kernels
-accelwattch_hybrid_perfsim_L1_RH                    0 # Get L1 Read Hits for Accelwattch-Hybrid from Accel-Sim
-accelwattch_hybrid_perfsim_L1_RM                    0 # Get L1 Read Misses for Accelwattch-Hybrid from Accel-Sim
-accelwattch_hybrid_perfsim_L1_WH                    0 # Get L1 Write Hits for Accelwattch-Hybrid from Accel-Sim
-accelwattch_hybrid_perfsim_L1_WM                    0 # Get L1 Write Misses for Accelwattch-Hybrid from Accel-Sim
-accelwattch_hybrid_perfsim_L2_RH                    0 # Get L2 Read Hits for Accelwattch-Hybrid from Accel-Sim
-accelwattch_hybrid_perfsim_L2_RM                    0 # Get L2 Read Misses for Accelwattch-Hybrid from Accel-Sim
-accelwattch_hybrid_perfsim_L2_WH                    0 # Get L2 Write Hits for Accelwattch-Hybrid from Accel-Sim
-accelwattch_hybrid_perfsim_L2_WM                    0 # Get L2 Write Misses for Accelwattch-Hybrid from Accel-Sim
-accelwattch_hybrid_perfsim_CC_ACC                    0 # Get Constant Cache Acesses for Accelwattch-Hybrid from Accel-Sim
-accelwattch_hybrid_perfsim_SHARED_ACC                    0 # Get Shared Memory Acesses for Accelwattch-Hybrid from Accel-Sim
-accelwattch_hybrid_perfsim_DRAM_RD                    0 # Get DRAM Reads for Accelwattch-Hybrid from Accel-Sim
-accelwattch_hybrid_perfsim_DRAM_WR                    0 # Get DRAM Writes for Accelwattch-Hybrid from Accel-Sim
-accelwattch_hybrid_perfsim_NOC                    0 # Get Interconnect Acesses for Accelwattch-Hybrid from Accel-Sim
-accelwattch_hybrid_perfsim_PIPE_DUTY                    0 # Get Pipeline Duty Cycle Acesses for Accelwattch-Hybrid from Accel-Sim
-accelwattch_hybrid_perfsim_NUM_SM_IDLE                    0 # Get Number of Idle SMs for Accelwattch-Hybrid from Accel-Sim
-accelwattch_hybrid_perfsim_CYCLES                    0 # Get Executed Cycles for Accelwattch-Hybrid from Accel-Sim
-accelwattch_hybrid_perfsim_VOLTAGE                    0 # Get Chip Voltage for Accelwattch-Hybrid from Accel-Sim
-power_trace_enabled                    0 # produce a file for the power trace (1=On, 0=Off)
-power_trace_zlevel                     6 # Compression level of the power trace output log (0=no comp, 9=highest)
-steady_power_levels_enabled                    0 # produce a file for the steady power levels (1=On, 0=Off)
-steady_state_definition                  8:4 # allowed deviation:number of samples
-gpgpu_max_cycle                        0 # terminates gpu simulation early (0 = no limit)
-gpgpu_max_insn                         0 # terminates gpu simulation early (0 = no limit)
-gpgpu_max_cta                          0 # terminates gpu simulation early (0 = no limit)
-gpgpu_max_completed_cta                    0 # terminates gpu simulation early (0 = no limit)
-gpgpu_runtime_stat                   500 # display runtime statistics such as dram utilization {<freq>:<flag>}
-liveness_message_freq                    1 # Minimum number of seconds between simulation liveness messages (0 = always print)
-gpgpu_compute_capability_major                    9 # Major compute capability version number
-gpgpu_compute_capability_minor                    0 # Minor compute capability version number
-gpgpu_flush_l1_cache                    1 # Flush L1 cache at the end of each kernel call
-gpgpu_flush_l2_cache                    0 # Flush L2 cache at the end of each kernel call
-gpgpu_deadlock_detect                    1 # Stop the simulation at deadlock (1=on (default), 0=off)
-gpgpu_ptx_instruction_classification                    0 # if enabled will classify ptx instruction types per kernel (Max 255 kernels now)
-gpgpu_ptx_sim_mode                     0 # Select between Performance (default) or Functional simulation (1)
-gpgpu_clock_domains  1500:1700:1700:2617 # Clock Domain Frequencies in MhZ {<Core Clock>:<ICNT Clock>:<L2 Clock>:<DRAM Clock>}
-gpgpu_max_concurrent_kernel                  128 # maximum kernels that can run concurrently on GPU, set this value according to max resident grids for your compute capability
-gpgpu_cflog_interval                    0 # Interval between each snapshot in control flow logger
-visualizer_enabled                     0 # Turn on visualizer output (1=On, 0=Off)
-visualizer_outputfile                 NULL # Specifies the output log file for visualizer
-visualizer_zlevel                      6 # Compression level of the visualizer output log (0=no comp, 9=highest)
-gpgpu_stack_size_limit                 1024 # GPU thread stack size
-gpgpu_heap_size_limit              8388608 # GPU malloc heap size 
-gpgpu_runtime_sync_depth_limit                    2 # GPU device runtime synchronize depth
-gpgpu_runtime_pending_launch_count_limit                 2048 # GPU device runtime pending launch count
-trace_enabled                          0 # Turn on traces
-trace_components                LIVENESS # comma seperated list of traces to enable. Complete list found in trace_streams.tup. Default none
-trace_sampling_core                   -1 # The core which is printed using CORE_GPPRINTF. Default 0
-trace_sampling_memory_partition                   -1 # The memory partition which is printed using MEMPART_GPPRINTF. Default -1 (i.e. all)
-enable_ptx_file_line_stats                    1 # Turn on PTX source line statistic profiling. (1 = On)
-ptx_line_stats_filename gpgpu_inst_stats.txt # Output file for PTX source line statistics.
-gpgpu_kernel_launch_latency                 5500 # Kernel launch latency in cycles. Default: 0
-gpgpu_cdp_enabled                      0 # Turn on CDP
-gpgpu_TB_launch_latency                    0 # thread block launch latency in cycles. Default: 0
DRAM Timing Options:
nbk                                    16 # number of banks
CCD                                     1 # column to column delay
RRD                                     3 # minimal delay between activation of rows in different banks
RCD                                    12 # row to column delay
RAS                                    28 # time needed to activate row
RP                                     12 # time needed to precharge (deactivate) row
RC                                     40 # row cycle time
CDLR                                    3 # switching from write to read (changes tWTR)
WR                                     10 # last data-in to row precharge
CL                                     12 # CAS latency
WL                    0141e739c4d4eb1042491c72698ee2fe  /data/wzr/flashgpu-sim-blackwell/flashgpu-sim/test/build/bin/hopper/run_fa2_small_h16d128_full_tests
Extracting PTX file and ptxas options    1: fa2_fwd_fp16_test.sm_90.ptx -arch=sm_90  --generate-line-info 
Extracting PTX file and ptxas options    2: fa2_fwd_fp16_test.sm_90a.ptx -arch=sm_90a  --generate-line-info 
                  2 # Write latency
nbkgrp                                  4 # number of bank groups
CCDL                                    2 # column to column delay between accesses to different bank groups
RTPL                                    3 # read to precharge delay between accesses to different bank groups
Total number of memory sub partition = 160
addr_dec_mask[CHIP]  = 0000000000000000 	high:64 low:0
addr_dec_mask[BK]    = 0000000000007080 	high:15 low:7
addr_dec_mask[ROW]   = 000000000fff8000 	high:28 low:15
addr_dec_mask[COL]   = 0000000000000f7f 	high:12 low:0
addr_dec_mask[BURST] = 000000000000001f 	high:5 low:0
sub_partition_id_mask = 0000000000000080
GPGPU-Sim uArch: clock freqs: 1500000000.000000:1700000000.000000:1700000000.000000:2617000000.000000
GPGPU-Sim uArch: clock periods: 0.00000000066666666667:0.00000000058823529412:0.00000000058823529412:0.00000000038211692778
GPGPU-Sim uArch: performance model initialization complete.
GPGPU-Sim PTX: __cudaRegisterFatBinary, fat_cubin_handle = 1, filename=default
self exe links to: /data/wzr/flashgpu-sim-blackwell/flashgpu-sim/test/build/bin/hopper/run_fa2_small_h16d128_full_tests
Running md5sum using "md5sum /data/wzr/flashgpu-sim-blackwell/flashgpu-sim/test/build/bin/hopper/run_fa2_small_h16d128_full_tests "
self exe links to: /data/wzr/flashgpu-sim-blackwell/flashgpu-sim/test/build/bin/hopper/run_fa2_small_h16d128_full_tests
GPGPU-Sim PTX DEBUG: extract cwd=/data/wzr/flashgpu-sim-blackwell/flashgpu-sim/test/run/FA2_SMALL4_TENSOR6_LAT22_20260617_1738/work/001_fa2_small_H16D128FullB32S256 app_binary=/data/wzr/flashgpu-sim-blackwell/flashgpu-sim/test/build/bin/hopper/run_fa2_small_h16d128_full_tests list_file=_cuobjdump_list_ptx_ZiP2pP
GPGPU-Sim PTX DEBUG: extract command=$CUDA_INSTALL_PATH/bin/cuobjdump -lptx /data/wzr/flashgpu-sim-blackwell/flashgpu-sim/test/build/bin/hopper/run_fa2_small_h16d128_full_tests  | cut -d ":" -f 2 | awk '{$1=$1}1' > _cuobjdump_list_ptx_ZiP2pP
Extracting specific PTX file named fa2_fwd_fp16_test.sm_90.ptx 
Extracting specific PTX file named fa2_fwd_fp16_test.sm_90a.ptx 
GPGPU-Sim PTX: __cudaRegisterFunction _ZN5flash16flash_fwd_kernelI23Flash_fwd_kernel_traitsILi128ELi128ELi64ELi4ELb0ELb0EN7cutlass6half_tE19Flash_kernel_traitsILi128ELi128ELi64ELi4ES3_EELb0ELb0ELb0ELb0ELb0ELb1ELb0ELb0EEEvNS_16Flash_fwd_paramsE : hostFun 0x0x5632df211f10, fat_cubin_handle = 1
GPGPU-Sim PTX: Skipping fa2_fwd_fp16_test.sm_90.ptx (suffix version available)
GPGPU-Sim PTX DEBUG: selected-file path cwd=/data/wzr/flashgpu-sim-blackwell/flashgpu-sim/test/run/FA2_SMALL4_TENSOR6_LAT22_20260617_1738/work/001_fa2_small_H16D128FullB32S256 fname=default handle=1
GPGPU-Sim PTX DEBUG: env GPGPUSIM_SELECTED_PTX_OVERRIDE=
GPGPU-Sim PTX DEBUG: env PTX_SIM_USE_PTX_FILE=
GPGPU-Sim PTX DEBUG: env PTX_SIM_KERNELFILE=
GPGPU-Sim PTX DEBUG: selected_files=1 override_enabled=0
GPGPU-Sim PTX DEBUG: selected_files[0]=fa2_fwd_fp16_test.sm_90a.ptx
GPGPU-Sim PTX DEBUG: parse selected=fa2_fwd_fp16_test.sm_90a.ptx parse_filename=fa2_fwd_fp16_test.sm_90a.ptx
GPGPU-Sim PTX: Parsing fa2_fwd_fp16_test.sm_90a.ptx
GPGPU-Sim PTX: allocating stack frame region for .param "_ZN5flash22compute_attn_1rowblockI23Flash_fwd_kernel_traitsILi128ELi128ELi32ELi4ELb0ELb0EN7cutlass6half_tE19Flash_kernel_traitsILi128ELi128ELi32ELi4ES3_EELb1ELb0ELb1ELb1ELb0ELb0ELb0ELb1ENS_16Flash_fwd_paramsEEEvRKT8_iii_param_0" from 0x0 to 0x8
GPGPU-Sim PTX: allocating stack frame region for .param "_ZN5flash22compute_attn_1rowblockI23Flash_fwd_kernel_traitsILi128ELi128ELi32ELi4ELb0ELb0EN7cutlass6half_tE19Flash_kernel_traitsILi128ELi128ELi32ELi4ES3_EELb1ELb0ELb1ELb1ELb0ELb0ELb0ELb1ENS_16Flash_fwd_paramsEEEvRKT8_iii_param_1" from 0x8 to 0xc
GPGPU-Sim PTX: allocating stack frame region for .param "_ZN5flash22compute_attn_1rowblockI23Flash_fwd_kernel_traitsILi128ELi128ELi32ELi4ELb0ELb0EN7cutlass6half_tE19Flash_kernel_traitsILi128ELi128ELi32ELi4ES3_EELb1ELb0ELb1ELb1ELb0ELb0ELb0ELb1ENS_16Flash_fwd_paramsEEEvRKT8_iii_param_2" from 0xc to 0x10
GPGPU-Sim PTX: allocating stack frame region for .param "_ZN5flash22compute_attn_1rowblockI23Flash_fwd_kernel_traitsILi128ELi128ELi32ELi4ELb0ELb0EN7cutlass6half_tE19Flash_kernel_traitsILi128ELi128ELi32ELi4ES3_EELb1ELb0ELb1ELb1ELb0ELb0ELb0ELb1ENS_16Flash_fwd_paramsEEEvRKT8_iii_param_3" from 0x10 to 0x14
GPGPU-Sim PTX: allocating global region for "_ZN51_INTERNAL_881fcf60_20_fa2_fwd_fp16_test_cc_9417f7714cute7productE" from 0x100 to 0x101 (global memory space)
GPGPU-Sim PTX: allocating global region for "_ZN51_INTERNAL_881fcf60_20_fa2_fwd_fp16_test_cc_9417f7714cute1_E" from 0x101 to 0x102 (global memory space)
GPGPU-Sim PTX: allocating global region for "_ZN51_INTERNAL_881fcf60_20_fa2_fwd_fp16_test_cc_9417f7714cuda3std3__45__cpo5beginE" from 0x102 to 0x103 (global memory space)
GPGPU-Sim PTX: allocating global region for "_ZN51_INTERNAL_881fcf60_20_fa2_fwd_fp16_test_cc_9417f7714cuda3std3__45__cpo3endE" from 0x103 to 0x104 (global memory space)
GPGPU-Sim PTX: allocating global region for "_ZN51_INTERNAL_881fcf60_20_fa2_fwd_fp16_test_cc_9417f7714cuda3std3__45__cpo6cbeginE" from 0x104 to 0x105 (global memory space)
GPGPU-Sim PTX: allocating global region for "_ZN51_INTERNAL_881fcf60_20_fa2_fwd_fp16_test_cc_9417f7714cuda3std3__45__cpo4cendE" from 0x105 to 0x106 (global memory space)
GPGPU-Sim PTX: allocating global region for "_ZN51_INTERNAL_881fcf60_20_fa2_fwd_fp16_test_cc_9417f7714cuda3std3__419piecewise_constructE" from 0x106 to 0x107 (global memory space)
GPGPU-Sim PTX: allocating global region for "_ZN51_INTERNAL_881fcf60_20_fa2_fwd_fp16_test_cc_9417f7714cuda3std3__48in_placeE" from 0x107 to 0x108 (global memory space)
GPGPU-Sim PTX: allocating global region for "_ZN51_INTERNAL_881fcf60_20_fa2_fwd_fp16_test_cc_9417f7714cuda3std6ranges3__45__cpo4swapE" from 0x108 to 0x109 (global memory space)
GPGPU-Sim PTX: allocating global region for "_ZN51_INTERNAL_881fcf60_20_fa2_fwd_fp16_test_cc_9417f7714cuda3std6ranges3__45__cpo9iter_moveE" from 0x109 to 0x10a (global memory space)
GPGPU-Sim PTX: allocating shared region for "_ZN5flash5smem_E" from 0x0 to 0x0 (shared memory space)
GPGPU-Sim PTX: instruction assembly for function '_ZN5flash16flash_fwd_kernelI23Flash_fwd_kernel_traitsILi128ELi128ELi32ELi4ELb0ELb0EN7cutlass6half_tE19Flash_kernel_traitsILi128ELi128ELi32ELi4ES3_EELb0ELb0ELb1ELb1ELb0ELb0ELb1ELb0EEEvNS_16Flash_fwd_paramsE'... GPGPU-Sim PTX: >>> This is a shared memory symbol: _ZN5flash5smem_E size in bytes 0
GPGPU-Sim PTX: >>>>>> Adding localized dynamic shared memory symbol for _ZN5flash5smem_E
GPGPU-Sim PTX: >>>>>> Updating operand to use localized dyn shared mem symbol.
GPGPU-Sim PTX: >>> This is a shared memory symbol: _ZN5flash5smem_E size in bytes 0
GPGPU-Sim PTX: >>>>>> Updating operand to use localized dyn shared mem symbol.
GPGPU-Sim PTX: >>> This is a shared memory symbol: _ZN5flash5smem_E size in bytes 0
GPGPU-Sim PTX: >>>>>> Updating operand to use localized dyn shared mem symbol.
GPGPU-Sim PTX: >>> This is a shared memory symbol: _ZN5flash5smem_E size in bytes 0
GPGPU-Sim PTX: >>>>>> Updating operand to use localized dyn shared mem symbol.
GPGPU-Sim PTX: >>> This is a shared memory symbol: _ZN5flash5smem_E size in bytes 0
GPGPU-Sim PTX: >>>>>> Updating operand to use localized dyn shared mem symbol.
GPGPU-Sim PTX: >>> This is a shared memory symbol: _ZN5flash5smem_E size in bytes 0
GPGPU-Sim PTX: >>>>>> Updating operand to use localized dyn shared mem symbol.
GPGPU-Sim PTX: >>> This is a shared memory symbol: _ZN5flash5smem_E size in bytes 0
GPGPU-Sim PTX: >>>>>> Updating operand to use localized dyn shared mem symbol.
GPGPU-Sim PTX: >>> This is a shared memory symbol: _ZN5flash5smem_E size in bytes 0
GPGPU-Sim PTX: >>>>>> Updating operand to use localized dyn shared mem symbol.
GPGPU-Sim PTX: >>> This is a shared memory symbol: _ZN5flash5smem_E size in bytes 0
GPGPU-Sim PTX: >>>>>> Updating operand to use localized dyn shared mem symbol.
GPGPU-Sim PTX: reorder switch function '_ZN5flash16flash_fwd_kernelI23Flash_fwd_kernel_traitsILi128ELi128ELi32ELi4ELb0ELb0EN7cutlass6half_tE19Flash_kernel_traitsILi128ELi128ELi32ELi4ES3_EELb0ELb0ELb1ELb1ELb0ELb0ELb1ELb0EEEvNS_16Flash_fwd_paramsE': segments=265 skipped=0 insts=6494 moved_slots=5307 max_segment=666 edges=6606 slack=0 sass_guided=0 sass_guided_fallback=0 sass_cursor=0/0
  done.
GPGPU-Sim PTX: allocating stack frame region for .param "param0" from 0x0 to 0x8
GPGPU-Sim PTX: allocating stack frame region for .param "param1" from 0x8 to 0xc
GPGPU-Sim PTX: allocating stack frame region for .param "param2" from 0xc to 0x10
GPGPU-Sim PTX: allocating stack frame region for .param "param3" from 0x10 to 0x14
GPGPU-Sim PTX: instruction assembly for function '_ZN5flash16flash_fwd_kernelI23Flash_fwd_kernel_traitsILi128ELi128ELi32ELi4ELb0ELb0EN7cutlass6half_tE19Flash_kernel_traitsILi128ELi128ELi32ELi4ES3_EELb1ELb0ELb1ELb1ELb0ELb0ELb0ELb1EEEvNS_16Flash_fwd_paramsE'... GPGPU-Sim PTX: reorder switch function '_ZN5flash16flash_fwd_kernelI23Flash_fwd_kernel_traitsILi128ELi128ELi32ELi4ELb0ELb0EN7cutlass6half_tE19Flash_kernel_traitsILi128ELi128ELi32ELi4ES3_EELb1ELb0ELb1ELb1ELb0ELb0ELb0ELb1EEEvNS_16Flash_fwd_paramsE': segments=1 skipped=0 insts=5 moved_slots=0 max_segment=5 edges=1 slack=0 sass_guided=0 sass_guided_fallback=0 sass_cursor=0/0
  done.
GPGPU-Sim PTX: instruction assembly for function '_ZN5flash16flash_fwd_kernelI23Flash_fwd_kernel_traitsILi128ELi128ELi32ELi4ELb0ELb0EN7cutlass6half_tE19Flash_kernel_traitsILi128ELi128ELi32ELi4ES3_EELb0ELb0ELb1ELb0ELb0ELb0ELb1ELb0EEEvNS_16Flash_fwd_paramsE'... GPGPU-Sim PTX: >>> This is a shared memory symbol: _ZN5flash5smem_E size in bytes 0
GPGPU-Sim PTX: >>>>>> Adding localized dynamic shared memory symbol for _ZN5flash5smem_E
GPGPU-Sim PTX: >>>>>> Updating operand to use localized dyn shared mem symbol.
GPGPU-Sim PTX: >>> This is a shared memory symbol: _ZN5flash5smem_E size in bytes 0
GPGPU-Sim PTX: >>>>>> Updating operand to use localized dyn shared mem symbol.
GPGPU-Sim PTX: >>> This is a shared memory symbol: _ZN5flash5smem_E size in bytes 0
GPGPU-Sim PTX: >>>>>> Updating operand to use localized dyn shared mem symbol.
GPGPU-Sim PTX: >>> This is a shared memory symbol: _ZN5flash5smem_E size in bytes 0
GPGPU-Sim PTX: >>>>>> Updating operand to use localized dyn shared mem symbol.
GPGPU-Sim PTX: >>> This is a shared memory symbol: _ZN5flash5smem_E size in bytes 0
GPGPU-Sim PTX: >>>>>> Updating operand to use localized dyn shared mem symbol.
GPGPU-Sim PTX: >>> This is a shared memory symbol: _ZN5flash5smem_E size in bytes 0
GPGPU-Sim PTX: >>>>>> Updating operand to use localized dyn shared mem symbol.
GPGPU-Sim PTX: >>> This is a shared memory symbol: _ZN5flash5smem_E size in bytes 0
GPGPU-Sim PTX: >>>>>> Updating operand to use localized dyn shared mem symbol.
GPGPU-Sim PTX: >>> This is a shared memory symbol: _ZN5flash5smem_E size in bytes 0
GPGPU-Sim PTX: >>>>>> Updating operand to use localized dyn shared mem symbol.
GPGPU-Sim PTX: >>> This is a shared memory symbol: _ZN5flash5smem_E size in bytes 0
GPGPU-Sim PTX: >>>>>> Updating operand to use localized dyn shared mem symbol.
GPGPU-Sim PTX: reorder switch function '_ZN5flash16flash_fwd_kernelI23Flash_fwd_kernel_traitsILi128ELi128ELi32ELi4ELb0ELb0EN7cutlass6half_tE19Flash_kernel_traitsILi128ELi128ELi32ELi4ES3_EELb0ELb0ELb1ELb0ELb0ELb0ELb1ELb0EEEvNS_16Flash_fwd_paramsE': segments=264 skipped=0 insts=5517 moved_slots=4347 max_segment=509 edges=5313 slack=0 sass_guided=0 sass_guided_fallback=0 sass_cursor=0/0
  done.
GPGPU-Sim PTX: instruction assembly for function '_ZN5flash16flash_fwd_kernelI23Flash_fwd_kernel_traitsILi128ELi128ELi32ELi4ELb0ELb0EN7cutlass6half_tE19Flash_kernel_traitsILi128ELi128ELi32ELi4ES3_EELb1ELb0ELb1ELb0ELb0ELb0ELb0ELb1EEEvNS_16Flash_fwd_paramsE'... GPGPU-Sim PTX: >>> This is a shared memory symbol: _ZN5flash5smem_E size in bytes 0
GPGPU-Sim PTX: >>>>>> Adding localized dynamic shared memory symbol for _ZN5flash5smem_E
GPGPU-Sim PTX: >>>>>> Updating operand to use localized dyn shared mem symbol.
GPGPU-Sim PTX: >>> This is a shared memory symbol: _ZN5flash5smem_E size in bytes 0
GPGPU-Sim PTX: >>>>>> Updating operand to use localized dyn shared mem symbol.
GPGPU-Sim PTX: >>> This is a shared memory symbol: _ZN5flash5smem_E size in bytes 0
GPGPU-Sim PTX: >>>>>> Updating operand to use localized dyn shared mem symbol.
GPGPU-Sim PTX: >>> This is a shared memory symbol: _ZN5flash5smem_E size in bytes 0
GPGPU-Sim PTX: >>>>>> Updating operand to use localized dyn shared mem symbol.
GPGPU-Sim PTX: >>> This is a shared memory symbol: _ZN5flash5smem_E size in bytes 0
GPGPU-Sim PTX: >>>>>> Updating operand to use localized dyn shared mem symbol.
GPGPU-Sim PTX: >>> This is a shared memory symbol: _ZN5flash5smem_E size in bytes 0
GPGPU-Sim PTX: >>>>>> Updating operand to use localized dyn shared mem symbol.
GPGPU-Sim PTX: >>> This is a shared memory symbol: _ZN5flash5smem_E size in bytes 0
GPGPU-Sim PTX: >>>>>> Updating operand to use localized dyn shared mem symbol.
GPGPU-Sim PTX: >>> This is a shared memory symbol: _ZN5flash5smem_E size in bytes 0
GPGPU-Sim PTX: >>>>>> Updating operand to use localized dyn shared mem symbol.
GPGPU-Sim PTX: >>> This is a shared memory symbol: _ZN5flash5smem_E size in bytes 0
GPGPU-Sim PTX: >>>>>> Updating operand to use localized dyn shared mem symbol.
GPGPU-Sim PTX: reorder switch function '_ZN5flash16flash_fwd_kernelI23Flash_fwd_kernel_traitsILi128ELi128ELi32ELi4ELb0ELb0EN7cutlass6half_tE19Flash_kernel_traitsILi128ELi128ELi32ELi4ES3_EELb1ELb0ELb1ELb0ELb0ELb0ELb0ELb1EEEvNS_16Flash_fwd_paramsE': segments=485 skipped=0 insts=8242 moved_slots=6398 max_segment=568 edges=8299 slack=0 sass_guided=0 sass_guided_fallback=0 sass_cursor=0/0
  done.
GPGPU-Sim PTX: instruction assembly for function '_ZN5flash16flash_fwd_kernelI23Flash_fwd_kernel_traitsILi128ELi128ELi32ELi4ELb0ELb0EN7cutlass6half_tE19Flash_kernel_traitsILi128ELi128ELi32ELi4ES3_EELb1ELb0ELb1ELb1ELb0ELb0ELb0ELb0EEEvNS_16Flash_fwd_paramsE'... GPGPU-Sim PTX: >>> This is a shared memory symbol: _ZN5flash5smem_E size in bytes 0
GPGPU-Sim PTX: >>>>>> Adding localized dynamic shared memory symbol for _ZN5flash5smem_E
GPGPU-Sim PTX: >>>>>> Updating operand to use localized dyn shared mem symbol.
GPGPU-Sim PTX: >>> This is a shared memory symbol: _ZN5flash5smem_E size in bytes 0
GPGPU-Sim PTX: >>>>>> Updating operand to use localized dyn shared mem symbol.
GPGPU-Sim PTX: >>> This is a shared memory symbol: _ZN5flash5smem_E size in bytes 0
GPGPU-Sim PTX: >>>>>> Updating operand to use localized dyn shared mem symbol.
GPGPU-Sim PTX: >>> This is a shared memory symbol: _ZN5flash5smem_E size in bytes 0
GPGPU-Sim PTX: >>>>>> Updating operand to use localized dyn shared mem symbol.
GPGPU-Sim PTX: >>> This is a shared memory symbol: _ZN5flash5smem_E size in bytes 0
GPGPU-Sim PTX: >>>>>> Updating operand to use localized dyn shared mem symbol.
GPGPU-Sim PTX: >>> This is a shared memory symbol: _ZN5flash5smem_E size in bytes 0
GPGPU-Sim PTX: >>>>>> Updating operand to use localized dyn shared mem symbol.
GPGPU-Sim PTX: >>> This is a shared memory symbol: _ZN5flash5smem_E size in bytes 0
GPGPU-Sim PTX: >>>>>> Updating operand to use localized dyn shared mem symbol.
GPGPU-Sim PTX: >>> This is a shared memory symbol: _ZN5flash5smem_E size in bytes 0
GPGPU-Sim PTX: >>>>>> Updating operand to use localized dyn shared mem symbol.
GPGPU-Sim PTX: >>> This is a shared memory symbol: _ZN5flash5smem_E size in bytes 0
GPGPU-Sim PTX: >>>>>> Updating operand to use localized dyn shared mem symbol.
GPGPU-Sim PTX: reorder switch function '_ZN5flash16flash_fwd_kernelI23Flash_fwd_kernel_traitsILi128ELi128ELi32ELi4ELb0ELb0EN7cutlass6half_tE19Flash_kernel_traitsILi128ELi128ELi32ELi4ES3_EELb1ELb0ELb1ELb1ELb0ELb0ELb0ELb0EEEvNS_16Flash_fwd_paramsE': segments=270 skipped=0 insts=7505 moved_slots=6305 max_segment=889 edges=8258 slack=0 sass_guided=0 sass_guided_fallback=0 sass_cursor=0/0
  done.
GPGPU-Sim PTX: instruction assembly for function '_ZN5flash16flash_fwd_kernelI23Flash_fwd_kernel_traitsILi128ELi128ELi32ELi4ELb0ELb0EN7cutlass6half_tE19Flash_kernel_traitsILi128ELi128ELi32ELi4ES3_EELb0ELb0ELb1ELb0ELb0ELb1ELb1ELb0EEEvNS_16Flash_fwd_paramsE'... GPGPU-Sim PTX: >>> This is a shared memory symbol: _ZN5flash5smem_E size in bytes 0
GPGPU-Sim PTX: >>>>>> Adding localized dynamic shared memory symbol for _ZN5flash5smem_E
GPGPU-Sim PTX: >>>>>> Updating operand to use localized dyn shared mem symbol.
GPGPU-Sim PTX: >>> This is a shared memory symbol: _ZN5flash5smem_E size in bytes 0
GPGPU-Sim PTX: >>>>>> Updating operand to use localized dyn shared mem symbol.
GPGPU-Sim PTX: >>> This is a shared memory symbol: _ZN5flash5smem_E size in bytes 0
GPGPU-Sim PTX: >>>>>> Updating operand to use localized dyn shared mem symbol.
GPGPU-Sim PTX: >>> This is a shared memory symbol: _ZN5flash5smem_E size in bytes 0
GPGPU-Sim PTX: >>>>>> Updating operand to use localized dyn shared mem symbol.
GPGPU-Sim PTX: >>> This is a shared memory symbol: _ZN5flash5smem_E size in bytes 0
GPGPU-Sim PTX: >>>>>> Updating operand to use localized dyn shared mem symbol.
GPGPU-Sim PTX: >>> This is a shared memory symbol: _ZN5flash5smem_E size in bytes 0
GPGPU-Sim PTX: >>>>>> Updating operand to use localized dyn shared mem symbol.
GPGPU-Sim PTX: >>> This is a shared memory symbol: _ZN5flash5smem_E size in bytes 0
GPGPU-Sim PTX: >>>>>> Updating operand to use localized dyn shared mem symbol.
GPGPU-Sim PTX: >>> This is a shared memory symbol: _ZN5flash5smem_E size in bytes 0
GPGPU-Sim PTX: >>>>>> Updating operand to use localized dyn shared mem symbol.
GPGPU-Sim PTX: >>> This is a shared memory symbol: _ZN5flash5smem_E size in bytes 0
GPGPU-Sim PTX: >>>>>> Updating operand to use localized dyn shared mem symbol.
GPGPU-Sim PTX: >>> This is a shared memory symbol: _ZN5flash5smem_E size in bytes 0
GPGPU-Sim PTX: >>>>>> Updating operand to use localized dyn shared mem symbol.
GPGPU-Sim PTX: >>> This is a shared memory symbol: _ZN5flash5smem_E size in bytes 0
GPGPU-Sim PTX: >>>>>> Updating operand to use localized dyn shared mem symbol.
GPGPU-Sim PTX: >>> This is a shared memory symbol: _ZN5flash5smem_E size in bytes 0
GPGPU-Sim PTX: >>>>>> Updating operand to use localized dyn shared mem symbol.
GPGPU-Sim PTX: reorder switch function '_ZN5flash16flash_fwd_kernelI23Flash_fwd_kernel_traitsILi128ELi128ELi32ELi4ELb0ELb0EN7cutlass6half_tE19Flash_kernel_traitsILi128ELi128ELi32ELi4ES3_EELb0ELb0ELb1ELb0ELb0ELb1ELb1ELb0EEEvNS_16Flash_fwd_paramsE': segments=222 skipped=0 insts=5264 moved_slots=4286 max_segment=508 edges=5241 slack=0 sass_guided=0 sass_guided_fallback=0 sass_cursor=0/0
  done.
GPGPU-Sim PTX: instruction assembly for function '_ZN5flash16flash_fwd_kernelI23Flash_fwd_kernel_traitsILi128ELi128ELi32ELi4ELb0ELb0EN7cutlass6half_tE19Flash_kernel_traitsILi128ELi128ELi32ELi4ES3_EELb1ELb0ELb1ELb0ELb0ELb1ELb0ELb0EEEvNS_16Flash_fwd_paramsE'... GPGPU-Sim PTX: >>> This is a shared memory symbol: _ZN5flash5smem_E size in bytes 0
GPGPU-Sim PTX: >>>>>> Adding localized dynamic shared memory symbol for _ZN5flash5smem_E
GPGPU-Sim PTX: >>>>>> Updating operand to use localized dyn shared mem symbol.
GPGPU-Sim PTX: >>> This is a shared memory symbol: _ZN5flash5smem_E size in bytes 0
GPGPU-Sim PTX: >>>>>> Updating operand to use localized dyn shared mem symbol.
GPGPU-Sim PTX: >>> This is a shared memory symbol: _ZN5flash5smem_E size in bytes 0
GPGPU-Sim PTX: >>>>>> Updating operand to use localized dyn shared mem symbol.
GPGPU-Sim PTX: >>> This is a shared memory symbol: _ZN5flash5smem_E size in bytes 0
GPGPU-Sim PTX: >>>>>> Updating operand to use localized dyn shared mem symbol.
GPGPU-Sim PTX: >>> This is a shared memory symbol: _ZN5flash5smem_E size in bytes 0
GPGPU-Sim PTX: >>>>>> Updating operand to use localized dyn shared mem symbol.
GPGPU-Sim PTX: >>> This is a shared memory symbol: _ZN5flash5smem_E size in bytes 0
GPGPU-Sim PTX: >>>>>> Updating operand to use localized dyn shared mem symbol.
GPGPU-Sim PTX: >>> This is a shared memory symbol: _ZN5flash5smem_E size in bytes 0
GPGPU-Sim PTX: >>>>>> Updating operand to use localized dyn shared mem symbol.
GPGPU-Sim PTX: >>> This is a shared memory symbol: _ZN5flash5smem_E size in bytes 0
GPGPU-Sim PTX: >>>>>> Updating operand to use localized dyn shared mem symbol.
GPGPU-Sim PTX: >>> This is a shared memory symbol: _ZN5flash5smem_E size in bytes 0
GPGPU-Sim PTX: >>>>>> Updating operand to use localized dyn shared mem symbol.
GPGPU-Sim PTX: >>> This is a shared memory symbol: _ZN5flash5smem_E size in bytes 0
GPGPU-Sim PTX: >>>>>> Updating operand to use localized dyn shared mem symbol.
GPGPU-Sim PTX: >>> This is a shared memory symbol: _ZN5flash5smem_E size in bytes 0
GPGPU-Sim PTX: >>>>>> Updating operand to use localized dyn shared mem symbol.
GPGPU-Sim PTX: >>> This is a shared memory symbol: _ZN5flash5smem_E size in bytes 0
GPGPU-Sim PTX: >>>>>> Updating operand to use localized dyn shared mem symbol.
GPGPU-Sim PTX: reorder switch function '_ZN5flash16flash_fwd_kernelI23Flash_fwd_kernel_traitsILi128ELi128ELi32ELi4ELb0ELb0EN7cutlass6half_tE19Flash_kernel_traitsILi128ELi128ELi32ELi4ES3_EELb1ELb0ELb1ELb0ELb0ELb1ELb0ELb0EEEvNS_16Flash_fwd_paramsE': segments=229 skipped=0 insts=6286 moved_slots=5310 max_segment=734 edges=6949 slack=0 sass_guided=0 sass_guided_fallback=0 sass_cursor=0/0
  done.
GPGPU-Sim PTX: instruction assembly for function '_ZN5flash16flash_fwd_kernelI23Flash_fwd_kernel_traitsILi128ELi128ELi32ELi4ELb0ELb0EN7cutlass6half_tE19Flash_kernel_traitsILi128ELi128ELi32ELi4ES3_EELb0ELb0ELb0ELb1ELb0ELb0ELb1ELb0EEEvNS_16Flash_fwd_paramsE'... GPGPU-Sim PTX: >>> This is a shared memory symbol: _ZN5flash5smem_E size in bytes 0
GPGPU-Sim PTX: >>>>>> Adding localized dynamic shared memory symbol for _ZN5flash5smem_E
GPGPU-Sim PTX: >>>>>> Updating operand to use localized dyn shared mem symbol.
GPGPU-Sim PTX: >>> This is a shared memory symbol: _ZN5flash5smem_E size in bytes 0
GPGPU-Sim PTX: >>>>>> Updating operand to use localized dyn shared mem symbol.
GPGPU-Sim PTX: reorder switch function '_ZN5flash16flash_fwd_kernelI23Flash_fwd_kernel_traitsILi128ELi128ELi32ELi4ELb0ELb0EN7cutlass6half_tE19Flash_kernel_traitsILi128ELi128ELi32ELi4ES3_EELb0ELb0ELb0ELb1ELb0ELb0ELb1ELb0EEEvNS_16Flash_fwd_paramsE': segments=180 skipped=0 insts=2532 moved_slots=1856 max_segment=536 edges=2062 slack=0 sass_guided=0 sass_guided_fallback=0 sass_cursor=0/0
  done.
GPGPU-Sim PTX: instruction assembly for function '_ZN5flash16flash_fwd_kernelI23Flash_fwd_kernel_traitsILi128ELi128ELi32ELi4ELb0ELb0EN7cutlass6half_tE19Flash_kernel_traitsILi128ELi128ELi32ELi4ES3_EELb1ELb0ELb0ELb1ELb0ELb0ELb0ELb1EEEvNS_16Flash_fwd_paramsE'... GPGPU-Sim PTX: >>> This is a shared memory symbol: _ZN5flash5smem_E size in bytes 0
GPGPU-Sim PTX: >>>>>> Adding localized dynamic shared memory symbol for _ZN5flash5smem_E
GPGPU-Sim PTX: >>>>>> Updating operand to use localized dyn shared mem symbol.
GPGPU-Sim PTX: >>> This is a shared memory symbol: _ZN5flash5smem_E size in bytes 0
GPGPU-Sim PTX: >>>>>> Updating operand to use localized dyn shared mem symbol.
GPGPU-Sim PTX: reorder switch function '_ZN5flash16flash_fwd_kernelI23Flash_fwd_kernel_traitsILi128ELi128ELi32ELi4ELb0ELb0EN7cutlass6half_tE19Flash_kernel_traitsILi128ELi128ELi32ELi4ES3_EELb1ELb0ELb0ELb1ELb0ELb0ELb0ELb1EEEvNS_16Flash_fwd_paramsE': segments=257 skipped=0 insts=3445 moved_slots=2531 max_segment=594 edges=3260 slack=0 sass_guided=0 sass_guided_fallback=0 sass_cursor=0/0
  done.
GPGPU-Sim PTX: instruction assembly for function '_ZN5flash16flash_fwd_kernelI23Flash_fwd_kernel_traitsILi128ELi128ELi32ELi4ELb0ELb0EN7cutlass6half_tE19Flash_kernel_traitsILi128ELi128ELi32ELi4ES3_EELb0ELb0ELb0ELb0ELb0ELb0ELb1ELb0EEEvNS_16Flash_fwd_paramsE'... GPGPU-Sim PTX: >>> This is a shared memory symbol: _ZN5flash5smem_E size in bytes 0
GPGPU-Sim PTX: >>>>>> Adding localized dynamic shared memory symbol for _ZN5flash5smem_E
GPGPU-Sim PTX: >>>>>> Updating operand to use localized dyn shared mem symbol.
GPGPU-Sim PTX: >>> This is a shared memory symbol: _ZN5flash5smem_E size in bytes 0
GPGPU-Sim PTX: >>>>>> Updating operand to use localized dyn shared mem symbol.
GPGPU-Sim PTX: reorder switch function '_ZN5flash16flash_fwd_kernelI23Flash_fwd_kernel_traitsILi128ELi128ELi32ELi4ELb0ELb0EN7cutlass6half_tE19Flash_kernel_traitsILi128ELi128ELi32ELi4ES3_EELb0ELb0ELb0ELb0ELb0ELb0ELb1ELb0EEEvNS_16Flash_fwd_paramsE': segments=179 skipped=0 insts=2171 moved_slots=1507 max_segment=368 edges=1550 slack=0 sass_guided=0 sass_guided_fallback=0 sass_cursor=0/0
  done.
GPGPU-Sim PTX: instruction assembly for function '_ZN5flash16flash_fwd_kernelI23Flash_fwd_kernel_traitsILi128ELi128ELi32ELi4ELb0ELb0EN7cutlass6half_tE19Flash_kernel_traitsILi128ELi128ELi32ELi4ES3_EELb1ELb0ELb0ELb0ELb0ELb0ELb0ELb1EEEvNS_16Flash_fwd_paramsE'... GPGPU-Sim PTX: >>> This is a shared memory symbol: _ZN5flash5smem_E size in bytes 0
GPGPU-Sim PTX: >>>>>> Adding localized dynamic shared memory symbol for _ZN5flash5smem_E
GPGPU-Sim PTX: >>>>>> Updating operand to use localized dyn shared mem symbol.
GPGPU-Sim PTX: >>> This is a shared memory symbol: _ZN5flash5smem_E size in bytes 0
GPGPU-Sim PTX: >>>>>> Updating operand to use localized dyn shared mem symbol.
GPGPU-Sim PTX: reorder switch function '_ZN5flash16flash_fwd_kernelI23Flash_fwd_kernel_traitsILi128ELi128ELi32ELi4ELb0ELb0EN7cutlass6half_tE19Flash_kernel_traitsILi128ELi128ELi32ELi4ES3_EELb1ELb0ELb0ELb0ELb0ELb0ELb0ELb1EEEvNS_16Flash_fwd_paramsE': segments=256 skipped=0 insts=3096 moved_slots=2187 max_segment=426 edges=2729 slack=0 sass_guided=0 sass_guided_fallback=0 sass_cursor=0/0
  done.
GPGPU-Sim PTX: instruction assembly for function '_ZN5flash16flash_fwd_kernelI23Flash_fwd_kernel_traitsILi128ELi128ELi32ELi4ELb0ELb0EN7cutlass6half_tE19Flash_kernel_traitsILi128ELi128ELi32ELi4ES3_EELb1ELb0ELb0ELb1ELb0ELb0ELb0ELb0EEEvNS_16Flash_fwd_paramsE'... GPGPU-Sim PTX: >>> This is a shared memory symbol: _ZN5flash5smem_E size in bytes 0
GPGPU-Sim PTX: >>>>>> Adding localized dynamic shared memory symbol for _ZN5flash5smem_E
GPGPU-Sim PTX: >>>>>> Updating operand to use localized dyn shared mem symbol.
GPGPU-Sim PTX: >>> This is a shared memory symbol: _ZN5flash5smem_E size in bytes 0
GPGPU-Sim PTX: >>>>>> Updating operand to use localized dyn shared mem symbol.
GPGPU-Sim PTX: reorder switch function '_ZN5flash16flash_fwd_kernelI23Flash_fwd_kernel_traitsILi128ELi128ELi32ELi4ELb0ELb0EN7cutlass6half_tE19Flash_kernel_traitsILi128ELi128ELi32ELi4ES3_EELb1ELb0ELb0ELb1ELb0ELb0ELb0ELb0EEEvNS_16Flash_fwd_paramsE': segments=182 skipped=0 insts=2894 moved_slots=2226 max_segment=760 edges=2784 slack=0 sass_guided=0 sass_guided_fallback=0 sass_cursor=0/0
  done.
GPGPU-Sim PTX: instruction assembly for function '_ZN5flash16flash_fwd_kernelI23Flash_fwd_kernel_traitsILi128ELi128ELi32ELi4ELb0ELb0EN7cutlass6half_tE19Flash_kernel_traitsILi128ELi128ELi32ELi4ES3_EELb0ELb0ELb0ELb0ELb1ELb1ELb1ELb0EEEvNS_16Flash_fwd_paramsE'... GPGPU-Sim PTX: >>> This is a shared memory symbol: _ZN5flash5smem_E size in bytes 0
GPGPU-Sim PTX: >>>>>> Adding localized dynamic shared memory symbol for _ZN5flash5smem_E
GPGPU-Sim PTX: >>>>>> Updating operand to use localized dyn shared mem symbol.
GPGPU-Sim PTX: >>> This is a shared memory symbol: _ZN5flash5smem_E size in bytes 0
GPGPU-Sim PTX: >>>>>> Updating operand to use localized dyn shared mem symbol.
GPGPU-Sim PTX: reorder switch function '_ZN5flash16flash_fwd_kernelI23Flash_fwd_kernel_traitsILi128ELi128ELi32ELi4ELb0ELb0EN7cutlass6half_tE19Flash_kernel_traitsILi128ELi128ELi32ELi4ES3_EELb0ELb0ELb0ELb0ELb1ELb1ELb1ELb0EEEvNS_16Flash_fwd_paramsE': segments=97 skipped=0 insts=1678 moved_slots=1278 max_segment=368 edges=1271 slack=0 sass_guided=0 sass_guided_fallback=0 sass_cursor=0/0
  done.
GPGPU-Sim PTX: instruction assembly for function '_ZN5flash16flash_fwd_kernelI23Flash_fwd_kernel_traitsILi128ELi128ELi32ELi4ELb0ELb0EN7cutlass6half_tE19Flash_kernel_traitsILi128ELi128ELi32ELi4ES3_EELb1ELb0ELb0ELb0ELb1ELb1ELb0ELb0EEEvNS_16Flash_fwd_paramsE'... GPGPU-Sim PTX: >>> This is a shared memory symbol: _ZN5flash5smem_E size in bytes 0
GPGPU-Sim PTX: >>>>>> Adding localized dynamic shared memory symbol for _ZN5flash5smem_E
GPGPU-Sim PTX: >>>>>> Updating operand to use localized dyn shared mem symbol.
GPGPU-Sim PTX: >>> This is a shared memory symbol: _ZN5flash5smem_E size in bytes 0
GPGPU-Sim PTX: >>>>>> Updating operand to use localized dyn shared mem symbol.
GPGPU-Sim PTX: reorder switch function '_ZN5flash16flash_fwd_kernelI23Flash_fwd_kernel_traitsILi128ELi128ELi32ELi4ELb0ELb0EN7cutlass6half_tE19Flash_kernel_traitsILi128ELi128ELi32ELi4ES3_EELb1ELb0ELb0ELb0ELb1ELb1ELb0ELb0EEEvNS_16Flash_fwd_paramsE': segments=97 skipped=0 insts=2040 moved_slots=1650 max_segment=592 edges=1999 slack=0 sass_guided=0 sass_guided_fallback=0 sass_cursor=0/0
  done.
GPGPU-Sim PTX: instruction assembly for function '_ZN5flash16flash_fwd_kernelI23Flash_fwd_kernel_traitsILi128ELi128ELi32ELi4ELb0ELb0EN7cutlass6half_tE19Flash_kernel_traitsILi128ELi128ELi32ELi4ES3_EELb1ELb0ELb1ELb0ELb0ELb0ELb0ELb0EEEvNS_16Flash_fwd_paramsE'... GPGPU-Sim PTX: >>> This is a shared memory symbol: _ZN5flash5smem_E size in bytes 0
GPGPU-Sim PTX: >>>>>> Adding localized dynamic shared memory symbol for _ZN5flash5smem_E
GPGPU-Sim PTX: >>>>>> Updating operand to use localized dyn shared mem symbol.
GPGPU-Sim PTX: >>> This is a shared memory symbol: _ZN5flash5smem_E size in bytes 0
GPGPU-Sim PTX: >>>>>> Updating operand to use localized dyn shared mem symbol.
GPGPU-Sim PTX: >>> This is a shared memory symbol: _ZN5flash5smem_E size in bytes 0
GPGPU-Sim PTX: >>>>>> Updating operand to use localized dyn shared mem symbol.
GPGPU-Sim PTX: >>> This is a shared memory symbol: _ZN5flash5smem_E size in bytes 0
GPGPU-Sim PTX: >>>>>> Updating operand to use localized dyn shared mem symbol.
GPGPU-Sim PTX: >>> This is a shared memory symbol: _ZN5flash5smem_E size in bytes 0
GPGPU-Sim PTX: >>>>>> Updating operand to use localized dyn shared mem symbol.
GPGPU-Sim PTX: >>> This is a shared memory symbol: _ZN5flash5smem_E size in bytes 0
GPGPU-Sim PTX: >>>>>> Updating operand to use localized dyn shared mem symbol.
GPGPU-Sim PTX: >>> This is a shared memory symbol: _ZN5flash5smem_E size in bytes 0
GPGPU-Sim PTX: >>>>>> Updating operand to use localized dyn shared mem symbol.
GPGPU-Sim PTX: >>> This is a shared memory symbol: _ZN5flash5smem_E size in bytes 0
GPGPU-Sim PTX: >>>>>> Updating operand to use localized dyn shared mem symbol.
GPGPU-Sim PTX: >>> This is a shared memory symbol: _ZN5flash5smem_E size in bytes 0
GPGPU-Sim PTX: >>>>>> Updating operand to use localized dyn shared mem symbol.
GPGPU-Sim PTX: reorder switch function '_ZN5flash16flash_fwd_kernelI23Flash_fwd_kernel_traitsILi128ELi128ELi32ELi4ELb0ELb0EN7cutlass6half_tE19Flash_kernel_traitsILi128ELi128ELi32ELi4ES3_EELb1ELb0ELb1ELb0ELb0ELb0ELb0ELb0EEEvNS_16Flash_fwd_paramsE': segments=271 skipped=0 insts=6541 moved_slots=5357 max_segment=735 edges=7024 slack=0 sass_guided=0 sass_guided_fallback=0 sass_cursor=0/0
  done.
GPGPU-Sim PTX: instruction assembly for function '_ZN5flash16flash_fwd_kernelI23Flash_fwd_kernel_traitsILi128ELi128ELi32ELi4ELb0ELb0EN7cutlass6half_tE19Flash_kernel_traitsILi128ELi128ELi32ELi4ES3_EELb1ELb0ELb0ELb0ELb0ELb0ELb0ELb0EEEvNS_16Flash_fwd_paramsE'... GPGPU-Sim PTX: >>> This is a shared memory symbol: _ZN5flash5smem_E size in bytes 0
GPGPU-Sim PTX: >>>>>> Adding localized dynamic shared memory symbol for _ZN5flash5smem_E
GPGPU-Sim PTX: >>>>>> Updating operand to use localized dyn shared mem symbol.
GPGPU-Sim PTX: >>> This is a shared memory symbol: _ZN5flash5smem_E size in bytes 0
GPGPU-Sim PTX: >>>>>> Updating operand to use localized dyn shared mem symbol.
GPGPU-Sim PTX: reorder switch function '_ZN5flash16flash_fwd_kernelI23Flash_fwd_kernel_traitsILi128ELi128ELi32ELi4ELb0ELb0EN7cutlass6half_tE19Flash_kernel_traitsILi128ELi128ELi32ELi4ES3_EELb1ELb0ELb0ELb0ELb0ELb0ELb0ELb0EEEvNS_16Flash_fwd_paramsE': segments=180 skipped=0 insts=2539 moved_slots=1883 max_segment=592 edges=2281 slack=0 sass_guided=0 sass_guided_fallback=0 sass_cursor=0/0
  done.
GPGPU-Sim PTX: instruction assembly for function '_ZN5flash16flash_fwd_kernelI23Flash_fwd_kernel_traitsILi128ELi128ELi32ELi4ELb0ELb0EN7cutlass6half_tE19Flash_kernel_traitsILi128ELi128ELi32ELi4ES3_EELb0ELb0ELb0ELb0ELb0ELb1ELb1ELb0EEEvNS_16Flash_fwd_paramsE'... GPGPU-Sim PTX: >>> This is a shared memory symbol: _ZN5flash5smem_E size in bytes 0
GPGPU-Sim PTX: >>>>>> Adding localized dynamic shared memory symbol for _ZN5flash5smem_E
GPGPU-Sim PTX: >>>>>> Updating operand to use localized dyn shared mem symbol.
GPGPU-Sim PTX: >>> This is a shared memory symbol: _ZN5flash5smem_E size in bytes 0
GPGPU-Sim PTX: >>>>>> Updating operand to use localized dyn shared mem symbol.
GPGPU-Sim PTX: >>> This is a shared memory symbol: _ZN5flash5smem_E size in bytes 0
GPGPU-Sim PTX: >>>>>> Updating operand to use localized dyn shared mem symbol.
GPGPU-Sim PTX: >>> This is a shared memory symbol: _ZN5flash5smem_E size in bytes 0
GPGPU-Sim PTX: >>>>>> Updating operand to use localized dyn shared mem symbol.
GPGPU-Sim PTX: >>> This is a shared memory symbol: _ZN5flash5smem_E size in bytes 0
GPGPU-Sim PTX: >>>>>> Updating operand to use localized dyn shared mem symbol.
GPGPU-Sim PTX: >>> This is a shared memory symbol: _ZN5flash5smem_E size in bytes 0
GPGPU-Sim PTX: >>>>>> Updating operand to use localized dyn shared mem symbol.
GPGPU-Sim PTX: >>> This is a shared memory symbol: _ZN5flash5smem_E size in bytes 0
GPGPU-Sim PTX: >>>>>> Updating operand to use localized dyn shared mem symbol.
GPGPU-Sim PTX: >>> This is a shared memory symbol: _ZN5flash5smem_E size in bytes 0
GPGPU-Sim PTX: >>>>>> Updating operand to use localized dyn shared mem symbol.
GPGPU-Sim PTX: >>> This is a shared memory symbol: _ZN5flash5smem_E size in bytes 0
GPGPU-Sim PTX: >>>>>> Updating operand to use localized dyn shared mem symbol.
GPGPU-Sim PTX: >>> This is a shared memory symbol: _ZN5flash5smem_E size in bytes 0
GPGPU-Sim PTX: >>>>>> Updating operand to use localized dyn shared mem symbol.
GPGPU-Sim PTX: >>> This is a shared memory symbol: _ZN5flash5smem_E size in bytes 0
GPGPU-Sim PTX: >>>>>> Updating operand to use localized dyn shared mem symbol.
GPGPU-Sim PTX: >>> This is a shared memory symbol: _ZN5flash5smem_E size in bytes 0
GPGPU-Sim PTX: >>>>>> Updating operand to use localized dyn shared mem symbol.
GPGPU-Sim PTX: reorder switch function '_ZN5flash16flash_fwd_kernelI23Flash_fwd_kernel_traitsILi128ELi128ELi32ELi4ELb0ELb0EN7cutlass6half_tE19Flash_kernel_traitsILi128ELi128ELi32ELi4ES3_EELb0ELb0ELb0ELb0ELb0ELb1ELb1ELb0EEEvNS_16Flash_fwd_paramsE': segments=154 skipped=0 insts=2037 moved_slots=1494 max_segment=368 edges=1541 slack=0 sass_guided=0 sass_guided_fallback=0 sass_cursor=0/0
  done.
GPGPU-Sim PTX: instruction assembly for function '_ZN5flash16flash_fwd_kernelI23Flash_fwd_kernel_traitsILi128ELi128ELi32ELi4ELb0ELb0EN7cutlass6half_tE19Flash_kernel_traitsILi128ELi128ELi32ELi4ES3_EELb1ELb0ELb0ELb0ELb0ELb1ELb0ELb0EEEvNS_16Flash_fwd_paramsE'... GPGPU-Sim PTX: >>> This is a shared memory symbol: _ZN5flash5smem_E size in bytes 0
GPGPU-Sim PTX: >>>>>> Adding localized dynamic shared memory symbol for _ZN5flash5smem_E
GPGPU-Sim PTX: >>>>>> Updating operand to use localized dyn shared mem symbol.
GPGPU-Sim PTX: >>> This is a shared memory symbol: _ZN5flash5smem_E size in bytes 0
GPGPU-Sim PTX: >>>>>> Updating operand to use localized dyn shared mem symbol.
GPGPU-Sim PTX: >>> This is a shared memory symbol: _ZN5flash5smem_E size in bytes 0
GPGPU-Sim PTX: >>>>>> Updating operand to use localized dyn shared mem symbol.
GPGPU-Sim PTX: >>> This is a shared memory symbol: _ZN5flash5smem_E size in bytes 0
GPGPU-Sim PTX: >>>>>> Updating operand to use localized dyn shared mem symbol.
GPGPU-Sim PTX: >>> This is a shared memory symbol: _ZN5flash5smem_E size in bytes 0
GPGPU-Sim PTX: >>>>>> Updating operand to use localized dyn shared mem symbol.
GPGPU-Sim PTX: >>> This is a shared memory symbol: _ZN5flash5smem_E size in bytes 0
GPGPU-Sim PTX: >>>>>> Updating operand to use localized dyn shared mem symbol.
GPGPU-Sim PTX: >>> This is a shared memory symbol: _ZN5flash5smem_E size in bytes 0
GPGPU-Sim PTX: >>>>>> Updating operand to use localized dyn shared mem symbol.
GPGPU-Sim PTX: >>> This is a shared memory symbol: _ZN5flash5smem_E size in bytes 0
GPGPU-Sim PTX: >>>>>> Updating operand to use localized dyn shared mem symbol.
GPGPU-Sim PTX: >>> This is a shared memory symbol: _ZN5flash5smem_E size in bytes 0
GPGPU-Sim PTX: >>>>>> Updating operand to use localized dyn shared mem symbol.
GPGPU-Sim PTX: >>> This is a shared memory symbol: _ZN5flash5smem_E size in bytes 0
GPGPU-Sim PTX: >>>>>> Updating operand to use localized dyn shared mem symbol.
GPGPU-Sim PTX: >>> This is a shared memory symbol: _ZN5flash5smem_E size in bytes 0
GPGPU-Sim PTX: >>>>>> Updating operand to use localized dyn shared mem symbol.
GPGPU-Sim PTX: >>> This is a shared memory symbol: _ZN5flash5smem_E size in bytes 0
GPGPU-Sim PTX: >>>>>> Updating operand to use localized dyn shared mem symbol.
GPGPU-Sim PTX: reorder switch function '_ZN5flash16flash_fwd_kernelI23Flash_fwd_kernel_traitsILi128ELi128ELi32ELi4ELb0ELb0EN7cutlass6half_tE19Flash_kernel_traitsILi128ELi128ELi32ELi4ES3_EELb1ELb0ELb0ELb0ELb0ELb1ELb0ELb0EEEvNS_16Flash_fwd_paramsE': segments=156 skipped=0 insts=2401 moved_slots=1871 max_segment=592 edges=2265 slack=0 sass_guided=0 sass_guided_fallback=0 sass_cursor=0/0
  done.
GPGPU-Sim PTX: instruction assembly for function '_ZN5flash16flash_fwd_kernelI23Flash_fwd_kernel_traitsILi128ELi128ELi32ELi4ELb0ELb0EN7cutlass6half_tE19Flash_kernel_traitsILi128ELi128ELi32ELi4ES3_EELb0ELb0ELb1ELb1ELb0ELb0ELb0ELb0EEEvNS_16Flash_fwd_paramsE'... GPGPU-Sim PTX: >>> This is a shared memory symbol: _ZN5flash5smem_E size in bytes 0
GPGPU-Sim PTX: >>>>>> Adding localized dynamic shared memory symbol for _ZN5flash5smem_E
GPGPU-Sim PTX: >>>>>> Updating operand to use localized dyn shared mem symbol.
GPGPU-Sim PTX: >>> This is a shared memory symbol: _ZN5flash5smem_E size in bytes 0
GPGPU-Sim PTX: >>>>>> Updating operand to use localized dyn shared mem symbol.
GPGPU-Sim PTX: >>> This is a shared memory symbol: _ZN5flash5smem_E size in bytes 0
GPGPU-Sim PTX: >>>>>> Updating operand to use localized dyn shared mem symbol.
GPGPU-Sim PTX: >>> This is a shared memory symbol: _ZN5flash5smem_E size in bytes 0
GPGPU-Sim PTX: >>>>>> Updating operand to use localized dyn shared mem symbol.
GPGPU-Sim PTX: >>> This is a shared memory symbol: _ZN5flash5smem_E size in bytes 0
GPGPU-Sim PTX: >>>>>> Updating operand to use localized dyn shared mem symbol.
GPGPU-Sim PTX: >>> This is a shared memory symbol: _ZN5flash5smem_E size in bytes 0
GPGPU-Sim PTX: >>>>>> Updating operand to use localized dyn shared mem symbol.
GPGPU-Sim PTX: >>> This is a shared memory symbol: _ZN5flash5smem_E size in bytes 0
GPGPU-Sim PTX: >>>>>> Updating operand to use localized dyn shared mem symbol.
GPGPU-Sim PTX: >>> This is a shared memory symbol: _ZN5flash5smem_E size in bytes 0
GPGPU-Sim PTX: >>>>>> Updating operand to use localized dyn shared mem symbol.
GPGPU-Sim PTX: >>> This is a shared memory symbol: _ZN5flash5smem_E size in bytes 0
GPGPU-Sim PTX: >>>>>> Updating operand to use localized dyn shared mem symbol.
GPGPU-Sim PTX: reorder switch function '_ZN5flash16flash_fwd_kernelI23Flash_fwd_kernel_traitsILi128ELi128ELi32ELi4ELb0ELb0EN7cutlass6half_tE19Flash_kernel_traitsILi128ELi128ELi32ELi4ES3_EELb0ELb0ELb1ELb1ELb0ELb0ELb0ELb0EEEvNS_16Flash_fwd_paramsE': segments=264 skipped=0 insts=6110 moved_slots=4935 max_segment=666 edges=6254 slack=0 sass_guided=0 sass_guided_fallback=0 sass_cursor=0/0
  done.
GPGPU-Sim PTX: instruction assembly for function '_ZN5flash16flash_fwd_kernelI23Flash_fwd_kernel_traitsILi128ELi128ELi32ELi4ELb0ELb0EN7cutlass6half_tE19Flash_kernel_traitsILi128ELi128ELi32ELi4ES3_EELb0ELb0ELb1ELb0ELb0ELb0ELb0ELb0EEEvNS_16Flash_fwd_paramsE'... GPGPU-Sim PTX: >>> This is a shared memory symbol: _ZN5flash5smem_E size in bytes 0
GPGPU-Sim PTX: >>>>>> Adding localized dynamic shared memory symbol for _ZN5flash5smem_E
GPGPU-Sim PTX: >>>>>> Updating operand to use localized dyn shared mem symbol.
GPGPU-Sim PTX: >>> This is a shared memory symbol: _ZN5flash5smem_E size in bytes 0
GPGPU-Sim PTX: >>>>>> Updating operand to use localized dyn shared mem symbol.
GPGPU-Sim PTX: >>> This is a shared memory symbol: _ZN5flash5smem_E size in bytes 0
GPGPU-Sim PTX: >>>>>> Updating operand to use localized dyn shared mem symbol.
GPGPU-Sim PTX: >>> This is a shared memory symbol: _ZN5flash5smem_E size in bytes 0
GPGPU-Sim PTX: >>>>>> Updating operand to use localized dyn shared mem symbol.
GPGPU-Sim PTX: >>> This is a shared memory symbol: _ZN5flash5smem_E size in bytes 0
GPGPU-Sim PTX: >>>>>> Updating operand to use localized dyn shared mem symbol.
GPGPU-Sim PTX: >>> This is a shared memory symbol: _ZN5flash5smem_E size in bytes 0
GPGPU-Sim PTX: >>>>>> Updating operand to use localized dyn shared mem symbol.
GPGPU-Sim PTX: >>> This is a shared memory symbol: _ZN5flash5smem_E size in bytes 0
GPGPU-Sim PTX: >>>>>> Updating operand to use localized dyn shared mem symbol.
GPGPU-Sim PTX: >>> This is a shared memory symbol: _ZN5flash5smem_E size in bytes 0
GPGPU-Sim PTX: >>>>>> Updating operand to use localized dyn shared mem symbol.
GPGPU-Sim PTX: >>> This is a shared memory symbol: _ZN5flash5smem_E size in bytes 0
GPGPU-Sim PTX: >>>>>> Updating operand to use localized dyn shared mem symbol.
GPGPU-Sim PTX: reorder switch function '_ZN5flash16flash_fwd_kernelI23Flash_fwd_kernel_traitsILi128ELi128ELi32ELi4ELb0ELb0EN7cutlass6half_tE19Flash_kernel_traitsILi128ELi128ELi32ELi4ES3_EELb0ELb0ELb1ELb0ELb0ELb0ELb0ELb0EEEvNS_16Flash_fwd_paramsE': segments=263 skipped=0 insts=5133 moved_slots=3982 max_segment=509 edges=4961 slack=0 sass_guided=0 sass_guided_fallback=0 sass_cursor=0/0
  done.
GPGPU-Sim PTX: instruction assembly for function '_ZN5flash16flash_fwd_kernelI23Flash_fwd_kernel_traitsILi128ELi128ELi32ELi4ELb0ELb0EN7cutlass6half_tE19Flash_kernel_traitsILi128ELi128ELi32ELi4ES3_EELb0ELb0ELb1ELb0ELb0ELb1ELb0ELb0EEEvNS_16Flash_fwd_paramsE'... GPGPU-Sim PTX: >>> This is a shared memory symbol: _ZN5flash5smem_E size in bytes 0
GPGPU-Sim PTX: >>>>>> Adding localized dynamic shared memory symbol for _ZN5flash5smem_E
GPGPU-Sim PTX: >>>>>> Updating operand to use localized dyn shared mem symbol.
GPGPU-Sim PTX: >>> This is a shared memory symbol: _ZN5flash5smem_E size in bytes 0
GPGPU-Sim PTX: >>>>>> Updating operand to use localized dyn shared mem symbol.
GPGPU-Sim PTX: >>> This is a shared memory symbol: _ZN5flash5smem_E size in bytes 0
GPGPU-Sim PTX: >>>>>> Updating operand to use localized dyn shared mem symbol.
GPGPU-Sim PTX: >>> This is a shared memory symbol: _ZN5flash5smem_E size in bytes 0
GPGPU-Sim PTX: >>>>>> Updating operand to use localized dyn shared mem symbol.
GPGPU-Sim PTX: >>> This is a shared memory symbol: _ZN5flash5smem_E size in bytes 0
GPGPU-Sim PTX: >>>>>> Updating operand to use localized dyn shared mem symbol.
GPGPU-Sim PTX: >>> This is a shared memory symbol: _ZN5flash5smem_E size in bytes 0
GPGPU-Sim PTX: >>>>>> Updating operand to use localized dyn shared mem symbol.
GPGPU-Sim PTX: >>> This is a shared memory symbol: _ZN5flash5smem_E size in bytes 0
GPGPU-Sim PTX: >>>>>> Updating operand to use localized dyn shared mem symbol.
GPGPU-Sim PTX: >>> This is a shared memory symbol: _ZN5flash5smem_E size in bytes 0
GPGPU-Sim PTX: >>>>>> Updating operand to use localized dyn shared mem symbol.
GPGPU-Sim PTX: >>> This is a shared memory symbol: _ZN5flash5smem_E size in bytes 0
GPGPU-Sim PTX: >>>>>> Updating operand to use localized dyn shared mem symbol.
GPGPU-Sim PTX: >>> This is a shared memory symbol: _ZN5flash5smem_E size in bytes 0
GPGPU-Sim PTX: >>>>>> Updating operand to use localized dyn shared mem symbol.
GPGPU-Sim PTX: >>> This is a shared memory symbol: _ZN5flash5smem_E size in bytes 0
GPGPU-Sim PTX: >>>>>> Updating operand to use localized dyn shared mem symbol.
GPGPU-Sim PTX: >>> This is a shared memory symbol: _ZN5flash5smem_E size in bytes 0
GPGPU-Sim PTX: >>>>>> Updating operand to use localized dyn shared mem symbol.
GPGPU-Sim PTX: reorder switch function '_ZN5flash16flash_fwd_kernelI23Flash_fwd_kernel_traitsILi128ELi128ELi32ELi4ELb0ELb0EN7cutlass6half_tE19Flash_kernel_traitsILi128ELi128ELi32ELi4ES3_EELb0ELb0ELb1ELb0ELb0ELb1ELb0ELb0EEEvNS_16Flash_fwd_paramsE': segments=221 skipped=0 insts=4880 moved_slots=3921 max_segment=508 edges=4889 slack=0 sass_guided=0 sass_guided_fallback=0 sass_cursor=0/0
  done.
GPGPU-Sim PTX: instruction assembly for function '_ZN5flash16flash_fwd_kernelI23Flash_fwd_kernel_traitsILi128ELi128ELi32ELi4ELb0ELb0EN7cutlass6half_tE19Flash_kernel_traitsILi128ELi128ELi32ELi4ES3_EELb0ELb0ELb0ELb1ELb0ELb0ELb0ELb0EEEvNS_16Flash_fwd_paramsE'... GPGPU-Sim PTX: >>> This is a shared memory symbol: _ZN5flash5smem_E size in bytes 0
GPGPU-Sim PTX: >>>>>> Adding localized dynamic shared memory symbol for _ZN5flash5smem_E
GPGPU-Sim PTX: >>>>>> Updating operand to use localized dyn shared mem symbol.
GPGPU-Sim PTX: >>> This is a shared memory symbol: _ZN5flash5smem_E size in bytes 0
GPGPU-Sim PTX: >>>>>> Updating operand to use localized dyn shared mem symbol.
GPGPU-Sim PTX: reorder switch function '_ZN5flash16flash_fwd_kernelI23Flash_fwd_kernel_traitsILi128ELi128ELi32ELi4ELb0ELb0EN7cutlass6half_tE19Flash_kernel_traitsILi128ELi128ELi32ELi4ES3_EELb0ELb0ELb0ELb1ELb0ELb0ELb0ELb0EEEvNS_16Flash_fwd_paramsE': segments=179 skipped=0 insts=2404 moved_slots=1744 max_segment=536 edges=1966 slack=0 sass_guided=0 sass_guided_fallback=0 sass_cursor=0/0
  done.
GPGPU-Sim PTX: instruction assembly for function '_ZN5flash16flash_fwd_kernelI23Flash_fwd_kernel_traitsILi128ELi128ELi32ELi4ELb0ELb0EN7cutlass6half_tE19Flash_kernel_traitsILi128ELi128ELi32ELi4ES3_EELb0ELb0ELb0ELb0ELb0ELb0ELb0ELb0EEEvNS_16Flash_fwd_paramsE'... GPGPU-Sim PTX: >>> This is a shared memory symbol: _ZN5flash5smem_E size in bytes 0
GPGPU-Sim PTX: >>>>>> Adding localized dynamic shared memory symbol for _ZN5flash5smem_E
GPGPU-Sim PTX: >>>>>> Updating operand to use localized dyn shared mem symbol.
GPGPU-Sim PTX: >>> This is a shared memory symbol: _ZN5flash5smem_E size in bytes 0
GPGPU-Sim PTX: >>>>>> Updating operand to use localized dyn shared mem symbol.
GPGPU-Sim PTX: reorder switch function '_ZN5flash16flash_fwd_kernelI23Flash_fwd_kernel_traitsILi128ELi128ELi32ELi4ELb0ELb0EN7cutlass6half_tE19Flash_kernel_traitsILi128ELi128ELi32ELi4ES3_EELb0ELb0ELb0ELb0ELb0ELb0ELb0ELb0EEEvNS_16Flash_fwd_paramsE': segments=178 skipped=0 insts=2043 moved_slots=1397 max_segment=368 edges=1454 slack=0 sass_guided=0 sass_guided_fallback=0 sass_cursor=0/0
  done.
GPGPU-Sim PTX: instruction assembly for function '_ZN5flash16flash_fwd_kernelI23Flash_fwd_kernel_traitsILi128ELi128ELi32ELi4ELb0ELb0EN7cutlass6half_tE19Flash_kernel_traitsILi128ELi128ELi32ELi4ES3_EELb0ELb0ELb0ELb0ELb1ELb1ELb0ELb0EEEvNS_16Flash_fwd_paramsE'... GPGPU-Sim PTX: >>> This is a shared memory symbol: _ZN5flash5smem_E size in bytes 0
GPGPU-Sim PTX: >>>>>> Adding localized dynamic shared memory symbol for _ZN5flash5smem_E
GPGPU-Sim PTX: >>>>>> Updating operand to use localized dyn shared mem symbol.
GPGPU-Sim PTX: >>> This is a shared memory symbol: _ZN5flash5smem_E size in bytes 0
GPGPU-Sim PTX: >>>>>> Updating operand to use localized dyn shared mem symbol.
GPGPU-Sim PTX: reorder switch function '_ZN5flash16flash_fwd_kernelI23Flash_fwd_kernel_traitsILi128ELi128ELi32ELi4ELb0ELb0EN7cutlass6half_tE19Flash_kernel_traitsILi128ELi128ELi32ELi4ES3_EELb0ELb0ELb0ELb0ELb1ELb1ELb0ELb0EEEvNS_16Flash_fwd_paramsE': segments=96 skipped=0 insts=1550 moved_slots=1168 max_segment=368 edges=1175 slack=0 sass_guided=0 sass_guided_fallback=0 sass_cursor=0/0
  done.
GPGPU-Sim PTX: instruction assembly for function '_ZN5flash16flash_fwd_kernelI23Flash_fwd_kernel_traitsILi128ELi128ELi32ELi4ELb0ELb0EN7cutlass6half_tE19Flash_kernel_traitsILi128ELi128ELi32ELi4ES3_EELb0ELb0ELb0ELb0ELb0ELb1ELb0ELb0EEEvNS_16Flash_fwd_paramsE'... GPGPU-Sim PTX: >>> This is a shared memory symbol: _ZN5flash5smem_E size in bytes 0
GPGPU-Sim PTX: >>>>>> Adding localized dynamic shared memory symbol for _ZN5flash5smem_E
GPGPU-Sim PTX: >>>>>> Updating operand to use localized dyn shared mem symbol.
GPGPU-Sim PTX: >>> This is a shared memory symbol: _ZN5flash5smem_E size in bytes 0
GPGPU-Sim PTX: >>>>>> Updating operand to use localized dyn shared mem symbol.
GPGPU-Sim PTX: >>> This is a shared memory symbol: _ZN5flash5smem_E size in bytes 0
GPGPU-Sim PTX: >>>>>> Updating operand to use localized dyn shared mem symbol.
GPGPU-Sim PTX: >>> This is a shared memory symbol: _ZN5flash5smem_E size in bytes 0
GPGPU-Sim PTX: >>>>>> Updating operand to use localized dyn shared mem symbol.
GPGPU-Sim PTX: >>> This is a shared memory symbol: _ZN5flash5smem_E size in bytes 0
GPGPU-Sim PTX: >>>>>> Updating operand to use localized dyn shared mem symbol.
GPGPU-Sim PTX: >>> This is a shared memory symbol: _ZN5flash5smem_E size in bytes 0
GPGPU-Sim PTX: >>>>>> Updating operand to use localized dyn shared mem symbol.
GPGPU-Sim PTX: >>> This is a shared memory symbol: _ZN5flash5smem_E size in bytes 0
GPGPU-Sim PTX: >>>>>> Updating operand to use localized dyn shared mem symbol.
GPGPU-Sim PTX: >>> This is a shared memory symbol: _ZN5flash5smem_E size in bytes 0
GPGPU-Sim PTX: >>>>>> Updating operand to use localized dyn shared mem symbol.
GPGPU-Sim PTX: >>> This is a shared memory symbol: _ZN5flash5smem_E size in bytes 0
GPGPU-Sim PTX: >>>>>> Updating operand to use localized dyn shared mem symbol.
GPGPU-Sim PTX: >>> This is a shared memory symbol: _ZN5flash5smem_E size in bytes 0
GPGPU-Sim PTX: >>>>>> Updating operand to use localized dyn shared mem symbol.
GPGPU-Sim PTX: >>> This is a shared memory symbol: _ZN5flash5smem_E size in bytes 0
GPGPU-Sim PTX: >>>>>> Updating operand to use localized dyn shared mem symbol.
GPGPU-Sim PTX: >>> This is a shared memory symbol: _ZN5flash5smem_E size in bytes 0
GPGPU-Sim PTX: >>>>>> Updating operand to use localized dyn shared mem symbol.
GPGPU-Sim PTX: reorder switch function '_ZN5flash16flash_fwd_kernelI23Flash_fwd_kernel_traitsILi128ELi128ELi32ELi4ELb0ELb0EN7cutlass6half_tE19Flash_kernel_traitsILi128ELi128ELi32ELi4ES3_EELb0ELb0ELb0ELb0ELb0ELb1ELb0ELb0EEEvNS_16Flash_fwd_paramsE': segments=153 skipped=0 insts=1909 moved_slots=1384 max_segment=368 edges=1445 slack=0 sass_guided=0 sass_guided_fallback=0 sass_cursor=0/0
  done.
GPGPU-Sim PTX: instruction assembly for function '_ZN5flash16flash_fwd_kernelI23Flash_fwd_kernel_traitsILi128ELi128ELi64ELi4ELb0ELb0EN7cutlass6half_tE19Flash_kernel_traitsILi128ELi128ELi64ELi4ES3_EELb0ELb0ELb1ELb1ELb0ELb0ELb1ELb0EEEvNS_16Flash_fwd_paramsE'... GPGPU-Sim PTX: >>> This is a shared memory symbol: _ZN5flash5smem_E size in bytes 0
GPGPU-Sim PTX: >>>>>> Adding localized dynamic shared memory symbol for _ZN5flash5smem_E
GPGPU-Sim PTX: >>>>>> Updating operand to use localized dyn shared mem symbol.
GPGPU-Sim PTX: >>> This is a shared memory symbol: _ZN5flash5smem_E size in bytes 0
GPGPU-Sim PTX: >>>>>> Updating operand to use localized dyn shared mem symbol.
GPGPU-Sim PTX: >>> This is a shared memory symbol: _ZN5flash5smem_E size in bytes 0
GPGPU-Sim PTX: >>>>>> Updating operand to use localized dyn shared mem symbol.
GPGPU-Sim PTX: >>> This is a shared memory symbol: _ZN5flash5smem_E size in bytes 0
GPGPU-Sim PTX: >>>>>> Updating operand to use localized dyn shared mem symbol.
GPGPU-Sim PTX: >>> This is a shared memory symbol: _ZN5flash5smem_E size in bytes 0
GPGPU-Sim PTX: >>>>>> Updating operand to use localized dyn shared mem symbol.
GPGPU-Sim PTX: >>> This is a shared memory symbol: _ZN5flash5smem_E size in bytes 0
GPGPU-Sim PTX: >>>>>> Updating operand to use localized dyn shared mem symbol.
GPGPU-Sim PTX: >>> This is a shared memory symbol: _ZN5flash5smem_E size in bytes 0
GPGPU-Sim PTX: >>>>>> Updating operand to use localized dyn shared mem symbol.
GPGPU-Sim PTX: >>> This is a shared memory symbol: _ZN5flash5smem_E size in bytes 0
GPGPU-Sim PTX: >>>>>> Updating operand to use localized dyn shared mem symbol.
GPGPU-Sim PTX: >>> This is a shared memory symbol: _ZN5flash5smem_E size in bytes 0
GPGPU-Sim PTX: >>>>>> Updating operand to use localized dyn shared mem symbol.
GPGPU-Sim PTX: >>> This is a shared memory symbol: _ZN5flash5smem_E size in bytes 0
GPGPU-Sim PTX: >>>>>> Updating operand to use localized dyn shared mem symbol.
GPGPU-Sim PTX: >>> This is a shared memory symbol: _ZN5flash5smem_E size in bytes 0
GPGPU-Sim PTX: >>>>>> Updating operand to use localized dyn shared mem symbol.
GPGPU-Sim PTX: reorder switch function '_ZN5flash16flash_fwd_kernelI23Flash_fwd_kernel_traitsILi128ELi128ELi64ELi4ELb0ELb0EN7cutlass6half_tE19Flash_kernel_traitsILi128ELi128ELi64ELi4ES3_EELb0ELb0ELb1ELb1ELb0ELb0ELb1ELb0EEEvNS_16Flash_fwd_paramsE': segments=274 skipped=0 insts=7599 moved_slots=6157 max_segment=1138 edges=7721 slack=0 sass_guided=0 sass_guided_fallback=0 sass_cursor=0/0
  done.
GPGPU-Sim PTX: instruction assembly for function '_ZN5flash16flash_fwd_kernelI23Flash_fwd_kernel_traitsILi128ELi128ELi64ELi4ELb0ELb0EN7cutlass6half_tE19Flash_kernel_traitsILi128ELi128ELi64ELi4ES3_EELb0ELb0ELb1ELb1ELb0ELb0ELb0ELb0EEEvNS_16Flash_fwd_paramsE'... GPGPU-Sim PTX: >>> This is a shared memory symbol: _ZN5flash5smem_E size in bytes 0
GPGPU-Sim PTX: >>>>>> Adding localized dynamic shared memory symbol for _ZN5flash5smem_E
GPGPU-Sim PTX: >>>>>> Updating operand to use localized dyn shared mem symbol.
GPGPU-Sim PTX: >>> This is a shared memory symbol: _ZN5flash5smem_E size in bytes 0
GPGPU-Sim PTX: >>>>>> Updating operand to use localized dyn shared mem symbol.
GPGPU-Sim PTX: >>> This is a shared memory symbol: _ZN5flash5smem_E size in bytes 0
GPGPU-Sim PTX: >>>>>> Updating operand to use localized dyn shared mem symbol.
GPGPU-Sim PTX: >>> This is a shared memory symbol: _ZN5flash5smem_E size in bytes 0
GPGPU-Sim PTX: >>>>>> Updating operand to use localized dyn shared mem symbol.
GPGPU-Sim PTX: >>> This is a shared memory symbol: _ZN5flash5smem_E size in bytes 0
GPGPU-Sim PTX: >>>>>> Updating operand to use localized dyn shared mem symbol.
GPGPU-Sim PTX: >>> This is a shared memory symbol: _ZN5flash5smem_E size in bytes 0
GPGPU-Sim PTX: >>>>>> Updating operand to use localized dyn shared mem symbol.
GPGPU-Sim PTX: >>> This is a shared memory symbol: _ZN5flash5smem_E size in bytes 0
GPGPU-Sim PTX: >>>>>> Updating operand to use localized dyn shared mem symbol.
GPGPU-Sim PTX: >>> This is a shared memory symbol: _ZN5flash5smem_E size in bytes 0
GPGPU-Sim PTX: >>>>>> Updating operand to use localized dyn shared mem symbol.
GPGPU-Sim PTX: >>> This is a shared memory symbol: _ZN5flash5smem_E size in bytes 0
GPGPU-Sim PTX: >>>>>> Updating operand to use localized dyn shared mem symbol.
GPGPU-Sim PTX: >>> This is a shared memory symbol: _ZN5flash5smem_E size in bytes 0
GPGPU-Sim PTX: >>>>>> Updating operand to use localized dyn shared mem symbol.
GPGPU-Sim PTX: >>> This is a shared memory symbol: _ZN5flash5smem_E size in bytes 0
GPGPU-Sim PTX: >>>>>> Updating operand to use localized dyn shared mem symbol.
GPGPU-Sim PTX: reorder switch function '_ZN5flash16flash_fwd_kernelI23Flash_fwd_kernel_traitsILi128ELi128ELi64ELi4ELb0ELb0EN7cutlass6half_tE19Flash_kernel_traitsILi128ELi128ELi64ELi4ES3_EELb0ELb0ELb1ELb1ELb0ELb0ELb0ELb0EEEvNS_16Flash_fwd_paramsE': segments=273 skipped=0 insts=7087 moved_slots=5675 max_segment=1138 edges=7273 slack=0 sass_guided=0 sass_guided_fallback=0 sass_cursor=0/0
  done.
GPGPU-Sim PTX: instruction assembly for function '_ZN5flash16flash_fwd_kernelI23Flash_fwd_kernel_traitsILi128ELi128ELi64ELi4ELb0ELb0EN7cutlass6half_tE19Flash_kernel_traitsILi128ELi128ELi64ELi4ES3_EELb0ELb0ELb1ELb0ELb0ELb0ELb1ELb0EEEvNS_16Flash_fwd_paramsE'... GPGPU-Sim PTX: >>> This is a shared memory symbol: _ZN5flash5smem_E size in bytes 0
GPGPU-Sim PTX: >>>>>> Adding localized dynamic shared memory symbol for _ZN5flash5smem_E
GPGPU-Sim PTX: >>>>>> Updating operand to use localized dyn shared mem symbol.
GPGPU-Sim PTX: >>> This is a shared memory symbol: _ZN5flash5smem_E size in bytes 0
GPGPU-Sim PTX: >>>>>> Updating operand to use localized dyn shared mem symbol.
GPGPU-Sim PTX: >>> This is a shared memory symbol: _ZN5flash5smem_E size in bytes 0
GPGPU-Sim PTX: >>>>>> Updating operand to use localized dyn shared mem symbol.
GPGPU-Sim PTX: >>> This is a shared memory symbol: _ZN5flash5smem_E size in bytes 0
GPGPU-Sim PTX: >>>>>> Updating operand to use localized dyn shared mem symbol.
GPGPU-Sim PTX: >>> This is a shared memory symbol: _ZN5flash5smem_E size in bytes 0
GPGPU-Sim PTX: >>>>>> Updating operand to use localized dyn shared mem symbol.
GPGPU-Sim PTX: >>> This is a shared memory symbol: _ZN5flash5smem_E size in bytes 0
GPGPU-Sim PTX: >>>>>> Updating operand to use localized dyn shared mem symbol.
GPGPU-Sim PTX: >>> This is a shared memory symbol: _ZN5flash5smem_E size in bytes 0
GPGPU-Sim PTX: >>>>>> Updating operand to use localized dyn shared mem symbol.
GPGPU-Sim PTX: >>> This is a shared memory symbol: _ZN5flash5smem_E size in bytes 0
GPGPU-Sim PTX: >>>>>> Updating operand to use localized dyn shared mem symbol.
GPGPU-Sim PTX: >>> This is a shared memory symbol: _ZN5flash5smem_E size in bytes 0
GPGPU-Sim PTX: >>>>>> Updating operand to use localized dyn shared mem symbol.
GPGPU-Sim PTX: >>> This is a shared memory symbol: _ZN5flash5smem_E size in bytes 0
GPGPU-Sim PTX: >>>>>> Updating operand to use localized dyn shared mem symbol.
GPGPU-Sim PTX: >>> This is a shared memory symbol: _ZN5flash5smem_E size in bytes 0
GPGPU-Sim PTX: >>>>>> Updating operand to use localized dyn shared mem symbol.
GPGPU-Sim PTX: reorder switch function '_ZN5flash16flash_fwd_kernelI23Flash_fwd_kernel_traitsILi128ELi128ELi64ELi4ELb0ELb0EN7cutlass6half_tE19Flash_kernel_traitsILi128ELi128ELi64ELi4ES3_EELb0ELb0ELb1ELb0ELb0ELb0ELb1ELb0EEEvNS_16Flash_fwd_paramsE': segments=272 skipped=0 insts=6292 moved_slots=4870 max_segment=825 edges=5904 slack=0 sass_guided=0 sass_guided_fallback=0 sass_cursor=0/0
  done.
GPGPU-Sim PTX: instruction assembly for function '_ZN5flash16flash_fwd_kernelI23Flash_fwd_kernel_traitsILi128ELi128ELi64ELi4ELb0ELb0EN7cutlass6half_tE19Flash_kernel_traitsILi128ELi128ELi64ELi4ES3_EELb0ELb0ELb1ELb0ELb0ELb0ELb0ELb0EEEvNS_16Flash_fwd_paramsE'... GPGPU-Sim PTX: >>> This is a shared memory symbol: _ZN5flash5smem_E size in bytes 0
GPGPU-Sim PTX: >>>>>> Adding localized dynamic shared memory symbol for _ZN5flash5smem_E
GPGPU-Sim PTX: >>>>>> Updating operand to use localized dyn shared mem symbol.
GPGPU-Sim PTX: >>> This is a shared memory symbol: _ZN5flash5smem_E size in bytes 0
GPGPU-Sim PTX: >>>>>> Updating operand to use localized dyn shared mem symbol.
GPGPU-Sim PTX: >>> This is a shared memory symbol: _ZN5flash5smem_E size in bytes 0
GPGPU-Sim PTX: >>>>>> Updating operand to use localized dyn shared mem symbol.
GPGPU-Sim PTX: >>> This is a shared memory symbol: _ZN5flash5smem_E size in bytes 0
GPGPU-Sim PTX: >>>>>> Updating operand to use localized dyn shared mem symbol.
GPGPU-Sim PTX: >>> This is a shared memory symbol: _ZN5flash5smem_E size in bytes 0
GPGPU-Sim PTX: >>>>>> Updating operand to use localized dyn shared mem symbol.
GPGPU-Sim PTX: >>> This is a shared memory symbol: _ZN5flash5smem_E size in bytes 0
GPGPU-Sim PTX: >>>>>> Updating operand to use localized dyn shared mem symbol.
GPGPU-Sim PTX: >>> This is a shared memory symbol: _ZN5flash5smem_E size in bytes 0
GPGPU-Sim PTX: >>>>>> Updating operand to use localized dyn shared mem symbol.
GPGPU-Sim PTX: >>> This is a shared memory symbol: _ZN5flash5smem_E size in bytes 0
GPGPU-Sim PTX: >>>>>> Updating operand to use localized dyn shared mem symbol.
GPGPU-Sim PTX: >>> This is a shared memory symbol: _ZN5flash5smem_E size in bytes 0
GPGPU-Sim PTX: >>>>>> Updating operand to use localized dyn shared mem symbol.
GPGPU-Sim PTX: >>> This is a shared memory symbol: _ZN5flash5smem_E size in bytes 0
GPGPU-Sim PTX: >>>>>> Updating operand to use localized dyn shared mem symbol.
GPGPU-Sim PTX: >>> This is a shared memory symbol: _ZN5flash5smem_E size in bytes 0
GPGPU-Sim PTX: >>>>>> Updating operand to use localized dyn shared mem symbol.
GPGPU-Sim PTX: reorder switch function '_ZN5flash16flash_fwd_kernelI23Flash_fwd_kernel_traitsILi128ELi128ELi64ELi4ELb0ELb0EN7cutlass6half_tE19Flash_kernel_traitsILi128ELi128ELi64ELi4ES3_EELb0ELb0ELb1ELb0ELb0ELb0ELb0ELb0EEEvNS_16Flash_fwd_paramsE': segments=271 skipped=0 insts=5780 moved_slots=4393 max_segment=825 edges=5456 slack=0 sass_guided=0 sass_guided_fallback=0 sass_cursor=0/0
  done.
GPGPU-Sim PTX: instruction assembly for function '_ZN5flash16flash_fwd_kernelI23Flash_fwd_kernel_traitsILi128ELi128ELi64ELi4ELb0ELb0EN7cutlass6half_tE19Flash_kernel_traitsILi128ELi128ELi64ELi4ES3_EELb0ELb0ELb1ELb0ELb0ELb1ELb1ELb0EEEvNS_16Flash_fwd_paramsE'... GPGPU-Sim PTX: >>> This is a shared memory symbol: _ZN5flash5smem_E size in bytes 0
GPGPU-Sim PTX: >>>>>> Adding localized dynamic shared memory symbol for _ZN5flash5smem_E
GPGPU-Sim PTX: >>>>>> Updating operand to use localized dyn shared mem symbol.
GPGPU-Sim PTX: >>> This is a shared memory symbol: _ZN5flash5smem_E size in bytes 0
GPGPU-Sim PTX: >>>>>> Updating operand to use localized dyn shared mem symbol.
GPGPU-Sim PTX: >>> This is a shared memory symbol: _ZN5flash5smem_E size in bytes 0
GPGPU-Sim PTX: >>>>>> Updating operand to use localized dyn shared mem symbol.
GPGPU-Sim PTX: >>> This is a shared memory symbol: _ZN5flash5smem_E size in bytes 0
GPGPU-Sim PTX: >>>>>> Updating operand to use localized dyn shared mem symbol.
GPGPU-Sim PTX: >>> This is a shared memory symbol: _ZN5flash5smem_E size in bytes 0
GPGPU-Sim PTX: >>>>>> Updating operand to use localized dyn shared mem symbol.
GPGPU-Sim PTX: >>> This is a shared memory symbol: _ZN5flash5smem_E size in bytes 0
GPGPU-Sim PTX: >>>>>> Updating operand to use localized dyn shared mem symbol.
GPGPU-Sim PTX: >>> This is a shared memory symbol: _ZN5flash5smem_E size in bytes 0
GPGPU-Sim PTX: >>>>>> Updating operand to use localized dyn shared mem symbol.
GPGPU-Sim PTX: >>> This is a shared memory symbol: _ZN5flash5smem_E size in bytes 0
GPGPU-Sim PTX: >>>>>> Updating operand to use localized dyn shared mem symbol.
GPGPU-Sim PTX: >>> This is a shared memory symbol: _ZN5flash5smem_E size in bytes 0
GPGPU-Sim PTX: >>>>>> Updating operand to use localized dyn shared mem symbol.
GPGPU-Sim PTX: >>> This is a shared memory symbol: _ZN5flash5smem_E size in bytes 0
GPGPU-Sim PTX: >>>>>> Updating operand to use localized dyn shared mem symbol.
GPGPU-Sim PTX: >>> This is a shared memory symbol: _ZN5flash5smem_E size in bytes 0
GPGPU-Sim PTX: >>>>>> Updating operand to use localized dyn shared mem symbol.
GPGPU-Sim PTX: >>> This is a shared memory symbol: _ZN5flash5smem_E size in bytes 0
GPGPU-Sim PTX: >>>>>> Updating operand to use localized dyn shared mem symbol.
GPGPU-Sim PTX: >>> This is a shared memory symbol: _ZN5flash5smem_E size in bytes 0
GPGPU-Sim PTX: >>>>>> Updating operand to use localized dyn shared mem symbol.
GPGPU-Sim PTX: >>> This is a shared memory symbol: _ZN5flash5smem_E size in bytes 0
GPGPU-Sim PTX: >>>>>> Updating operand to use localized dyn shared mem symbol.
GPGPU-Sim PTX: reorder switch function '_ZN5flash16flash_fwd_kernelI23Flash_fwd_kernel_traitsILi128ELi128ELi64ELi4ELb0ELb0EN7cutlass6half_tE19Flash_kernel_traitsILi128ELi128ELi64ELi4ES3_EELb0ELb0ELb1ELb0ELb0ELb1ELb1ELb0EEEvNS_16Flash_fwd_paramsE': segments=221 skipped=0 insts=5967 moved_slots=4760 max_segment=824 edges=5802 slack=0 sass_guided=0 sass_guided_fallback=0 sass_cursor=0/0
  done.
GPGPU-Sim PTX: instruction assembly for function '_ZN5flash16flash_fwd_kernelI23Flash_fwd_kernel_traitsILi128ELi128ELi64ELi4ELb0ELb0EN7cutlass6half_tE19Flash_kernel_traitsILi128ELi128ELi64ELi4ES3_EELb0ELb0ELb1ELb0ELb0ELb1ELb0ELb0EEEvNS_16Flash_fwd_paramsE'... GPGPU-Sim PTX: >>> This is a shared memory symbol: _ZN5flash5smem_E size in bytes 0
GPGPU-Sim PTX: >>>>>> Adding localized dynamic shared memory symbol for _ZN5flash5smem_E
GPGPU-Sim PTX: >>>>>> Updating operand to use localized dyn shared mem symbol.
GPGPU-Sim PTX: >>> This is a shared memory symbol: _ZN5flash5smem_E size in bytes 0
GPGPU-Sim PTX: >>>>>> Updating operand to use localized dyn shared mem symbol.
GPGPU-Sim PTX: >>> This is a shared memory symbol: _ZN5flash5smem_E size in bytes 0
GPGPU-Sim PTX: >>>>>> Updating operand to use localized dyn shared mem symbol.
GPGPU-Sim PTX: >>> This is a shared memory symbol: _ZN5flash5smem_E size in bytes 0
GPGPU-Sim PTX: >>>>>> Updating operand to use localized dyn shared mem symbol.
GPGPU-Sim PTX: >>> This is a shared memory symbol: _ZN5flash5smem_E size in bytes 0
GPGPU-Sim PTX: >>>>>> Updating operand to use localized dyn shared mem symbol.
GPGPU-Sim PTX: >>> This is a shared memory symbol: _ZN5flash5smem_E size in bytes 0
GPGPU-Sim PTX: >>>>>> Updating operand to use localized dyn shared mem symbol.
GPGPU-Sim PTX: >>> This is a shared memory symbol: _ZN5flash5smem_E size in bytes 0
GPGPU-Sim PTX: >>>>>> Updating operand to use localized dyn shared mem symbol.
GPGPU-Sim PTX: >>> This is a shared memory symbol: _ZN5flash5smem_E size in bytes 0
GPGPU-Sim PTX: >>>>>> Updating operand to use localized dyn shared mem symbol.
GPGPU-Sim PTX: >>> This is a shared memory symbol: _ZN5flash5smem_E size in bytes 0
GPGPU-Sim PTX: >>>>>> Updating operand to use localized dyn shared mem symbol.
GPGPU-Sim PTX: >>> This is a shared memory symbol: _ZN5flash5smem_E size in bytes 0
GPGPU-Sim PTX: >>>>>> Updating operand to use localized dyn shared mem symbol.
GPGPU-Sim PTX: >>> This is a shared memory symbol: _ZN5flash5smem_E size in bytes 0
GPGPU-Sim PTX: >>>>>> Updating operand to use localized dyn shared mem symbol.
GPGPU-Sim PTX: >>> This is a shared memory symbol: _ZN5flash5smem_E size in bytes 0
GPGPU-Sim PTX: >>>>>> Updating operand to use localized dyn shared mem symbol.
GPGPU-Sim PTX: >>> This is a shared memory symbol: _ZN5flash5smem_E size in bytes 0
GPGPU-Sim PTX: >>>>>> Updating operand to use localized dyn shared mem symbol.
GPGPU-Sim PTX: >>> This is a shared memory symbol: _ZN5flash5smem_E size in bytes 0
GPGPU-Sim PTX: >>>>>> Updating operand to use localized dyn shared mem symbol.
GPGPU-Sim PTX: reorder switch function '_ZN5flash16flash_fwd_kernelI23Flash_fwd_kernel_traitsILi128ELi128ELi64ELi4ELb0ELb0EN7cutlass6half_tE19Flash_kernel_traitsILi128ELi128ELi64ELi4ES3_EELb0ELb0ELb1ELb0ELb0ELb1ELb0ELb0EEEvNS_16Flash_fwd_paramsE': segments=220 skipped=0 insts=5455 moved_slots=4283 max_segment=824 edges=5354 slack=0 sass_guided=0 sass_guided_fallback=0 sass_cursor=0/0
  done.
GPGPU-Sim PTX: instruction assembly for function '_ZN5flash16flash_fwd_kernelI23Flash_fwd_kernel_traitsILi128ELi128ELi64ELi4ELb0ELb0EN7cutlass6half_tE19Flash_kernel_traitsILi128ELi128ELi64ELi4ES3_EELb0ELb0ELb0ELb1ELb0ELb0ELb1ELb0EEEvNS_16Flash_fwd_paramsE'... GPGPU-Sim PTX: >>> This is a shared memory symbol: _ZN5flash5smem_E size in bytes 0
GPGPU-Sim PTX: >>>>>> Adding localized dynamic shared memory symbol for _ZN5flash5smem_E
GPGPU-Sim PTX: >>>>>> Updating operand to use localized dyn shared mem symbol.
GPGPU-Sim PTX: >>> This is a shared memory symbol: _ZN5flash5smem_E size in bytes 0
GPGPU-Sim PTX: >>>>>> Updating operand to use localized dyn shared mem symbol.
GPGPU-Sim PTX: reorder switch function '_ZN5flash16flash_fwd_kernelI23Flash_fwd_kernel_traitsILi128ELi128ELi64ELi4ELb0ELb0EN7cutlass6half_tE19Flash_kernel_traitsILi128ELi128ELi64ELi4ES3_EELb0ELb0ELb0ELb1ELb0ELb0ELb1ELb0EEEvNS_16Flash_fwd_paramsE': segments=208 skipped=0 insts=3765 moved_slots=2863 max_segment=843 edges=3211 slack=0 sass_guided=0 sass_guided_fallback=0 sass_cursor=0/0
  done.
GPGPU-Sim PTX: instruction assembly for function '_ZN5flash16flash_fwd_kernelI23Flash_fwd_kernel_traitsILi128ELi128ELi64ELi4ELb0ELb0EN7cutlass6half_tE19Flash_kernel_traitsILi128ELi128ELi64ELi4ES3_EELb0ELb0ELb0ELb1ELb0ELb0ELb0ELb0EEEvNS_16Flash_fwd_paramsE'... GPGPU-Sim PTX: >>> This is a shared memory symbol: _ZN5flash5smem_E size in bytes 0
GPGPU-Sim PTX: >>>>>> Adding localized dynamic shared memory symbol for _ZN5flash5smem_E
GPGPU-Sim PTX: >>>>>> Updating operand to use localized dyn shared mem symbol.
GPGPU-Sim PTX: >>> This is a shared memory symbol: _ZN5flash5smem_E size in bytes 0
GPGPU-Sim PTX: >>>>>> Updating operand to use localized dyn shared mem symbol.
GPGPU-Sim PTX: reorder switch function '_ZN5flash16flash_fwd_kernelI23Flash_fwd_kernel_traitsILi128ELi128ELi64ELi4ELb0ELb0EN7cutlass6half_tE19Flash_kernel_traitsILi128ELi128ELi64ELi4ES3_EELb0ELb0ELb0ELb1ELb0ELb0ELb0ELb0EEEvNS_16Flash_fwd_paramsE': segments=207 skipped=0 insts=3509 moved_slots=2641 max_segment=843 edges=3019 slack=0 sass_guided=0 sass_guided_fallback=0 sass_cursor=0/0
  done.
GPGPU-Sim PTX: instruction assembly for function '_ZN5flash16flash_fwd_kernelI23Flash_fwd_kernel_traitsILi128ELi128ELi64ELi4ELb0ELb0EN7cutlass6half_tE19Flash_kernel_traitsILi128ELi128ELi64ELi4ES3_EELb0ELb0ELb0ELb0ELb0ELb0ELb1ELb0EEEvNS_16Flash_fwd_paramsE'... GPGPU-Sim PTX: >>> This is a shared memory symbol: _ZN5flash5smem_E size in bytes 0
GPGPU-Sim PTX: >>>>>> Adding localized dynamic shared memory symbol for _ZN5flash5smem_E
GPGPU-Sim PTX: >>>>>> Updating operand to use localized dyn shared mem symbol.
GPGPU-Sim PTX: >>> This is a shared memory symbol: _ZN5flash5smem_E size in bytes 0
GPGPU-Sim PTX: >>>>>> Updating operand to use localized dyn shared mem symbol.
GPGPU-Sim PTX: reorder switch function '_ZN5flash16flash_fwd_kernelI23Flash_fwd_kernel_traitsILi128ELi128ELi64ELi4ELb0ELb0EN7cutlass6half_tE19Flash_kernel_traitsILi128ELi128ELi64ELi4ES3_EELb0ELb0ELb0ELb0ELb0ELb0ELb1ELb0EEEvNS_16Flash_fwd_paramsE': segments=207 skipped=0 insts=3117 moved_slots=2227 max_segment=548 edges=2244 slack=0 sass_guided=0 sass_guided_fallback=0 sass_cursor=0/0
  done.
GPGPU-Sim PTX: instruction assembly for function '_ZN5flash16flash_fwd_kernelI23Flash_fwd_kernel_traitsILi128ELi128ELi64ELi4ELb0ELb0EN7cutlass6half_tE19Flash_kernel_traitsILi128ELi128ELi64ELi4ES3_EELb0ELb0ELb0ELb0ELb0ELb0ELb0ELb0EEEvNS_16Flash_fwd_paramsE'... GPGPU-Sim PTX: >>> This is a shared memory symbol: _ZN5flash5smem_E size in bytes 0
GPGPU-Sim PTX: >>>>>> Adding localized dynamic shared memory symbol for _ZN5flash5smem_E
GPGPU-Sim PTX: >>>>>> Updating operand to use localized dyn shared mem symbol.
GPGPU-Sim PTX: >>> This is a shared memory symbol: _ZN5flash5smem_E size in bytes 0
GPGPU-Sim PTX: >>>>>> Updating operand to use localized dyn shared mem symbol.
GPGPU-Sim PTX: reorder switch function '_ZN5flash16flash_fwd_kernelI23Flash_fwd_kernel_traitsILi128ELi128ELi64ELi4ELb0ELb0EN7cutlass6half_tE19Flash_kernel_traitsILi128ELi128ELi64ELi4ES3_EELb0ELb0ELb0ELb0ELb0ELb0ELb0ELb0EEEvNS_16Flash_fwd_paramsE': segments=206 skipped=0 insts=2861 moved_slots=2005 max_segment=548 edges=2052 slack=0 sass_guided=0 sass_guided_fallback=0 sass_cursor=0/0
  done.
GPGPU-Sim PTX: instruction assembly for function '_ZN5flash16flash_fwd_kernelI23Flash_fwd_kernel_traitsILi128ELi128ELi64ELi4ELb0ELb0EN7cutlass6half_tE19Flash_kernel_traitsILi128ELi128ELi64ELi4ES3_EELb0ELb0ELb0ELb0ELb1ELb1ELb1ELb0EEEvNS_16Flash_fwd_paramsE'... GPGPU-Sim PTX: >>> This is a shared memory symbol: _ZN5flash5smem_E size in bytes 0
GPGPU-Sim PTX: >>>>>> Adding localized dynamic shared memory symbol for _ZN5flash5smem_E
GPGPU-Sim PTX: >>>>>> Updating operand to use localized dyn shared mem symbol.
GPGPU-Sim PTX: >>> This is a shared memory symbol: _ZN5flash5smem_E size in bytes 0
GPGPU-Sim PTX: >>>>>> Updating operand to use localized dyn shared mem symbol.
GPGPU-Sim PTX: reorder switch function '_ZN5flash16flash_fwd_kernelI23Flash_fwd_kernel_traitsILi128ELi128ELi64ELi4ELb0ELb0EN7cutlass6half_tE19Flash_kernel_traitsILi128ELi128ELi64ELi4ES3_EELb0ELb0ELb0ELb0ELb1ELb1ELb1ELb0EEEvNS_16Flash_fwd_paramsE': segments=108 skipped=0 insts=2483 moved_slots=1900 max_segment=548 edges=1849 slack=0 sass_guided=0 sass_guided_fallback=0 sass_cursor=0/0
  done.
GPGPU-Sim PTX: instruction assembly for function '_ZN5flash16flash_fwd_kernelI23Flash_fwd_kernel_traitsILi128ELi128ELi64ELi4ELb0ELb0EN7cutlass6half_tE19Flash_kernel_traitsILi128ELi128ELi64ELi4ES3_EELb0ELb0ELb0ELb0ELb1ELb1ELb0ELb0EEEvNS_16Flash_fwd_paramsE'... GPGPU-Sim PTX: >>> This is a shared memory symbol: _ZN5flash5smem_E size in bytes 0
GPGPU-Sim PTX: >>>>>> Adding localized dynamic shared memory symbol for _ZN5flash5smem_E
GPGPU-Sim PTX: >>>>>> Updating operand to use localized dyn shared mem symbol.
GPGPU-Sim PTX: >>> This is a shared memory symbol: _ZN5flash5smem_E size in bytes 0
GPGPU-Sim PTX: >>>>>> Updating operand to use localized dyn shared mem symbol.
GPGPU-Sim PTX: reorder switch function '_ZN5flash16flash_fwd_kernelI23Flash_fwd_kernel_traitsILi128ELi128ELi64ELi4ELb0ELb0EN7cutlass6half_tE19Flash_kernel_traitsILi128ELi128ELi64ELi4ES3_EELb0ELb0ELb0ELb0ELb1ELb1ELb0ELb0EEEvNS_16Flash_fwd_paramsE': segments=107 skipped=0 insts=2227 moved_slots=1678 max_segment=548 edges=1657 slack=0 sass_guided=0 sass_guided_fallback=0 sass_cursor=0/0
  done.
GPGPU-Sim PTX: instruction assembly for function '_ZN5flash16flash_fwd_kernelI23Flash_fwd_kernel_traitsILi128ELi128ELi64ELi4ELb0ELb0EN7cutlass6half_tE19Flash_kernel_traitsILi128ELi128ELi64ELi4ES3_EELb0ELb0ELb0ELb0ELb0ELb1ELb1ELb0EEEvNS_16Flash_fwd_paramsE'... GPGPU-Sim PTX: >>> This is a shared memory symbol: _ZN5flash5smem_E size in bytes 0
GPGPU-Sim PTX: >>>>>> Adding localized dynamic shared memory symbol for _ZN5flash5smem_E
GPGPU-Sim PTX: >>>>>> Updating operand to use localized dyn shared mem symbol.
GPGPU-Sim PTX: >>> This is a shared memory symbol: _ZN5flash5smem_E size in bytes 0
GPGPU-Sim PTX: >>>>>> Updating operand to use localized dyn shared mem symbol.
GPGPU-Sim PTX: >>> This is a shared memory symbol: _ZN5flash5smem_E size in bytes 0
GPGPU-Sim PTX: >>>>>> Updating operand to use localized dyn shared mem symbol.
GPGPU-Sim PTX: >>> This is a shared memory symbol: _ZN5flash5smem_E size in bytes 0
GPGPU-Sim PTX: >>>>>> Updating operand to use localized dyn shared mem symbol.
GPGPU-Sim PTX: >>> This is a shared memory symbol: _ZN5flash5smem_E size in bytes 0
GPGPU-Sim PTX: >>>>>> Updating operand to use localized dyn shared mem symbol.
GPGPU-Sim PTX: >>> This is a shared memory symbol: _ZN5flash5smem_E size in bytes 0
GPGPU-Sim PTX: >>>>>> Updating operand to use localized dyn shared mem symbol.
GPGPU-Sim PTX: >>> This is a shared memory symbol: _ZN5flash5smem_E size in bytes 0
GPGPU-Sim PTX: >>>>>> Updating operand to use localized dyn shared mem symbol.
GPGPU-Sim PTX: >>> This is a shared memory symbol: _ZN5flash5smem_E size in bytes 0
GPGPU-Sim PTX: >>>>>> Updating operand to use localized dyn shared mem symbol.
GPGPU-Sim PTX: >>> This is a shared memory symbol: _ZN5flash5smem_E size in bytes 0
GPGPU-Sim PTX: >>>>>> Updating operand to use localized dyn shared mem symbol.
GPGPU-Sim PTX: >>> This is a shared memory symbol: _ZN5flash5smem_E size in bytes 0
GPGPU-Sim PTX: >>>>>> Updating operand to use localized dyn shared mem symbol.
GPGPU-Sim PTX: >>> This is a shared memory symbol: _ZN5flash5smem_E size in bytes 0
GPGPU-Sim PTX: >>>>>> Updating operand to use localized dyn shared mem symbol.
GPGPU-Sim PTX: >>> This is a shared memory symbol: _ZN5flash5smem_E size in bytes 0
GPGPU-Sim PTX: >>>>>> Updating operand to use localized dyn shared mem symbol.
GPGPU-Sim PTX: >>> This is a shared memory symbol: _ZN5flash5smem_E size in bytes 0
GPGPU-Sim PTX: >>>>>> Updating operand to use localized dyn shared mem symbol.
GPGPU-Sim PTX: >>> This is a shared memory symbol: _ZN5flash5smem_E size in bytes 0
GPGPU-Sim PTX: >>>>>> Updating operand to use localized dyn shared mem symbol.
GPGPU-Sim PTX: reorder switch function '_ZN5flash16flash_fwd_kernelI23Flash_fwd_kernel_traitsILi128ELi128ELi64ELi4ELb0ELb0EN7cutlass6half_tE19Flash_kernel_traitsILi128ELi128ELi64ELi4ES3_EELb0ELb0ELb0ELb0ELb0ELb1ELb1ELb0EEEvNS_16Flash_fwd_paramsE': segments=172 skipped=0 insts=2929 moved_slots=2200 max_segment=548 edges=2220 slack=0 sass_guided=0 sass_guided_fallback=0 sass_cursor=0/0
  done.
GPGPU-Sim PTX: instruction assembly for function '_ZN5flash16flash_fwd_kernelI23Flash_fwd_kernel_traitsILi128ELi128ELi64ELi4ELb0ELb0EN7cutlass6half_tE19Flash_kernel_traitsILi128ELi128ELi64ELi4ES3_EELb0ELb0ELb0ELb0ELb0ELb1ELb0ELb0EEEvNS_16Flash_fwd_paramsE'... GPGPU-Sim PTX: >>> This is a shared memory symbol: _ZN5flash5smem_E size in bytes 0
GPGPU-Sim PTX: >>>>>> Adding localized dynamic shared memory symbol for _ZN5flash5smem_E
GPGPU-Sim PTX: >>>>>> Updating operand to use localized dyn shared mem symbol.
GPGPU-Sim PTX: >>> This is a shared memory symbol: _ZN5flash5smem_E size in bytes 0
GPGPU-Sim PTX: >>>>>> Updating operand to use localized dyn shared mem symbol.
GPGPU-Sim PTX: >>> This is a shared memory symbol: _ZN5flash5smem_E size in bytes 0
GPGPU-Sim PTX: >>>>>> Updating operand to use localized dyn shared mem symbol.
GPGPU-Sim PTX: >>> This is a shared memory symbol: _ZN5flash5smem_E size in bytes 0
GPGPU-Sim PTX: >>>>>> Updating operand to use localized dyn shared mem symbol.
GPGPU-Sim PTX: >>> This is a shared memory symbol: _ZN5flash5smem_E size in bytes 0
GPGPU-Sim PTX: >>>>>> Updating operand to use localized dyn shared mem symbol.
GPGPU-Sim PTX: >>> This is a shared memory symbol: _ZN5flash5smem_E size in bytes 0
GPGPU-Sim PTX: >>>>>> Updating operand to use localized dyn shared mem symbol.
GPGPU-Sim PTX: >>> This is a shared memory symbol: _ZN5flash5smem_E size in bytes 0
GPGPU-Sim PTX: >>>>>> Updating operand to use localized dyn shared mem symbol.
GPGPU-Sim PTX: >>> This is a shared memory symbol: _ZN5flash5smem_E size in bytes 0
GPGPU-Sim PTX: >>>>>> Updating operand to use localized dyn shared mem symbol.
GPGPU-Sim PTX: >>> This is a shared memory symbol: _ZN5flash5smem_E size in bytes 0
GPGPU-Sim PTX: >>>>>> Updating operand to use localized dyn shared mem symbol.
GPGPU-Sim PTX: >>> This is a shared memory symbol: _ZN5flash5smem_E size in bytes 0
GPGPU-Sim PTX: >>>>>> Updating operand to use localized dyn shared mem symbol.
GPGPU-Sim PTX: >>> This is a shared memory symbol: _ZN5flash5smem_E size in bytes 0
GPGPU-Sim PTX: >>>>>> Updating operand to use localized dyn shared mem symbol.
GPGPU-Sim PTX: >>> This is a shared memory symbol: _ZN5flash5smem_E size in bytes 0
GPGPU-Sim PTX: >>>>>> Updating operand to use localized dyn shared mem symbol.
GPGPU-Sim PTX: >>> This is a shared memory symbol: _ZN5flash5smem_E size in bytes 0
GPGPU-Sim PTX: >>>>>> Updating operand to use localized dyn shared mem symbol.
GPGPU-Sim PTX: >>> This is a shared memory symbol: _ZN5flash5smem_E size in bytes 0
GPGPU-Sim PTX: >>>>>> Updating operand to use localized dyn shared mem symbol.
GPGPU-Sim PTX: reorder switch function '_ZN5flash16flash_fwd_kernelI23Flash_fwd_kernel_traitsILi128ELi128ELi64ELi4ELb0ELb0EN7cutlass6half_tE19Flash_kernel_traitsILi128ELi128ELi64ELi4ES3_EELb0ELb0ELb0ELb0ELb0ELb1ELb0ELb0EEEvNS_16Flash_fwd_paramsE': segments=171 skipped=0 insts=2673 moved_slots=1978 max_segment=548 edges=2028 slack=0 sass_guided=0 sass_guided_fallback=0 sass_cursor=0/0
  done.
GPGPU-Sim PTX: instruction assembly for function '_ZN5flash22compute_attn_1rowblockI23Flash_fwd_kernel_traitsILi128ELi128ELi32ELi4ELb0ELb0EN7cutlass6half_tE19Flash_kernel_traitsILi128ELi128ELi32ELi4ES3_EELb1ELb0ELb1ELb1ELb0ELb0ELb0ELb1ENS_16Flash_fwd_paramsEEEvRKT8_iii'... GPGPU-Sim PTX: >>> This is a shared memory symbol: _ZN5flash5smem_E size in bytes 0
GPGPU-Sim PTX: >>>>>> Adding localized dynamic shared memory symbol for _ZN5flash5smem_E
GPGPU-Sim PTX: >>>>>> Updating operand to use localized dyn shared mem symbol.
GPGPU-Sim PTX: >>> This is a shared memory symbol: _ZN5flash5smem_E size in bytes 0
GPGPU-Sim PTX: >>>>>> Updating operand to use localized dyn shared mem symbol.
GPGPU-Sim PTX: >>> This is a shared memory symbol: _ZN5flash5smem_E size in bytes 0
GPGPU-Sim PTX: >>>>>> Updating operand to use localized dyn shared mem symbol.
GPGPU-Sim PTX: >>> This is a shared memory symbol: _ZN5flash5smem_E size in bytes 0
GPGPU-Sim PTX: >>>>>> Updating operand to use localized dyn shared mem symbol.
GPGPU-Sim PTX: >>> This is a shared memory symbol: _ZN5flash5smem_E size in bytes 0
GPGPU-Sim PTX: >>>>>> Updating operand to use localized dyn shared mem symbol.
GPGPU-Sim PTX: >>> This is a shared memory symbol: _ZN5flash5smem_E size in bytes 0
GPGPU-Sim PTX: >>>>>> Updating operand to use localized dyn shared mem symbol.
GPGPU-Sim PTX: >>> This is a shared memory symbol: _ZN5flash5smem_E size in bytes 0
GPGPU-Sim PTX: >>>>>> Updating operand to use localized dyn shared mem symbol.
GPGPU-Sim PTX: >>> This is a shared memory symbol: _ZN5flash5smem_E size in bytes 0
GPGPU-Sim PTX: >>>>>> Updating operand to use localized dyn shared mem symbol.
GPGPU-Sim PTX: >>> This is a shared memory symbol: _ZN5flash5smem_E size in bytes 0
GPGPU-Sim PTX: >>>>>> Updating operand to use localized dyn shared mem symbol.
GPGPU-Sim PTX: reorder switch function '_ZN5flash22compute_attn_1rowblockI23Flash_fwd_kernel_traitsILi128ELi128ELi32ELi4ELb0ELb0EN7cutlass6half_tE19Flash_kernel_traitsILi128ELi128ELi32ELi4ES3_EELb1ELb0ELb1ELb1ELb0ELb0ELb0ELb1ENS_16Flash_fwd_paramsEEEvRKT8_iii': segments=491 skipped=0 insts=9147 moved_slots=7243 max_segment=430 edges=9260 slack=0 sass_guided=0 sass_guided_fallback=0 sass_cursor=0/0
  done.
GPGPU-Sim PTX: finished parsing EMBEDDED .ptx file fa2_fwd_fp16_test.sm_90a.ptx
GPGPU-Sim PTX: loading globals with explicit initializers... 
GPGPU-Sim PTX: finished loading globals (0 bytes total).
GPGPU-Sim PTX: loading constants with explicit initializers...  done.
GPGPU-Sim PTX DEBUG: ptxinfo selected=fa2_fwd_fp16_test.sm_90a.ptx ptxinfo_filename=fa2_fwd_fp16_test.sm_90a.ptx arch=sm_90a
GPGPU-Sim PTX: Loading PTXInfo from fa2_fwd_fp16_test.sm_90a.ptx
GPGPU-Sim PTX: Kernel '_ZN5flash16flash_fwd_kernelI23Flash_fwd_kernel_traitsILi128ELi128ELi64ELi4ELb0ELb0EN7cutlass6half_tE19Flash_kernel_traitsILi128ELi128ELi64ELi4ES3_EELb0ELb0ELb0ELb0ELb0ELb1ELb0ELb0EEEvNS_16Flash_fwd_paramsE' : regs=1, lmem=0, smem(static)=0, cmem=0
GPGPU-Sim PTX: Binary info : gmem=0, cmem=0
GPGPU-Sim PTX: Kernel '_ZN5flash16flash_fwd_kernelI23Flash_fwd_kernel_traitsILi128ELi128ELi64ELi4ELb0ELb0EN7cutlass6half_tE19Flash_kernel_traitsILi128ELi128ELi64ELi4ES3_EELb0ELb0ELb0ELb0ELb0ELb1ELb1ELb0EEEvNS_16Flash_fwd_paramsE' : regs=1, lmem=0, smem(static)=0, cmem=0
GPGPU-Sim PTX: Binary info : gmem=0, cmem=0
GPGPU-Sim PTX: Kernel '_ZN5flash16flash_fwd_kernelI23Flash_fwd_kernel_traitsILi128ELi128ELi64ELi4ELb0ELb0EN7cutlass6half_tE19Flash_kernel_traitsILi128ELi128ELi64ELi4ES3_EELb0ELb0ELb0ELb0ELb1ELb1ELb0ELb0EEEvNS_16Flash_fwd_paramsE' : regs=1, lmem=0, smem(static)=0, cmem=0
GPGPU-Sim PTX: Binary info : gmem=0, cmem=0
GPGPU-Sim PTX: Kernel '_ZN5flash16flash_fwd_kernelI23Flash_fwd_kernel_traitsILi128ELi128ELi64ELi4ELb0ELb0EN7cutlass6half_tE19Flash_kernel_traitsILi128ELi128ELi64ELi4ES3_EELb0ELb0ELb0ELb0ELb1ELb1ELb1ELb0EEEvNS_16Flash_fwd_paramsE' : regs=1, lmem=0, smem(static)=0, cmem=0
GPGPU-Sim PTX: Binary info : gmem=0, cmem=0
GPGPU-Sim PTX: Kernel '_ZN5flash16flash_fwd_kernelI23Flash_fwd_kernel_traitsILi128ELi128ELi64ELi4ELb0ELb0EN7cutlass6half_tE19Flash_kernel_traitsILi128ELi128ELi64ELi4ES3_EELb0ELb0ELb0ELb0ELb0ELb0ELb0ELb0EEEvNS_16Flash_fwd_paramsE' : regs=1, lmem=0, smem(static)=0, cmem=0
GPGPU-Sim PTX: Binary info : gmem=0, cmem=0
GPGPU-Sim PTX: Kernel '_ZN5flash16flash_fwd_kernelI23Flash_fwd_kernel_traitsILi128ELi128ELi64ELi4ELb0ELb0EN7cutlass6half_tE19Flash_kernel_traitsILi128ELi128ELi64ELi4ES3_EELb0ELb0ELb0ELb0ELb0ELb0ELb1ELb0EEEvNS_16Flash_fwd_paramsE' : regs=1, lmem=0, smem(static)=0, cmem=0
GPGPU-Sim PTX: Binary info : gmem=0, cmem=0
GPGPU-Sim PTX: Kernel '_ZN5flash16flash_fwd_kernelI23Flash_fwd_kernel_traitsILi128ELi128ELi64ELi4ELb0ELb0EN7cutlass6half_tE19Flash_kernel_traitsILi128ELi128ELi64ELi4ES3_EELb0ELb0ELb0ELb1ELb0ELb0ELb0ELb0EEEvNS_16Flash_fwd_paramsE' : regs=1, lmem=0, smem(static)=0, cmem=0
GPGPU-Sim PTX: Binary info : gmem=0, cmem=0
GPGPU-Sim PTX: Kernel '_ZN5flash16flash_fwd_kernelI23Flash_fwd_kernel_traitsILi128ELi128ELi64ELi4ELb0ELb0EN7cutlass6half_tE19Flash_kernel_traitsILi128ELi128ELi64ELi4ES3_EELb0ELb0ELb0ELb1ELb0ELb0ELb1ELb0EEEvNS_16Flash_fwd_paramsE' : regs=1, lmem=0, smem(static)=0, cmem=0
GPGPU-Sim PTX: Binary info : gmem=0, cmem=0
GPGPU-Sim PTX: Kernel '_ZN5flash16flash_fwd_kernelI23Flash_fwd_kernel_traitsILi128ELi128ELi64ELi4ELb0ELb0EN7cutlass6half_tE19Flash_kernel_traitsILi128ELi128ELi64ELi4ES3_EELb0ELb0ELb1ELb0ELb0ELb1ELb0ELb0EEEvNS_16Flash_fwd_paramsE' : regs=1, lmem=0, smem(static)=0, cmem=0
GPGPU-Sim PTX: Binary info : gmem=0, cmem=0
GPGPU-Sim PTX: Kernel '_ZN5flash16flash_fwd_kernelI23Flash_fwd_kernel_traitsILi128ELi128ELi64ELi4ELb0ELb0EN7cutlass6half_tE19Flash_kernel_traitsILi128ELi128ELi64ELi4ES3_EELb0ELb0ELb1ELb0ELb0ELb1ELb1ELb0EEEvNS_16Flash_fwd_paramsE' : regs=1, lmem=0, smem(static)=0, cmem=0
GPGPU-Sim PTX: Binary info : gmem=0, cmem=0
GPGPU-Sim PTX: Kernel '_ZN5flash16flash_fwd_kernelI23Flash_fwd_kernel_traitsILi128ELi128ELi64ELi4ELb0ELb0EN7cutlass6half_tE19Flash_kernel_traitsILi128ELi128ELi64ELi4ES3_EELb0ELb0ELb1ELb0ELb0ELb0ELb0ELb0EEEvNS_16Flash_fwd_paramsE' : regs=1, lmem=0, smem(static)=0, cmem=0
GPGPU-Sim PTX: Binary info : gmem=0, cmem=0
GPGPU-Sim PTX: Kernel '_ZN5flash16flash_fwd_kernelI23Flash_fwd_kernel_traitsILi128ELi128ELi64ELi4ELb0ELb0EN7cutlass6half_tE19Flash_kernel_traitsILi128ELi128ELi64ELi4ES3_EELb0ELb0ELb1ELb0ELb0ELb0ELb1ELb0EEEvNS_16Flash_fwd_paramsE' : regs=1, lmem=0, smem(static)=0, cmem=0
GPGPU-Sim PTX: Binary info : gmem=0, cmem=0
GPGPU-Sim PTX: Kernel '_ZN5flash16flash_fwd_kernelI23Flash_fwd_kernel_traitsILi128ELi128ELi64ELi4ELb0ELb0EN7cutlass6half_tE19Flash_kernel_traitsILi128ELi128ELi64ELi4ES3_EELb0ELb0ELb1ELb1ELb0ELb0ELb0ELb0EEEvNS_16Flash_fwd_paramsE' : regs=1, lmem=0, smem(static)=0, cmem=0
GPGPU-Sim PTX: Binary info : gmem=0, cmem=0
GPGPU-Sim PTX: Kernel '_ZN5flash16flash_fwd_kernelI23Flash_fwd_kernel_traitsILi128ELi128ELi64ELi4ELb0ELb0EN7cutlass6half_tE19Flash_kernel_traitsILi128ELi128ELi64ELi4ES3_EELb0ELb0ELb1ELb1ELb0ELb0ELb1ELb0EEEvNS_16Flash_fwd_paramsE' : regs=1, lmem=0, smem(static)=0, cmem=0
GPGPU-Sim PTX: Binary info : gmem=0, cmem=0
GPGPU-Sim PTX: Kernel '_ZN5flash16flash_fwd_kernelI23Flash_fwd_kernel_traitsILi128ELi128ELi32ELi4ELb0ELb0EN7cutlass6half_tE19Flash_kernel_traitsILi128ELi128ELi32ELi4ES3_EELb0ELb0ELb0ELb0ELb0ELb1ELb0ELb0EEEvNS_16Flash_fwd_paramsE' : regs=1, lmem=0, smem(static)=0, cmem=0
GPGPU-Sim PTX: Binary info : gmem=0, cmem=0
GPGPU-Sim PTX: Kernel '_ZN5flash16flash_fwd_kernelI23Flash_fwd_kernel_traitsILi128ELi128ELi32ELi4ELb0ELb0EN7cutlass6half_tE19Flash_kernel_traitsILi128ELi128ELi32ELi4ES3_EELb0ELb0ELb0ELb0ELb1ELb1ELb0ELb0EEEvNS_16Flash_fwd_paramsE' : regs=1, lmem=0, smem(static)=0, cmem=0
GPGPU-Sim PTX: Binary info : gmem=0, cmem=0
GPGPU-Sim PTX: Kernel '_ZN5flash16flash_fwd_kernelI23Flash_fwd_kernel_traitsILi128ELi128ELi32ELi4ELb0ELb0EN7cutlass6half_tE19Flash_kernel_traitsILi128ELi128ELi32ELi4ES3_EELb0ELb0ELb0ELb0ELb0ELb0ELb0ELb0EEEvNS_16Flash_fwd_paramsE' : regs=1, lmem=0, smem(static)=0, cmem=0
GPGPU-Sim PTX: Binary info : gmem=0, cmem=0
GPGPU-Sim PTX: Kernel '_ZN5flash16flash_fwd_kernelI23Flash_fwd_kernel_traitsILi128ELi128ELi32ELi4ELb0ELb0EN7cutlass6half_tE19Flash_kernel_traitsILi128ELi128ELi32ELi4ES3_EELb0ELb0ELb0ELb1ELb0ELb0ELb0ELb0EEEvNS_16Flash_fwd_paramsE' : regs=1, lmem=0, smem(static)=0, cmem=0
GPGPU-Sim PTX: Binary info : gmem=0, cmem=0
GPGPU-Sim PTX: Kernel '_ZN5flash16flash_fwd_kernelI23Flash_fwd_kernel_traitsILi128ELi128ELi32ELi4ELb0ELb0EN7cutlass6half_tE19Flash_kernel_traitsILi128ELi128ELi32ELi4ES3_EELb0ELb0ELb1ELb0ELb0ELb1ELb0ELb0EEEvNS_16Flash_fwd_paramsE' : regs=1, lmem=0, smem(static)=0, cmem=0
GPGPU-Sim PTX: Binary info : gmem=0, cmem=0
GPGPU-Sim PTX: Kernel '_ZN5flash16flash_fwd_kernelI23Flash_fwd_kernel_traitsILi128ELi128ELi32ELi4ELb0ELb0EN7cutlass6half_tE19Flash_kernel_traitsILi128ELi128ELi32ELi4ES3_EELb0ELb0ELb1ELb0ELb0ELb0ELb0ELb0EEEvNS_16Flash_fwd_paramsE' : regs=1, lmem=0, smem(static)=0, cmem=0
GPGPU-Sim PTX: Binary info : gmem=0, cmem=0
GPGPU-Sim PTX: Kernel '_ZN5flash16flash_fwd_kernelI23Flash_fwd_kernel_traitsILi128ELi128ELi32ELi4ELb0ELb0EN7cutlass6half_tE19Flash_kernel_traitsILi128ELi128ELi32ELi4ES3_EELb0ELb0ELb1ELb1ELb0ELb0ELb0ELb0EEEvNS_16Flash_fwd_paramsE' : regs=1, lmem=0, smem(static)=0, cmem=0
GPGPU-Sim PTX: Binary info : gmem=0, cmem=0
GPGPU-Sim PTX: Kernel '_ZN5flash16flash_fwd_kernelI23Flash_fwd_kernel_traitsILi128ELi128ELi32ELi4ELb0ELb0EN7cutlass6half_tE19Flash_kernel_traitsILi128ELi128ELi32ELi4ES3_EELb1ELb0ELb0ELb0ELb0ELb1ELb0ELb0EEEvNS_16Flash_fwd_paramsE' : regs=1, lmem=0, smem(static)=0, cmem=0
GPGPU-Sim PTX: Binary info : gmem=0, cmem=0
GPGPU-Sim PTX: Kernel '_ZN5flash16flash_fwd_kernelI23Flash_fwd_kernel_traitsILi128ELi128ELi32ELi4ELb0ELb0EN7cutlass6half_tE19Flash_kernel_traitsILi128ELi128ELi32ELi4ES3_EELb0ELb0ELb0ELb0ELb0ELb1ELb1ELb0EEEvNS_16Flash_fwd_paramsE' : regs=1, lmem=0, smem(static)=0, cmem=0
GPGPU-Sim PTX: Binary info : gmem=0, cmem=0
GPGPU-Sim PTX: Kernel '_ZN5flash16flash_fwd_kernelI23Flash_fwd_kernel_traitsILi128ELi128ELi32ELi4ELb0ELb0EN7cutlass6half_tE19Flash_kernel_traitsILi128ELi128ELi32ELi4ES3_EELb1ELb0ELb0ELb0ELb0ELb0ELb0ELb0EEEvNS_16Flash_fwd_paramsE' : regs=1, lmem=0, smem(static)=0, cmem=0
GPGPU-Sim PTX: Binary info : gmem=0, cmem=0
GPGPU-Sim PTX: Kernel '_ZN5flash16flash_fwd_kernelI23Flash_fwd_kernel_traitsILi128ELi128ELi32ELi4ELb0ELb0EN7cutlass6half_tE19Flash_kernel_traitsILi128ELi128ELi32ELi4ES3_EELb1ELb0ELb1ELb0ELb0ELb0ELb0ELb0EEEvNS_16Flash_fwd_paramsE' : regs=1, lmem=0, smem(static)=0, cmem=0
GPGPU-Sim PTX: Binary info : gmem=0, cmem=0
GPGPU-Sim PTX: Kernel '_ZN5flash16flash_fwd_kernelI23Flash_fwd_kernel_traitsILi128ELi128ELi32ELi4ELb0ELb0EN7cutlass6half_tE19Flash_kernel_traitsILi128ELi128ELi32ELi4ES3_EELb1ELb0ELb0ELb0ELb1ELb1ELb0ELb0EEEvNS_16Flash_fwd_paramsE' : regs=1, lmem=0, smem(static)=0, cmem=0
GPGPU-Sim PTX: Binary info : gmem=0, cmem=0
GPGPU-Sim PTX: Kernel '_ZN5flash16flash_fwd_kernelI23Flash_fwd_kernel_traitsILi128ELi128ELi32ELi4ELb0ELb0EN7cutlass6half_tE19Flash_kernel_traitsILi128ELi128ELi32ELi4ES3_EELb0ELb0ELb0ELb0ELb1ELb1ELb1ELb0EEEvNS_16Flash_fwd_paramsE' : regs=1, lmem=0, smem(static)=0, cmem=0
GPGPU-Sim PTX: Binary info : gmem=0, cmem=0
GPGPU-Sim PTX: Kernel '_ZN5flash16flash_fwd_kernelI23Flash_fwd_kernel_traitsILi128ELi128ELi32ELi4ELb0ELb0EN7cutlass6half_tE19Flash_kernel_traitsILi128ELi128ELi32ELi4ES3_EELb1ELb0ELb0ELb1ELb0ELb0ELb0ELb0EEEvNS_16Flash_fwd_paramsE' : regs=1, lmem=0, smem(static)=0, cmem=0
GPGPU-Sim PTX: Binary info : gmem=0, cmem=0
GPGPU-Sim PTX: Kernel '_ZN5flash16flash_fwd_kernelI23Flash_fwd_kernel_traitsILi128ELi128ELi32ELi4ELb0ELb0EN7cutlass6half_tE19Flash_kernel_traitsILi128ELi128ELi32ELi4ES3_EELb1ELb0ELb0ELb0ELb0ELb0ELb0ELb1EEEvNS_16Flash_fwd_paramsE' : regs=1, lmem=0, smem(static)=0, cmem=0
GPGPU-Sim PTX: Binary info : gmem=0, cmem=0
GPGPU-Sim PTX: Kernel '_ZN5flash16flash_fwd_kernelI23Flash_fwd_kernel_traitsILi128ELi128ELi32ELi4ELb0ELb0EN7cutlass6half_tE19Flash_kernel_traitsILi128ELi128ELi32ELi4ES3_EELb0ELb0ELb0ELb0ELb0ELb0ELb1ELb0EEEvNS_16Flash_fwd_paramsE' : regs=1, lmem=0, smem(static)=0, cmem=0
GPGPU-Sim PTX: Binary info : gmem=0, cmem=0
GPGPU-Sim PTX: Kernel '_ZN5flash16flash_fwd_kernelI23Flash_fwd_kernel_traitsILi128ELi128ELi32ELi4ELb0ELb0EN7cutlass6half_tE19Flash_kernel_traitsILi128ELi128ELi32ELi4ES3_EELb1ELb0ELb0ELb1ELb0ELb0ELb0ELb1EEEvNS_16Flash_fwd_paramsE' : regs=1, lmem=0, smem(static)=0, cmem=0
GPGPU-Sim PTX: Binary info : gmem=0, cmem=0
GPGPU-Sim PTX: Kernel '_ZN5flash16flash_fwd_kernelI23Flash_fwd_kernel_traitsILi128ELi128ELi32ELi4ELb0ELb0EN7cutlass6half_tE19Flash_kernel_traitsILi128ELi128ELi32ELi4ES3_EELb0ELb0ELb0ELb1ELb0ELb0ELb1ELb0EEEvNS_16Flash_fwd_paramsE' : regs=1, lmem=0, smem(static)=0, cmem=0
GPGPU-Sim PTX: Binary info : gmem=0, cmem=0
GPGPU-Sim PTX: Kernel '_ZN5flash16flash_fwd_kernelI23Flash_fwd_kernel_traitsILi128ELi128ELi32ELi4ELb0ELb0EN7cutlass6half_tE19Flash_kernel_traitsILi128ELi128ELi32ELi4ES3_EELb1ELb0ELb1ELb0ELb0ELb1ELb0ELb0EEEvNS_16Flash_fwd_paramsE' : regs=1, lmem=0, smem(static)=0, cmem=0
GPGPU-Sim PTX: Binary info : gmem=0, cmem=0
GPGPU-Sim PTX: Kernel '_ZN5flash16flash_fwd_kernelI23Flash_fwd_kernel_traitsILi128ELi128ELi32ELi4ELb0ELb0EN7cutlass6half_tE19Flash_kernel_traitsILi128ELi128ELi32ELi4ES3_EELb0ELb0ELb1ELb0ELb0ELb1ELb1ELb0EEEvNS_16Flash_fwd_paramsE' : regs=1, lmem=0, smem(static)=0, cmem=0
GPGPU-Sim PTX: Binary info : gmem=0, cmem=0
GPGPU-Sim PTX: Kernel '_ZN5flash16flash_fwd_kernelI23Flash_fwd_kernel_traitsILi128ELi128ELi32ELi4ELb0ELb0EN7cutlass6half_tE19Flash_kernel_traitsILi128ELi128ELi32ELi4ES3_EELb1ELb0ELb1ELb1ELb0ELb0ELb0ELb0EEEvNS_16Flash_fwd_paramsE' : regs=1, lmem=0, smem(static)=0, cmem=0
GPGPU-Sim PTX: Binary info : gmem=0, cmem=0
GPGPU-Sim PTX: Kernel '_ZN5flash16flash_fwd_kernelI23Flash_fwd_kernel_traitsILi128ELi128ELi32ELi4ELb0ELb0EN7cutlass6half_tE19Flash_kernel_traitsILi128ELi128ELi32ELi4ES3_EELb1ELb0ELb1ELb0ELb0ELb0ELb0ELb1EEEvNS_16Flash_fwd_paramsE' : regs=1, lmem=0, smem(static)=0, cmem=0
GPGPU-Sim PTX: Binary info : gmem=0, cmem=0
GPGPU-Sim PTX: Kernel '_ZN5flash16flash_fwd_kernelI23Flash_fwd_kernel_traitsILi128ELi128ELi32ELi4ELb0ELb0EN7cutlass6half_tE19Flash_kernel_traitsILi128ELi128ELi32ELi4ES3_EELb0ELb0ELb1ELb0ELb0ELb0ELb1ELb0EEEvNS_16Flash_fwd_paramsE' : regs=1, lmem=0, smem(static)=0, cmem=0
GPGPU-Sim PTX: Binary info : gmem=0, cmem=0
GPGPU-Sim PTX: Kernel '_ZN5flash16flash_fwd_kernelI23Flash_fwd_kernel_traitsILi128ELi128ELi32ELi4ELb0ELb0EN7cutlass6half_tE19Flash_kernel_traitsILi128ELi128ELi32ELi4ES3_EELb1ELb0ELb1ELb1ELb0ELb0ELb0ELb1EEEvNS_16Flash_fwd_paramsE' : regs=1, lmem=0, smem(static)=0, cmem=0
GPGPU-Sim PTX: Binary info : gmem=0, cmem=0
GPGPU-Sim PTX: Kernel '_ZN5flash16flash_fwd_kernelI23Flash_fwd_kernel_traitsILi128ELi128ELi32ELi4ELb0ELb0EN7cutlass6half_tE19Flash_kernel_traitsILi128ELi128ELi32ELi4ES3_EELb0ELb0ELb1ELb1ELb0ELb0ELb1ELb0EEEvNS_16Flash_fwd_paramsE' : regs=1, lmem=0, smem(static)=0, cmem=0
GPGPU-Sim PTX: Binary info : gmem=0, cmem=0
GPGPU-Sim PTX: __cudaRegisterFunction _ZN5flash16flash_fwd_kernelI23Flash_fwd_kernel_traitsILi128ELi128ELi64ELi4ELb0ELb0EN7cutlass6half_tE19Flash_kernel_traitsILi128ELi128ELi64ELi4ES3_EELb0ELb0ELb0ELb0ELb0ELb1ELb1ELb0EEEvNS_16Flash_fwd_paramsE : hostFun 0x0x5632df211e60, fat_cubin_handle = 1
GPGPU-Sim PTX: __cudaRegisterFunction _ZN5flash16flash_fwd_kernelI23Flash_fwd_kernel_traitsILi128ELi128ELi64ELi4ELb0ELb0EN7cutlass6half_tE19Flash_kernel_traitsILi128ELi128ELi64ELi4ES3_EELb0ELb0ELb0ELb0ELb1ELb1ELb0ELb0EEEvNS_16Flash_fwd_paramsE : hostFun 0x0x5632df211db0, fat_cubin_handle = 1
GPGPU-Sim PTX: __cudaRegisterFunction _ZN5flash16flash_fwd_kernelI23Flash_fwd_kernel_traitsILi128ELi128ELi64ELi4ELb0ELb0EN7cutlass6half_tE19Flash_kernel_traitsILi128ELi128ELi64ELi4ES3_EELb0ELb0ELb0ELb0ELb1ELb1ELb1ELb0EEEvNS_16Flash_fwd_paramsE : hostFun 0x0x5632df211d00, fat_cubin_handle = 1
GPGPU-Sim PTX: __cudaRegisterFunction _ZN5flash16flash_fwd_kernelI23Flash_fwd_kernel_traitsILi128ELi128ELi64ELi4ELb0ELb0EN7cutlass6half_tE19Flash_kernel_traitsILi128ELi128ELi64ELi4ES3_EELb0ELb0ELb0ELb0ELb0ELb0ELb0ELb0EEEvNS_16Flash_fwd_paramsE : hostFun 0x0x5632df211c50, fat_cubin_handle = 1
GPGPU-Sim PTX: __cudaRegisterFunction _ZN5flash16flash_fwd_kernelI23Flash_fwd_kernel_traitsILi128ELi128ELi64ELi4ELb0ELb0EN7cutlass6half_tE19Flash_kernel_traitsILi128ELi128ELi64ELi4ES3_EELb0ELb0ELb0ELb0ELb0ELb0ELb1ELb0EEEvNS_16Flash_fwd_paramsE : hostFun 0x0x5632df211ba0, fat_cubin_handle = 1
GPGPU-Sim PTX: __cudaRegisterFunction _ZN5flash16flash_fwd_kernelI23Flash_fwd_kernel_traitsILi128ELi128ELi64ELi4ELb0ELb0EN7cutlass6half_tE19Flash_kernel_traitsILi128ELi128ELi64ELi4ES3_EELb0ELb0ELb0ELb1ELb0ELb0ELb0ELb0EEEvNS_16Flash_fwd_paramsE : hostFun 0x0x5632df211af0, fat_cubin_handle = 1
GPGPU-Sim PTX: __cudaRegisterFunction _ZN5flash16flash_fwd_kernelI23Flash_fwd_kernel_traitsILi128ELi128ELi64ELi4ELb0ELb0EN7cutlass6half_tE19Flash_kernel_traitsILi128ELi128ELi64ELi4ES3_EELb0ELb0ELb0ELb1ELb0ELb0ELb1ELb0EEEvNS_16Flash_fwd_paramsE : hostFun 0x0x5632df211a40, fat_cubin_handle = 1
GPGPU-Sim PTX: __cudaRegisterFunction _ZN5flash16flash_fwd_kernelI23Flash_fwd_kernel_traitsILi128ELi128ELi64ELi4ELb0ELb0EN7cutlass6half_tE19Flash_kernel_traitsILi128ELi128ELi64ELi4ES3_EELb0ELb0ELb1ELb0ELb0ELb1ELb0ELb0EEEvNS_16Flash_fwd_paramsE : hostFun 0x0x5632df211990, fat_cubin_handle = 1
GPGPU-Sim PTX: __cudaRegisterFunction _ZN5flash16flash_fwd_kernelI23Flash_fwd_kernel_traitsILi128ELi128ELi64ELi4ELb0ELb0EN7cutlass6half_tE19Flash_kernel_traitsILi128ELi128ELi64ELi4ES3_EELb0ELb0ELb1ELb0ELb0ELb1ELb1ELb0EEEvNS_16Flash_fwd_paramsE : hostFun 0x0x5632df2118e0, fat_cubin_handle = 1
GPGPU-Sim PTX: __cudaRegisterFunction _ZN5flash16flash_fwd_kernelI23Flash_fwd_kernel_traitsILi128ELi128ELi64ELi4ELb0ELb0EN7cutlass6half_tE19Flash_kernel_traitsILi128ELi128ELi64ELi4ES3_EELb0ELb0ELb1ELb0ELb0ELb0ELb0ELb0EEEvNS_16Flash_fwd_paramsE : hostFun 0x0x5632df211830, fat_cubin_handle = 1
GPGPU-Sim PTX: __cudaRegisterFunction _ZN5flash16flash_fwd_kernelI23Flash_fwd_kernel_traitsILi128ELi128ELi64ELi4ELb0ELb0EN7cutlass6half_tE19Flash_kernel_traitsILi128ELi128ELi64ELi4ES3_EELb0ELb0ELb1ELb0ELb0ELb0ELb1ELb0EEEvNS_16Flash_fwd_paramsE : hostFun 0x0x5632df211780, fat_cubin_handle = 1
GPGPU-Sim PTX: __cudaRegisterFunction _ZN5flash16flash_fwd_kernelI23Flash_fwd_kernel_traitsILi128ELi128ELi64ELi4ELb0ELb0EN7cutlass6half_tE19Flash_kernel_traitsILi128ELi128ELi64ELi4ES3_EELb0ELb0ELb1ELb1ELb0ELb0ELb0ELb0EEEvNS_16Flash_fwd_paramsE : hostFun 0x0x5632df2116d0, fat_cubin_handle = 1
GPGPU-Sim PTX: __cudaRegisterFunction _ZN5flash16flash_fwd_kernelI23Flash_fwd_kernel_traitsILi128ELi128ELi64ELi4ELb0ELb0EN7cutlass6half_tE19Flash_kernel_traitsILi128ELi128ELi64ELi4ES3_EELb0ELb0ELb1ELb1ELb0ELb0ELb1ELb0EEEvNS_16Flash_fwd_paramsE : hostFun 0x0x5632df211620, fat_cubin_handle = 1
GPGPU-Sim PTX: __cudaRegisterFunction _ZN5flash16flash_fwd_kernelI23Flash_fwd_kernel_traitsILi128ELi128ELi32ELi4ELb0ELb0EN7cutlass6half_tE19Flash_kernel_traitsILi128ELi128ELi32ELi4ES3_EELb0ELb0ELb0ELb0ELb0ELb1ELb0ELb0EEEvNS_16Flash_fwd_paramsE : hostFun 0x0x5632df211570, fat_cubin_handle = 1
GPGPU-Sim PTX: __cudaRegisterFunction _ZN5flash16flash_fwd_kernelI23Flash_fwd_kernel_traitsILi128ELi128ELi32ELi4ELb0ELb0EN7cutlass6half_tE19Flash_kernel_traitsILi128ELi128ELi32ELi4ES3_EELb0ELb0ELb0ELb0ELb1ELb1ELb0ELb0EEEvNS_16Flash_fwd_paramsE : hostFun 0x0x5632df2114c0, fat_cubin_handle = 1
GPGPU-Sim PTX: __cudaRegisterFunction _ZN5flash16flash_fwd_kernelI23Flash_fwd_kernel_traitsILi128ELi128ELi32ELi4ELb0ELb0EN7cutlass6half_tE19Flash_kernel_traitsILi128ELi128ELi32ELi4ES3_EELb0ELb0ELb0ELb0ELb0ELb0ELb0ELb0EEEvNS_16Flash_fwd_paramsE : hostFun 0x0x5632df211410, fat_cubin_handle = 1
GPGPU-Sim PTX: __cudaRegisterFunction _ZN5flash16flash_fwd_kernelI23Flash_fwd_kernel_traitsILi128ELi128ELi32ELi4ELb0ELb0EN7cutlass6half_tE19Flash_kernel_traitsILi128ELi128ELi32ELi4ES3_EELb0ELb0ELb0ELb1ELb0ELb0ELb0ELb0EEEvNS_16Flash_fwd_paramsE : hostFun 0x0x5632df211360, fat_cubin_handle = 1
GPGPU-Sim PTX: __cudaRegisterFunction _ZN5flash16flash_fwd_kernelI23Flash_fwd_kernel_traitsILi128ELi128ELi32ELi4ELb0ELb0EN7cutlass6half_tE19Flash_kernel_traitsILi128ELi128ELi32ELi4ES3_EELb0ELb0ELb1ELb0ELb0ELb1ELb0ELb0EEEvNS_16Flash_fwd_paramsE : hostFun 0x0x5632df2112b0, fat_cubin_handle = 1
GPGPU-Sim PTX: __cudaRegisterFunction _ZN5flash16flash_fwd_kernelI23Flash_fwd_kernel_traitsILi128ELi128ELi32ELi4ELb0ELb0EN7cutlass6half_tE19Flash_kernel_traitsILi128ELi128ELi32ELi4ES3_EELb0ELb0ELb1ELb0ELb0ELb0ELb0ELb0EEEvNS_16Flash_fwd_paramsE : hostFun 0x0x5632df211200, fat_cubin_handle = 1
GPGPU-Sim PTX: __cudaRegisterFunction _ZN5flash16flash_fwd_kernelI23Flash_fwd_kernel_traitsILi128ELi128ELi32ELi4ELb0ELb0EN7cutlass6half_tE19Flash_kernel_traitsILi128ELi128ELi32ELi4ES3_EELb0ELb0ELb1ELb1ELb0ELb0ELb0ELb0EEEvNS_16Flash_fwd_paramsE : hostFun 0x0x5632df211150, fat_cubin_handle = 1
GPGPU-Sim PTX: __cudaRegisterFunction _ZN5flash16flash_fwd_kernelI23Flash_fwd_kernel_traitsILi128ELi128ELi32ELi4ELb0ELb0EN7cutlass6half_tE19Flash_kernel_traitsILi128ELi128ELi32ELi4ES3_EELb1ELb0ELb0ELb0ELb0ELb1ELb0ELb0EEEvNS_16Flash_fwd_paramsE : hostFun 0x0x5632df2110a0, fat_cubin_handle = 1
GPGPU-Sim PTX: __cudaRegisterFunction _ZN5flash16flash_fwd_kernelI23Flash_fwd_kernel_traitsILi128ELi128ELi32ELi4ELb0ELb0EN7cutlass6half_tE19Flash_kernel_traitsILi128ELi128ELi32ELi4ES3_EELb0ELb0ELb0ELb0ELb0ELb1ELb1ELb0EEEvNS_16Flash_fwd_paramsE : hostFun 0x0x5632df210ff0, fat_cubin_handle = 1
GPGPU-Sim PTX: __cudaRegisterFunction _ZN5flash16flash_fwd_kernelI23Flash_fwd_kernel_traitsILi128ELi128ELi32ELi4ELb0ELb0EN7cutlass6half_tE19Flash_kernel_traitsILi128ELi128ELi32ELi4ES3_EELb1ELb0ELb0ELb0ELb0ELb0ELb0ELb0EEEvNS_16Flash_fwd_paramsE : hostFun 0x0x5632df210f40, fat_cubin_handle = 1
GPGPU-Sim PTX: __cudaRegisterFunction _ZN5flash16flash_fwd_kernelI23Flash_fwd_kernel_traitsILi128ELi128ELi32ELi4ELb0ELb0EN7cutlass6half_tE19Flash_kernel_traitsILi128ELi128ELi32ELi4ES3_EELb1ELb0ELb1ELb0ELb0ELb0ELb0ELb0EEEvNS_16Flash_fwd_paramsE : hostFun 0x0x5632df210e90, fat_cubin_handle = 1
GPGPU-Sim PTX: __cudaRegisterFunction _ZN5flash16flash_fwd_kernelI23Flash_fwd_kernel_traitsILi128ELi128ELi32ELi4ELb0ELb0EN7cutlass6half_tE19Flash_kernel_traitsILi128ELi128ELi32ELi4ES3_EELb1ELb0ELb0ELb0ELb1ELb1ELb0ELb0EEEvNS_16Flash_fwd_paramsE : hostFun 0x0x5632df210de0, fat_cubin_handle = 1
GPGPU-Sim PTX: __cudaRegisterFunction _ZN5flash16flash_fwd_kernelI23Flash_fwd_kernel_traitsILi128ELi128ELi32ELi4ELb0ELb0EN7cutlass6half_tE19Flash_kernel_traitsILi128ELi128ELi32ELi4ES3_EELb0ELb0ELb0ELb0ELb1ELb1ELb1ELb0EEEvNS_16Flash_fwd_paramsE : hostFun 0x0x5632df210d30, fat_cubin_handle = 1
GPGPU-Sim PTX: __cudaRegisterFunction _ZN5flash16flash_fwd_kernelI23Flash_fwd_kernel_traitsILi128ELi128ELi32ELi4ELb0ELb0EN7cutlass6half_tE19Flash_kernel_traitsILi128ELi128ELi32ELi4ES3_EELb1ELb0ELb0ELb1ELb0ELb0ELb0ELb0EEEvNS_16Flash_fwd_paramsE : hostFun 0x0x5632df212490, fat_cubin_handle = 1
GPGPU-Sim PTX: __cudaRegisterFunction _ZN5flash16flash_fwd_kernelI23Flash_fwd_kernel_traitsILi128ELi128ELi32ELi4ELb0ELb0EN7cutlass6half_tE19Flash_kernel_traitsILi128ELi128ELi32ELi4ES3_EELb1ELb0ELb0ELb0ELb0ELb0ELb0ELb1EEEvNS_16Flash_fwd_paramsE : hostFun 0x0x5632df2123e0, fat_cubin_handle = 1
GPGPU-Sim PTX: __cudaRegisterFunction _ZN5flash16flash_fwd_kernelI23Flash_fwd_kernel_traitsILi128ELi128ELi32ELi4ELb0ELb0EN7cutlass6half_tE19Flash_kernel_traitsILi128ELi128ELi32ELi4ES3_EELb0ELb0ELb0ELb0ELb0ELb0ELb1ELb0EEEvNS_16Flash_fwd_paramsE : hostFun 0x0x5632df212330, fat_cubin_handle = 1
GPGPU-Sim PTX: __cudaRegisterFunction _ZN5flash16flash_fwd_kernelI23Flash_fwd_kernel_traitsILi128ELi128ELi32ELi4ELb0ELb0EN7cutlass6half_tE19Flash_kernel_traitsILi128ELi128ELi32ELi4ES3_EELb1ELb0ELb0ELb1ELb0ELb0ELb0ELb1EEEvNS_16Flash_fwd_paramsE : hostFun 0x0x5632df212280, fat_cubin_handle = 1
GPGPU-Sim PTX: __cudaRegisterFunction _ZN5flash16flash_fwd_kernelI23Flash_fwd_kernel_traitsILi128ELi128ELi32ELi4ELb0ELb0EN7cutlass6half_tE19Flash_kernel_traitsILi128ELi128ELi32ELi4ES3_EELb0ELb0ELb0ELb1ELb0ELb0ELb1ELb0EEEvNS_16Flash_fwd_paramsE : hostFun 0x0x5632df2121d0, fat_cubin_handle = 1
GPGPU-Sim PTX: __cudaRegisterFunction _ZN5flash16flash_fwd_kernelI23Flash_fwd_kernel_traitsILi128ELi128ELi32ELi4ELb0ELb0EN7cutlass6half_tE19Flash_kernel_traitsILi128ELi128ELi32ELi4ES3_EELb1ELb0ELb1ELb0ELb0ELb1ELb0ELb0EEEvNS_16Flash_fwd_paramsE : hostFun 0x0x5632df212120, fat_cubin_handle = 1
GPGPU-Sim PTX: __cudaRegisterFunction _ZN5flash16flash_fwd_kernelI23Flash_fwd_kernel_traitsILi128ELi128ELi32ELi4ELb0ELb0EN7cutlass6half_tE19Flash_kernel_traitsILi128ELi128ELi32ELi4ES3_EELb0ELb0ELb1ELb0ELb0ELb1ELb1ELb0EEEvNS_16Flash_fwd_paramsE : hostFun 0x0x5632df212070, fat_cubin_handle = 1
GPGPU-Sim PTX: __cudaRegisterFunction _ZN5flash16flash_fwd_kernelI23Flash_fwd_kernel_traitsILi128ELi128ELi32ELi4ELb0ELb0EN7cutlass6half_tE19Flash_kernel_traitsILi128ELi128ELi32ELi4ES3_EELb1ELb0ELb1ELb1ELb0ELb0ELb0ELb0EEEvNS_16Flash_fwd_paramsE : hostFun 0x0x5632df211fc0, fat_cubin_handle = 1
GPGPU-Sim PTX: __cudaRegisterFunction _ZN5flash16flash_fwd_kernelI23Flash_fwd_kernel_traitsILi128ELi128ELi32ELi4ELb0ELb0EN7cutlass6half_tE19Flash_kernel_traitsILi128ELi128ELi32ELi4ES3_EELb1ELb0ELb1ELb0ELb0ELb0ELb0ELb1EEEvNS_16Flash_fwd_paramsE : hostFun 0x0x5632df2125f0, fat_cubin_handle = 1
GPGPU-Sim PTX: __cudaRegisterFunction _ZN5flash16flash_fwd_kernelI23Flash_fwd_kernel_traitsILi128ELi128ELi32ELi4ELb0ELb0EN7cutlass6half_tE19Flash_kernel_traitsILi128ELi128ELi32ELi4ES3_EELb0ELb0ELb1ELb0ELb0ELb0ELb1ELb0EEEvNS_16Flash_fwd_paramsE : hostFun 0x0x5632df212540, fat_cubin_handle = 1
GPGPU-Sim PTX: __cudaRegisterFunction _ZN5flash16flash_fwd_kernelI23Flash_fwd_kernel_traitsILi128ELi128ELi32ELi4ELb0ELb0EN7cutlass6half_tE19Flash_kernel_traitsILi128ELi128ELi32ELi4ES3_EELb1ELb0ELb1ELb1ELb0ELb0ELb0ELb1EEEvNS_16Flash_fwd_paramsE : hostFun 0x0x5632df2126a0, fat_cubin_handle = 1
GPGPU-Sim PTX: __cudaRegisterFunction _ZN5flash16flash_fwd_kernelI23Flash_fwd_kernel_traitsILi128ELi128ELi32ELi4ELb0ELb0EN7cutlass6half_tE19Flash_kernel_traitsILi128ELi128ELi32ELi4ES3_EELb0ELb0ELb1ELb1ELb0ELb0ELb1ELb0EEEvNS_16Flash_fwd_paramsE : hostFun 0x0x5632df210c80, fat_cubin_handle = 1
Running main() from gtest/googletest/src/gtest_main.cc
Note: Google Test filter = Fa2PrefillFp16SmallTest.H16D128FullB32S256
[==========] Running 1 test from 1 test suite.
[----------] Global test environment set-up.
[----------] 1 test from Fa2PrefillFp16SmallTest
[ RUN      ] Fa2PrefillFp16SmallTest.H16D128FullB32S256
GPGPU-Sim PTX: Execution warning: ignoring call to "cudaError_t cudaFuncSetAttribute(const void*, cudaFuncAttribute, int) ( func=0x5632df211db0, attr=8, value=65536 )"
GPGPU-Sim PTX: Setting up arguments for 472 bytes starting at 0x7ffc89c99440..

GPGPU-Sim PTX: cudaLaunch for 0x0x5632df211db0 (mode=performance simulation) on stream 0
>>>>> Binding parameter _ZN5flash16flash_fwd_kernelI23Flash_fwd_kernel_traitsILi128ELi128ELi64ELi4ELb0ELb0EN7cutlass6half_tE19Flash_kernel_traitsILi128ELi128ELi64ELi4ES3_EELb0ELb0ELb0ELb0ELb1ELb1ELb0ELb0EEEvNS_16Flash_fwd_paramsE argn=0 scratchpad_memory_param=0
GPGPU-Sim PTX: Setting up dynamic shared memory: size=65536 bytes
GPGPU-Sim PTX: Allocating local dyn shared mem symbol _ZN5flash5smem_E from 0x0 to 0x10000 (size 65536)
GPGPU-Sim PTX: Kernel '_ZN5flash16flash_fwd_kernelI23Flash_fwd_kernel_traitsILi128ELi128ELi64ELi4ELb0ELb0EN7cutlass6half_tE19Flash_kernel_traitsILi128ELi128ELi64ELi4ES3_EELb0ELb0ELb0ELb0ELb1ELb1ELb0ELb0EEEvNS_16Flash_fwd_paramsE' : smem(static)=0, smem(dynamic)=65536, total_smem=65536
GPGPU-Sim PTX: finding reconvergence points for '_ZN5flash16flash_fwd_kernelI23Flash_fwd_kernel_traitsILi128ELi128ELi64ELi4ELb0ELb0EN7cutlass6half_tE19Flash_kernel_traitsILi128ELi128ELi64ELi4ES3_EELb0ELb0ELb0ELb0ELb1ELb1ELb0ELb0EEEvNS_16Flash_fwd_paramsE'...
GPGPU-Sim PTX: Finding dominators for '_ZN5flash16flash_fwd_kernelI23Flash_fwd_kernel_traitsILi128ELi128ELi64ELi4ELb0ELb0EN7cutlass6half_tE19Flash_kernel_traitsILi128ELi128ELi64ELi4ES3_EELb0ELb0ELb0ELb0ELb1ELb1ELb0ELb0EEEvNS_16Flash_fwd_paramsE'...
GPGPU-Sim PTX: Finding immediate dominators for '_ZN5flash16flash_fwd_kernelI23Flash_fwd_kernel_traitsILi128ELi128ELi64ELi4ELb0ELb0EN7cutlass6half_tE19Flash_kernel_traitsILi128ELi128ELi64ELi4ES3_EELb0ELb0ELb0ELb0ELb1ELb1ELb0ELb0EEEvNS_16Flash_fwd_paramsE'...
GPGPU-Sim PTX: Finding postdominators for '_ZN5flash16flash_fwd_kernelI23Flash_fwd_kernel_traitsILi128ELi128ELi64ELi4ELb0ELb0EN7cutlass6half_tE19Flash_kernel_traitsILi128ELi128ELi64ELi4ES3_EELb0ELb0ELb0ELb0ELb1ELb1ELb0ELb0EEEvNS_16Flash_fwd_paramsE'...
GPGPU-Sim PTX: Finding immediate postdominators for '_ZN5flash16flash_fwd_kernelI23Flash_fwd_kernel_traitsILi128ELi128ELi64ELi4ELb0ELb0EN7cutlass6half_tE19Flash_kernel_traitsILi128ELi128ELi64ELi4ES3_EELb0ELb0ELb0ELb0ELb1ELb1ELb0ELb0EEEvNS_16Flash_fwd_paramsE'...
GPGPU-Sim PTX: pre-decoding instructions for '_ZN5flash16flash_fwd_kernelI23Flash_fwd_kernel_traitsILi128ELi128ELi64ELi4ELb0ELb0EN7cutlass6half_tE19Flash_kernel_traitsILi128ELi128ELi64ELi4ES3_EELb0ELb0ELb0ELb0ELb1ELb1ELb0ELb0EEEvNS_16Flash_fwd_paramsE'...
GPGPU-Sim PTX: reconvergence points for _ZN5flash16flash_fwd_kernelI23Flash_fwd_kernel_traitsILi128ELi128ELi64ELi4ELb0ELb0EN7cutlass6half_tE19Flash_kernel_traitsILi128ELi128ELi64ELi4ES3_EELb0ELb0ELb0ELb0ELb1ELb1ELb0ELb0EEEvNS_16Flash_fwd_paramsE...
GPGPU-Sim PTX:  1 (potential) branch divergence @  PC=0x155570 (fa2_fwd_fp16_test.sm_90a.ptx:396772) @%p2 bra $L__BB36_2;
GPGPU-Sim PTX:    immediate post dominator      @  PC=0x155598 (fa2_fwd_fp16_test.sm_90a.ptx:396781) ld.param.u64 %rd4, [%rd1+68];
GPGPU-Sim PTX:  2 (potential) branch divergence @  PC=0x1555a8 (fa2_fwd_fp16_test.sm_90a.ptx:396783) @%p3 bra $L__BB36_4;
GPGPU-Sim PTX:    immediate post dominator      @  PC=0x155618 (fa2_fwd_fp16_test.sm_90a.ptx:396807) shl.b32 %r106, %r1, 7;
GPGPU-Sim PTX:  3 (potential) branch divergence @  PC=0x1555d8 (fa2_fwd_fp16_test.sm_90a.ptx:396790) bra.uni $L__BB36_5;
GPGPU-Sim PTX:    immediate post dominator      @  PC=0x155618 (fa2_fwd_fp16_test.sm_90a.ptx:396807) shl.b32 %r106, %r1, 7;
GPGPU-Sim PTX:  4 (potential) branch divergence @  PC=0x155628 (fa2_fwd_fp16_test.sm_90a.ptx:396809) @%p5 bra $L__BB36_36;
GPGPU-Sim PTX:    immediate post dominator      @  PC=0x15a6c0 (fa2_fwd_fp16_test.sm_90a.ptx:403518) ret;
GPGPU-Sim PTX:  5 (potential) branch divergence @  PC=0x1564e0 (fa2_fwd_fp16_test.sm_90a.ptx:398565) @%p10 bra $L__BB36_8;
GPGPU-Sim PTX:    immediate post dominator      @  PC=0x156598 (fa2_fwd_fp16_test.sm_90a.ptx:398646) ld.param.f32 %f65, [%rd1+40];
GPGPU-Sim PTX:  6 (potential) branch divergence @  PC=0x1577f0 (fa2_fwd_fp16_test.sm_90a.ptx:399978) @%p10 bra $L__BB36_13;
GPGPU-Sim PTX:    immediate post dominator      @  PC=0x1595c8 (fa2_fwd_fp16_test.sm_90a.ptx:402370) mov.b64 %rd268, _ZN5flash16flash_fwd_kernelI23Flash_fwd_kernel_traitsILi128ELi128ELi64ELi4ELb0ELb0EN7cutlass6half_tE19Flash_kernel_traitsILi128ELi128ELi64ELi4ES3_EELb0ELb0ELb0ELb0ELb1ELb1ELb0ELb0EEEvNS_16Flash_fwd_paramsE_param_0;
GPGPU-Sim PTX:  7 (potential) branch divergence @  PC=0x157eb8 (fa2_fwd_fp16_test.sm_90a.ptx:400862) @%p24 bra $L__BB36_11;
GPGPU-Sim PTX:    immediate post dominator      @  PC=0x157f80 (fa2_fwd_fp16_test.sm_90a.ptx:400964) max.ftz.f32 %f5279, %f5848, %f4063;
GPGPU-Sim PTX:  8 (potential) branch divergence @  PC=0x157ec0 (fa2_fwd_fp16_test.sm_90a.ptx:400863) bra.uni $L__BB36_12;
GPGPU-Sim PTX:    immediate post dominator      @  PC=0x157f80 (fa2_fwd_fp16_test.sm_90a.ptx:400964) max.ftz.f32 %f5279, %f5848, %f4063;
GPGPU-Sim PTX:  9 (potential) branch divergence @  PC=0x1595c0 (fa2_fwd_fp16_test.sm_90a.ptx:402366) @%p24 bra $L__BB36_10;
GPGPU-Sim PTX:    immediate post dominator      @  PC=0x1595c8 (fa2_fwd_fp16_test.sm_90a.ptx:402370) mov.b64 %rd268, _ZN5flash16flash_fwd_kernelI23Flash_fwd_kernel_traitsILi128ELi128ELi64ELi4ELb0ELb0EN7cutlass6half_tE19Flash_kernel_traitsILi128ELi128ELi64ELi4ES3_EELb0ELb0ELb0ELb0ELb1ELb1ELb0ELb0EEEvNS_16Flash_fwd_paramsE_param_0;
GPGPU-Sim PTX: 10 (potential) branch divergence @  PC=0x159720 (fa2_fwd_fp16_test.sm_90a.ptx:402448) @%p46 bra $L__BB36_15;
GPGPU-Sim PTX:    immediate post dominator      @  PC=0x159748 (fa2_fwd_fp16_test.sm_90a.ptx:402458) mul.ftz.f32 %f683, %f5982, %f5991;
GPGPU-Sim PTX: 11 (potential) branch divergence @  PC=0x159850 (fa2_fwd_fp16_test.sm_90a.ptx:402492) @%p47 bra $L__BB36_17;
GPGPU-Sim PTX:    immediate post dominator      @  PC=0x159878 (fa2_fwd_fp16_test.sm_90a.ptx:402536) mov.f32 %f5998, 0f7F800000;
GPGPU-Sim PTX: 12 (potential) branch divergence @  PC=0x1599a0 (fa2_fwd_fp16_test.sm_90a.ptx:402540) @%p48 bra $L__BB36_19;
GPGPU-Sim PTX:    immediate post dominator      @  PC=0x1599c8 (fa2_fwd_fp16_test.sm_90a.ptx:402550) mul.ftz.f32 %f755, %f5978, %f5995;
GPGPU-Sim PTX: 13 (potential) branch divergence @  PC=0x159ad0 (fa2_fwd_fp16_test.sm_90a.ptx:402584) @%p49 bra $L__BB36_21;
GPGPU-Sim PTX:    immediate post dominator      @  PC=0x159af8 (fa2_fwd_fp16_test.sm_90a.ptx:402606) mov.u32 %r4380, %tid.x;
GPGPU-Sim PTX: 14 (potential) branch divergence @  PC=0x15a1b8 (fa2_fwd_fp16_test.sm_90a.ptx:403176) @%p56 bra $L__BB36_23;
GPGPU-Sim PTX:    immediate post dominator      @  PC=0x15a1e8 (fa2_fwd_fp16_test.sm_90a.ptx:403190) mov.b64 %rd270, _ZN5flash16flash_fwd_kernelI23Flash_fwd_kernel_traitsILi128ELi128ELi64ELi4ELb0ELb0EN7cutlass6half_tE19Flash_kernel_traitsILi128ELi128ELi64ELi4ES3_EELb0ELb0ELb0ELb0ELb1ELb1ELb0ELb0EEEvNS_16Flash_fwd_paramsE_param_0;
GPGPU-Sim PTX: 15 (potential) branch divergence @  PC=0x15a208 (fa2_fwd_fp16_test.sm_90a.ptx:403198) @%p58 bra $L__BB36_25;
GPGPU-Sim PTX:    immediate post dominator      @  PC=0x15a278 (fa2_fwd_fp16_test.sm_90a.ptx:403228) mov.u32 %r4383, %ctaid.y;
GPGPU-Sim PTX: 16 (potential) branch divergence @  PC=0x15a238 (fa2_fwd_fp16_test.sm_90a.ptx:403208) bra.uni $L__BB36_26;
GPGPU-Sim PTX:    immediate post dominator      @  PC=0x15a278 (fa2_fwd_fp16_test.sm_90a.ptx:403228) mov.u32 %r4383, %ctaid.y;
GPGPU-Sim PTX: 17 (potential) branch divergence @  PC=0x15a370 (fa2_fwd_fp16_test.sm_90a.ptx:403297) @%p60 bra $L__BB36_35;
GPGPU-Sim PTX:    immediate post dominator      @  PC=0x15a530 (fa2_fwd_fp16_test.sm_90a.ptx:403431) mov.u32 %r4396, %tid.x;
GPGPU-Sim PTX: 18 (potential) branch divergence @  PC=0x15a420 (fa2_fwd_fp16_test.sm_90a.ptx:403346) @%p61 bra $L__BB36_29;
GPGPU-Sim PTX:    immediate post dominator      @  PC=0x15a458 (fa2_fwd_fp16_test.sm_90a.ptx:403375) add.s32 %r97, %r95, 8;
GPGPU-Sim PTX: 19 (potential) branch divergence @  PC=0x15a468 (fa2_fwd_fp16_test.sm_90a.ptx:403378) @%p62 bra $L__BB36_31;
GPGPU-Sim PTX:    immediate post dominator      @  PC=0x15a4a0 (fa2_fwd_fp16_test.sm_90a.ptx:403397) add.s32 %r98, %r95, 64;
GPGPU-Sim PTX: 20 (potential) branch divergence @  PC=0x15a4b0 (fa2_fwd_fp16_test.sm_90a.ptx:403400) @%p63 bra $L__BB36_33;
GPGPU-Sim PTX:    immediate post dominator      @  PC=0x15a4e8 (fa2_fwd_fp16_test.sm_90a.ptx:403414) add.s32 %r99, %r95, 72;
GPGPU-Sim PTX: 21 (potential) branch divergence @  PC=0x15a4f8 (fa2_fwd_fp16_test.sm_90a.ptx:403417) @%p64 bra $L__BB36_35;
GPGPU-Sim PTX:    immediate post dominator      @  PC=0x15a530 (fa2_fwd_fp16_test.sm_90a.ptx:403431) mov.u32 %r4396, %tid.x;
GPGPU-Sim PTX: ... end of reconvergence points for _ZN5flash16flash_fwd_kernelI23Flash_fwd_kernel_traitsILi128ELi128ELi64ELi4ELb0ELb0EN7cutlass6half_tE19Flash_kernel_traitsILi128ELi128ELi64ELi4ES3_EELb0ELb0ELb0ELb0ELb1ELb1ELb0ELb0EEEvNS_16Flash_fwd_paramsE
GPGPU-Sim PTX: ... done pre-decoding instructions for '_ZN5flash16flash_fwd_kernelI23Flash_fwd_kernel_traitsILi128ELi128ELi64ELi4ELb0ELb0EN7cutlass6half_tE19Flash_kernel_traitsILi128ELi128ELi64ELi4ES3_EELb0ELb0ELb0ELb0ELb1ELb1ELb0ELb0EEEvNS_16Flash_fwd_paramsE'.
GPGPU-Sim PTX: pushing kernel '_ZN5flash16flash_fwd_kernelI23Flash_fwd_kernel_traitsILi128ELi128ELi64ELi4ELb0ELb0EN7cutlass6half_tE19Flash_kernel_traitsILi128ELi128ELi64ELi4ES3_EELb0ELb0ELb0ELb0ELb1ELb1ELb0ELb0EEEvNS_16Flash_fwd_paramsE' to stream 0, gridDim= (2,32,16) blockDim = (128,1,1) 
GPGPU-Sim uArch: Shader 0 bind to kernel 1 '_ZN5flash16flash_fwd_kernelI23Flash_fwd_kernel_traitsILi128ELi128ELi64ELi4ELb0ELb0EN7cutlass6half_tE19Flash_kernel_traitsILi128ELi128ELi64ELi4ES3_EELb0ELb0ELb0ELb0ELb1ELb1ELb0ELb0EEEvNS_16Flash_fwd_paramsE'
GPGPU-Sim uArch: CTA/core = 2, limited by: shmem
GPGPU-Sim: Reconfigure L1 cache to 124KB
GPGPU-Sim uArch: Shader 1 bind to kernel 1 '_ZN5flash16flash_fwd_kernelI23Flash_fwd_kernel_traitsILi128ELi128ELi64ELi4ELb0ELb0EN7cutlass6half_tE19Flash_kernel_traitsILi128ELi128ELi64ELi4ES3_EELb0ELb0ELb0ELb0ELb1ELb1ELb0ELb0EEEvNS_16Flash_fwd_paramsE'
GPGPU-Sim uArch: Shader 2 bind to kernel 1 '_ZN5flash16flash_fwd_kernelI23Flash_fwd_kernel_traitsILi128ELi128ELi64ELi4ELb0ELb0EN7cutlass6half_tE19Flash_kernel_traitsILi128ELi128ELi64ELi4ES3_EELb0ELb0ELb0ELb0ELb1ELb1ELb0ELb0EEEvNS_16Flash_fwd_paramsE'
GPGPU-Sim uArch: Shader 3 bind to kernel 1 '_ZN5flash16flash_fwd_kernelI23Flash_fwd_kernel_traitsILi128ELi128ELi64ELi4ELb0ELb0EN7cutlass6half_tE19Flash_kernel_traitsILi128ELi128ELi64ELi4ES3_EELb0ELb0ELb0ELb0ELb1ELb1ELb0ELb0EEEvNS_16Flash_fwd_paramsE'
GPGPU-Sim uArch: Shader 4 bind to kernel 1 '_ZN5flash16flash_fwd_kernelI23Flash_fwd_kernel_traitsILi128ELi128ELi64ELi4ELb0ELb0EN7cutlass6half_tE19Flash_kernel_traitsILi128ELi128ELi64ELi4ES3_EELb0ELb0ELb0ELb0ELb1ELb1ELb0ELb0EEEvNS_16Flash_fwd_paramsE'
GPGPU-Sim uArch: Shader 5 bind to kernel 1 '_ZN5flash16flash_fwd_kernelI23Flash_fwd_kernel_traitsILi128ELi128ELi64ELi4ELb0ELb0EN7cutlass6half_tE19Flash_kernel_traitsILi128ELi128ELi64ELi4ES3_EELb0ELb0ELb0ELb0ELb1ELb1ELb0ELb0EEEvNS_16Flash_fwd_paramsE'
GPGPU-Sim uArch: Shader 6 bind to kernel 1 '_ZN5flash16flash_fwd_kernelI23Flash_fwd_kernel_traitsILi128ELi128ELi64ELi4ELb0ELb0EN7cutlass6half_tE19Flash_kernel_traitsILi128ELi128ELi64ELi4ES3_EELb0ELb0ELb0ELb0ELb1ELb1ELb0ELb0EEEvNS_16Flash_fwd_paramsE'
GPGPU-Sim uArch: Shader 7 bind to kernel 1 '_ZN5flash16flash_fwd_kernelI23Flash_fwd_kernel_traitsILi128ELi128ELi64ELi4ELb0ELb0EN7cutlass6half_tE19Flash_kernel_traitsILi128ELi128ELi64ELi4ES3_EELb0ELb0ELb0ELb0ELb1ELb1ELb0ELb0EEEvNS_16Flash_fwd_paramsE'
GPGPU-Sim uArch: Shader 8 bind to kernel 1 '_ZN5flash16flash_fwd_kernelI23Flash_fwd_kernel_traitsILi128ELi128ELi64ELi4ELb0ELb0EN7cutlass6half_tE19Flash_kernel_traitsILi128ELi128ELi64ELi4ES3_EELb0ELb0ELb0ELb0ELb1ELb1ELb0ELb0EEEvNS_16Flash_fwd_paramsE'
GPGPU-Sim uArch: Shader 9 bind to kernel 1 '_ZN5flash16flash_fwd_kernelI23Flash_fwd_kernel_traitsILi128ELi128ELi64ELi4ELb0ELb0EN7cutlass6half_tE19Flash_kernel_traitsILi128ELi128ELi64ELi4ES3_EELb0ELb0ELb0ELb0ELb1ELb1ELb0ELb0EEEvNS_16Flash_fwd_paramsE'
GPGPU-Sim uArch: Shader 10 bind to kernel 1 '_ZN5flash16flash_fwd_kernelI23Flash_fwd_kernel_traitsILi128ELi128ELi64ELi4ELb0ELb0EN7cutlass6half_tE19Flash_kernel_traitsILi128ELi128ELi64ELi4ES3_EELb0ELb0ELb0ELb0ELb1ELb1ELb0ELb0EEEvNS_16Flash_fwd_paramsE'
GPGPU-Sim uArch: Shader 11 bind to kernel 1 '_ZN5flash16flash_fwd_kernelI23Flash_fwd_kernel_traitsILi128ELi128ELi64ELi4ELb0ELb0EN7cutlass6half_tE19Flash_kernel_traitsILi128ELi128ELi64ELi4ES3_EELb0ELb0ELb0ELb0ELb1ELb1ELb0ELb0EEEvNS_16Flash_fwd_paramsE'
GPGPU-Sim uArch: Shader 12 bind to kernel 1 '_ZN5flash16flash_fwd_kernelI23Flash_fwd_kernel_traitsILi128ELi128ELi64ELi4ELb0ELb0EN7cutlass6half_tE19Flash_kernel_traitsILi128ELi128ELi64ELi4ES3_EELb0ELb0ELb0ELb0ELb1ELb1ELb0ELb0EEEvNS_16Flash_fwd_paramsE'
GPGPU-Sim uArch: Shader 13 bind to kernel 1 '_ZN5flash16flash_fwd_kernelI23Flash_fwd_kernel_traitsILi128ELi128ELi64ELi4ELb0ELb0EN7cutlass6half_tE19Flash_kernel_traitsILi128ELi128ELi64ELi4ES3_EELb0ELb0ELb0ELb0ELb1ELb1ELb0ELb0EEEvNS_16Flash_fwd_paramsE'
GPGPU-Sim uArch: Shader 14 bind to kernel 1 '_ZN5flash16flash_fwd_kernelI23Flash_fwd_kernel_traitsILi128ELi128ELi64ELi4ELb0ELb0EN7cutlass6half_tE19Flash_kernel_traitsILi128ELi128ELi64ELi4ES3_EELb0ELb0ELb0ELb0ELb1ELb1ELb0ELb0EEEvNS_16Flash_fwd_paramsE'
GPGPU-Sim uArch: Shader 15 bind to kernel 1 '_ZN5flash16flash_fwd_kernelI23Flash_fwd_kernel_traitsILi128ELi128ELi64ELi4ELb0ELb0EN7cutlass6half_tE19Flash_kernel_traitsILi128ELi128ELi64ELi4ES3_EELb0ELb0ELb0ELb0ELb1ELb1ELb0ELb0EEEvNS_16Flash_fwd_paramsE'
GPGPU-Sim uArch: Shader 16 bind to kernel 1 '_ZN5flash16flash_fwd_kernelI23Flash_fwd_kernel_traitsILi128ELi128ELi64ELi4ELb0ELb0EN7cutlass6half_tE19Flash_kernel_traitsILi128ELi128ELi64ELi4ES3_EELb0ELb0ELb0ELb0ELb1ELb1ELb0ELb0EEEvNS_16Flash_fwd_paramsE'
GPGPU-Sim uArch: Shader 17 bind to kernel 1 '_ZN5flash16flash_fwd_kernelI23Flash_fwd_kernel_traitsILi128ELi128ELi64ELi4ELb0ELb0EN7cutlass6half_tE19Flash_kernel_traitsILi128ELi128ELi64ELi4ES3_EELb0ELb0ELb0ELb0ELb1ELb1ELb0ELb0EEEvNS_16Flash_fwd_paramsE'
GPGPU-Sim uArch: Shader 18 bind to kernel 1 '_ZN5flash16flash_fwd_kernelI23Flash_fwd_kernel_traitsILi128ELi128ELi64ELi4ELb0ELb0EN7cutlass6half_tE19Flash_kernel_traitsILi128ELi128ELi64ELi4ES3_EELb0ELb0ELb0ELb0ELb1ELb1ELb0ELb0EEEvNS_16Flash_fwd_paramsE'
GPGPU-Sim uArch: Shader 19 bind to kernel 1 '_ZN5flash16flash_fwd_kernelI23Flash_fwd_kernel_traitsILi128ELi128ELi64ELi4ELb0ELb0EN7cutlass6half_tE19Flash_kernel_traitsILi128ELi128ELi64ELi4ES3_EELb0ELb0ELb0ELb0ELb1ELb1ELb0ELb0EEEvNS_16Flash_fwd_paramsE'
GPGPU-Sim uArch: Shader 20 bind to kernel 1 '_ZN5flash16flash_fwd_kernelI23Flash_fwd_kernel_traitsILi128ELi128ELi64ELi4ELb0ELb0EN7cutlass6half_tE19Flash_kernel_traitsILi128ELi128ELi64ELi4ES3_EELb0ELb0ELb0ELb0ELb1ELb1ELb0ELb0EEEvNS_16Flash_fwd_paramsE'
GPGPU-Sim uArch: Shader 21 bind to kernel 1 '_ZN5flash16flash_fwd_kernelI23Flash_fwd_kernel_traitsILi128ELi128ELi64ELi4ELb0ELb0EN7cutlass6half_tE19Flash_kernel_traitsILi128ELi128ELi64ELi4ES3_EELb0ELb0ELb0ELb0ELb1ELb1ELb0ELb0EEEvNS_16Flash_fwd_paramsE'
GPGPU-Sim uArch: Shader 22 bind to kernel 1 '_ZN5flash16flash_fwd_kernelI23Flash_fwd_kernel_traitsILi128ELi128ELi64ELi4ELb0ELb0EN7cutlass6half_tE19Flash_kernel_traitsILi128ELi128ELi64ELi4ES3_EELb0ELb0ELb0ELb0ELb1ELb1ELb0ELb0EEEvNS_16Flash_fwd_paramsE'
GPGPU-Sim uArch: Shader 23 bind to kernel 1 '_ZN5flash16flash_fwd_kernelI23Flash_fwd_kernel_traitsILi128ELi128ELi64ELi4ELb0ELb0EN7cutlass6half_tE19Flash_kernel_traitsILi128ELi128ELi64ELi4ES3_EELb0ELb0ELb0ELb0ELb1ELb1ELb0ELb0EEEvNS_16Flash_fwd_paramsE'
GPGPU-Sim uArch: Shader 24 bind to kernel 1 '_ZN5flash16flash_fwd_kernelI23Flash_fwd_kernel_traitsILi128ELi128ELi64ELi4ELb0ELb0EN7cutlass6half_tE19Flash_kernel_traitsILi128ELi128ELi64ELi4ES3_EELb0ELb0ELb0ELb0ELb1ELb1ELb0ELb0EEEvNS_16Flash_fwd_paramsE'
GPGPU-Sim uArch: Shader 25 bind to kernel 1 '_ZN5flash16flash_fwd_kernelI23Flash_fwd_kernel_traitsILi128ELi128ELi64ELi4ELb0ELb0EN7cutlass6half_tE19Flash_kernel_traitsILi128ELi128ELi64ELi4ES3_EELb0ELb0ELb0ELb0ELb1ELb1ELb0ELb0EEEvNS_16Flash_fwd_paramsE'
GPGPU-Sim uArch: Shader 26 bind to kernel 1 '_ZN5flash16flash_fwd_kernelI23Flash_fwd_kernel_traitsILi128ELi128ELi64ELi4ELb0ELb0EN7cutlass6half_tE19Flash_kernel_traitsILi128ELi128ELi64ELi4ES3_EELb0ELb0ELb0ELb0ELb1ELb1ELb0ELb0EEEvNS_16Flash_fwd_paramsE'
GPGPU-Sim uArch: Shader 27 bind to kernel 1 '_ZN5flash16flash_fwd_kernelI23Flash_fwd_kernel_traitsILi128ELi128ELi64ELi4ELb0ELb0EN7cutlass6half_tE19Flash_kernel_traitsILi128ELi128ELi64ELi4ES3_EELb0ELb0ELb0ELb0ELb1ELb1ELb0ELb0EEEvNS_16Flash_fwd_paramsE'
GPGPU-Sim uArch: Shader 28 bind to kernel 1 '_ZN5flash16flash_fwd_kernelI23Flash_fwd_kernel_traitsILi128ELi128ELi64ELi4ELb0ELb0EN7cutlass6half_tE19Flash_kernel_traitsILi128ELi128ELi64ELi4ES3_EELb0ELb0ELb0ELb0ELb1ELb1ELb0ELb0EEEvNS_16Flash_fwd_paramsE'
GPGPU-Sim uArch: Shader 29 bind to kernel 1 '_ZN5flash16flash_fwd_kernelI23Flash_fwd_kernel_traitsILi128ELi128ELi64ELi4ELb0ELb0EN7cutlass6half_tE19Flash_kernel_traitsILi128ELi128ELi64ELi4ES3_EELb0ELb0ELb0ELb0ELb1ELb1ELb0ELb0EEEvNS_16Flash_fwd_paramsE'
GPGPU-Sim uArch: Shader 30 bind to kernel 1 '_ZN5flash16flash_fwd_kernelI23Flash_fwd_kernel_traitsILi128ELi128ELi64ELi4ELb0ELb0EN7cutlass6half_tE19Flash_kernel_traitsILi128ELi128ELi64ELi4ES3_EELb0ELb0ELb0ELb0ELb1ELb1ELb0ELb0EEEvNS_16Flash_fwd_paramsE'
GPGPU-Sim uArch: Shader 31 bind to kernel 1 '_ZN5flash16flash_fwd_kernelI23Flash_fwd_kernel_traitsILi128ELi128ELi64ELi4ELb0ELb0EN7cutlass6half_tE19Flash_kernel_traitsILi128ELi128ELi64ELi4ES3_EELb0ELb0ELb0ELb0ELb1ELb1ELb0ELb0EEEvNS_16Flash_fwd_paramsE'
GPGPU-Sim uArch: Shader 32 bind to kernel 1 '_ZN5flash16flash_fwd_kernelI23Flash_fwd_kernel_traitsILi128ELi128ELi64ELi4ELb0ELb0EN7cutlass6half_tE19Flash_kernel_traitsILi128ELi128ELi64ELi4ES3_EELb0ELb0ELb0ELb0ELb1ELb1ELb0ELb0EEEvNS_16Flash_fwd_paramsE'
GPGPU-Sim uArch: Shader 33 bind to kernel 1 '_ZN5flash16flash_fwd_kernelI23Flash_fwd_kernel_traitsILi128ELi128ELi64ELi4ELb0ELb0EN7cutlass6half_tE19Flash_kernel_traitsILi128ELi128ELi64ELi4ES3_EELb0ELb0ELb0ELb0ELb1ELb1ELb0ELb0EEEvNS_16Flash_fwd_paramsE'
GPGPU-Sim uArch: Shader 34 bind to kernel 1 '_ZN5flash16flash_fwd_kernelI23Flash_fwd_kernel_traitsILi128ELi128ELi64ELi4ELb0ELb0EN7cutlass6half_tE19Flash_kernel_traitsILi128ELi128ELi64ELi4ES3_EELb0ELb0ELb0ELb0ELb1ELb1ELb0ELb0EEEvNS_16Flash_fwd_paramsE'
GPGPU-Sim uArch: Shader 35 bind to kernel 1 '_ZN5flash16flash_fwd_kernelI23Flash_fwd_kernel_traitsILi128ELi128ELi64ELi4ELb0ELb0EN7cutlass6half_tE19Flash_kernel_traitsILi128ELi128ELi64ELi4ES3_EELb0ELb0ELb0ELb0ELb1ELb1ELb0ELb0EEEvNS_16Flash_fwd_paramsE'
GPGPU-Sim uArch: Shader 36 bind to kernel 1 '_ZN5flash16flash_fwd_kernelI23Flash_fwd_kernel_traitsILi128ELi128ELi64ELi4ELb0ELb0EN7cutlass6half_tE19Flash_kernel_traitsILi128ELi128ELi64ELi4ES3_EELb0ELb0ELb0ELb0ELb1ELb1ELb0ELb0EEEvNS_16Flash_fwd_paramsE'
GPGPU-Sim uArch: Shader 37 bind to kernel 1 '_ZN5flash16flash_fwd_kernelI23Flash_fwd_kernel_traitsILi128ELi128ELi64ELi4ELb0ELb0EN7cutlass6half_tE19Flash_kernel_traitsILi128ELi128ELi64ELi4ES3_EELb0ELb0ELb0ELb0ELb1ELb1ELb0ELb0EEEvNS_16Flash_fwd_paramsE'
GPGPU-Sim uArch: Shader 38 bind to kernel 1 '_ZN5flash16flash_fwd_kernelI23Flash_fwd_kernel_traitsILi128ELi128ELi64ELi4ELb0ELb0EN7cutlass6half_tE19Flash_kernel_traitsILi128ELi128ELi64ELi4ES3_EELb0ELb0ELb0ELb0ELb1ELb1ELb0ELb0EEEvNS_16Flash_fwd_paramsE'
GPGPU-Sim uArch: Shader 39 bind to kernel 1 '_ZN5flash16flash_fwd_kernelI23Flash_fwd_kernel_traitsILi128ELi128ELi64ELi4ELb0ELb0EN7cutlass6half_tE19Flash_kernel_traitsILi128ELi128ELi64ELi4ES3_EELb0ELb0ELb0ELb0ELb1ELb1ELb0ELb0EEEvNS_16Flash_fwd_paramsE'
GPGPU-Sim uArch: Shader 40 bind to kernel 1 '_ZN5flash16flash_fwd_kernelI23Flash_fwd_kernel_traitsILi128ELi128ELi64ELi4ELb0ELb0EN7cutlass6half_tE19Flash_kernel_traitsILi128ELi128ELi64ELi4ES3_EELb0ELb0ELb0ELb0ELb1ELb1ELb0ELb0EEEvNS_16Flash_fwd_paramsE'
GPGPU-Sim uArch: Shader 41 bind to kernel 1 '_ZN5flash16flash_fwd_kernelI23Flash_fwd_kernel_traitsILi128ELi128ELi64ELi4ELb0ELb0EN7cutlass6half_tE19Flash_kernel_traitsILi128ELi128ELi64ELi4ES3_EELb0ELb0ELb0ELb0ELb1ELb1ELb0ELb0EEEvNS_16Flash_fwd_paramsE'
GPGPU-Sim uArch: Shader 42 bind to kernel 1 '_ZN5flash16flash_fwd_kernelI23Flash_fwd_kernel_traitsILi128ELi128ELi64ELi4ELb0ELb0EN7cutlass6half_tE19Flash_kernel_traitsILi128ELi128ELi64ELi4ES3_EELb0ELb0ELb0ELb0ELb1ELb1ELb0ELb0EEEvNS_16Flash_fwd_paramsE'
GPGPU-Sim uArch: Shader 43 bind to kernel 1 '_ZN5flash16flash_fwd_kernelI23Flash_fwd_kernel_traitsILi128ELi128ELi64ELi4ELb0ELb0EN7cutlass6half_tE19Flash_kernel_traitsILi128ELi128ELi64ELi4ES3_EELb0ELb0ELb0ELb0ELb1ELb1ELb0ELb0EEEvNS_16Flash_fwd_paramsE'
GPGPU-Sim uArch: Shader 44 bind to kernel 1 '_ZN5flash16flash_fwd_kernelI23Flash_fwd_kernel_traitsILi128ELi128ELi64ELi4ELb0ELb0EN7cutlass6half_tE19Flash_kernel_traitsILi128ELi128ELi64ELi4ES3_EELb0ELb0ELb0ELb0ELb1ELb1ELb0ELb0EEEvNS_16Flash_fwd_paramsE'
GPGPU-Sim uArch: Shader 45 bind to kernel 1 '_ZN5flash16flash_fwd_kernelI23Flash_fwd_kernel_traitsILi128ELi128ELi64ELi4ELb0ELb0EN7cutlass6half_tE19Flash_kernel_traitsILi128ELi128ELi64ELi4ES3_EELb0ELb0ELb0ELb0ELb1ELb1ELb0ELb0EEEvNS_16Flash_fwd_paramsE'
GPGPU-Sim uArch: Shader 46 bind to kernel 1 '_ZN5flash16flash_fwd_kernelI23Flash_fwd_kernel_traitsILi128ELi128ELi64ELi4ELb0ELb0EN7cutlass6half_tE19Flash_kernel_traitsILi128ELi128ELi64ELi4ES3_EELb0ELb0ELb0ELb0ELb1ELb1ELb0ELb0EEEvNS_16Flash_fwd_paramsE'
GPGPU-Sim uArch: Shader 47 bind to kernel 1 '_ZN5flash16flash_fwd_kernelI23Flash_fwd_kernel_traitsILi128ELi128ELi64ELi4ELb0ELb0EN7cutlass6half_tE19Flash_kernel_traitsILi128ELi128ELi64ELi4ES3_EELb0ELb0ELb0ELb0ELb1ELb1ELb0ELb0EEEvNS_16Flash_fwd_paramsE'
GPGPU-Sim uArch: Shader 48 bind to kernel 1 '_ZN5flash16flash_fwd_kernelI23Flash_fwd_kernel_traitsILi128ELi128ELi64ELi4ELb0ELb0EN7cutlass6half_tE19Flash_kernel_traitsILi128ELi128ELi64ELi4ES3_EELb0ELb0ELb0ELb0ELb1ELb1ELb0ELb0EEEvNS_16Flash_fwd_paramsE'
GPGPU-Sim uArch: Shader 49 bind to kernel 1 '_ZN5flash16flash_fwd_kernelI23Flash_fwd_kernel_traitsILi128ELi128ELi64ELi4ELb0ELb0EN7cutlass6half_tE19Flash_kernel_traitsILi128ELi128ELi64ELi4ES3_EELb0ELb0ELb0ELb0ELb1ELb1ELb0ELb0EEEvNS_16Flash_fwd_paramsE'
GPGPU-Sim uArch: Shader 50 bind to kernel 1 '_ZN5flash16flash_fwd_kernelI23Flash_fwd_kernel_traitsILi128ELi128ELi64ELi4ELb0ELb0EN7cutlass6half_tE19Flash_kernel_traitsILi128ELi128ELi64ELi4ES3_EELb0ELb0ELb0ELb0ELb1ELb1ELb0ELb0EEEvNS_16Flash_fwd_paramsE'
GPGPU-Sim uArch: Shader 51 bind to kernel 1 '_ZN5flash16flash_fwd_kernelI23Flash_fwd_kernel_traitsILi128ELi128ELi64ELi4ELb0ELb0EN7cutlass6half_tE19Flash_kernel_traitsILi128ELi128ELi64ELi4ES3_EELb0ELb0ELb0ELb0ELb1ELb1ELb0ELb0EEEvNS_16Flash_fwd_paramsE'
GPGPU-Sim uArch: Shader 52 bind to kernel 1 '_ZN5flash16flash_fwd_kernelI23Flash_fwd_kernel_traitsILi128ELi128ELi64ELi4ELb0ELb0EN7cutlass6half_tE19Flash_kernel_traitsILi128ELi128ELi64ELi4ES3_EELb0ELb0ELb0ELb0ELb1ELb1ELb0ELb0EEEvNS_16Flash_fwd_paramsE'
GPGPU-Sim uArch: Shader 53 bind to kernel 1 '_ZN5flash16flash_fwd_kernelI23Flash_fwd_kernel_traitsILi128ELi128ELi64ELi4ELb0ELb0EN7cutlass6half_tE19Flash_kernel_traitsILi128ELi128ELi64ELi4ES3_EELb0ELb0ELb0ELb0ELb1ELb1ELb0ELb0EEEvNS_16Flash_fwd_paramsE'
GPGPU-Sim uArch: Shader 54 bind to kernel 1 '_ZN5flash16flash_fwd_kernelI23Flash_fwd_kernel_traitsILi128ELi128ELi64ELi4ELb0ELb0EN7cutlass6half_tE19Flash_kernel_traitsILi128ELi128ELi64ELi4ES3_EELb0ELb0ELb0ELb0ELb1ELb1ELb0ELb0EEEvNS_16Flash_fwd_paramsE'
GPGPU-Sim uArch: Shader 55 bind to kernel 1 '_ZN5flash16flash_fwd_kernelI23Flash_fwd_kernel_traitsILi128ELi128ELi64ELi4ELb0ELb0EN7cutlass6half_tE19Flash_kernel_traitsILi128ELi128ELi64ELi4ES3_EELb0ELb0ELb0ELb0ELb1ELb1ELb0ELb0EEEvNS_16Flash_fwd_paramsE'
GPGPU-Sim uArch: Shader 56 bind to kernel 1 '_ZN5flash16flash_fwd_kernelI23Flash_fwd_kernel_traitsILi128ELi128ELi64ELi4ELb0ELb0EN7cutlass6half_tE19Flash_kernel_traitsILi128ELi128ELi64ELi4ES3_EELb0ELb0ELb0ELb0ELb1ELb1ELb0ELb0EEEvNS_16Flash_fwd_paramsE'
GPGPU-Sim uArch: Shader 57 bind to kernel 1 '_ZN5flash16flash_fwd_kernelI23Flash_fwd_kernel_traitsILi128ELi128ELi64ELi4ELb0ELb0EN7cutlass6half_tE19Flash_kernel_traitsILi128ELi128ELi64ELi4ES3_EELb0ELb0ELb0ELb0ELb1ELb1ELb0ELb0EEEvNS_16Flash_fwd_paramsE'
GPGPU-Sim uArch: Shader 58 bind to kernel 1 '_ZN5flash16flash_fwd_kernelI23Flash_fwd_kernel_traitsILi128ELi128ELi64ELi4ELb0ELb0EN7cutlass6half_tE19Flash_kernel_traitsILi128ELi128ELi64ELi4ES3_EELb0ELb0ELb0ELb0ELb1ELb1ELb0ELb0EEEvNS_16Flash_fwd_paramsE'
GPGPU-Sim uArch: Shader 59 bind to kernel 1 '_ZN5flash16flash_fwd_kernelI23Flash_fwd_kernel_traitsILi128ELi128ELi64ELi4ELb0ELb0EN7cutlass6half_tE19Flash_kernel_traitsILi128ELi128ELi64ELi4ES3_EELb0ELb0ELb0ELb0ELb1ELb1ELb0ELb0EEEvNS_16Flash_fwd_paramsE'
GPGPU-Sim uArch: Shader 60 bind to kernel 1 '_ZN5flash16flash_fwd_kernelI23Flash_fwd_kernel_traitsILi128ELi128ELi64ELi4ELb0ELb0EN7cutlass6half_tE19Flash_kernel_traitsILi128ELi128ELi64ELi4ES3_EELb0ELb0ELb0ELb0ELb1ELb1ELb0ELb0EEEvNS_16Flash_fwd_paramsE'
GPGPU-Sim uArch: Shader 61 bind to kernel 1 '_ZN5flash16flash_fwd_kernelI23Flash_fwd_kernel_traitsILi128ELi128ELi64ELi4ELb0ELb0EN7cutlass6half_tE19Flash_kernel_traitsILi128ELi128ELi64ELi4ES3_EELb0ELb0ELb0ELb0ELb1ELb1ELb0ELb0EEEvNS_16Flash_fwd_paramsE'
GPGPU-Sim uArch: Shader 62 bind to kernel 1 '_ZN5flash16flash_fwd_kernelI23Flash_fwd_kernel_traitsILi128ELi128ELi64ELi4ELb0ELb0EN7cutlass6half_tE19Flash_kernel_traitsILi128ELi128ELi64ELi4ES3_EELb0ELb0ELb0ELb0ELb1ELb1ELb0ELb0EEEvNS_16Flash_fwd_paramsE'
GPGPU-Sim uArch: Shader 63 bind to kernel 1 '_ZN5flash16flash_fwd_kernelI23Flash_fwd_kernel_traitsILi128ELi128ELi64ELi4ELb0ELb0EN7cutlass6half_tE19Flash_kernel_traitsILi128ELi128ELi64ELi4ES3_EELb0ELb0ELb0ELb0ELb1ELb1ELb0ELb0EEEvNS_16Flash_fwd_paramsE'
GPGPU-Sim uArch: Shader 64 bind to kernel 1 '_ZN5flash16flash_fwd_kernelI23Flash_fwd_kernel_traitsILi128ELi128ELi64ELi4ELb0ELb0EN7cutlass6half_tE19Flash_kernel_traitsILi128ELi128ELi64ELi4ES3_EELb0ELb0ELb0ELb0ELb1ELb1ELb0ELb0EEEvNS_16Flash_fwd_paramsE'
GPGPU-Sim uArch: Shader 65 bind to kernel 1 '_ZN5flash16flash_fwd_kernelI23Flash_fwd_kernel_traitsILi128ELi128ELi64ELi4ELb0ELb0EN7cutlass6half_tE19Flash_kernel_traitsILi128ELi128ELi64ELi4ES3_EELb0ELb0ELb0ELb0ELb1ELb1ELb0ELb0EEEvNS_16Flash_fwd_paramsE'
GPGPU-Sim uArch: Shader 66 bind to kernel 1 '_ZN5flash16flash_fwd_kernelI23Flash_fwd_kernel_traitsILi128ELi128ELi64ELi4ELb0ELb0EN7cutlass6half_tE19Flash_kernel_traitsILi128ELi128ELi64ELi4ES3_EELb0ELb0ELb0ELb0ELb1ELb1ELb0ELb0EEEvNS_16Flash_fwd_paramsE'
GPGPU-Sim uArch: Shader 67 bind to kernel 1 '_ZN5flash16flash_fwd_kernelI23Flash_fwd_kernel_traitsILi128ELi128ELi64ELi4ELb0ELb0EN7cutlass6half_tE19Flash_kernel_traitsILi128ELi128ELi64ELi4ES3_EELb0ELb0ELb0ELb0ELb1ELb1ELb0ELb0EEEvNS_16Flash_fwd_paramsE'
GPGPU-Sim uArch: Shader 68 bind to kernel 1 '_ZN5flash16flash_fwd_kernelI23Flash_fwd_kernel_traitsILi128ELi128ELi64ELi4ELb0ELb0EN7cutlass6half_tE19Flash_kernel_traitsILi128ELi128ELi64ELi4ES3_EELb0ELb0ELb0ELb0ELb1ELb1ELb0ELb0EEEvNS_16Flash_fwd_paramsE'
GPGPU-Sim uArch: Shader 69 bind to kernel 1 '_ZN5flash16flash_fwd_kernelI23Flash_fwd_kernel_traitsILi128ELi128ELi64ELi4ELb0ELb0EN7cutlass6half_tE19Flash_kernel_traitsILi128ELi128ELi64ELi4ES3_EELb0ELb0ELb0ELb0ELb1ELb1ELb0ELb0EEEvNS_16Flash_fwd_paramsE'
GPGPU-Sim uArch: Shader 70 bind to kernel 1 '_ZN5flash16flash_fwd_kernelI23Flash_fwd_kernel_traitsILi128ELi128ELi64ELi4ELb0ELb0EN7cutlass6half_tE19Flash_kernel_traitsILi128ELi128ELi64ELi4ES3_EELb0ELb0ELb0ELb0ELb1ELb1ELb0ELb0EEEvNS_16Flash_fwd_paramsE'
GPGPU-Sim uArch: Shader 71 bind to kernel 1 '_ZN5flash16flash_fwd_kernelI23Flash_fwd_kernel_traitsILi128ELi128ELi64ELi4ELb0ELb0EN7cutlass6half_tE19Flash_kernel_traitsILi128ELi128ELi64ELi4ES3_EELb0ELb0ELb0ELb0ELb1ELb1ELb0ELb0EEEvNS_16Flash_fwd_paramsE'
GPGPU-Sim uArch: Shader 72 bind to kernel 1 '_ZN5flash16flash_fwd_kernelI23Flash_fwd_kernel_traitsILi128ELi128ELi64ELi4ELb0ELb0EN7cutlass6half_tE19Flash_kernel_traitsILi128ELi128ELi64ELi4ES3_EELb0ELb0ELb0ELb0ELb1ELb1ELb0ELb0EEEvNS_16Flash_fwd_paramsE'
GPGPU-Sim uArch: Shader 73 bind to kernel 1 '_ZN5flash16flash_fwd_kernelI23Flash_fwd_kernel_traitsILi128ELi128ELi64ELi4ELb0ELb0EN7cutlass6half_tE19Flash_kernel_traitsILi128ELi128ELi64ELi4ES3_EELb0ELb0ELb0ELb0ELb1ELb1ELb0ELb0EEEvNS_16Flash_fwd_paramsE'
GPGPU-Sim uArch: Shader 74 bind to kernel 1 '_ZN5flash16flash_fwd_kernelI23Flash_fwd_kernel_traitsILi128ELi128ELi64ELi4ELb0ELb0EN7cutlass6half_tE19Flash_kernel_traitsILi128ELi128ELi64ELi4ES3_EELb0ELb0ELb0ELb0ELb1ELb1ELb0ELb0EEEvNS_16Flash_fwd_paramsE'
GPGPU-Sim uArch: Shader 75 bind to kernel 1 '_ZN5flash16flash_fwd_kernelI23Flash_fwd_kernel_traitsILi128ELi128ELi64ELi4ELb0ELb0EN7cutlass6half_tE19Flash_kernel_traitsILi128ELi128ELi64ELi4ES3_EELb0ELb0ELb0ELb0ELb1ELb1ELb0ELb0EEEvNS_16Flash_fwd_paramsE'
GPGPU-Sim uArch: Shader 76 bind to kernel 1 '_ZN5flash16flash_fwd_kernelI23Flash_fwd_kernel_traitsILi128ELi128ELi64ELi4ELb0ELb0EN7cutlass6half_tE19Flash_kernel_traitsILi128ELi128ELi64ELi4ES3_EELb0ELb0ELb0ELb0ELb1ELb1ELb0ELb0EEEvNS_16Flash_fwd_paramsE'
GPGPU-Sim uArch: Shader 77 bind to kernel 1 '_ZN5flash16flash_fwd_kernelI23Flash_fwd_kernel_traitsILi128ELi128ELi64ELi4ELb0ELb0EN7cutlass6half_tE19Flash_kernel_traitsILi128ELi128ELi64ELi4ES3_EELb0ELb0ELb0ELb0ELb1ELb1ELb0ELb0EEEvNS_16Flash_fwd_paramsE'
GPGPU-Sim uArch: Shader 78 bind to kernel 1 '_ZN5flash16flash_fwd_kernelI23Flash_fwd_kernel_traitsILi128ELi128ELi64ELi4ELb0ELb0EN7cutlass6half_tE19Flash_kernel_traitsILi128ELi128ELi64ELi4ES3_EELb0ELb0ELb0ELb0ELb1ELb1ELb0ELb0EEEvNS_16Flash_fwd_paramsE'
GPGPU-Sim uArch: Shader 79 bind to kernel 1 '_ZN5flash16flash_fwd_kernelI23Flash_fwd_kernel_traitsILi128ELi128ELi64ELi4ELb0ELb0EN7cutlass6half_tE19Flash_kernel_traitsILi128ELi128ELi64ELi4ES3_EELb0ELb0ELb0ELb0ELb1ELb1ELb0ELb0EEEvNS_16Flash_fwd_paramsE'
GPGPU-Sim uArch: Shader 80 bind to kernel 1 '_ZN5flash16flash_fwd_kernelI23Flash_fwd_kernel_traitsILi128ELi128ELi64ELi4ELb0ELb0EN7cutlass6half_tE19Flash_kernel_traitsILi128ELi128ELi64ELi4ES3_EELb0ELb0ELb0ELb0ELb1ELb1ELb0ELb0EEEvNS_16Flash_fwd_paramsE'
GPGPU-Sim uArch: Shader 81 bind to kernel 1 '_ZN5flash16flash_fwd_kernelI23Flash_fwd_kernel_traitsILi128ELi128ELi64ELi4ELb0ELb0EN7cutlass6half_tE19Flash_kernel_traitsILi128ELi128ELi64ELi4ES3_EELb0ELb0ELb0ELb0ELb1ELb1ELb0ELb0EEEvNS_16Flash_fwd_paramsE'
GPGPU-Sim uArch: Shader 82 bind to kernel 1 '_ZN5flash16flash_fwd_kernelI23Flash_fwd_kernel_traitsILi128ELi128ELi64ELi4ELb0ELb0EN7cutlass6half_tE19Flash_kernel_traitsILi128ELi128ELi64ELi4ES3_EELb0ELb0ELb0ELb0ELb1ELb1ELb0ELb0EEEvNS_16Flash_fwd_paramsE'
GPGPU-Sim uArch: Shader 83 bind to kernel 1 '_ZN5flash16flash_fwd_kernelI23Flash_fwd_kernel_traitsILi128ELi128ELi64ELi4ELb0ELb0EN7cutlass6half_tE19Flash_kernel_traitsILi128ELi128ELi64ELi4ES3_EELb0ELb0ELb0ELb0ELb1ELb1ELb0ELb0EEEvNS_16Flash_fwd_paramsE'
GPGPU-Sim uArch: Shader 84 bind to kernel 1 '_ZN5flash16flash_fwd_kernelI23Flash_fwd_kernel_traitsILi128ELi128ELi64ELi4ELb0ELb0EN7cutlass6half_tE19Flash_kernel_traitsILi128ELi128ELi64ELi4ES3_EELb0ELb0ELb0ELb0ELb1ELb1ELb0ELb0EEEvNS_16Flash_fwd_paramsE'
GPGPU-Sim uArch: Shader 85 bind to kernel 1 '_ZN5flash16flash_fwd_kernelI23Flash_fwd_kernel_traitsILi128ELi128ELi64ELi4ELb0ELb0EN7cutlass6half_tE19Flash_kernel_traitsILi128ELi128ELi64ELi4ES3_EELb0ELb0ELb0ELb0ELb1ELb1ELb0ELb0EEEvNS_16Flash_fwd_paramsE'
GPGPU-Sim uArch: Shader 86 bind to kernel 1 '_ZN5flash16flash_fwd_kernelI23Flash_fwd_kernel_traitsILi128ELi128ELi64ELi4ELb0ELb0EN7cutlass6half_tE19Flash_kernel_traitsILi128ELi128ELi64ELi4ES3_EELb0ELb0ELb0ELb0ELb1ELb1ELb0ELb0EEEvNS_16Flash_fwd_paramsE'
GPGPU-Sim uArch: Shader 87 bind to kernel 1 '_ZN5flash16flash_fwd_kernelI23Flash_fwd_kernel_traitsILi128ELi128ELi64ELi4ELb0ELb0EN7cutlass6half_tE19Flash_kernel_traitsILi128ELi128ELi64ELi4ES3_EELb0ELb0ELb0ELb0ELb1ELb1ELb0ELb0EEEvNS_16Flash_fwd_paramsE'
GPGPU-Sim uArch: Shader 88 bind to kernel 1 '_ZN5flash16flash_fwd_kernelI23Flash_fwd_kernel_traitsILi128ELi128ELi64ELi4ELb0ELb0EN7cutlass6half_tE19Flash_kernel_traitsILi128ELi128ELi64ELi4ES3_EELb0ELb0ELb0ELb0ELb1ELb1ELb0ELb0EEEvNS_16Flash_fwd_paramsE'
GPGPU-Sim uArch: Shader 89 bind to kernel 1 '_ZN5flash16flash_fwd_kernelI23Flash_fwd_kernel_traitsILi128ELi128ELi64ELi4ELb0ELb0EN7cutlass6half_tE19Flash_kernel_traitsILi128ELi128ELi64ELi4ES3_EELb0ELb0ELb0ELb0ELb1ELb1ELb0ELb0EEEvNS_16Flash_fwd_paramsE'
GPGPU-Sim uArch: Shader 90 bind to kernel 1 '_ZN5flash16flash_fwd_kernelI23Flash_fwd_kernel_traitsILi128ELi128ELi64ELi4ELb0ELb0EN7cutlass6half_tE19Flash_kernel_traitsILi128ELi128ELi64ELi4ES3_EELb0ELb0ELb0ELb0ELb1ELb1ELb0ELb0EEEvNS_16Flash_fwd_paramsE'
GPGPU-Sim uArch: Shader 91 bind to kernel 1 '_ZN5flash16flash_fwd_kernelI23Flash_fwd_kernel_traitsILi128ELi128ELi64ELi4ELb0ELb0EN7cutlass6half_tE19Flash_kernel_traitsILi128ELi128ELi64ELi4ES3_EELb0ELb0ELb0ELb0ELb1ELb1ELb0ELb0EEEvNS_16Flash_fwd_paramsE'
GPGPU-Sim uArch: Shader 92 bind to kernel 1 '_ZN5flash16flash_fwd_kernelI23Flash_fwd_kernel_traitsILi128ELi128ELi64ELi4ELb0ELb0EN7cutlass6half_tE19Flash_kernel_traitsILi128ELi128ELi64ELi4ES3_EELb0ELb0ELb0ELb0ELb1ELb1ELb0ELb0EEEvNS_16Flash_fwd_paramsE'
GPGPU-Sim uArch: Shader 93 bind to kernel 1 '_ZN5flash16flash_fwd_kernelI23Flash_fwd_kernel_traitsILi128ELi128ELi64ELi4ELb0ELb0EN7cutlass6half_tE19Flash_kernel_traitsILi128ELi128ELi64ELi4ES3_EELb0ELb0ELb0ELb0ELb1ELb1ELb0ELb0EEEvNS_16Flash_fwd_paramsE'
GPGPU-Sim uArch: Shader 94 bind to kernel 1 '_ZN5flash16flash_fwd_kernelI23Flash_fwd_kernel_traitsILi128ELi128ELi64ELi4ELb0ELb0EN7cutlass6half_tE19Flash_kernel_traitsILi128ELi128ELi64ELi4ES3_EELb0ELb0ELb0ELb0ELb1ELb1ELb0ELb0EEEvNS_16Flash_fwd_paramsE'
GPGPU-Sim uArch: Shader 95 bind to kernel 1 '_ZN5flash16flash_fwd_kernelI23Flash_fwd_kernel_traitsILi128ELi128ELi64ELi4ELb0ELb0EN7cutlass6half_tE19Flash_kernel_traitsILi128ELi128ELi64ELi4ES3_EELb0ELb0ELb0ELb0ELb1ELb1ELb0ELb0EEEvNS_16Flash_fwd_paramsE'
GPGPU-Sim uArch: Shader 96 bind to kernel 1 '_ZN5flash16flash_fwd_kernelI23Flash_fwd_kernel_traitsILi128ELi128ELi64ELi4ELb0ELb0EN7cutlass6half_tE19Flash_kernel_traitsILi128ELi128ELi64ELi4ES3_EELb0ELb0ELb0ELb0ELb1ELb1ELb0ELb0EEEvNS_16Flash_fwd_paramsE'
GPGPU-Sim uArch: Shader 97 bind to kernel 1 '_ZN5flash16flash_fwd_kernelI23Flash_fwd_kernel_traitsILi128ELi128ELi64ELi4ELb0ELb0EN7cutlass6half_tE19Flash_kernel_traitsILi128ELi128ELi64ELi4ES3_EELb0ELb0ELb0ELb0ELb1ELb1ELb0ELb0EEEvNS_16Flash_fwd_paramsE'
GPGPU-Sim uArch: Shader 98 bind to kernel 1 '_ZN5flash16flash_fwd_kernelI23Flash_fwd_kernel_traitsILi128ELi128ELi64ELi4ELb0ELb0EN7cutlass6half_tE19Flash_kernel_traitsILi128ELi128ELi64ELi4ES3_EELb0ELb0ELb0ELb0ELb1ELb1ELb0ELb0EEEvNS_16Flash_fwd_paramsE'
GPGPU-Sim uArch: Shader 99 bind to kernel 1 '_ZN5flash16flash_fwd_kernelI23Flash_fwd_kernel_traitsILi128ELi128ELi64ELi4ELb0ELb0EN7cutlass6half_tE19Flash_kernel_traitsILi128ELi128ELi64ELi4ES3_EELb0ELb0ELb0ELb0ELb1ELb1ELb0ELb0EEEvNS_16Flash_fwd_paramsE'
GPGPU-Sim uArch: Shader 100 bind to kernel 1 '_ZN5flash16flash_fwd_kernelI23Flash_fwd_kernel_traitsILi128ELi128ELi64ELi4ELb0ELb0EN7cutlass6half_tE19Flash_kernel_traitsILi128ELi128ELi64ELi4ES3_EELb0ELb0ELb0ELb0ELb1ELb1ELb0ELb0EEEvNS_16Flash_fwd_paramsE'
GPGPU-Sim uArch: Shader 101 bind to kernel 1 '_ZN5flash16flash_fwd_kernelI23Flash_fwd_kernel_traitsILi128ELi128ELi64ELi4ELb0ELb0EN7cutlass6half_tE19Flash_kernel_traitsILi128ELi128ELi64ELi4ES3_EELb0ELb0ELb0ELb0ELb1ELb1ELb0ELb0EEEvNS_16Flash_fwd_paramsE'
GPGPU-Sim uArch: Shader 102 bind to kernel 1 '_ZN5flash16flash_fwd_kernelI23Flash_fwd_kernel_traitsILi128ELi128ELi64ELi4ELb0ELb0EN7cutlass6half_tE19Flash_kernel_traitsILi128ELi128ELi64ELi4ES3_EELb0ELb0ELb0ELb0ELb1ELb1ELb0ELb0EEEvNS_16Flash_fwd_paramsE'
GPGPU-Sim uArch: Shader 103 bind to kernel 1 '_ZN5flash16flash_fwd_kernelI23Flash_fwd_kernel_traitsILi128ELi128ELi64ELi4ELb0ELb0EN7cutlass6half_tE19Flash_kernel_traitsILi128ELi128ELi64ELi4ES3_EELb0ELb0ELb0ELb0ELb1ELb1ELb0ELb0EEEvNS_16Flash_fwd_paramsE'
GPGPU-Sim uArch: Shader 104 bind to kernel 1 '_ZN5flash16flash_fwd_kernelI23Flash_fwd_kernel_traitsILi128ELi128ELi64ELi4ELb0ELb0EN7cutlass6half_tE19Flash_kernel_traitsILi128ELi128ELi64ELi4ES3_EELb0ELb0ELb0ELb0ELb1ELb1ELb0ELb0EEEvNS_16Flash_fwd_paramsE'
GPGPU-Sim uArch: Shader 105 bind to kernel 1 '_ZN5flash16flash_fwd_kernelI23Flash_fwd_kernel_traitsILi128ELi128ELi64ELi4ELb0ELb0EN7cutlass6half_tE19Flash_kernel_traitsILi128ELi128ELi64ELi4ES3_EELb0ELb0ELb0ELb0ELb1ELb1ELb0ELb0EEEvNS_16Flash_fwd_paramsE'
GPGPU-Sim uArch: Shader 106 bind to kernel 1 '_ZN5flash16flash_fwd_kernelI23Flash_fwd_kernel_traitsILi128ELi128ELi64ELi4ELb0ELb0EN7cutlass6half_tE19Flash_kernel_traitsILi128ELi128ELi64ELi4ES3_EELb0ELb0ELb0ELb0ELb1ELb1ELb0ELb0EEEvNS_16Flash_fwd_paramsE'
GPGPU-Sim uArch: Shader 107 bind to kernel 1 '_ZN5flash16flash_fwd_kernelI23Flash_fwd_kernel_traitsILi128ELi128ELi64ELi4ELb0ELb0EN7cutlass6half_tE19Flash_kernel_traitsILi128ELi128ELi64ELi4ES3_EELb0ELb0ELb0ELb0ELb1ELb1ELb0ELb0EEEvNS_16Flash_fwd_paramsE'
GPGPU-Sim uArch: Shader 108 bind to kernel 1 '_ZN5flash16flash_fwd_kernelI23Flash_fwd_kernel_traitsILi128ELi128ELi64ELi4ELb0ELb0EN7cutlass6half_tE19Flash_kernel_traitsILi128ELi128ELi64ELi4ES3_EELb0ELb0ELb0ELb0ELb1ELb1ELb0ELb0EEEvNS_16Flash_fwd_paramsE'
GPGPU-Sim uArch: Shader 109 bind to kernel 1 '_ZN5flash16flash_fwd_kernelI23Flash_fwd_kernel_traitsILi128ELi128ELi64ELi4ELb0ELb0EN7cutlass6half_tE19Flash_kernel_traitsILi128ELi128ELi64ELi4ES3_EELb0ELb0ELb0ELb0ELb1ELb1ELb0ELb0EEEvNS_16Flash_fwd_paramsE'
GPGPU-Sim uArch: Shader 110 bind to kernel 1 '_ZN5flash16flash_fwd_kernelI23Flash_fwd_kernel_traitsILi128ELi128ELi64ELi4ELb0ELb0EN7cutlass6half_tE19Flash_kernel_traitsILi128ELi128ELi64ELi4ES3_EELb0ELb0ELb0ELb0ELb1ELb1ELb0ELb0EEEvNS_16Flash_fwd_paramsE'
GPGPU-Sim uArch: Shader 111 bind to kernel 1 '_ZN5flash16flash_fwd_kernelI23Flash_fwd_kernel_traitsILi128ELi128ELi64ELi4ELb0ELb0EN7cutlass6half_tE19Flash_kernel_traitsILi128ELi128ELi64ELi4ES3_EELb0ELb0ELb0ELb0ELb1ELb1ELb0ELb0EEEvNS_16Flash_fwd_paramsE'
GPGPU-Sim uArch: Shader 112 bind to kernel 1 '_ZN5flash16flash_fwd_kernelI23Flash_fwd_kernel_traitsILi128ELi128ELi64ELi4ELb0ELb0EN7cutlass6half_tE19Flash_kernel_traitsILi128ELi128ELi64ELi4ES3_EELb0ELb0ELb0ELb0ELb1ELb1ELb0ELb0EEEvNS_16Flash_fwd_paramsE'
GPGPU-Sim uArch: Shader 113 bind to kernel 1 '_ZN5flash16flash_fwd_kernelI23Flash_fwd_kernel_traitsILi128ELi128ELi64ELi4ELb0ELb0EN7cutlass6half_tE19Flash_kernel_traitsILi128ELi128ELi64ELi4ES3_EELb0ELb0ELb0ELb0ELb1ELb1ELb0ELb0EEEvNS_16Flash_fwd_paramsE'
GPGPU-Sim uArch: Shader 114 bind to kernel 1 '_ZN5flash16flash_fwd_kernelI23Flash_fwd_kernel_traitsILi128ELi128ELi64ELi4ELb0ELb0EN7cutlass6half_tE19Flash_kernel_traitsILi128ELi128ELi64ELi4ES3_EELb0ELb0ELb0ELb0ELb1ELb1ELb0ELb0EEEvNS_16Flash_fwd_paramsE'
GPGPU-Sim uArch: Shader 115 bind to kernel 1 '_ZN5flash16flash_fwd_kernelI23Flash_fwd_kernel_traitsILi128ELi128ELi64ELi4ELb0ELb0EN7cutlass6half_tE19Flash_kernel_traitsILi128ELi128ELi64ELi4ES3_EELb0ELb0ELb0ELb0ELb1ELb1ELb0ELb0EEEvNS_16Flash_fwd_paramsE'
GPGPU-Sim uArch: Shader 116 bind to kernel 1 '_ZN5flash16flash_fwd_kernelI23Flash_fwd_kernel_traitsILi128ELi128ELi64ELi4ELb0ELb0EN7cutlass6half_tE19Flash_kernel_traitsILi128ELi128ELi64ELi4ES3_EELb0ELb0ELb0ELb0ELb1ELb1ELb0ELb0EEEvNS_16Flash_fwd_paramsE'
GPGPU-Sim uArch: Shader 117 bind to kernel 1 '_ZN5flash16flash_fwd_kernelI23Flash_fwd_kernel_traitsILi128ELi128ELi64ELi4ELb0ELb0EN7cutlass6half_tE19Flash_kernel_traitsILi128ELi128ELi64ELi4ES3_EELb0ELb0ELb0ELb0ELb1ELb1ELb0ELb0EEEvNS_16Flash_fwd_paramsE'
GPGPU-Sim uArch: Shader 118 bind to kernel 1 '_ZN5flash16flash_fwd_kernelI23Flash_fwd_kernel_traitsILi128ELi128ELi64ELi4ELb0ELb0EN7cutlass6half_tE19Flash_kernel_traitsILi128ELi128ELi64ELi4ES3_EELb0ELb0ELb0ELb0ELb1ELb1ELb0ELb0EEEvNS_16Flash_fwd_paramsE'
GPGPU-Sim uArch: Shader 119 bind to kernel 1 '_ZN5flash16flash_fwd_kernelI23Flash_fwd_kernel_traitsILi128ELi128ELi64ELi4ELb0ELb0EN7cutlass6half_tE19Flash_kernel_traitsILi128ELi128ELi64ELi4ES3_EELb0ELb0ELb0ELb0ELb1ELb1ELb0ELb0EEEvNS_16Flash_fwd_paramsE'
GPGPU-Sim uArch: Shader 120 bind to kernel 1 '_ZN5flash16flash_fwd_kernelI23Flash_fwd_kernel_traitsILi128ELi128ELi64ELi4ELb0ELb0EN7cutlass6half_tE19Flash_kernel_traitsILi128ELi128ELi64ELi4ES3_EELb0ELb0ELb0ELb0ELb1ELb1ELb0ELb0EEEvNS_16Flash_fwd_paramsE'
GPGPU-Sim uArch: Shader 121 bind to kernel 1 '_ZN5flash16flash_fwd_kernelI23Flash_fwd_kernel_traitsILi128ELi128ELi64ELi4ELb0ELb0EN7cutlass6half_tE19Flash_kernel_traitsILi128ELi128ELi64ELi4ES3_EELb0ELb0ELb0ELb0ELb1ELb1ELb0ELb0EEEvNS_16Flash_fwd_paramsE'
GPGPU-Sim uArch: Shader 122 bind to kernel 1 '_ZN5flash16flash_fwd_kernelI23Flash_fwd_kernel_traitsILi128ELi128ELi64ELi4ELb0ELb0EN7cutlass6half_tE19Flash_kernel_traitsILi128ELi128ELi64ELi4ES3_EELb0ELb0ELb0ELb0ELb1ELb1ELb0ELb0EEEvNS_16Flash_fwd_paramsE'
GPGPU-Sim uArch: Shader 123 bind to kernel 1 '_ZN5flash16flash_fwd_kernelI23Flash_fwd_kernel_traitsILi128ELi128ELi64ELi4ELb0ELb0EN7cutlass6half_tE19Flash_kernel_traitsILi128ELi128ELi64ELi4ES3_EELb0ELb0ELb0ELb0ELb1ELb1ELb0ELb0EEEvNS_16Flash_fwd_paramsE'
GPGPU-Sim uArch: Shader 124 bind to kernel 1 '_ZN5flash16flash_fwd_kernelI23Flash_fwd_kernel_traitsILi128ELi128ELi64ELi4ELb0ELb0EN7cutlass6half_tE19Flash_kernel_traitsILi128ELi128ELi64ELi4ES3_EELb0ELb0ELb0ELb0ELb1ELb1ELb0ELb0EEEvNS_16Flash_fwd_paramsE'
GPGPU-Sim uArch: Shader 125 bind to kernel 1 '_ZN5flash16flash_fwd_kernelI23Flash_fwd_kernel_traitsILi128ELi128ELi64ELi4ELb0ELb0EN7cutlass6half_tE19Flash_kernel_traitsILi128ELi128ELi64ELi4ES3_EELb0ELb0ELb0ELb0ELb1ELb1ELb0ELb0EEEvNS_16Flash_fwd_paramsE'
GPGPU-Sim uArch: Shader 126 bind to kernel 1 '_ZN5flash16flash_fwd_kernelI23Flash_fwd_kernel_traitsILi128ELi128ELi64ELi4ELb0ELb0EN7cutlass6half_tE19Flash_kernel_traitsILi128ELi128ELi64ELi4ES3_EELb0ELb0ELb0ELb0ELb1ELb1ELb0ELb0EEEvNS_16Flash_fwd_paramsE'
GPGPU-Sim uArch: Shader 127 bind to kernel 1 '_ZN5flash16flash_fwd_kernelI23Flash_fwd_kernel_traitsILi128ELi128ELi64ELi4ELb0ELb0EN7cutlass6half_tE19Flash_kernel_traitsILi128ELi128ELi64ELi4ES3_EELb0ELb0ELb0ELb0ELb1ELb1ELb0ELb0EEEvNS_16Flash_fwd_paramsE'
GPGPU-Sim uArch: Shader 128 bind to kernel 1 '_ZN5flash16flash_fwd_kernelI23Flash_fwd_kernel_traitsILi128ELi128ELi64ELi4ELb0ELb0EN7cutlass6half_tE19Flash_kernel_traitsILi128ELi128ELi64ELi4ES3_EELb0ELb0ELb0ELb0ELb1ELb1ELb0ELb0EEEvNS_16Flash_fwd_paramsE'
GPGPU-Sim uArch: Shader 129 bind to kernel 1 '_ZN5flash16flash_fwd_kernelI23Flash_fwd_kernel_traitsILi128ELi128ELi64ELi4ELb0ELb0EN7cutlass6half_tE19Flash_kernel_traitsILi128ELi128ELi64ELi4ES3_EELb0ELb0ELb0ELb0ELb1ELb1ELb0ELb0EEEvNS_16Flash_fwd_paramsE'
GPGPU-Sim uArch: Shader 130 bind to kernel 1 '_ZN5flash16flash_fwd_kernelI23Flash_fwd_kernel_traitsILi128ELi128ELi64ELi4ELb0ELb0EN7cutlass6half_tE19Flash_kernel_traitsILi128ELi128ELi64ELi4ES3_EELb0ELb0ELb0ELb0ELb1ELb1ELb0ELb0EEEvNS_16Flash_fwd_paramsE'
GPGPU-Sim uArch: Shader 131 bind to kernel 1 '_ZN5flash16flash_fwd_kernelI23Flash_fwd_kernel_traitsILi128ELi128ELi64ELi4ELb0ELb0EN7cutlass6half_tE19Flash_kernel_traitsILi128ELi128ELi64ELi4ES3_EELb0ELb0ELb0ELb0ELb1ELb1ELb0ELb0EEEvNS_16Flash_fwd_paramsE'

========== Cycle Profiling Statistics (Last 10000 cycles) ==========
Total CPU time: 9039.08 ms
  ICNT Cycle (CORE):           267.48 ms (3.0%)
  Mem to ICNT (ICNT):          516.98 ms (5.7%)
  DRAM Cycle (DRAM):           1321.50 ms (14.6%)
  L2 Cache (L2):               2206.63 ms (24.4%)
  ICNT Transfer (ICNT):        1232.76 ms (13.6%)
  Core Cycle (CORE):           3267.09 ms (36.1%)
  gem5 Simulate:               0.00 ms (0.0%)
  Other Operations:            226.64 ms (2.5%)
Average time per cycle: 0.9039 ms
Progress: cycle=10000 CTA launched +264=264 completed +0=0
Progress TMA tx: started +0=0 (R +0=0, W +0=0) completed +0=0 (R +0=0, W +0=0)
Progress TMA mf: issued +0=0 (R +0=0, W +0=0) responses +0=0 (R +0=0, W +0=0)
Progress TMA bytes: issued +0=0 done +0=0
====================================================================


========== Cycle Profiling Statistics (Last 10000 cycles) ==========
Total CPU time: 45202.07 ms
  ICNT Cycle (CORE):           555.13 ms (1.2%)
  Mem to ICNT (ICNT):          1032.72 ms (2.3%)
  DRAM Cycle (DRAM):           2111.41 ms (4.7%)
  L2 Cache (L2):               2578.62 ms (5.7%)
  ICNT Transfer (ICNT):        3212.24 ms (7.1%)
  Core Cycle (CORE):           35604.62 ms (78.8%)
  gem5 Simulate:               0.00 ms (0.0%)
  Other Operations:            107.33 ms (0.2%)
Average time per cycle: 4.5202 ms
Progress: cycle=20000 CTA launched +0=264 completed +0=0
Progress TMA tx: started +0=0 (R +0=0, W +0=0) completed +0=0 (R +0=0, W +0=0)
Progress TMA mf: issued +0=0 (R +0=0, W +0=0) responses +0=0 (R +0=0, W +0=0)
Progress TMA bytes: issued +0=0 done +0=0
====================================================================


========== Cycle Profiling Statistics (Last 10000 cycles) ==========
Total CPU time: 46582.66 ms
  ICNT Cycle (CORE):           436.42 ms (0.9%)
  Mem to ICNT (ICNT):          904.59 ms (1.9%)
  DRAM Cycle (DRAM):           1883.23 ms (4.0%)
  L2 Cache (L2):               2138.22 ms (4.6%)
  ICNT Transfer (ICNT):        3284.48 ms (7.1%)
  Core Cycle (CORE):           37826.60 ms (81.2%)
  gem5 Simulate:               0.00 ms (0.0%)
  Other Operations:            109.13 ms (0.2%)
Average time per cycle: 4.6583 ms
Progress: cycle=30000 CTA launched +0=264 completed +0=0
Progress TMA tx: started +0=0 (R +0=0, W +0=0) completed +0=0 (R +0=0, W +0=0)
Progress TMA mf: issued +0=0 (R +0=0, W +0=0) responses +0=0 (R +0=0, W +0=0)
Progress TMA bytes: issued +0=0 done +0=0
====================================================================


========== Cycle Profiling Statistics (Last 10000 cycles) ==========
Total CPU time: 32539.91 ms
  ICNT Cycle (CORE):           559.47 ms (1.7%)
  Mem to ICNT (ICNT):          1146.08 ms (3.5%)
  DRAM Cycle (DRAM):           2047.22 ms (6.3%)
  L2 Cache (L2):               3155.55 ms (9.7%)
  ICNT Transfer (ICNT):        2739.78 ms (8.4%)
  Core Cycle (CORE):           22773.50 ms (70.0%)
  gem5 Simulate:               0.00 ms (0.0%)
  Other Operations:            118.31 ms (0.4%)
Average time per cycle: 3.2540 ms
Progress: cycle=40000 CTA launched +264=528 completed +264=264
Progress TMA tx: started +0=0 (R +0=0, W +0=0) completed +0=0 (R +0=0, W +0=0)
Progress TMA mf: issued +0=0 (R +0=0, W +0=0) responses +0=0 (R +0=0, W +0=0)
Progress TMA bytes: issued +0=0 done +0=0
====================================================================


========== Cycle Profiling Statistics (Last 10000 cycles) ==========
Total CPU time: 51134.97 ms
  ICNT Cycle (CORE):           621.96 ms (1.2%)
  Mem to ICNT (ICNT):          1218.44 ms (2.4%)
  DRAM Cycle (DRAM):           2667.85 ms (5.2%)
  L2 Cache (L2):               3121.55 ms (6.1%)
  ICNT Transfer (ICNT):        3603.06 ms (7.0%)
  Core Cycle (CORE):           39789.44 ms (77.8%)
  gem5 Simulate:               0.00 ms (0.0%)
  Other Operations:            112.67 ms (0.2%)
Average time per cycle: 5.1135 ms
Progress: cycle=50000 CTA launched +0=528 completed +0=264
Progress TMA tx: started +0=0 (R +0=0, W +0=0) completed +0=0 (R +0=0, W +0=0)
Progress TMA mf: issued +0=0 (R +0=0, W +0=0) responses +0=0 (R +0=0, W +0=0)
Progress TMA bytes: issued +0=0 done +0=0
====================================================================


========== Cycle Profiling Statistics (Last 10000 cycles) ==========
Total CPU time: 50757.50 ms
  ICNT Cycle (CORE):           467.05 ms (0.9%)
  Mem to ICNT (ICNT):          917.05 ms (1.8%)
  DRAM Cycle (DRAM):           2119.02 ms (4.2%)
  L2 Cache (L2):               2140.73 ms (4.2%)
  ICNT Transfer (ICNT):        3855.09 ms (7.6%)
  Core Cycle (CORE):           41143.48 ms (81.1%)
  gem5 Simulate:               0.00 ms (0.0%)
  Other Operations:            115.07 ms (0.2%)
Average time per cycle: 5.0757 ms
Progress: cycle=60000 CTA launched +2=530 completed +2=266
Progress TMA tx: started +0=0 (R +0=0, W +0=0) completed +0=0 (R +0=0, W +0=0)
Progress TMA mf: issued +0=0 (R +0=0, W +0=0) responses +0=0 (R +0=0, W +0=0)
Progress TMA bytes: issued +0=0 done +0=0
====================================================================


========== Cycle Profiling Statistics (Last 10000 cycles) ==========
Total CPU time: 36721.38 ms
  ICNT Cycle (CORE):           688.84 ms (1.9%)
  Mem to ICNT (ICNT):          1343.33 ms (3.7%)
  DRAM Cycle (DRAM):           2310.43 ms (6.3%)
  L2 Cache (L2):               3603.72 ms (9.8%)
  ICNT Transfer (ICNT):        2953.63 ms (8.0%)
  Core Cycle (CORE):           25683.92 ms (69.9%)
  gem5 Simulate:               0.00 ms (0.0%)
  Other Operations:            137.51 ms (0.4%)
Average time per cycle: 3.6721 ms
Progress: cycle=70000 CTA launched +262=792 completed +262=528
Progress TMA tx: started +0=0 (R +0=0, W +0=0) completed +0=0 (R +0=0, W +0=0)
Progress TMA mf: issued +0=0 (R +0=0, W +0=0) responses +0=0 (R +0=0, W +0=0)
Progress TMA bytes: issued +0=0 done +0=0
====================================================================


========== Cycle Profiling Statistics (Last 10000 cycles) ==========
Total CPU time: 52712.71 ms
  ICNT Cycle (CORE):           613.88 ms (1.2%)
  Mem to ICNT (ICNT):          1148.45 ms (2.2%)
  DRAM Cycle (DRAM):           2208.32 ms (4.2%)
  L2 Cache (L2):               2871.20 ms (5.4%)
  ICNT Transfer (ICNT):        3885.97 ms (7.4%)
  Core Cycle (CORE):           41870.08 ms (79.4%)
  gem5 Simulate:               0.00 ms (0.0%)
  Other Operations:            114.81 ms (0.2%)
Average time per cycle: 5.2713 ms
Progress: cycle=80000 CTA launched +0=792 completed +0=528
Progress TMA tx: started +0=0 (R +0=0, W +0=0) completed +0=0 (R +0=0, W +0=0)
Progress TMA mf: issued +0=0 (R +0=0, W +0=0) responses +0=0 (R +0=0, W +0=0)
Progress TMA bytes: issued +0=0 done +0=0
====================================================================


========== Cycle Profiling Statistics (Last 10000 cycles) ==========
Total CPU time: 50853.09 ms
  ICNT Cycle (CORE):           462.80 ms (0.9%)
  Mem to ICNT (ICNT):          869.99 ms (1.7%)
  DRAM Cycle (DRAM):           1823.86 ms (3.6%)
  L2 Cache (L2):               1952.98 ms (3.8%)
  ICNT Transfer (ICNT):        3804.01 ms (7.5%)
  Core Cycle (CORE):           41820.23 ms (82.2%)
  gem5 Simulate:               0.00 ms (0.0%)
  Other Operations:            119.24 ms (0.2%)
Average time per cycle: 5.0853 ms
Progress: cycle=90000 CTA launched +24=816 completed +24=552
Progress TMA tx: started +0=0 (R +0=0, W +0=0) completed +0=0 (R +0=0, W +0=0)
Progress TMA mf: issued +0=0 (R +0=0, W +0=0) responses +0=0 (R +0=0, W +0=0)
Progress TMA bytes: issued +0=0 done +0=0
====================================================================


========== Cycle Profiling Statistics (Last 10000 cycles) ==========
Total CPU time: 39415.35 ms
  ICNT Cycle (CORE):           760.03 ms (1.9%)
  Mem to ICNT (ICNT):          1426.81 ms (3.6%)
  DRAM Cycle (DRAM):           2580.59 ms (6.5%)
  L2 Cache (L2):               3825.33 ms (9.7%)
  ICNT Transfer (ICNT):        2893.80 ms (7.3%)
  Core Cycle (CORE):           27785.73 ms (70.5%)
  gem5 Simulate:               0.00 ms (0.0%)
  Other Operations:            143.06 ms (0.4%)
Average time per cycle: 3.9415 ms
Progress: cycle=100000 CTA launched +208=1024 completed +240=792
Progress TMA tx: started +0=0 (R +0=0, W +0=0) completed +0=0 (R +0=0, W +0=0)
Progress TMA mf: issued +0=0 (R +0=0, W +0=0) responses +0=0 (R +0=0, W +0=0)
Progress TMA bytes: issued +0=0 done +0=0
====================================================================


========== Cycle Profiling Statistics (Last 10000 cycles) ==========
Total CPU time: 48666.92 ms
  ICNT Cycle (CORE):           489.57 ms (1.0%)
  Mem to ICNT (ICNT):          964.76 ms (2.0%)
  DRAM Cycle (DRAM):           2296.89 ms (4.7%)
  L2 Cache (L2):               2463.89 ms (5.1%)
  ICNT Transfer (ICNT):        3587.63 ms (7.4%)
  Core Cycle (CORE):           38718.84 ms (79.6%)
  gem5 Simulate:               0.00 ms (0.0%)
  Other Operations:            145.34 ms (0.3%)
Average time per cycle: 4.8667 ms
Progress: cycle=110000 CTA launched +0=1024 completed +0=792
Progress TMA tx: started +0=0 (R +0=0, W +0=0) completed +0=0 (R +0=0, W +0=0)
Progress TMA mf: issued +0=0 (R +0=0, W +0=0) responses +0=0 (R +0=0, W +0=0)
Progress TMA bytes: issued +0=0 done +0=0
====================================================================


========== Cycle Profiling Statistics (Last 10000 cycles) ==========
Total CPU time: 40108.73 ms
  ICNT Cycle (CORE):           366.90 ms (0.9%)
  Mem to ICNT (ICNT):          674.52 ms (1.7%)
  DRAM Cycle (DRAM):           1580.03 ms (3.9%)
  L2 Cache (L2):               1326.73 ms (3.3%)
  ICNT Transfer (ICNT):        3069.84 ms (7.7%)
  Core Cycle (CORE):           32915.71 ms (82.1%)
  gem5 Simulate:               0.00 ms (0.0%)
  Other Operations:            175.00 ms (0.4%)
Average time per cycle: 4.0109 ms
Progress: cycle=120000 CTA launched +0=1024 completed +98=890
Progress TMA tx: started +0=0 (R +0=0, W +0=0) completed +0=0 (R +0=0, W +0=0)
Progress TMA mf: issued +0=0 (R +0=0, W +0=0) responses +0=0 (R +0=0, W +0=0)
Progress TMA bytes: issued +0=0 done +0=0
====================================================================

Destroy streams for kernel 1: size 0
kernel_name = _ZN5flash16flash_fwd_kernelI23Flash_fwd_kernel_traitsILi128ELi128ELi64ELi4ELb0ELb0EN7cutlass6half_tE19Flash_kernel_traitsILi128ELi128ELi64ELi4ES3_EELb0ELb0ELb0ELb0ELb1ELb1ELb0ELb0EEEvNS_16Flash_fwd_paramsE 
kernel_launch_uid = 1 
kernel_stream_id = 0
gpu_sim_cycle = 126540
gpu_sim_insn = 578224128
gpu_ipc =    4569.4966
gpu_tot_sim_cycle = 126540
gpu_tot_sim_insn = 578224128
gpu_tot_ipc =    4569.4966
gpu_tot_issued_cta = 1024
gpu_occupancy = 16.4575% 
gpu_tot_occupancy = 16.4575% 
max_total_param_size = 0
gpu_stall_dramfull = 299716
memory_sub_partition_full_breakdown:
	memory_sub_partition_full_breakdown[ICNT_TO_L2_NOT_ENOUGH_SECTOR_SLOTS] = 299716
	memory_sub_partition_full_breakdown[ICNT_TO_L2_QUEUE_FULL] = 291633
	memory_sub_partition_full_breakdown[ICNT_TO_L2_QUEUE_NEAR_FULL] = 8083
	memory_sub_partition_full_breakdown[L2_DRAM_QUEUE_FULL] = 36215
	memory_sub_partition_full_breakdown[DRAM_L2_QUEUE_FULL] = 0
	memory_sub_partition_full_breakdown[L2_ICNT_QUEUE_FULL] = 0
	memory_sub_partition_full_breakdown[L2_DATA_PORT_BUSY] = 14129
	memory_sub_partition_full_breakdown[L2_FILL_PORT_BUSY] = 0
	memory_sub_partition_full_breakdown[L2_READY_BLOCKED_BY_L2_ICNT_QUEUE] = 0
gpu_stall_icnt2sh    = 0
partiton_level_parallism =      18.7741
partiton_level_parallism_total  =      18.7741
partiton_level_parallism_util =      20.4379
partiton_level_parallism_util_total  =      20.4379
L2_BW  =    2392.7321 GB/Sec
L2_BW_total  =    2392.7321 GB/Sec
gpu_total_sim_rate=1095121

========= Core cache stats =========
L1I_cache:
	L1I_total_cache_accesses = 0
	L1I_total_cache_misses = 0
	L1I_total_cache_pending_hits = 0
	L1I_total_cache_reservation_fails = 0
L1D_cache:
	L1D_cache_core[0]: Access = 8320, Miss = 8320, Miss_rate = 1.000, Pending_hits = 0, Reservation_fails = 12042
	L1D_cache_core[1]: Access = 7280, Miss = 7280, Miss_rate = 1.000, Pending_hits = 0, Reservation_fails = 10507
	L1D_cache_core[2]: Access = 8320, Miss = 8320, Miss_rate = 1.000, Pending_hits = 0, Reservation_fails = 11906
	L1D_cache_core[3]: Access = 8320, Miss = 8320, Miss_rate = 1.000, Pending_hits = 0, Reservation_fails = 11968
	L1D_cache_core[4]: Access = 8320, Miss = 8320, Miss_rate = 1.000, Pending_hits = 0, Reservation_fails = 11823
	L1D_cache_core[5]: Access = 7280, Miss = 7280, Miss_rate = 1.000, Pending_hits = 0, Reservation_fails = 10511
	L1D_cache_core[6]: Access = 8320, Miss = 8320, Miss_rate = 1.000, Pending_hits = 0, Reservation_fails = 11988
	L1D_cache_core[7]: Access = 6240, Miss = 6240, Miss_rate = 1.000, Pending_hits = 0, Reservation_fails = 9027
	L1D_cache_core[8]: Access = 8320, Miss = 8320, Miss_rate = 1.000, Pending_hits = 0, Reservation_fails = 12042
	L1D_cache_core[9]: Access = 8320, Miss = 8320, Miss_rate = 1.000, Pending_hits = 0, Reservation_fails = 12036
	L1D_cache_core[10]: Access = 8320, Miss = 8320, Miss_rate = 1.000, Pending_hits = 0, Reservation_fails = 11927
	L1D_cache_core[11]: Access = 6240, Miss = 6240, Miss_rate = 1.000, Pending_hits = 0, Reservation_fails = 9033
	L1D_cache_core[12]: Access = 8320, Miss = 8320, Miss_rate = 1.000, Pending_hits = 0, Reservation_fails = 12052
	L1D_cache_core[13]: Access = 8320, Miss = 8320, Miss_rate = 1.000, Pending_hits = 0, Reservation_fails = 11838
	L1D_cache_core[14]: Access = 8320, Miss = 8320, Miss_rate = 1.000, Pending_hits = 0, Reservation_fails = 12036
	L1D_cache_core[15]: Access = 8320, Miss = 8320, Miss_rate = 1.000, Pending_hits = 0, Reservation_fails = 11875
	L1D_cache_core[16]: Access = 8320, Miss = 8320, Miss_rate = 1.000, Pending_hits = 0, Reservation_fails = 11718
	L1D_cache_core[17]: Access = 8320, Miss = 8320, Miss_rate = 1.000, Pending_hits = 0, Reservation_fails = 12060
	L1D_cache_core[18]: Access = 8320, Miss = 8320, Miss_rate = 1.000, Pending_hits = 0, Reservation_fails = 12019
	L1D_cache_core[19]: Access = 8320, Miss = 8320, Miss_rate = 1.000, Pending_hits = 0, Reservation_fails = 12052
	L1D_cache_core[20]: Access = 8320, Miss = 8320, Miss_rate = 1.000, Pending_hits = 0, Reservation_fails = 12038
	L1D_cache_core[21]: Access = 6240, Miss = 6240, Miss_rate = 1.000, Pending_hits = 0, Reservation_fails = 9039
	L1D_cache_core[22]: Access = 6240, Miss = 6240, Miss_rate = 1.000, Pending_hits = 0, Reservation_fails = 9027
	L1D_cache_core[23]: Access = 8320, Miss = 8320, Miss_rate = 1.000, Pending_hits = 0, Reservation_fails = 12048
	L1D_cache_core[24]: Access = 8320, Miss = 8320, Miss_rate = 1.000, Pending_hits = 0, Reservation_fails = 12025
	L1D_cache_core[25]: Access = 8320, Miss = 8320, Miss_rate = 1.000, Pending_hits = 0, Reservation_fails = 11979
	L1D_cache_core[26]: Access = 8320, Miss = 8320, Miss_rate = 1.000, Pending_hits = 0, Reservation_fails = 11922
	L1D_cache_core[27]: Access = 6240, Miss = 6240, Miss_rate = 1.000, Pending_hits = 0, Reservation_fails = 9031
	L1D_cache_core[28]: Access = 8320, Miss = 8320, Miss_rate = 1.000, Pending_hits = 0, Reservation_fails = 12060
	L1D_cache_core[29]: Access = 8320, Miss = 8320, Miss_rate = 1.000, Pending_hits = 0, Reservation_fails = 12001
	L1D_cache_core[30]: Access = 8320, Miss = 8320, Miss_rate = 1.000, Pending_hits = 0, Reservation_fails = 11989
	L1D_cache_core[31]: Access = 7280, Miss = 7280, Miss_rate = 1.000, Pending_hits = 0, Reservation_fails = 10495
	L1D_cache_core[32]: Access = 8320, Miss = 8320, Miss_rate = 1.000, Pending_hits = 0, Reservation_fails = 11922
	L1D_cache_core[33]: Access = 8320, Miss = 8320, Miss_rate = 1.000, Pending_hits = 0, Reservation_fails = 12036
	L1D_cache_core[34]: Access = 8320, Miss = 8320, Miss_rate = 1.000, Pending_hits = 0, Reservation_fails = 12052
	L1D_cache_core[35]: Access = 8320, Miss = 8320, Miss_rate = 1.000, Pending_hits = 0, Reservation_fails = 12036
	L1D_cache_core[36]: Access = 8320, Miss = 8320, Miss_rate = 1.000, Pending_hits = 0, Reservation_fails = 12040
	L1D_cache_core[37]: Access = 8320, Miss = 8320, Miss_rate = 1.000, Pending_hits = 0, Reservation_fails = 12036
	L1D_cache_core[38]: Access = 8320, Miss = 8320, Miss_rate = 1.000, Pending_hits = 0, Reservation_fails = 11905
	L1D_cache_core[39]: Access = 6240, Miss = 6240, Miss_rate = 1.000, Pending_hits = 0, Reservation_fails = 9025
	L1D_cache_core[40]: Access = 8320, Miss = 8320, Miss_rate = 1.000, Pending_hits = 0, Reservation_fails = 11985
	L1D_cache_core[41]: Access = 8320, Miss = 8320, Miss_rate = 1.000, Pending_hits = 0, Reservation_fails = 12062
	L1D_cache_core[42]: Access = 8320, Miss = 8320, Miss_rate = 1.000, Pending_hits = 0, Reservation_fails = 11818
	L1D_cache_core[43]: Access = 8320, Miss = 8320, Miss_rate = 1.000, Pending_hits = 0, Reservation_fails = 12026
	L1D_cache_core[44]: Access = 8320, Miss = 8320, Miss_rate = 1.000, Pending_hits = 0, Reservation_fails = 12046
	L1D_cache_core[45]: Access = 8320, Miss = 8320, Miss_rate = 1.000, Pending_hits = 0, Reservation_fails = 12040
	L1D_cache_core[46]: Access = 8320, Miss = 8320, Miss_rate = 1.000, Pending_hits = 0, Reservation_fails = 11893
	L1D_cache_core[47]: Access = 6240, Miss = 6240, Miss_rate = 1.000, Pending_hits = 0, Reservation_fails = 9039
	L1D_cache_core[48]: Access = 8320, Miss = 8320, Miss_rate = 1.000, Pending_hits = 0, Reservation_fails = 11919
	L1D_cache_core[49]: Access = 8320, Miss = 8320, Miss_rate = 1.000, Pending_hits = 0, Reservation_fails = 11893
	L1D_cache_core[50]: Access = 6240, Miss = 6240, Miss_rate = 1.000, Pending_hits = 0, Reservation_fails = 9027
	L1D_cache_core[51]: Access = 8320, Miss = 8320, Miss_rate = 1.000, Pending_hits = 0, Reservation_fails = 12040
	L1D_cache_core[52]: Access = 8320, Miss = 8320, Miss_rate = 1.000, Pending_hits = 0, Reservation_fails = 12065
	L1D_cache_core[53]: Access = 8320, Miss = 8320, Miss_rate = 1.000, Pending_hits = 0, Reservation_fails = 12000
	L1D_cache_core[54]: Access = 8320, Miss = 8320, Miss_rate = 1.000, Pending_hits = 0, Reservation_fails = 11801
	L1D_cache_core[55]: Access = 8320, Miss = 8320, Miss_rate = 1.000, Pending_hits = 0, Reservation_fails = 11987
	L1D_cache_core[56]: Access = 8320, Miss = 8320, Miss_rate = 1.000, Pending_hits = 0, Reservation_fails = 12036
	L1D_cache_core[57]: Access = 8320, Miss = 8320, Miss_rate = 1.000, Pending_hits = 0, Reservation_fails = 11776
	L1D_cache_core[58]: Access = 8320, Miss = 8320, Miss_rate = 1.000, Pending_hits = 0, Reservation_fails = 11845
	L1D_cache_core[59]: Access = 6240, Miss = 6240, Miss_rate = 1.000, Pending_hits = 0, Reservation_fails = 9039
	L1D_cache_core[60]: Access = 8320, Miss = 8320, Miss_rate = 1.000, Pending_hits = 0, Reservation_fails = 11960
	L1D_cache_core[61]: Access = 8320, Miss = 8320, Miss_rate = 1.000, Pending_hits = 0, Reservation_fails = 12039
	L1D_cache_core[62]: Access = 8320, Miss = 8320, Miss_rate = 1.000, Pending_hits = 0, Reservation_fails = 12054
	L1D_cache_core[63]: Access = 6240, Miss = 6240, Miss_rate = 1.000, Pending_hits = 0, Reservation_fails = 9031
	L1D_cache_core[64]: Access = 8320, Miss = 8320, Miss_rate = 1.000, Pending_hits = 0, Reservation_fails = 11917
	L1D_cache_core[65]: Access = 8320, Miss = 8320, Miss_rate = 1.000, Pending_hits = 0, Reservation_fails = 11892
	L1D_cache_core[66]: Access = 8320, Miss = 8320, Miss_rate = 1.000, Pending_hits = 0, Reservation_fails = 12036
	L1D_cache_core[67]: Access = 8320, Miss = 8320, Miss_rate = 1.000, Pending_hits = 0, Reservation_fails = 11914
	L1D_cache_core[68]: Access = 8320, Miss = 8320, Miss_rate = 1.000, Pending_hits = 0, Reservation_fails = 12060
	L1D_cache_core[69]: Access = 8320, Miss = 8320, Miss_rate = 1.000, Pending_hits = 0, Reservation_fails = 11916
	L1D_cache_core[70]: Access = 8320, Miss = 8320, Miss_rate = 1.000, Pending_hits = 0, Reservation_fails = 12040
	L1D_cache_core[71]: Access = 8320, Miss = 8320, Miss_rate = 1.000, Pending_hits = 0, Reservation_fails = 11922
	L1D_cache_core[72]: Access = 8320, Miss = 8320, Miss_rate = 1.000, Pending_hits = 0, Reservation_fails = 11924
	L1D_cache_core[73]: Access = 8320, Miss = 8320, Miss_rate = 1.000, Pending_hits = 0, Reservation_fails = 12044
	L1D_cache_core[74]: Access = 8320, Miss = 8320, Miss_rate = 1.000, Pending_hits = 0, Reservation_fails = 12055
	L1D_cache_core[75]: Access = 8320, Miss = 8320, Miss_rate = 1.000, Pending_hits = 0, Reservation_fails = 12057
	L1D_cache_core[76]: Access = 8320, Miss = 8320, Miss_rate = 1.000, Pending_hits = 0, Reservation_fails = 12060
	L1D_cache_core[77]: Access = 8320, Miss = 8320, Miss_rate = 1.000, Pending_hits = 0, Reservation_fails = 12015
	L1D_cache_core[78]: Access = 7280, Miss = 7280, Miss_rate = 1.000, Pending_hits = 0, Reservation_fails = 10516
	L1D_cache_core[79]: Access = 8320, Miss = 8320, Miss_rate = 1.000, Pending_hits = 0, Reservation_fails = 11904
	L1D_cache_core[80]: Access = 8320, Miss = 8320, Miss_rate = 1.000, Pending_hits = 0, Reservation_fails = 11760
	L1D_cache_core[81]: Access = 8320, Miss = 8320, Miss_rate = 1.000, Pending_hits = 0, Reservation_fails = 12048
	L1D_cache_core[82]: Access = 8320, Miss = 8320, Miss_rate = 1.000, Pending_hits = 0, Reservation_fails = 12068
	L1D_cache_core[83]: Access = 8320, Miss = 8320, Miss_rate = 1.000, Pending_hits = 0, Reservation_fails = 12036
	L1D_cache_core[84]: Access = 8320, Miss = 8320, Miss_rate = 1.000, Pending_hits = 0, Reservation_fails = 12048
	L1D_cache_core[85]: Access = 8320, Miss = 8320, Miss_rate = 1.000, Pending_hits = 0, Reservation_fails = 12052
	L1D_cache_core[86]: Access = 8320, Miss = 8320, Miss_rate = 1.000, Pending_hits = 0, Reservation_fails = 11833
	L1D_cache_core[87]: Access = 8320, Miss = 8320, Miss_rate = 1.000, Pending_hits = 0, Reservation_fails = 11983
	L1D_cache_core[88]: Access = 8320, Miss = 8320, Miss_rate = 1.000, Pending_hits = 0, Reservation_fails = 11925
	L1D_cache_core[89]: Access = 8320, Miss = 8320, Miss_rate = 1.000, Pending_hits = 0, Reservation_fails = 11858
	L1D_cache_core[90]: Access = 8320, Miss = 8320, Miss_rate = 1.000, Pending_hits = 0, Reservation_fails = 12040
	L1D_cache_core[91]: Access = 8320, Miss = 8320, Miss_rate = 1.000, Pending_hits = 0, Reservation_fails = 11964
	L1D_cache_core[92]: Access = 8320, Miss = 8320, Miss_rate = 1.000, Pending_hits = 0, Reservation_fails = 11974
	L1D_cache_core[93]: Access = 8320, Miss = 8320, Miss_rate = 1.000, Pending_hits = 0, Reservation_fails = 12058
	L1D_cache_core[94]: Access = 8320, Miss = 8320, Miss_rate = 1.000, Pending_hits = 0, Reservation_fails = 11688
	L1D_cache_core[95]: Access = 8320, Miss = 8320, Miss_rate = 1.000, Pending_hits = 0, Reservation_fails = 12061
	L1D_cache_core[96]: Access = 6240, Miss = 6240, Miss_rate = 1.000, Pending_hits = 0, Reservation_fails = 9043
	L1D_cache_core[97]: Access = 6240, Miss = 6240, Miss_rate = 1.000, Pending_hits = 0, Reservation_fails = 9033
	L1D_cache_core[98]: Access = 8320, Miss = 8320, Miss_rate = 1.000, Pending_hits = 0, Reservation_fails = 12036
	L1D_cache_core[99]: Access = 8320, Miss = 8320, Miss_rate = 1.000, Pending_hits = 0, Reservation_fails = 12078
	L1D_cache_core[100]: Access = 8320, Miss = 8320, Miss_rate = 1.000, Pending_hits = 0, Reservation_fails = 12073
	L1D_cache_core[101]: Access = 6240, Miss = 6240, Miss_rate = 1.000, Pending_hits = 0, Reservation_fails = 9027
	L1D_cache_core[102]: Access = 8320, Miss = 8320, Miss_rate = 1.000, Pending_hits = 0, Reservation_fails = 12022
	L1D_cache_core[103]: Access = 8320, Miss = 8320, Miss_rate = 1.000, Pending_hits = 0, Reservation_fails = 12036
	L1D_cache_core[104]: Access = 8320, Miss = 8320, Miss_rate = 1.000, Pending_hits = 0, Reservation_fails = 12011
	L1D_cache_core[105]: Access = 8320, Miss = 8320, Miss_rate = 1.000, Pending_hits = 0, Reservation_fails = 11927
	L1D_cache_core[106]: Access = 8320, Miss = 8320, Miss_rate = 1.000, Pending_hits = 0, Reservation_fails = 11932
	L1D_cache_core[107]: Access = 8320, Miss = 8320, Miss_rate = 1.000, Pending_hits = 0, Reservation_fails = 12044
	L1D_cache_core[108]: Access = 8320, Miss = 8320, Miss_rate = 1.000, Pending_hits = 0, Reservation_fails = 12036
	L1D_cache_core[109]: Access = 8320, Miss = 8320, Miss_rate = 1.000, Pending_hits = 0, Reservation_fails = 11993
	L1D_cache_core[110]: Access = 8320, Miss = 8320, Miss_rate = 1.000, Pending_hits = 0, Reservation_fails = 11859
	L1D_cache_core[111]: Access = 8320, Miss = 8320, Miss_rate = 1.000, Pending_hits = 0, Reservation_fails = 12040
	L1D_cache_core[112]: Access = 8320, Miss = 8320, Miss_rate = 1.000, Pending_hits = 0, Reservation_fails = 11884
	L1D_cache_core[113]: Access = 8320, Miss = 8320, Miss_rate = 1.000, Pending_hits = 0, Reservation_fails = 11641
	L1D_cache_core[114]: Access = 8320, Miss = 8320, Miss_rate = 1.000, Pending_hits = 0, Reservation_fails = 11973
	L1D_cache_core[115]: Access = 8320, Miss = 8320, Miss_rate = 1.000, Pending_hits = 0, Reservation_fails = 11895
	L1D_cache_core[116]: Access = 8320, Miss = 8320, Miss_rate = 1.000, Pending_hits = 0, Reservation_fails = 11860
	L1D_cache_core[117]: Access = 8320, Miss = 8320, Miss_rate = 1.000, Pending_hits = 0, Reservation_fails = 12038
	L1D_cache_core[118]: Access = 8320, Miss = 8320, Miss_rate = 1.000, Pending_hits = 0, Reservation_fails = 12066
	L1D_cache_core[119]: Access = 8320, Miss = 8320, Miss_rate = 1.000, Pending_hits = 0, Reservation_fails = 11895
	L1D_cache_core[120]: Access = 6240, Miss = 6240, Miss_rate = 1.000, Pending_hits = 0, Reservation_fails = 9031
	L1D_cache_core[121]: Access = 8320, Miss = 8320, Miss_rate = 1.000, Pending_hits = 0, Reservation_fails = 12036
	L1D_cache_core[122]: Access = 8320, Miss = 8320, Miss_rate = 1.000, Pending_hits = 0, Reservation_fails = 11949
	L1D_cache_core[123]: Access = 8320, Miss = 8320, Miss_rate = 1.000, Pending_hits = 0, Reservation_fails = 11919
	L1D_cache_core[124]: Access = 8320, Miss = 8320, Miss_rate = 1.000, Pending_hits = 0, Reservation_fails = 11826
	L1D_cache_core[125]: Access = 8320, Miss = 8320, Miss_rate = 1.000, Pending_hits = 0, Reservation_fails = 11824
	L1D_cache_core[126]: Access = 8320, Miss = 8320, Miss_rate = 1.000, Pending_hits = 0, Reservation_fails = 11914
	L1D_cache_core[127]: Access = 8320, Miss = 8320, Miss_rate = 1.000, Pending_hits = 0, Reservation_fails = 11926
	L1D_cache_core[128]: Access = 8320, Miss = 8320, Miss_rate = 1.000, Pending_hits = 0, Reservation_fails = 12048
	L1D_cache_core[129]: Access = 8320, Miss = 8320, Miss_rate = 1.000, Pending_hits = 0, Reservation_fails = 12058
	L1D_cache_core[130]: Access = 8320, Miss = 8320, Miss_rate = 1.000, Pending_hits = 0, Reservation_fails = 11980
	L1D_cache_core[131]: Access = 8320, Miss = 8320, Miss_rate = 1.000, Pending_hits = 0, Reservation_fails = 11850
	L1D_total_cache_accesses = 1064960
	L1D_total_cache_misses = 1064960
	L1D_total_cache_miss_rate = 1.0000
	L1D_total_cache_pending_hits = 0
	L1D_total_cache_reservation_fails = 1533058
	L1D_cache_data_port_util = 0.000
	L1D_cache_fill_port_util = 0.000
L1C_cache:
	L1C_total_cache_accesses = 0
	L1C_total_cache_misses = 0
	L1C_total_cache_pending_hits = 0
	L1C_total_cache_reservation_fails = 0
L1T_cache:
	L1T_total_cache_accesses = 0
	L1T_total_cache_misses = 0
	L1T_total_cache_pending_hits = 0
	L1T_total_cache_reservation_fails = 0

Total_core_cache_stats:
	Total_core_cache_stats_breakdown[GLOBAL_ACC_R][HIT] = 0
	Total_core_cache_stats_breakdown[GLOBAL_ACC_R][HIT_RESERVED] = 0
	Total_core_cache_stats_breakdown[GLOBAL_ACC_R][MISS] = 0
	Total_core_cache_stats_breakdown[GLOBAL_ACC_R][RESERVATION_FAIL] = 0
	Total_core_cache_stats_breakdown[GLOBAL_ACC_R][SECTOR_MISS] = 0
	Total_core_cache_stats_breakdown[GLOBAL_ACC_R][MSHR_HIT] = 0
	Total_core_cache_stats_breakdown[LOCAL_ACC_R][HIT] = 0
	Total_core_cache_stats_breakdown[LOCAL_ACC_R][HIT_RESERVED] = 0
	Total_core_cache_stats_breakdown[LOCAL_ACC_R][MISS] = 0
	Total_core_cache_stats_breakdown[LOCAL_ACC_R][RESERVATION_FAIL] = 0
	Total_core_cache_stats_breakdown[LOCAL_ACC_R][SECTOR_MISS] = 0
	Total_core_cache_stats_breakdown[LOCAL_ACC_R][MSHR_HIT] = 0
	Total_core_cache_stats_breakdown[CONST_ACC_R][HIT] = 0
	Total_core_cache_stats_breakdown[CONST_ACC_R][HIT_RESERVED] = 0
	Total_core_cache_stats_breakdown[CONST_ACC_R][MISS] = 0
	Total_core_cache_stats_breakdown[CONST_ACC_R][RESERVATION_FAIL] = 0
	Total_core_cache_stats_breakdown[CONST_ACC_R][SECTOR_MISS] = 0
	Total_core_cache_stats_breakdown[CONST_ACC_R][MSHR_HIT] = 0
	Total_core_cache_stats_breakdown[TEXTURE_ACC_R][HIT] = 0
	Total_core_cache_stats_breakdown[TEXTURE_ACC_R][HIT_RESERVED] = 0
	Total_core_cache_stats_breakdown[TEXTURE_ACC_R][MISS] = 0
	Total_core_cache_stats_breakdown[TEXTURE_ACC_R][RESERVATION_FAIL] = 0
	Total_core_cache_stats_breakdown[TEXTURE_ACC_R][SECTOR_MISS] = 0
	Total_core_cache_stats_breakdown[TEXTURE_ACC_R][MSHR_HIT] = 0
	Total_core_cache_stats_breakdown[GLOBAL_ACC_W][HIT] = 0
	Total_core_cache_stats_breakdown[GLOBAL_ACC_W][HIT_RESERVED] = 0
	Total_core_cache_stats_breakdown[GLOBAL_ACC_W][MISS] = 266240
	Total_core_cache_stats_breakdown[GLOBAL_ACC_W][RESERVATION_FAIL] = 1533058
	Total_core_cache_stats_breakdown[GLOBAL_ACC_W][SECTOR_MISS] = 798720
	Total_core_cache_stats_breakdown[GLOBAL_ACC_W][MSHR_HIT] = 0
	Total_core_cache_stats_breakdown[LOCAL_ACC_W][HIT] = 0
	Total_core_cache_stats_breakdown[LOCAL_ACC_W][HIT_RESERVED] = 0
	Total_core_cache_stats_breakdown[LOCAL_ACC_W][MISS] = 0
	Total_core_cache_stats_breakdown[LOCAL_ACC_W][RESERVATION_FAIL] = 0
	Total_core_cache_stats_breakdown[LOCAL_ACC_W][SECTOR_MISS] = 0
	Total_core_cache_stats_breakdown[LOCAL_ACC_W][MSHR_HIT] = 0
	Total_core_cache_stats_breakdown[L1_WRBK_ACC][HIT] = 0
	Total_core_cache_stats_breakdown[L1_WRBK_ACC][HIT_RESERVED] = 0
	Total_core_cache_stats_breakdown[L1_WRBK_ACC][MISS] = 0
	Total_core_cache_stats_breakdown[L1_WRBK_ACC][RESERVATION_FAIL] = 0
	Total_core_cache_stats_breakdown[L1_WRBK_ACC][SECTOR_MISS] = 0
	Total_core_cache_stats_breakdown[L1_WRBK_ACC][MSHR_HIT] = 0
	Total_core_cache_stats_breakdown[L2_WRBK_ACC][HIT] = 0
	Total_core_cache_stats_breakdown[L2_WRBK_ACC][HIT_RESERVED] = 0
	Total_core_cache_stats_breakdown[L2_WRBK_ACC][MISS] = 0
	Total_core_cache_stats_breakdown[L2_WRBK_ACC][RESERVATION_FAIL] = 0
	Total_core_cache_stats_breakdown[L2_WRBK_ACC][SECTOR_MISS] = 0
	Total_core_cache_stats_breakdown[L2_WRBK_ACC][MSHR_HIT] = 0
	Total_core_cache_stats_breakdown[INST_ACC_R][HIT] = 0
	Total_core_cache_stats_breakdown[INST_ACC_R][HIT_RESERVED] = 0
	Total_core_cache_stats_breakdown[INST_ACC_R][MISS] = 0
	Total_core_cache_stats_breakdown[INST_ACC_R][RESERVATION_FAIL] = 0
	Total_core_cache_stats_breakdown[INST_ACC_R][SECTOR_MISS] = 0
	Total_core_cache_stats_breakdown[INST_ACC_R][MSHR_HIT] = 0
	Total_core_cache_stats_breakdown[L1_WR_ALLOC_R][HIT] = 0
	Total_core_cache_stats_breakdown[L1_WR_ALLOC_R][HIT_RESERVED] = 0
	Total_core_cache_stats_breakdown[L1_WR_ALLOC_R][MISS] = 0
	Total_core_cache_stats_breakdown[L1_WR_ALLOC_R][RESERVATION_FAIL] = 0
	Total_core_cache_stats_breakdown[L1_WR_ALLOC_R][SECTOR_MISS] = 0
	Total_core_cache_stats_breakdown[L1_WR_ALLOC_R][MSHR_HIT] = 0
	Total_core_cache_stats_breakdown[L2_WR_ALLOC_R][HIT] = 0
	Total_core_cache_stats_breakdown[L2_WR_ALLOC_R][HIT_RESERVED] = 0
	Total_core_cache_stats_breakdown[L2_WR_ALLOC_R][MISS] = 0
	Total_core_cache_stats_breakdown[L2_WR_ALLOC_R][RESERVATION_FAIL] = 0
	Total_core_cache_stats_breakdown[L2_WR_ALLOC_R][SECTOR_MISS] = 0
	Total_core_cache_stats_breakdown[L2_WR_ALLOC_R][MSHR_HIT] = 0
	Total_core_cache_stats_breakdown[TMA_ACC_R][HIT] = 0
	Total_core_cache_stats_breakdown[TMA_ACC_R][HIT_RESERVED] = 0
	Total_core_cache_stats_breakdown[TMA_ACC_R][MISS] = 0
	Total_core_cache_stats_breakdown[TMA_ACC_R][RESERVATION_FAIL] = 0
	Total_core_cache_stats_breakdown[TMA_ACC_R][SECTOR_MISS] = 0
	Total_core_cache_stats_breakdown[TMA_ACC_R][MSHR_HIT] = 0
	Total_core_cache_stats_breakdown[TMA_ACC_W][HIT] = 0
	Total_core_cache_stats_breakdown[TMA_ACC_W][HIT_RESERVED] = 0
	Total_core_cache_stats_breakdown[TMA_ACC_W][MISS] = 0
	Total_core_cache_stats_breakdown[TMA_ACC_W][RESERVATION_FAIL] = 0
	Total_core_cache_stats_breakdown[TMA_ACC_W][SECTOR_MISS] = 0
	Total_core_cache_stats_breakdown[TMA_ACC_W][MSHR_HIT] = 0
	Total_core_cache_stats_breakdown[CP_ASYNC_ACC_R][HIT] = 0
	Total_core_cache_stats_breakdown[CP_ASYNC_ACC_R][HIT_RESERVED] = 0
	Total_core_cache_stats_breakdown[CP_ASYNC_ACC_R][MISS] = 0
	Total_core_cache_stats_breakdown[CP_ASYNC_ACC_R][RESERVATION_FAIL] = 0
	Total_core_cache_stats_breakdown[CP_ASYNC_ACC_R][SECTOR_MISS] = 0
	Total_core_cache_stats_breakdown[CP_ASYNC_ACC_R][MSHR_HIT] = 0
	Total_core_cache_stats_breakdown[GLOBAL_ACC_W][TOTAL_ACCESS] = 1064960

Total_core_cache_fail_stats:
	Total_core_cache_fail_stats_breakdown[GLOBAL_ACC_W][MISS_QUEUE_FULL] = 1533058
ctas_completed 1024, Shader 0 warp_id issue ditsribution:
warp_id:
0, 1, 2, 3, 4, 5, 6, 7, 
distro:
17852, 17852, 17852, 17852, 17852, 17852, 17852, 17852, 
gpgpu_n_tot_thrd_icount = 584974336
gpgpu_n_tot_w_icount = 18280448
gpgpu_n_stall_shd_mem = 1107003
gpgpu_n_mem_read_local = 0
gpgpu_n_mem_write_local = 0
gpgpu_n_mem_read_global = 1310720
gpgpu_n_mem_write_global = 1064960
gpgpu_n_mem_texture = 0
gpgpu_n_mem_const = 0
gpgpu_n_tma_tx_completed = 0
gpgpu_n_tma_read_tx_completed = 0
gpgpu_n_tma_write_tx_completed = 0
gpgpu_n_load_insn  = 0
gpgpu_n_store_insn = 2228224
gpgpu_n_shmem_insn = 10485760
gpgpu_n_sstarr_insn = 0
gpgpu_n_tex_insn = 0
gpgpu_n_const_mem_insn = 0
gpgpu_n_param_mem_insn = 3964928
gpgpu_n_shmem_bkconflict = 196608
gpgpu_n_l1cache_bkconflict = 713954
gpgpu_n_intrawarp_mshr_merge = 0
gpgpu_n_cmem_portconflict = 0
gpgpu_stall_shd_mem[c_mem][resource_stall] = 0
gpgpu_stall_shd_mem[s_mem][bk_conf] = 196608
gpgpu_stall_shd_mem[gl_mem][resource_stall] = 713954
gpgpu_stall_shd_mem[gl_mem][coal_stall] = 196441
gpgpu_stall_shd_mem[gl_mem][data_port_stall] = 0
gpu_reg_bank_conflict_stalls = 0
Warp Occupancy Distribution:
Stall:27759710	W0_Idle:5840605	W0_Scoreboard:7933277	W1:0	W2:0	W3:0	W4:0	W5:0	W6:0	W7:0	W8:225280	W9:0	W10:0	W11:0	W12:0	W13:0	W14:0	W15:0	W16:0	W17:0	W18:0	W19:0	W20:0	W21:0	W22:0	W23:0	W24:0	W25:0	W26:0	W27:0	W28:0	W29:0	W30:0	W31:0	W32:18055168
single_issue_nums: WS0:4570112	WS1:4570112	WS2:4570112	WS3:4570112	
dual_issue_nums: WS0:0	WS1:0	WS2:0	WS3:0	
Warp Stall Breakdown:
  Selected                   18280448   15.5%
  NoInstruction               3222279    2.7%
  Barrier                     4509304    3.8%
  Membar                            0    0.0%
  WaitTMA                     9988284    8.5%
  WaitWGMMA                         0    0.0%
  Atomic                            0    0.0%
  SB_MemGlobal                 486421    0.4%
  SB_MemShared                      0    0.0%
  SB_TensorCore               5365584    4.5%
  SB_SpInt                   15417881   13.1%
  SB_Sfu                      5598955    4.7%
  SB_Tma                            0    0.0%
  SB_Other                          0    0.0%
  MathPipeThrottle           48406799   41.0%
  MioThrottle                 3066894    2.6%
  PipeStallOther               674583    0.6%
  NotSelected                 3112335    2.6%
  Total warp-scheduler samples: 118129767
traffic_breakdown_coretomem[CP_ASYNC_ACC_R] = 10485760 {8:1310720,}
traffic_breakdown_coretomem[GLOBAL_ACC_W] = 42598400 {40:1064960,}
traffic_breakdown_memtocore[CP_ASYNC_ACC_R] = 209715200 {40:5242880,}
traffic_breakdown_memtocore[GLOBAL_ACC_W] = 8519680 {8:1064960,}
maxmflatency = 2274 
max_icnt2mem_latency = 1128 
maxmrqlatency = 1078 
max_icnt2sh_latency = 1822 
averagemflatency = 412 
avg_icnt2mem_latency = 153 
avg_mrq_latency = 24 
avg_icnt2sh_latency = 19 
mrq_lat_table:626960 	59135 	63188 	1089331 	743744 	411448 	193350 	56325 	8369 	897 	16 	0 	0 	0 	0 	0 	0 	0 	0 	0 	0 	0 	0 	0 	0 	0 	0 	0 	0 	0 	0 	0 	
dq_lat_table:0 	0 	0 	0 	0 	0 	0 	0 	0 	0 	0 	0 	0 	0 	0 	0 	0 	0 	0 	0 	0 	0 	0 	0 	0 	0 	0 	0 	0 	0 	0 	0 	
mf_lat_table:0 	0 	0 	0 	0 	0 	0 	0 	1042466 	11271 	11140 	83 	0 	0 	0 	0 	0 	0 	0 	0 	0 	0 	0 	0 	0 	0 	0 	0 	0 	0 	0 	0 	
icnt2mem_lat_table:136151 	1055952 	38898 	11801 	9998 	39509 	530029 	515048 	16791 	21269 	234 	0 	0 	0 	0 	0 	0 	0 	0 	0 	0 	0 	0 	0 	
icnt2sh_lat_table:40898 	267308 	488834 	203659 	38337 	2539 	1841 	2925 	5211 	8914 	4494 	0 	0 	0 	0 	0 	0 	0 	0 	0 	0 	0 	0 	0 	
mf_lat_pw_table:0 	0 	0 	0 	0 	0 	0 	0 	95 	0 	0 	0 	0 	0 	0 	0 	0 	0 	0 	0 	0 	0 	0 	0 	0 	0 	0 	0 	0 	0 	0 	0 	
maximum concurrent accesses to same row:
dram[0]:        16        20        16        16        16        16        12        16        16        16        16        16        16        16        12        16 
dram[1]:        16        16        16        16        16        16        12        12        16        20        16        16        16        16        16        12 
dram[2]:        16        16        16        20        16        16        16        16        16        16        16        16        16        16        16        16 
dram[3]:        12        16        16        20        16        16        12        16        16        16        16        16        16        16        16        12 
dram[4]:        16        16        16        16        12        16        16        12        20        16        16        16        12        20        20        16 
dram[5]:        16        12        16        12        12        12        12        12        20        16        16        12        16        16        16        16 
dram[6]:        16        16        16        16        16        12        16        12        12        16        16        16        16        16        12        16 
dram[7]:        16        16        16        20        12        16        12        12        16        12        16        16        16        20        16        16 
dram[8]:        16        20        12        16        16        16        12        20        12        20        16        16        16        16        16        12 
dram[9]:        16        16        12        20        16        16        12        12        20        12        12        12        16        16        12        16 
dram[10]:        16        16        20        20        16        12        16        16        12        16        20        16        16        16        16        16 
dram[11]:        16        16        16        16        12        16        12        16        16        16        16        12        16        16        12        12 
dram[12]:        12        16        16        12        12        12        16        12        12        16        16        16        16        16        16        16 
dram[13]:        16        16        16        16        20        16        16        16        16        16        12        16        16        16        20        20 
dram[14]:        14        12        16        16        12        16        16        12        20        16        20        16        20        16        16        16 
dram[15]:        16        16        12        20        16        12        16        12        20        20        16        16        16        16        16        20 
dram[16]:        16        20        16        20        16        16        16        16        16        16        16        16        16        16        16        16 
dram[17]:        16        16        16        16        12        12        16        16        16        16        16        16        16        16        16        16 
dram[18]:        16        16        16        20        20        12        12        12        16        20        16        16        16        16        16        16 
dram[19]:        16        16        16        16        12        16        12        16        12        16        16        16        12        16        16        16 
dram[20]:        16        16        16        20        16        16        16        16        16        16        16        16        16        16        20        20 
dram[21]:        16        16        12        20        16        16        12        12        12        12        16        16        16        12        20        20 
dram[22]:        16        16        16        16        16        12        12        16        20        16        16        16        16        16        12        12 
dram[23]:        16        16        20        20        16        16        12        16        16        16        20        16        16        20        20        16 
dram[24]:        20        20        12        16        16        16        12        16        16        20        16        16        16        16        12        16 
dram[25]:        16        16        12        16        16        12        16        16        16        20        16        16        16        16        12        16 
dram[26]:        16        12        20        20        16        16        16        16        16        20        20        16        20        16        12        12 
dram[27]:        16        16        16        16        16        16        16        16        16        20        16        16        16        16        16        16 
dram[28]:        16        12        16        12        16        16        12        16        16        16        16        16        20        20        12        16 
dram[29]:        20        12        12        16        20        12        16        16        16        20        16        12        16        20        20        16 
dram[30]:        16        16        16        16        16        12        16        12        16        20        12        12        16        16        16        16 
dram[31]:        16        12        16        20        12        12        16        12        20        20        16        16        16        16        12        20 
dram[32]:        20        20        16        12        16        16        16        16        16        16        20        20        16        16        16        12 
dram[33]:        20        20        20        16        16        16        12        16        16        16        20        20        16        20        16        12 
dram[34]:        16        16        16        20        16        12        16        16        16        16        16        20        20        16        16        16 
dram[35]:        12        12        20        20        12        12        12        16        20        12        20        20        20        16        13        12 
dram[36]:        12        12        16        12        16        16        16        12        16        16        16        16        16        12        20        20 
dram[37]:        12        12        12        12        12        16        12        16        16        12        12        16        16        16        12        16 
dram[38]:        16        16        16        16        12        16        12        16        20        16        12        16        16        16        16        16 
dram[39]:        12        12        16        20        16        16        16        16        16        12        16        16        16        20        12        16 
dram[40]:        16        18        20        12        16        12        16        16        12        16        16        16        16        16        16        12 
dram[41]:        16        16        20        16        16        16        12        12        16        12        16        16        16        16        12        16 
dram[42]:        16        12        20        20        12        12        16        16        16        12        16        16        16        12        16        16 
dram[43]:        16        16        16        20        12        16        12        12        16        20        16        16        16        16        16        12 
dram[44]:        12        12        12        16        16        12        12        12        16        12        16        16        16        16        16        16 
dram[45]:        16        16        16        20        16        12        16        16        16        12        16        16        16        16        20        20 
dram[46]:        16        12        16        16        12        16        12        12        20        16        16        16        16        16        20        20 
dram[47]:        16        16        16        16        16        16        16        16        16        12        16        16        16        16        16        20 
dram[48]:        16        16        12        12        16        12        12        12        16        12        12        12        16        16        12        12 
dram[49]:        16        16        12        12        12        12        12        12        16        16        12        12        16        16        12        12 
dram[50]:        12        12        12        16        12        12        12        12        12        12        12        12        16        12        12        12 
dram[51]:        16        16        12        16        12        12        16        16        12        12        12        12        16        12        16        16 
dram[52]:        12        12        16        16        16        12        12        12        16        16        12        12         8        12        12        12 
dram[53]:        12         8        12        12        16        16        12        12        16        12        12        12        12        12        12        12 
dram[54]:        12        12        12        12        12        12        12        12        16        16        12        12        12        12        16        16 
dram[55]:        16        16        12        12        16        16        12        12        16        16        16        16        12        12        12        12 
dram[56]:        12        16        16        16        12        12        12        12        12        12        12        12        12        12         8        12 
dram[57]:        12        12        12        12        12        12        12        12        12        12        12        12        12        12         8         8 
dram[58]:        12        12        16        16        12        12        12        12        12         8        16        12        12        12        12        12 
dram[59]:        12        12        16        16        12        12        12        12        12        12        16        12        12        12        12        12 
dram[60]:        12        12        12        12        12        12         8        12        12        12        16        16         8         8        12        12 
dram[61]:        12        12        12        12        16        16        12        12        16        16        12        12        12        12        12        12 
dram[62]:        12        12        12        12        12        12         8         8        16        16        12        12        12        12        16        16 
dram[63]:        12        12        12        12        12        12        12        12        16        16        16        16        12        12        12        13 
dram[64]:        16        16        12        12        16        12        12        12        16        16        12        12        12        12        12        12 
dram[65]:        16        16        12        12        12        12        12        12        16        16        12        12        12        12        12        12 
dram[66]:        12        12        16        16        12        12        12        12        16        16        12        12        16        12        12         8 
dram[67]:        12        12        16        12        16        16        12        12        16        16        12        12        16        12         8         8 
dram[68]:        12        16        12        12        12        12        12        12        12        12        12        12        16        16        16        16 
dram[69]:        16        16        12        12        12        16        12        12        12        12        12        12        16        16        16        16 
dram[70]:        12        12        12        16        12        12        12        12        12        12        12        12        16        16        12        12 
dram[71]:        12        12        16        16        12        12        12        12        12        12        12        12        16        16        12        12 
dram[72]:        12        16        16        16        12        12        12        12         8        12        12        12        12        12        12        12 
dram[73]:        12        12        12        12        12        12        16        16        12        12        16        16        12        12         8        12 
dram[74]:        12        12        16        16        12        12        12        12        16        12        16        12        12        12        12        12 
dram[75]:        12        12        16        16        12        12        12        12        12        16        12        12        12        12        12        12 
dram[76]:        12        12        12        12        12        12         8        12        12        12        12        12        12        12        16        12 
dram[77]:        12        12        12        12        12        12        16        12        12        12        12        12        12        12        16        16 
dram[78]:        12        12        16        16        12        12        12        12        12        12        12        16        16        16        16        16 
dram[79]:        12        12        16        16        12        12        12         8        12        12        12        12        16        16        12        12 
maximum service time to same row:
dram[0]:      7588      7596      8534      8539      8176      8204      7905      7873      7610      7637      7120      7010      8013      7986      7588      7663 
dram[1]:      7465      7424      8434      8453      8211      8238      7863      7822      7940      7962      7303      7226      8081      8047      8185      8187 
dram[2]:      7379      7343      8372      8396      8232      8126      6906      6879      7464      7481      7354      7304      8165      8187      7703      7901 
dram[3]:      7883      7882      8418      8439      8262      8151      6899      6853      7514      7552      7337      7238      8250      8238      7710      7750 
dram[4]:      7859      7854      8101      8060      8019      8029      6722      6688      7380      7382      7366      7350      7510      7466      8684      8668 
dram[5]:      7783      7764      8203      8200      8045      7993      6697      6656      7391      7394      7451      7433      7527      7520      8252      8223 
dram[6]:      7812      7808      8491      8463      7987      7964      6902      7100      7136      7153      7237      7177      7583      7499      8200      8241 
dram[7]:      7797      7861      8322      8323      7942      7959      7084      7022      7864      7872      8026      8033      7603      7581      8276      8256 
dram[8]:      7474      7434      8489      8518      8134      8168      7894      7856      7625      7646      7155      7026      7935      7911      8207      8172 
dram[9]:      7535      7520      8485      8498      8394      8397      7858      7838      7645      7677      7246      7190      8056      8040      7586      7670 
dram[10]:      7595      7550      8479      8499      8089      8103      6960      6969      7428      7447      7386      7384      7665      7671      7564      7556 
dram[11]:      7876      7898      8592      8552      8109      8099      6920      6867      7459      7468      7324      7226      8307      8321      8430      8485 
dram[12]:      7851      7843      8114      8068      8000      7981      6723      6687      7574      7568      7805      7820      7425      7375      8205      8194 
dram[13]:      7835      7839      8116      8083      7966      7961      6841      6767      7163      7187      7421      7391      7434      7385      8148      8106 
dram[14]:      7871      7862      8156      8156      8019      7988      6868      6795      7133      7156      7312      7270      7605      7573      8244      8286 
dram[15]:      7704      7775      8187      8190      8026      7994      7126      7094      7061      7081      8018      8038      7614      7600      8340      8383 
dram[16]:      7678      7627      8452      8475      8212      8259      7887      7855      7614      7644      7118      7015      8017      7974      8665      8673 
dram[17]:      7566      7558      8435      8459      8454      8440      6790      6752      7937      7962      7312      7250      8077      8094      8189      8195 
dram[18]:      7379      7325      8377      8399      8230      8124      6961      6960      7420      7454      7290      7225      7669      7663      7758      8193 
dram[19]:      7891      7896      8570      8564      8152      8189      6897      6851      7523      7545      7401      7363      8253      8227      7716      7727 
dram[20]:      7858      7861      8092      8037      8017      8006      6725      6690      7382      7380      7366      7350      7510      7444      8160      8113 
dram[21]:      7783      7766      8204      8200      8044      8001      6709      6672      7394      7396      7417      7366      7566      7557      8140      8086 
dram[22]:      7830      7812      8468      8456      8055      8004      7151      7104      7133      7149      7948      7838      7602      7524      8266      8289 
dram[23]:      7703      7766      8321      8321      7951      7953      7104      7062      7858      7860      8009      8056      7606      7584      8278      8272 
dram[24]:      7550      7555      8519      8554      8126      8157      7880      7866      7628      7650      7156      7026      8002      7947      8203      8173 
dram[25]:      7565      7517      8488      8505      8393      8398      7860      7842      7637      7680      7233      7178      8088      8065      8143      8213 
dram[26]:      7632      7558      8483      8500      8246      8115      6956      6954      7420      7457      7389      7371      7760      7725      7645      7626 
dram[27]:      7882      7839      8597      8609      8126      8126      6916      6848      7440      7453      7324      7226      8250      8237      8563      8897 
dram[28]:      7855      7857      8134      8089      7967      7929      6717      6689      7559      7558      7411      7370      7441      7406      8134      8079 
dram[29]:      7834      7851      8121      8080      7969      7967      6840      6767      7161      7188      7423      7394      7429      7382      8906      8941 
dram[30]:      7862      7844      8427      8444      8024      7977      6876      6799      7112      7128      7313      7267      7604      7573      8669      8713 
dram[31]:      7806      7771      8332      8303      8008      7997      7126      7092      7064      7081      8022      8035      7626      7623      8340      8375 
dram[32]:      7672      7624      8430      8450      8174      8212      7888      7871      7607      7645      7128      6997      7952      7938      8069      8164 
dram[33]:      7570      7554      8432      8456      8438      8449      6798      6749      7656      7705      7317      7226      8163      8192      8205      8173 
dram[34]:      7392      7337      8382      8399      8232      8134      6910      6869      7446      7470      7317      7245      7668      7669      7705      7899 
dram[35]:      7908      7892      8413      8439      8119      8148      6903      6846      7470      7500      7351      7240      8278      8248      7630      7614 
dram[36]:      7858      7861      8094      8049      8003      8005      6720      6685      7390      7387      7411      7366      7449      7401      8687      8668 
dram[37]:      7805      7791      8207      8207      8333      8264      6698      6660      7398      7396      7414      7370      7526      7516      8336      8321 
dram[38]:      7782      7786      8470      8466      8033      7991      6902      6836      7133      7148      7235      7171      7609      7525      8191      8273 
dram[39]:      7791      7848      8334      8329      8050      7993      7083      7022      7743      7742      7993      7996      7611      7599      8243      8238 
dram[40]:      7542      7466      8491      8512      8132      8165      7897      7873      7618      7636      7225      7225      7996      7954      8188      8177 
dram[41]:      7590      7547      8482      8515      8381      8397      7873      7840      7679      7712      7316      7275      8060      8032      8127      8209 
dram[42]:      7591      7550      8481      8505      8232      8117      6955      6957      7445      7466      7392      7384      7698      7698      7566      7554 
dram[43]:      7836      7801      8569      8577      8295      8151      6917      6859      7426      7424      7329      7226      8253      8337      8553      8851 
dram[44]:      7840      7843      8147      8088      7970      7936      6735      6692      7375      7378      7414      7365      7425      7378      8207      8213 
dram[45]:      7830      7848      8115      8079      8326      8261      6840      6770      7163      7612      7801      7838      7434      7382      8728      8723 
dram[46]:      7855      7837      8176      8156      8013      7978      7226      7153      7109      7130      7344      7301      7633      7556      8658      8713 
dram[47]:      7692      7742      8164      8164      8024      7991      7087      7057      7061      7085      8025      8082      7606      7537      8239      8284 
dram[48]:      8210      8138      8671      8684      8913      8577      7908      7868      7646      7670      8418      8404      8035      8011      9127      9098 
dram[49]:      7981      7944      8466      8478      8388      8382      6836      6789      7944      7968      7320      7267      8419      8494      8413      8431 
dram[50]:      7540      7485      8727      8733      8381      8370      6959      6957      7472      7480     10234     10209      8491      8480      9290      9223 
dram[51]:      7880      7882      9244      9215     10980     10965      6906      6884     12232     12669     10108     10087      8456      8419      8570      8573 
dram[52]:      8517      8506      9040      9015      8024      8005      8111      8112      8434      8873      8972      9044      7670      7689      8793      8776 
dram[53]:      7828      7839      9033     10585      8286      8245      8374      8382      9106      9047      7421      7394      7468      7420      8273      8255 
dram[54]:      7901      7847      9984      8471      8664      8658      8576      8526     12129     12000      8039      8002      7609      7523      8677      8937 
dram[55]:      8450      8461      8793      8730      8692      8727      7091      7029      8163      8163      9270      9282      7603      7583      8396      8426 
dram[56]:      8156      8084      8532      8532      9034      8866      8082      8020      7621      7648      8387      8326      8019      7959      8239      8391 
dram[57]:      7968      7930      8446      8471      8438      8434      7892      7869      7944      7971      7242      7188      8209      8159      8311      8322 
dram[58]:      7746      7700      8720      8722      8356      8359      6917      6853     13798     13567     11159     10997      8491      8444      8628      8620 
dram[59]:      7875      7830      9283      9288     10880     10858      6913      6873     11741     11727     10066     10321      8536      8491      7893      7892 
dram[60]:      8502      8490     10131      9017      8001      7980      8115      8100      8956      8929      8819      8885      7597      7624     10179     10113 
dram[61]:      7831      7839      9043      9023      8575      8514      8575      8529      8487      8482      7415      7393      7460      7414      8400      8285 
dram[62]:      7974      7925      8747      8569      8719      8696      8152      8137     11999     11984      8062      8037      7830      7873      8814      8772 
dram[63]:      8370      8393      9220      9208      8844      8901      7102      7065      8162      8165      9196      9270      7598      7535     10328     10313 
dram[64]:      8598      8123      8520      8542      8904      8977      8186      8161      7648      7667      8224      8191      8028      8010      8675      8677 
dram[65]:      8214      8170      8648      8609      8586      8635      6774      6753      9353      9654      8435      8361      8315      8263      8647      8633 
dram[66]:      8448      8437      8585      8600      8259      8153      8578      8442      9286      9310      8262      8236      8173      8190      7760      8197 
dram[67]:      7880      7882      8611      8624      8587      8467      8647      8638      8757      8760      9851      9669      8582      8601      7707      7726 
dram[68]:      7853      7853      8567      8523     11244     11215      6996      7011     10131     10096      7366      7350      8279      8213      8882      8859 
dram[69]:      7900      7924      8897      8891     11346     11312      6707      6666      7570      7568      7814      7845      8302      8258      8354      8247 
dram[70]:      8325      8395      8458      8453     11263     11262      8511      8482      7135      7154      7237      7173      7658      7610      8385      8371 
dram[71]:      8338      8343      8322      8323     11177     11139      9779      9754      7143      7142      8064      8091      8427      8425      8496      8456 
dram[72]:      8442      8424      8484      8505      8641      8738      8098      8065      7618      7647      8415      8360      8007      7955      8183      8175 
dram[73]:      8424      8389      8641      8608      9002      9011      7880      7850      9422      9429      8444      8393      8308      8354      8505      8564 
dram[74]:      8471      8456      8569      8584      8230      8123      8460      8456      9255      9268      8146      8167      7695      7695      7592      7554 
dram[75]:      7875      7829      8664      8622      8449      8451      8837      8878      8726      8731      9572      9512      8584      9355      9450     11115 
dram[76]:      7840      7841      8578      8532     11241     11212      6995      7004      7571      7568      7411      7365      8254      8181      8145      8103 
dram[77]:      7985      7994      8839      8836     11751     11728      6697      6652      7895      7905      7775      7804      8198      8129      8953      8932 
dram[78]:      8386      8379      8468      8452     11228     11244      7150      7102      7132      7156      7312      7269      7794      7782      8883      8882 
dram[79]:      8426      8432      8877      8865     11235     11228      9440      9272      7063      7084      8018      8044      8428      8426      8434      8381 
average row accesses per activate:
dram[0]:  4.351604  4.410569  4.275862  4.327517  4.367263  4.349315  4.403047  4.348837  4.308005  4.338798  4.313433  4.366758  4.392371  4.368564  4.332447  4.320955 
dram[1]:  4.348464  4.318302  4.348178  4.296000  4.407767  4.359396  4.337432  4.349315  4.244326  4.288799  4.358025  4.379310  4.452414  4.356275  4.379542  4.340000 
dram[2]:  4.380888  4.434605  4.261559  4.255937  4.343365  4.313859  4.390884  4.372765  4.309362  4.286100  4.344262  4.268456  4.484005  4.361299  4.382234  4.423913 
dram[3]:  4.407307  4.373154  4.351351  4.392906  4.360768  4.354795  4.409722  4.361264  4.265772  4.271505  4.376033  4.340164  4.435440  4.282494  4.344459  4.311258 
dram[4]:  4.409214  4.397297  4.335570  4.311081  4.331514  4.326975  4.381543  4.345628  4.303523  4.340164  4.478873  4.344262  4.331989  4.355405  4.386272  4.396761 
dram[5]:  4.358768  4.318302  4.349057  4.364006  4.274194  4.336971  4.358025  4.400277  4.294595  4.287449  4.423398  4.411111  4.346361  4.369919  4.324037  4.306878 
dram[6]:  4.404601  4.386793  4.373984  4.332886  4.391425  4.373278  4.490113  4.398340  4.223404  4.291892  4.369505  4.363512  4.482615  4.403006  4.342667  4.360107 
dram[7]:  4.371812  4.383580  4.384511  4.328859  4.284367  4.341530  4.364011  4.346101  4.244326  4.261394  4.430963  4.418637  4.454420  4.453039  4.328457  4.385445 
dram[8]:  4.404601  4.380888  4.310161  4.321716  4.331514  4.325613  4.279946  4.268456  4.343365  4.368638  4.392265  4.338336  4.346361  4.323056  4.402703  4.379032 
dram[9]:  4.331117  4.364611  4.364499  4.394270  4.313433  4.294595  4.377931  4.402219  4.342896  4.325170  4.417246  4.392808  4.343203  4.362162  4.416553  4.398649 
dram[10]:  4.375000  4.422554  4.346361  4.323056  4.263087  4.263087  4.447553  4.378788  4.278976  4.284750  4.345628  4.274194  4.466759  4.358108  4.388140  4.394062 
dram[11]:  4.420624  4.349800  4.361789  4.338275  4.325170  4.261394  4.428173  4.409722  4.323810  4.294595  4.430963  4.394191  4.334228  4.391837  4.385445  4.375000 
dram[12]:  4.416553  4.386793  4.279841  4.352227  4.290541  4.303523  4.322011  4.264075  4.297699  4.367263  4.314790  4.317935  4.391008  4.331989  4.410014  4.386272 
dram[13]:  4.410569  4.394062  4.375848  4.396998  4.303113  4.278600  4.406380  4.394191  4.346101  4.406380  4.328338  4.299053  4.442149  4.428571  4.358768  4.373656 
dram[14]:  4.405954  4.400000  4.308411  4.324397  4.391425  4.373278  4.380165  4.398340  4.352055  4.350685  4.344262  4.313433  4.433288  4.439394  4.370470  4.363271 
dram[15]:  4.355615  4.361446  4.310161  4.292943  4.320652  4.338336  4.344733  4.338798  4.267114  4.306233  4.406380  4.437151  4.419178  4.401092  4.254902  4.369128 
dram[16]:  4.469136  4.469136  4.486073  4.467406  4.501416  4.533524  4.435754  4.391425  4.383448  4.433752  4.498584  4.522792  4.480556  4.550070  4.429932  4.515950 
dram[17]:  4.477304  4.428571  4.487465  4.507692  4.454418  4.535714  4.519203  4.493635  4.362638  4.380690  4.504249  4.510638  4.516807  4.547250  4.523611  4.486226 
dram[18]:  4.497238  4.473901  4.492329  4.455049  4.448179  4.417246  4.473239  4.454418  4.356164  4.380165  4.577810  4.512784  4.551481  4.513287  4.563815  4.570225 
dram[19]:  4.452805  4.452805  4.495119  4.476389  4.435754  4.404993  4.442738  4.450980  4.409722  4.373278  4.580692  4.507802  4.567989  4.466759  4.486226  4.504841 
dram[20]:  4.534819  4.472528  4.525947  4.480556  4.495049  4.477465  4.437151  4.400277  4.396957  4.409154  4.519203  4.524217  4.505587  4.460581  4.484848  4.520833 
dram[21]:  4.469780  4.475928  4.464730  4.485396  4.468354  4.530671  4.425591  4.363512  4.362638  4.380690  4.527066  4.527066  4.573050  4.560113  4.537604  4.481431 
dram[22]:  4.506224  4.500000  4.484005  4.521739  4.600579  4.495049  4.466948  4.485876  4.389503  4.335607  4.532097  4.551576  4.561528  4.548660  4.477304  4.603961 
dram[23]:  4.533426  4.533426  4.500697  4.535865  4.563219  4.485876  4.443357  4.495049  4.406380  4.400277  4.531339  4.518466  4.571631  4.518934  4.512465  4.531293 
dram[24]:  4.475275  4.450819  4.409029  4.439394  4.527066  4.493635  4.503546  4.514936  4.406380  4.468354  4.480959  4.506383  4.551481  4.513287  4.489655  4.508310 
dram[25]:  4.502075  4.471154  4.423868  4.448276  4.530671  4.473239  4.438548  4.459270  4.388122  4.441958  4.485190  4.542857  4.580966  4.574468  4.486226  4.498619 
dram[26]:  4.548882  4.492414  4.526685  4.495119  4.553009  4.482369  4.550143  4.504964  4.353425  4.365385  4.500000  4.498584  4.546479  4.508380  4.502075  4.546089 
dram[27]:  4.533426  4.483471  4.443526  4.511888  4.485876  4.516358  4.448951  4.466292  4.392808  4.415855  4.490113  4.522048  4.510489  4.504190  4.491035  4.429932 
dram[28]:  4.486226  4.461644  4.480556  4.480556  4.473239  4.493635  4.538571  4.468354  4.415278  4.509220  4.462079  4.493635  4.493036  4.566572  4.472528  4.528512 
dram[29]:  4.472528  4.429932  4.463347  4.437414  4.424791  4.443357  4.558739  4.513475  4.492221  4.485876  4.446154  4.415278  4.501397  4.477778  4.467764  4.421196 
dram[30]:  4.520111  4.495173  4.444903  4.488178  4.483780  4.522048  4.480959  4.480959  4.554441  4.502833  4.525641  4.487288  4.516807  4.523142  4.434605  4.525730 
dram[31]:  4.509695  4.497238  4.477115  4.434066  4.524217  4.512784  4.571223  4.514205  4.411111  4.460674  4.453782  4.492938  4.439394  4.451657  4.500000  4.525000 
dram[32]:  4.471154  4.457534  4.320375  4.263227  4.349315  4.367263  4.347469  4.312076  4.280324  4.328338  4.332425  4.320652  4.409836  4.415869  4.347129  4.347129 
dram[33]:  4.408660  4.344000  4.299066  4.270557  4.354795  4.288799  4.361264  4.319728  4.260054  4.260054  4.441958  4.315217  4.379404  4.379404  4.282895  4.316976 
dram[34]:  4.398649  4.398649  4.308824  4.263227  4.315217  4.278976  4.403047  4.319293  4.309362  4.332879  4.368132  4.342896  4.414501  4.402456  4.315232  4.367292 
dram[35]:  4.411924  4.400000  4.370924  4.300802  4.307588  4.312076  4.361264  4.337432  4.341530  4.275908  4.455821  4.382069  4.378049  4.319519  4.306878  4.376344 
dram[36]:  4.404601  4.404601  4.396458  4.307076  4.353909  4.315217  4.435146  4.362140  4.319728  4.325613  4.424200  4.348837  4.298269  4.302667  4.355615  4.332447 
dram[37]:  4.389488  4.274278  4.381793  4.371778  4.245661  4.285714  4.392808  4.404993  4.203704  4.247326  4.388122  4.346101  4.273809  4.329759  4.318302  4.328457 
dram[38]:  4.410569  4.433242  4.359459  4.330201  4.343365  4.403606  4.392265  4.374140  4.304878  4.286100  4.342896  4.421419  4.408470  4.336021  4.373154  4.408660 
dram[39]:  4.361446  4.349800  4.352227  4.392371  4.336971  4.301759  4.409722  4.423398  4.327891  4.246996  4.448179  4.392808  4.338710  4.285524  4.345794  4.375000 
dram[40]:  4.428571  4.416553  4.413699  4.278884  4.379310  4.347945  4.332425  4.284367  4.321088  4.398892  4.427577  4.374140  4.477115  4.464730  4.318302  4.411924 
dram[41]:  4.373154  4.319629  4.361789  4.309237  4.317935  4.265772  4.435754  4.398892  4.254351  4.313433  4.448179  4.344733  4.345430  4.416667  4.351604  4.392713 
dram[42]:  4.375000  4.380888  4.365854  4.359946  4.322449  4.334243  4.381543  4.396957  4.324251  4.312500  4.386207  4.332425  4.440165  4.356275  4.367292  4.408660 
dram[43]:  4.335553  4.308201  4.412894  4.359078  4.319293  4.329700  4.434358  4.336066  4.354795  4.307588  4.394191  4.412500  4.413934  4.325301  4.369128  4.428571 
dram[44]:  4.385445  4.403248  4.352227  4.339166  4.273217  4.278976  4.360768  4.338336  4.261745  4.319728  4.326530  4.288799  4.343203  4.352227  4.336884  4.371812 
dram[45]:  4.371812  4.336884  4.362652  4.371778  4.322011  4.316146  4.485876  4.380690  4.283019  4.293243  4.418637  4.370014  4.429355  4.411202  4.318302  4.347129 
dram[46]:  4.445355  4.343124  4.359459  4.323056  4.403606  4.428173  4.357534  4.339700  4.304878  4.346101  4.350205  4.421419  4.432693  4.408470  4.325365  4.341333 
dram[47]:  4.382234  4.395411  4.373134  4.326174  4.384828  4.314790  4.355281  4.356653  4.244326  4.274194  4.435754  4.429568  4.429355  4.357625  4.375000  4.338666 
dram[48]:  4.316804  4.314050  4.337989  4.304709  4.338068  4.301408  4.221607  4.221607  4.239554  4.227778  4.221607  4.245125  4.469388  4.367521  4.348189  4.372549 
dram[49]:  4.468572  4.430595  4.442857  4.392655  4.259777  4.198347  4.286517  4.307909  4.302260  4.339031  4.271708  4.307909  4.392550  4.330509  4.341667  4.353760 
dram[50]:  4.347222  4.323205  4.337989  4.325905  4.256983  4.280899  4.229917  4.160763  4.230556  4.230556  4.256983  4.305085  4.410920  4.323944  4.256131  4.326870 
dram[51]:  4.332410  4.287671  4.420455  4.405099  4.317280  4.317280  4.227147  4.227147  4.221607  4.233333  4.357143  4.414493  4.495601  4.405172  4.348189  4.265028 
dram[52]:  4.246613  4.178667  4.230978  4.277472  4.424418  4.411594  4.361032  4.398844  4.242340  4.242340  4.408696  4.370690  4.176152  4.139785  4.221622  4.224324 
dram[53]:  4.176000  4.110236  4.247956  4.271233  4.395954  4.421512  4.414493  4.389049  4.263305  4.251397  4.421512  4.447369  4.236915  4.260388  4.258856  4.201613 
dram[54]:  4.215054  4.237838  4.289256  4.303867  4.453217  4.389049  4.421512  4.434402  4.251397  4.263305  4.450293  4.489676  4.406877  4.369318  4.193029  4.168000 
dram[55]:  4.316804  4.377095  4.251366  4.256831  4.540298  4.553892  4.437318  4.421512  4.336182  4.345714  4.479412  4.479412  4.354108  4.351275  4.206989  4.184492 
dram[56]:  4.371509  4.337950  4.402267  4.389831  4.350427  4.340909  4.254190  4.224377  4.227778  4.275281  4.292958  4.317280  4.456395  4.367521  4.300275  4.324100 
dram[57]:  4.368715  4.359332  4.343575  4.367978  4.201102  4.233333  4.271708  4.189560  4.266107  4.266107  4.271708  4.271708  4.355114  4.405172  4.341667  4.317679 
dram[58]:  4.398876  4.398876  4.316667  4.266483  4.256983  4.280899  4.203857  4.227147  4.233333  4.152588  4.305085  4.256983  4.423631  4.423631  4.350975  4.300275 
dram[59]:  4.368715  4.344444  4.383099  4.310249  4.341880  4.305085  4.286517  4.274510  4.256983  4.245125  4.317280  4.256983  4.456395  4.367521  4.336111  4.265028 
dram[60]:  4.316804  4.293151  4.289256  4.230978  4.323864  4.311615  4.333333  4.383286  4.245125  4.292958  4.398844  4.424418  4.137097  4.137097  4.238482  4.250000 
dram[61]:  4.278688  4.221024  4.330555  4.318560  4.447369  4.408696  4.326705  4.363897  4.263305  4.287324  4.408696  4.434402  4.260388  4.296089  4.273224  4.250000 
dram[62]:  4.223720  4.269755  4.289256  4.265753  4.427326  4.376437  4.370690  4.321023  4.290141  4.227778  4.361032  4.437318  4.354108  4.281337  4.344444  4.284932 
dram[63]:  4.364902  4.316804  4.339833  4.315790  4.383286  4.421512  4.408696  4.383286  4.308782  4.370690  4.430233  4.417391  4.278552  4.266667  4.299450  4.241192 
dram[64]:  4.364902  4.316804  4.250689  4.215847  4.453217  4.440233  4.421512  4.370690  4.333333  4.345714  4.427326  4.401734  4.285714  4.253406  4.250000  4.258856 
dram[65]:  4.264305  4.299450  4.274238  4.274238  4.476470  4.450293  4.408696  4.383286  4.345714  4.333333  4.453217  4.430233  4.271233  4.259563  4.284932  4.273224 
dram[66]:  4.299450  4.290411  4.204360  4.247934  4.424418  4.437318  4.408696  4.383286  4.317280  4.256983  4.424418  4.361032  4.241848  4.292011  4.173333  4.176000 
dram[67]:  4.350000  4.302198  4.213115  4.224658  4.408696  4.408696  4.401734  4.339031  4.361032  4.336182  4.398844  4.398844  4.230352  4.198925  4.241192  4.204301 
dram[68]:  4.350000  4.350000  4.196185  4.242424  4.224377  4.247911  4.379310  4.354286  4.221607  4.224377  4.290141  4.361032  4.494220  4.533528  4.312155  4.300275 
dram[69]:  4.368715  4.368715  4.210382  4.256906  4.271708  4.344729  4.271708  4.271708  4.204420  4.263305  4.361032  4.348571  4.399434  4.475504  4.276712  4.265028 
dram[70]:  4.332410  4.344444  4.254144  4.289693  4.286517  4.335227  4.236111  4.253482  4.207182  4.242340  4.251397  4.275281  4.504348  4.543859  4.230352  4.253406 
dram[71]:  4.305785  4.284932  4.377841  4.319328  4.354286  4.271708  4.241667  4.250696  4.169863  4.195592  4.290141  4.278090  4.504348  4.440000  4.235772  4.212938 
dram[72]:  4.304945  4.281421  4.283333  4.319328  4.401734  4.440233  4.358166  4.370690  4.296610  4.333333  4.440233  4.453217  4.179144  4.168000  4.212938  4.179144 
dram[73]:  4.290411  4.232432  4.213115  4.204360  4.437318  4.463343  4.395954  4.284507  4.236769  4.248603  4.401734  4.391931  4.239130  4.190860  4.264305  4.275956 
dram[74]:  4.243902  4.290411  4.262431  4.286111  4.437318  4.476470  4.370690  4.345714  4.268908  4.268908  4.450293  4.411594  4.184987  4.224932  4.224324  4.258856 
dram[75]:  4.304945  4.290411  4.236264  4.280556  4.333333  4.308782  4.339031  4.266107  4.251397  4.311615  4.476470  4.476470  4.267760  4.193548  4.224324  4.247283 
dram[76]:  4.430595  4.393259  4.338028  4.289693  4.189560  4.146739  4.241667  4.305085  4.130081  4.184066  4.323864  4.363897  4.455587  4.417614  4.348189  4.348189 
dram[77]:  4.291209  4.303030  4.340845  4.256906  4.259777  4.259777  4.241667  4.218232  4.204420  4.227778  4.299435  4.323864  4.424501  4.362360  4.336111  4.384831 
dram[78]:  4.356546  4.296703  4.316526  4.316526  4.332386  4.305085  4.247911  4.192307  4.254190  4.218837  4.323864  4.386167  4.377465  4.402267  4.348189  4.422096 
dram[79]:  4.363129  4.363129  4.380682  4.393162  4.332386  4.332386  4.206612  4.212121  4.181319  4.192837  4.266107  4.314447  4.340782  4.269231  4.329640  4.329640 
average row locality = 3252763/743260 = 4.376346
number of total memory accesses made:
dram[0]:         0         0         0         0         0         0         0         0         0         0         0         0         0         0         0         0 
dram[1]:         0         0         0         0         0         0         0         0         0         0         0         0         0         0         0         0 
dram[2]:         0         0         0         0         0         0         0         0         0         0         0         0         0         0         0         0 
dram[3]:         0         0         0         0         0         0         0         0         0         0         0         0         0         0         0         0 
dram[4]:         0         0         0         0         0         0         0         0         0         0         0         0         0         0         0         0 
dram[5]:         0         0         0         0         0         0         0         0         0         0         0         0         0         0         0         0 
dram[6]:         0         0         0         0         0         0         0         0         0         0         0         0         0         0         0         0 
dram[7]:         0         0         0         0         0         0         0         0         0         0         0         0         0         0         0         0 
dram[8]:         0         0         0         0         0         0         0         0         0         0         0         0         0         0         0         0 
dram[9]:         0         0         0         0         0         0         0         0         0         0         0         0         0         0         0         0 
dram[10]:         0         0         0         0         0         0         0         0         0         0         0         0         0         0         0         0 
dram[11]:         0         0         0         0         0         0         0         0         0         0         0         0         0         0         0         0 
dram[12]:         0         0         0         0         0         0         0         0         0         0         0         0         0         0         0         0 
dram[13]:         0         0         0         0         0         0         0         0         0         0         0         0         0         0         0         0 
dram[14]:         0         0         0         0         0         0         0         0         0         0         0         0         0         0         0         0 
dram[15]:         0         0         0         0         0         0         0         0         0         0         0         0         0         0         0         0 
dram[16]:         0         0         0         0         0         0         0         0         0         0         0         0         0         0         0         0 
dram[17]:         0         0         0         0         0         0         0         0         0         0         0         0         0         0         0         0 
dram[18]:         0         0         0         0         0         0         0         0         0         0         0         0         0         0         0         0 
dram[19]:         0         0         0         0         0         0         0         0         0         0         0         0         0         0         0         0 
dram[20]:         0         0         0         0         0         0         0         0         0         0         0         0         0         0         0         0 
dram[21]:         0         0         0         0         0         0         0         0         0         0         0         0         0         0         0         0 
dram[22]:         0         0         0         0         0         0         0         0         0         0         0         0         0         0         0         0 
dram[23]:         0         0         0         0         0         0         0         0         0         0         0         0         0         0         0         0 
dram[24]:         0         0         0         0         0         0         0         0         0         0         0         0         0         0         0         0 
dram[25]:         0         0         0         0         0         0         0         0         0         0         0         0         0         0         0         0 
dram[26]:         0         0         0         0         0         0         0         0         0         0         0         0         0         0         0         0 
dram[27]:         0         0         0         0         0         0         0         0         0         0         0         0         0         0         0         0 
dram[28]:         0         0         0         0         0         0         0         0         0         0         0         0         0         0         0         0 
dram[29]:         0         0         0         0         0         0         0         0         0         0         0         0         0         0         0         0 
dram[30]:         0         0         0         0         0         0         0         0         0         0         0         0         0         0         0         0 
dram[31]:         0         0         0         0         0         0         0         0         0         0         0         0         0         0         0         0 
dram[32]:         0         0         0         0         0         0         0         0         0         0         0         0         0         0         0         0 
dram[33]:         0         0         0         0         0         0         0         0         0         0         0         0         0         0         0         0 
dram[34]:         0         0         0         0         0         0         0         0         0         0         0         0         0         0         0         0 
dram[35]:         0         0         0         0         0         0         0         0         0         0         0         0         0         0         0         0 
dram[36]:         0         0         0         0         0         0         0         0         0         0         0         0         0         0         0         0 
dram[37]:         0         0         0         0         0         0         0         0         0         0         0         0         0         0         0         0 
dram[38]:         0         0         0         0         0         0         0         0         0         0         0         0         0         0         0         0 
dram[39]:         0         0         0         0         0         0         0         0         0         0         0         0         0         0         0         0 
dram[40]:         0         0         0         0         0         0         0         0         0         0         0         0         0         0         0         0 
dram[41]:         0         0         0         0         0         0         0         0         0         0         0         0         0         0         0         0 
dram[42]:         0         0         0         0         0         0         0         0         0         0         0         0         0         0         0         0 
dram[43]:         0         0         0         0         0         0         0         0         0         0         0         0         0         0         0         0 
dram[44]:         0         0         0         0         0         0         0         0         0         0         0         0         0         0         0         0 
dram[45]:         0         0         0         0         0         0         0         0         0         0         0         0         0         0         0         0 
dram[46]:         0         0         0         0         0         0         0         0         0         0         0         0         0         0         0         0 
dram[47]:         0         0         0         0         0         0         0         0         0         0         0         0         0         0         0         0 
dram[48]:         0         0         0         0         0         0         0         0         0         0         0         0         0         0         0         0 
dram[49]:         0         0         0         0         0         0         0         0         0         0         0         0         0         0         0         0 
dram[50]:         0         0         0         0         0         0         0         0         0         0         0         0         0         0         0         0 
dram[51]:         0         0         0         0         0         0         0         0         0         0         0         0         0         0         0         0 
dram[52]:         0         0         0         0         0         0         0         0         0         0         0         0         0         0         0         0 
dram[53]:         0         0         0         0         0         0         0         0         0         0         0         0         0         0         0         0 
dram[54]:         0         0         0         0         0         0         0         0         0         0         0         0         0         0         0         0 
dram[55]:         0         0         0         0         0         0         0         0         0         0         0         0         0         0         0         0 
dram[56]:         0         0         0         0         0         0         0         0         0         0         0         0         0         0         0         0 
dram[57]:         0         0         0         0         0         0         0         0         0         0         0         0         0         0         0         0 
dram[58]:         0         0         0         0         0         0         0         0         0         0         0         0         0         0         0         0 
dram[59]:         0         0         0         0         0         0         0         0         0         0         0         0         0         0         0         0 
dram[60]:         0         0         0         0         0         0         0         0         0         0         0         0         0         0         0         0 
dram[61]:         0         0         0         0         0         0         0         0         0         0         0         0         0         0         0         0 
dram[62]:         0         0         0         0         0         0         0         0         0         0         0         0         0         0         0         0 
dram[63]:         0         0         0         0         0         0         0         0         0         0         0         0         0         0         0         0 
dram[64]:         0         0         0         0         0         0         0         0         0         0         0         0         0         0         0         0 
dram[65]:         0         0         0         0         0         0         0         0         0         0         0         0         0         0         0         0 
dram[66]:         0         0         0         0         0         0         0         0         0         0         0         0         0         0         0         0 
dram[67]:         0         0         0         0         0         0         0         0         0         0         0         0         0         0         0         0 
dram[68]:         0         0         0         0         0         0         0         0         0         0         0         0         0         0         0         0 
dram[69]:         0         0         0         0         0         0         0         0         0         0         0         0         0         0         0         0 
dram[70]:         0         0         0         0         0         0         0         0         0         0         0         0         0         0         0         0 
dram[71]:         0         0         0         0         0         0         0         0         0         0         0         0         0         0         0         0 
dram[72]:         0         0         0         0         0         0         0         0         0         0         0         0         0         0         0         0 
dram[73]:         0         0         0         0         0         0         0         0         0         0         0         0         0         0         0         0 
dram[74]:         0         0         0         0         0         0         0         0         0         0         0         0         0         0         0         0 
dram[75]:         0         0         0         0         0         0         0         0         0         0         0         0         0         0         0         0 
dram[76]:         0         0         0         0         0         0         0         0         0         0         0         0         0         0         0         0 
dram[77]:         0         0         0         0         0         0         0         0         0         0         0         0         0         0         0         0 
dram[78]:         0         0         0         0         0         0         0         0         0         0         0         0         0         0         0         0 
dram[79]:         0         0         0         0         0         0         0         0         0         0         0         0         0         0         0         0 
total accesses: 0
min_bank_accesses = 0!
min_chip_accesses = 0!
number of total read accesses:
dram[0]:      3120      3120      3088      3088      3040      3040      3040      3040      3040      3040      3040      3040      3088      3088      3120      3120 
dram[1]:      3120      3120      3088      3088      3040      3040      3040      3040      3040      3040      3040      3040      3088      3088      3120      3120 
dram[2]:      3120      3120      3088      3088      3040      3040      3040      3040      3040      3040      3040      3040      3088      3088      3120      3120 
dram[3]:      3120      3120      3088      3088      3040      3040      3040      3040      3040      3040      3040      3040      3088      3088      3120      3120 
dram[4]:      3120      3120      3088      3088      3040      3040      3040      3040      3040      3040      3040      3040      3088      3088      3120      3120 
dram[5]:      3120      3120      3088      3088      3040      3040      3040      3040      3040      3040      3040      3040      3088      3088      3120      3120 
dram[6]:      3120      3120      3088      3088      3040      3040      3040      3040      3040      3040      3040      3040      3088      3088      3120      3120 
dram[7]:      3120      3120      3088      3088      3040      3040      3040      3040      3040      3040      3040      3040      3088      3088      3120      3120 
dram[8]:      3120      3120      3088      3088      3040      3040      3040      3040      3040      3040      3040      3040      3088      3088      3120      3120 
dram[9]:      3120      3120      3088      3088      3040      3040      3040      3040      3040      3040      3040      3040      3088      3088      3120      3120 
dram[10]:      3120      3120      3088      3088      3040      3040      3040      3040      3040      3040      3040      3040      3088      3088      3120      3120 
dram[11]:      3120      3120      3088      3088      3040      3040      3040      3040      3040      3040      3040      3040      3088      3088      3120      3120 
dram[12]:      3120      3120      3088      3088      3040      3040      3040      3040      3040      3040      3040      3040      3088      3088      3120      3120 
dram[13]:      3120      3120      3088      3088      3040      3040      3040      3040      3040      3040      3040      3040      3088      3088      3120      3120 
dram[14]:      3120      3120      3088      3088      3040      3040      3040      3040      3040      3040      3040      3040      3088      3088      3120      3120 
dram[15]:      3120      3120      3088      3088      3040      3040      3040      3040      3040      3040      3040      3040      3088      3088      3120      3120 
dram[16]:      3120      3120      3088      3088      3040      3040      3040      3040      3040      3040      3040      3040      3088      3088      3120      3120 
dram[17]:      3120      3120      3088      3088      3040      3040      3040      3040      3040      3040      3040      3040      3088      3088      3120      3120 
dram[18]:      3120      3120      3088      3088      3040      3040      3040      3040      3040      3040      3040      3040      3088      3088      3120      3120 
dram[19]:      3120      3120      3088      3088      3040      3040      3040      3040      3040      3040      3040      3040      3088      3088      3120      3120 
dram[20]:      3120      3120      3088      3088      3040      3040      3040      3040      3040      3040      3040      3040      3088      3088      3120      3120 
dram[21]:      3120      3120      3088      3088      3040      3040      3040      3040      3040      3040      3040      3040      3088      3088      3120      3120 
dram[22]:      3120      3120      3088      3088      3040      3040      3040      3040      3040      3040      3040      3040      3088      3088      3120      3120 
dram[23]:      3120      3120      3088      3088      3040      3040      3040      3040      3040      3040      3040      3040      3088      3088      3120      3120 
dram[24]:      3120      3120      3088      3088      3040      3040      3040      3040      3040      3040      3040      3040      3088      3088      3120      3120 
dram[25]:      3120      3120      3088      3088      3040      3040      3040      3040      3040      3040      3040      3040      3088      3088      3120      3120 
dram[26]:      3120      3120      3088      3088      3040      3040      3040      3040      3040      3040      3040      3040      3088      3088      3120      3120 
dram[27]:      3120      3120      3088      3088      3040      3040      3040      3040      3040      3040      3040      3040      3088      3088      3120      3120 
dram[28]:      3120      3120      3088      3088      3040      3040      3040      3040      3040      3040      3040      3040      3088      3088      3120      3120 
dram[29]:      3120      3120      3088      3088      3040      3040      3040      3040      3040      3040      3040      3040      3088      3088      3120      3120 
dram[30]:      3120      3120      3088      3088      3040      3040      3040      3040      3040      3040      3040      3040      3088      3088      3120      3120 
dram[31]:      3120      3120      3088      3088      3040      3040      3040      3040      3040      3040      3040      3040      3088      3088      3120      3120 
dram[32]:      3120      3120      3088      3088      3040      3040      3040      3040      3040      3040      3040      3040      3092      3092      3120      3120 
dram[33]:      3120      3120      3088      3088      3040      3040      3040      3040      3040      3040      3040      3040      3092      3092      3120      3120 
dram[34]:      3120      3120      3088      3088      3040      3040      3040      3040      3040      3040      3040      3040      3092      3092      3120      3120 
dram[35]:      3120      3120      3088      3088      3040      3040      3040      3040      3040      3040      3040      3040      3092      3092      3120      3120 
dram[36]:      3120      3120      3088      3088      3040      3040      3040      3040      3040      3040      3040      3040      3092      3092      3120      3120 
dram[37]:      3120      3120      3088      3088      3040      3040      3040      3040      3040      3040      3040      3040      3092      3092      3120      3120 
dram[38]:      3120      3120      3088      3088      3040      3040      3040      3040      3040      3040      3040      3040      3092      3092      3120      3120 
dram[39]:      3120      3120      3088      3088      3040      3040      3040      3040      3040      3040      3040      3040      3092      3092      3120      3120 
dram[40]:      3120      3120      3088      3088      3040      3040      3040      3040      3040      3040      3040      3040      3092      3092      3120      3120 
dram[41]:      3120      3120      3088      3088      3040      3040      3040      3040      3040      3040      3040      3040      3092      3092      3120      3120 
dram[42]:      3120      3120      3088      3088      3040      3040      3040      3040      3040      3040      3040      3040      3092      3092      3120      3120 
dram[43]:      3120      3120      3088      3088      3040      3040      3040      3040      3040      3040      3040      3040      3092      3092      3120      3120 
dram[44]:      3120      3120      3088      3088      3040      3040      3040      3040      3040      3040      3040      3040      3092      3092      3120      3120 
dram[45]:      3120      3120      3088      3088      3040      3040      3040      3040      3040      3040      3040      3040      3092      3092      3120      3120 
dram[46]:      3120      3120      3088      3088      3040      3040      3040      3040      3040      3040      3040      3040      3092      3092      3120      3120 
dram[47]:      3120      3120      3088      3088      3040      3040      3040      3040      3040      3040      3040      3040      3092      3092      3120      3120 
dram[48]:      1560      1560      1552      1552      1520      1520      1520      1520      1520      1520      1520      1520      1532      1532      1560      1560 
dram[49]:      1560      1560      1552      1552      1520      1520      1520      1520      1520      1520      1520      1520      1532      1532      1560      1560 
dram[50]:      1560      1560      1552      1552      1520      1520      1520      1520      1520      1520      1520      1520      1532      1532      1560      1560 
dram[51]:      1560      1560      1552      1552      1520      1520      1520      1520      1520      1520      1520      1520      1532      1532      1560      1560 
dram[52]:      1560      1560      1552      1552      1520      1520      1520      1520      1520      1520      1520      1520      1532      1532      1560      1560 
dram[53]:      1560      1560      1552      1552      1520      1520      1520      1520      1520      1520      1520      1520      1532      1532      1560      1560 
dram[54]:      1560      1560      1552      1552      1520      1520      1520      1520      1520      1520      1520      1520      1532      1532      1560      1560 
dram[55]:      1560      1560      1552      1552      1520      1520      1520      1520      1520      1520      1520      1520      1532      1532      1560      1560 
dram[56]:      1560      1560      1552      1552      1520      1520      1520      1520      1520      1520      1520      1520      1532      1532      1560      1560 
dram[57]:      1560      1560      1552      1552      1520      1520      1520      1520      1520      1520      1520      1520      1532      1532      1560      1560 
dram[58]:      1560      1560      1552      1552      1520      1520      1520      1520      1520      1520      1520      1520      1532      1532      1560      1560 
dram[59]:      1560      1560      1552      1552      1520      1520      1520      1520      1520      1520      1520      1520      1532      1532      1560      1560 
dram[60]:      1560      1560      1552      1552      1520      1520      1520      1520      1520      1520      1520      1520      1532      1532      1560      1560 
dram[61]:      1560      1560      1552      1552      1520      1520      1520      1520      1520      1520      1520      1520      1532      1532      1560      1560 
dram[62]:      1560      1560      1552      1552      1520      1520      1520      1520      1520      1520      1520      1520      1532      1532      1560      1560 
dram[63]:      1560      1560      1552      1552      1520      1520      1520      1520      1520      1520      1520      1520      1532      1532      1560      1560 
dram[64]:      1560      1560      1536      1536      1520      1520      1520      1520      1520      1520      1520      1520      1552      1552      1560      1560 
dram[65]:      1560      1560      1536      1536      1520      1520      1520      1520      1520      1520      1520      1520      1552      1552      1560      1560 
dram[66]:      1560      1560      1536      1536      1520      1520      1520      1520      1520      1520      1520      1520      1552      1552      1560      1560 
dram[67]:      1560      1560      1536      1536      1520      1520      1520      1520      1520      1520      1520      1520      1552      1552      1560      1560 
dram[68]:      1560      1560      1536      1536      1520      1520      1520      1520      1520      1520      1520      1520      1552      1552      1560      1560 
dram[69]:      1560      1560      1536      1536      1520      1520      1520      1520      1520      1520      1520      1520      1552      1552      1560      1560 
dram[70]:      1560      1560      1536      1536      1520      1520      1520      1520      1520      1520      1520      1520      1552      1552      1560      1560 
dram[71]:      1560      1560      1536      1536      1520      1520      1520      1520      1520      1520      1520      1520      1552      1552      1560      1560 
dram[72]:      1560      1560      1536      1536      1520      1520      1520      1520      1520      1520      1520      1520      1552      1552      1560      1560 
dram[73]:      1560      1560      1536      1536      1520      1520      1520      1520      1520      1520      1520      1520      1552      1552      1560      1560 
dram[74]:      1560      1560      1536      1536      1520      1520      1520      1520      1520      1520      1520      1520      1552      1552      1560      1560 
dram[75]:      1560      1560      1536      1536      1520      1520      1520      1520      1520      1520      1520      1520      1552      1552      1560      1560 
dram[76]:      1560      1560      1536      1536      1520      1520      1520      1520      1520      1520      1520      1520      1552      1552      1560      1560 
dram[77]:      1560      1560      1536      1536      1520      1520      1520      1520      1520      1520      1520      1520      1552      1552      1560      1560 
dram[78]:      1560      1560      1536      1536      1520      1520      1520      1520      1520      1520      1520      1520      1552      1552      1560      1560 
dram[79]:      1560      1560      1536      1536      1520      1520      1520      1520      1520      1520      1520      1520      1552      1552      1560      1560 
total dram reads = 3145728
bank skew: 3120/1520 = 2.05
chip skew: 49160/24568 = 2.00
number of total write accesses:
dram[0]:       540       540       544       544       540       540       556       556       540       544       556       556       544       544       552       552 
dram[1]:       548       544       536       536       552       552       540       540       556       552       548       540       560       560       536       540 
dram[2]:       540       540       552       552       540       540       556       556       544       544       560       560       544       540       544       544 
dram[3]:       548       552       528       528       556       556       540       540       552       552       548       548       564       564       536       540 
dram[4]:       536       536       568       564       540       544       564       564       544       548       560       560       540       540       556       552 
dram[5]:       544       544       556       548       560       556       548       548       552       548       544       544       548       548       544       544 
dram[6]:       540       540       560       560       540       540       556       560       544       544       564       564       540       540       548       548 
dram[7]:       548       548       556       548       556       552       548       548       556       556       548       548       548       544       540       536 
dram[8]:       540       540       544       544       540       540       560       560       540       544       560       560       548       548       552       552 
dram[9]:       548       544       532       532       556       552       536       536       556       556       544       544       556       560       540       540 
dram[10]:       540       540       548       548       544       544       560       556       540       540       564       560       548       548       544       544 
dram[11]:       552       552       524       524       556       556       540       540       552       552       548       548       564       560       536       540 
dram[12]:       540       540       556       548       540       544       564       564       544       540       560       552       540       540       556       556 
dram[13]:       540       544       548       540       560       556       548       548       548       548       548       548       548       544       544       536 
dram[14]:       544       544       556       552       540       540       560       560       548       544       560       556       540       540       544       540 
dram[15]:       552       552       544       544       560       560       544       544       556       552       548       548       552       552       540       540 
dram[16]:       552       552       532       532       552       552       544       540       552       556       544       540       552       552       544       544 
dram[17]:       540       540       536       540       544       540       548       548       544       544       560       560       548       544       548       548 
dram[18]:       544       548       532       532       544       544       544       544       560       560       548       548       556       556       536       536 
dram[19]:       540       540       540       540       544       544       564       552       540       540       556       552       548       548       548       548 
dram[20]:       544       544       556       552       552       556       548       548       556       556       548       544       552       548       544       540 
dram[21]:       536       536       560       548       548       544       568       564       544       544       552       552       544       544       552       552 
dram[22]:       552       552       544       544       556       552       544       544       552       552       548       548       548       548       540       540 
dram[23]:       540       540       556       548       544       544       548       552       548       548       564       564       540       536       552       552 
dram[24]:       552       552       540       540       552       548       540       536       548       548       548       548       556       556       540       540 
dram[25]:       540       540       548       548       544       544       552       540       548       544       560       560       548       548       548       548 
dram[26]:       548       548       540       540       552       552       544       544       552       552       548       544       560       560       540       540 
dram[27]:       540       540       552       552       544       540       564       560       544       540       556       556       548       548       544       544 
dram[28]:       548       548       552       552       544       548       548       548       556       556       548       548       552       544       544       544 
dram[29]:       544       544       556       552       548       548       568       568       544       544       556       556       540       544       548       536 
dram[30]:       556       556       556       556       556       556       548       548       556       556       548       548       548       548       540       536 
dram[31]:       544       544       560       560       544       548       548       552       544       544       560       564       540       540       552       552 
dram[32]:       540       536       540       540       540       540       552       552       544       548       560       560       544       544       544       544 
dram[33]:       552       552       528       528       556       552       540       540       552       552       544       544       560       560       540       540 
dram[34]:       540       540       540       540       544       540       556       556       544       544       560       556       540       540       552       552 
dram[35]:       544       544       516       516       556       552       540       540       552       548       548       548       556       556       544       544 
dram[36]:       540       540       556       552       536       544       560       560       540       540       564       556       544       540       552       552 
dram[37]:       548       548       548       536       560       560       544       544       552       548       548       548       556       552       544       540 
dram[38]:       540       536       552       552       540       540       560       560       548       544       556       556       540       536       552       552 
dram[39]:       552       552       548       544       556       556       540       544       564       564       544       544       544       540       540       540 
dram[40]:       540       540       536       536       540       536       560       556       544       544       556       560       544       544       544       544 
dram[41]:       552       548       524       524       552       552       544       544       552       556       544       544       564       564       540       540 
dram[42]:       540       540       536       536       548       548       564       556       536       536       560       560       544       544       552       552 
dram[43]:       544       548       516       516       556       552       540       536       556       556       548       548       556       556       540       540 
dram[44]:       536       536       548       544       540       540       556       560       540       540       560       552       540       532       548       548 
dram[45]:       548       548       544       536       564       564       544       544       552       548       548       548       548       548       544       544 
dram[46]:       536       532       552       548       540       540       564       564       548       548       560       556       540       540       548       544 
dram[47]:       544       548       540       540       556       560       540       544       556       560       544       544       548       548       540       536 
dram[48]:        28        24         4         8        28        28        16        16         8         8        16        16         4         4         4         4 
dram[49]:        16        16        12        12        20        16        24        20        12        12        20        20         4         4        12        12 
dram[50]:        20        20         4         4        16        16        28        28        12        12        16        16        12        12         8         8 
dram[51]:        16        20        16        12        16        16        24        24        16        16        20        12         4         4         4         4 
dram[52]:        28        28        20        20         8         8         8         8        12        12         4         4        36        32         8        12 
dram[53]:        24        24        28        28         4         4        12        12         8         8         4         4        24        24        12        12 
dram[54]:        32        32        20        24        12        12         4         4         8         8         8         8        24        24        16        12 
dram[55]:        28        28        16        24         4         4         8         4         8         4        12        12        20        16        20        20 
dram[56]:        20        24         8         8        28        32        12        20         8         8        16        16         4         4         4         4 
dram[57]:        16        20        12        12        20        16        20        20        12        12        20        20         4         4        12        12 
dram[58]:        24        24         8         4        16        16        24        24        16        16        16        16        12        12         8         4 
dram[59]:        16        16        16        16        16        16        24        24        16        16        16        16         4         4         4         4 
dram[60]:        28        28        20        20         8         8         4         4        16        16         8         8        28        28        16        16 
dram[61]:        24        24        28        28         4         4        12        12         8         8         4         4        24        24        16        16 
dram[62]:        28        28        20        20        12        12         4         4        12         8         8         8        20        20        16        16 
dram[63]:        28        28        24        24         4         4         4         4         4         4        16        16        16        16        20        20 
dram[64]:        28        28        28        28        12        12         4         4         4         4        12        12        32        36        16        12 
dram[65]:        20        20        28        28         8         8         4         4         4         4        12        16        28        28        16        16 
dram[66]:        20        24        28        24         8         8         4         4        16        16         8         8        36        24        20        24 
dram[67]:        24        24        24        24         4         4        12        12         8         8         8         8        36        40        20        16 
dram[68]:        24        24        16        16        20        20        16        16        16        20        12         8        12        12         4         4 
dram[69]:        16        16        20        20        20        20        20        20         8         8         8         8         4         4         4         4 
dram[70]:        16        16        16        16        24        24        20        28        12        12         8         8         8         8         4         4 
dram[71]:        12        16        20        24        16        20        28        24         8        12        12        12         8         8        12        12 
dram[72]:        28        28        24        24        12        12         4         4         4         4        12        12        44        44        12        12 
dram[73]:        24        24        24        28         8         8         4         4         4         4        12        16        32        28        20        20 
dram[74]:        24        24        28        28         8         8         4         4        16        16         8         8        36        28        12        12 
dram[75]:        28        24        24        20         4         4        12        12         8         8         8         8        40        32        12        12 
dram[76]:        16        16        16        16        20        24        28        16        16        12         8        12        12        12         4         4 
dram[77]:         8         8        20        20        20        20        28        28         8         8         8         8         4         4         4         4 
dram[78]:        16        16        20        20        20        16        20        24        12        12         8         8         8         8         4         4 
dram[79]:         8         8        24        24        20        20        28        36         8         8        12        12         8         8        12        12 
total dram writes = 428140
bank skew: 568/4 = 142.00
chip skew: 8816/200 = 44.08
average mf latency per bank:
dram[0]:        115       116       119       119       120       121       117       118       122       122       120       120       115       116       119       120
dram[1]:        114       116       117       119       120       119       117       118       120       121       118       118       118       118       121       122
dram[2]:        118       119       116       117       123       122       115       117       123       123       117       117       115       116       120       119
dram[3]:        115       117       118       119       124       123       117       118       119       121       117       117       114       116       119       119
dram[4]:        115       116       115       116       122       122       116       117       120       121       119       119       117       117       119       118
dram[5]:        115       115       122       124       119       119       119       120       120       120       117       118       117       118       121       120
dram[6]:        115       119       119       121       121       121       117       119       120       120       118       118       118       119       120       120
dram[7]:        115       116       119       119       122       123       121       120       119       119       120       120       118       119       120       120
dram[8]:        116       115       118       119       122       122       117       118       121       122       121       120       116       116       118       119
dram[9]:        113       115       115       117       119       119       117       119       120       120       118       118       117       118       121       121
dram[10]:        119       120       116       117       121       121       116       117       122       122       116       117       115       115       119       119
dram[11]:        113       115       115       116       123       122       120       120       120       121       118       118       114       115       119       120
dram[12]:        113       114       116       116       123       122       118       119       119       119       119       119       118       119       119       118
dram[13]:        115       117       122       123       119       120       120       121       119       120       117       117       117       119       121       121
dram[14]:        115       116       117       119       121       121       119       121       119       121       118       118       119       120       121       121
dram[15]:        115       116       118       119       123       123       121       122       117       118       120       120       118       118       120       120
dram[16]:        113       115       117       118       118       119       119       121       120       121       118       118       116       117       121       121
dram[17]:        118       120       118       119       124       123       117       117       121       121       118       118       116       117       121       122
dram[18]:        114       117       115       115       125       125       118       119       121       122       118       118       116       117       119       119
dram[19]:        116       118       116       117       122       121       115       116       121       123       119       119       116       118       118       118
dram[20]:        116       117       122       123       122       123       118       119       120       121       119       119       117       118       119       118
dram[21]:        115       115       116       118       119       119       118       119       119       119       120       120       119       121       119       119
dram[22]:        114       116       117       119       120       121       119       119       119       120       118       118       116       117       120       120
dram[23]:        115       116       117       119       123       124       121       122       121       121       121       121       122       122       124       123
dram[24]:        113       115       117       118       119       119       117       118       120       120       118       118       117       118       121       120
dram[25]:        118       119       118       118       124       124       119       120       121       122       118       119       115       116       121       121
dram[26]:        115       116       118       119       124       123       119       120       121       121       118       118       116       117       120       120
dram[27]:        116       118       115       116       121       120       117       117       121       122       119       119       116       116       118       119
dram[28]:        117       118       123       123       124       124       122       123       119       120       119       119       119       119       119       119
dram[29]:        115       117       118       118       118       119       117       119       119       119       120       120       117       119       119       119
dram[30]:        113       114       116       116       120       120       120       122       118       120       119       119       116       117       121       120
dram[31]:        116       119       118       119       125       123       125       125       119       120       119       120       122       122       124       124
dram[32]:        117       120       118       119       120       119       116       118       120       121       117       117       114       115       120       120
dram[33]:        114       115       115       117       122       122       117       118       120       120       119       118       115       115       120       121
dram[34]:        117       118       116       117       123       124       116       118       122       123       120       120       116       116       120       119
dram[35]:        115       116       120       120       121       121       116       117       120       122       118       118       116       118       120       120
dram[36]:        118       120       117       117       120       120       118       119       122       122       117       117       120       121       119       119
dram[37]:        115       116       120       120       121       122       120       121       120       120       119       120       117       118       119       119
dram[38]:        115       117       117       119       124       124       120       122       121       122       120       120       115       116       121       121
dram[39]:        115       115       119       119       119       120       124       123       119       120       119       120       118       119       122       122
dram[40]:        116       118       118       120       121       121       116       118       120       121       117       117       115       115       119       119
dram[41]:        113       115       115       116       122       122       117       119       119       120       118       118       114       115       120       120
dram[42]:        117       118       115       116       122       121       116       117       122       123       119       119       117       116       119       118
dram[43]:        114       115       115       116       120       119       117       118       121       121       118       118       114       115       122       121
dram[44]:        114       116       117       117       119       119       118       118       121       121       117       118       121       122       119       119
dram[45]:        115       117       120       120       119       121       121       122       120       120       118       118       116       118       119       119
dram[46]:        114       114       115       116       123       122       121       123       121       122       120       121       115       117       121       121
dram[47]:        115       116       120       119       119       120       122       123       118       119       119       120       118       119       122       121
dram[48]:        130       133       129       130       138       138       136       137       136       137       136       136       133       134       138       138
dram[49]:        131       133       127       128       136       135       133       134       136       137       136       136       135       134       135       136
dram[50]:        128       130       128       129       136       136       133       134       137       138       136       135       134       135       136       135
dram[51]:        132       131       128       129       137       138       133       134       137       138       135       136       134       136       137       136
dram[52]:        130       130       127       127       138       139       138       136       137       137       136       136       131       132       133       134
dram[53]:        131       132       128       129       139       140       137       138       139       139       137       137       135       136       134       134
dram[54]:        132       131       133       133       139       140       140       141       134       135       138       137       132       133       134       135
dram[55]:        129       129       129       128       138       138       136       138       136       138       140       139       132       134       133       132
dram[56]:        131       133       129       132       139       136       135       134       137       138       136       136       134       134       135       135
dram[57]:        130       131       126       127       135       135       134       136       134       136       135       135       133       135       135       135
dram[58]:        128       129       127       128       135       135       133       135       137       138       135       135       135       135       137       137
dram[59]:        132       132       128       128       139       138       133       134       136       137       136       136       133       133       136       136
dram[60]:        128       128       126       127       139       140       139       140       136       136       136       137       132       132       134       133
dram[61]:        130       132       127       127       139       139       137       137       138       138       136       136       135       136       134       133
dram[62]:        128       130       129       130       139       138       141       141       135       136       137       137       132       134       134       133
dram[63]:        128       128       126       127       138       138       138       138       135       136       138       139       133       133       133       132
dram[64]:        129       131       135       136       138       139       134       136       137       138       136       136       131       132       133       133
dram[65]:        128       129       134       136       138       138       134       135       138       138       138       138       131       132       132       132
dram[66]:        130       132       137       139       139       139       137       138       136       136       136       136       130       131       133       132
dram[67]:        132       134       136       137       140       139       134       134       138       140       136       136       131       132       133       133
dram[68]:        129       131       137       138       135       135       134       135       138       139       136       137       132       133       135       135
dram[69]:        131       130       139       139       138       137       135       137       136       136       138       138       135       136       139       140
dram[70]:        131       131       139       139       138       138       133       134       137       137       136       136       132       133       136       135
dram[71]:        131       132       137       136       136       136       137       137       137       137       136       137       135       136       136       135
dram[72]:        131       131       137       138       139       138       135       136       137       139       137       136       131       132       135       134
dram[73]:        128       129       134       135       137       138       136       136       140       138       138       136       131       133       132       131
dram[74]:        131       131       138       139       139       139       138       139       134       136       136       136       130       131       134       133
dram[75]:        131       132       135       136       139       139       134       134       139       140       137       137       129       132       134       134
dram[76]:        128       129       137       138       135       135       133       135       137       138       135       135       135       133       136       136
dram[77]:        131       132       135       136       137       137       133       134       136       136       136       136       134       137       139       139
dram[78]:        130       131       137       138       137       137       134       133       136       136       137       136       134       136       137       137
dram[79]:        130       132       135       136       135       136       136       136       135       136       136       136       134       135       135       134
maximum mf latency per bank:
dram[0]:       1435      1483      1621      1570      1696      1673      1588      1567      1872      2020      1907      1722      1604      1737      1673      1948
dram[1]:       1489      1622      1664      1679      1626      1511      1592      1608      1829      1689      1725      1579      1803      1792      1772      1807
dram[2]:       1940      2077      1668      1667      1746      1906      1463      1341      1612      1561       856       851      1414      1286      1687      1780
dram[3]:       1951      1787      2007      2004      2072      2075      1561      1704      1668      1812       906       843      1132      1508      1598      1848
dram[4]:       1624      1616      1715      1704      2009      1850      1614      1601      1635      1632      1991      1689      1676      1587      1650      1513
dram[5]:       1698      1575      1815      1796      1755      1766      1819      1591      1853      1550      1201      1985      1642      1484      1794      1640
dram[6]:       1984      1945      1681      1961      1894      1633      1751      1632      1730      1703      1640      1636      1932      1648      1599      1867
dram[7]:       1784      1652      1933      1904      1710      1689      1601      1690      1663      1602      1643      1521      1588      1755      1663      1605
dram[8]:       1590      1475      1708      1859      1926      1665      1568      1590      1810      1672      2122      1828      1739      1595      1674      1653
dram[9]:       1563      1656      1592      1563      1592      1584      1593      1626      1775      1732      1733      1714      1744      1737      1795      1765
dram[10]:       1937      1922      1653      1663      1849      1606      1463      1458      1651      1628      1033      1006      1322      1093      1809      1804
dram[11]:       1656      1645      1241      1224      1666      1708      1708      1881      1747      1767      1147      1138      1248      1578      1560      1623
dram[12]:       1164      1466      1481      1352      2055      1720      1565      1562      1675      1529      2137      2126      1696      1681      1481      1490
dram[13]:       1686      1716      1780      1818      1840      1821      1781      1680      1706      1687      1001       839      1839      1748      1663      1558
dram[14]:       1999      1817      1923      1912      1604      1491      1656      1535      1575      1588      1652      1208      1938      1779      1885      1874
dram[15]:       1948      1649      1779      1768      1916      1656      1640      1728      1630      1189      1504      1581      1542      1646      1674      1657
dram[16]:       1485      1773      1525      1577      1441      1533      1733      1722      1888      1940      1489      1347      1627      1581      1805      1937
dram[17]:       1898      1965      1665      1798      1728      1662      1559      1265      1668      1553      1596      1462      1622      1611      1925      1820
dram[18]:       1473      1822      1544      1239      1859      1926      1707      1609      1691      1873      1140      1212      1548      1394      1715      1806
dram[19]:       1891      1753      2029      2026      2083      2086      1586      1267      1693      1640      1609      1604      1627      1495      1494      1717
dram[20]:       1888      1883      1843      1968      2065      2138      1640      1627      1719      1712      2089      2076      1707      1696      1548      1533
dram[21]:       1793      1418      1626      1501      1483      1338      1955      1946      1722      1717      2182      2208      1941      2008      1908      1718
dram[22]:       1633      1971      1555      1884      1689      1630      1668      1549      1841      1814      1667      1847      1672      1667      1637      1632
dram[23]:       2016      2097      2020      1971      1848      1674      1495      1650      1875      1749      2019      1803      1949      1794      2046      1872
dram[24]:       1628      1894      1515      1677      1730      1692      1702      1697      1773      1543      1685      1368      1838      1835      2029      1836
dram[25]:       1911      1750      1824      1797      1816      1813      2178      2165      1888      1929      1529      1477      1509      1560      1810      1932
dram[26]:       1959      1944      1729      1727      1789      1742      1651      1646      1666      1659      1145      1141      1422      1407      1835      1747
dram[27]:       1611      1916      1560      1543      1580      1611      1629      1512      1715      1553      1625      1622      1616      1475      1950      2003
dram[28]:       1758      2006      2006      1997      2060      2051      1587      1628      1645      1407      1763      1754      1718      1703      1610      1591
dram[29]:       1476      1546      1595      1502      1331      1218      1661      1742      1861      1718      2210      2234      1532      1749      1599      1583
dram[30]:       1756      1840      1714      1703      1637      1620      1675      1670      1619      1632      1676      1548      1667      1547      1790      1785
dram[31]:       2224      2254      2194      2181      1933      1519      1738      1729      1643      1676      1444      1821      1901      1816      2047      1893
dram[32]:       1817      1986      1972      1924      1725      1587      1549      1599      1898      1839      1081      1469      1209      1484      1970      1921
dram[33]:       1837      1557      1295      1300      1755      1607      1668      1718      1690      1605      1188      1172      1380      1256      2054      2033
dram[34]:       1798      1784      1702      1683      1951      1938      1813      1810      1840      1858      1710      1705      1700      1572      1545      1531
dram[35]:       1622      1692      2054      1973      2056      2098      1781      1652      1816      1801      1367      1227      1485      1580      1947      1817
dram[36]:       1988      2274      1899      1759      1542      1832      1978      1965      1886      1846      1201      1198      2096      2263      1870      1841
dram[37]:       1752      1537      1784      1504      1727      1714      1672      1706      1688      1660      1677      1765      1714      1581      1602      1537
dram[38]:       2031      1734      1561      1941      1771      1788      1662      1656      1905      1888      1970      1872      1380      1528      2197      1829
dram[39]:       1833      1701      2119      2070      1902      1776      1686      1704      1899      1773      1698      1835      1634      1566      1847      1695
dram[40]:       1659      2132      1825      1767      1936      1722      1681      1668      1887      1719      1595       937      1476      1332      1730      1778
dram[41]:       1945      1696      1322      1328      1786      1777      1948      1935      1861      1856      1486      1489      1521      1514      1893      2047
dram[42]:       1808      1957      1694      1678      1767      1764      1625      1588      1667      1815      1572      1731      1756      1626      1573      1562
dram[43]:       1525      1865      1577      1560      1625      1690      1843      1838      1775      1758      1540      1523      1889      1884      2076      1821
dram[44]:       1581      1789      1792      1521      1516      1362      1838      1593      1894      1588      1199      1194      2215      1975      1564      1688
dram[45]:       1504      1633      1805      1792      1779      1721      1819      1690      1889      1571      1483      1321      1553      1478      1605      1596
dram[46]:       1441      1458      1858      1847      1952      1639      1673      1664      1812      1797      1664      1736      1293      1444      2158      1763
dram[47]:       1843      2061      1805      1752      1696      1607      1744      1623      1727      1624      1994      1726      1620      1617      2000      1646
dram[48]:       1193      1187      1098      1209      1483      1383      1438      1472       821       810       976      1255       757       738      1600      1549
dram[49]:       1165      1221      1153      1253      1461       788      1084      1160      1182       921      1093      1086       764       745      1259      1281
dram[50]:        797      1011      1225      1214      1206      1068       931       928       953       946       975       946      1167      1434      1240      1188
dram[51]:       1262      1066      1075      1052      1178      1173      1543       722      1623      1214       798       793       977       960      1231      1412
dram[52]:       1339      1042       869       912      1189      1511      1534       917      1226      1096       792       789       744       735      1155      1140
dram[53]:       1271      1258      1208      1149      1041      1376      1154      1197      1336      1214       734       716      1226      1301      1013       914
dram[54]:       1333      1147      1495      1486      1353      1338      1240      1215       475       476      1590       966       755       995      1679      1511
dram[55]:       1032       884      1194       953       963      1253      1191      1186      1130      1162      1579      1445       760       753      1059       820
dram[56]:       1166      1555      1312      1647      1755      1316       740       735      1106      1095      1101       963       764       751      1197       954
dram[57]:       1038      1192      1056      1248      1072       924      1228      1273       780      1009      1266      1269       745       724      1254      1241
dram[58]:        909      1059       771       758       987      1109       766      1090       961      1180       800       797      1149      1015      1264      1249
dram[59]:       1134      1015      1249      1239      1476      1207      1136       731      1275      1262       980       946       752       747      1090      1111
dram[60]:       1016       896       897       743      1192      1400      1581      1574      1193      1065       757      1046       755       752      1403      1257
dram[61]:       1025      1183      1315      1102       935       902      1343      1320      1204      1193       730       717      1503      1494      1016       891
dram[62]:       1218      1137      1259      1359      1094      1147      1237      1228       991      1004      1246      1161       761      1177      1566      1001
dram[63]:       1066       755       778       763       945       803      1201      1184      1188      1052      1615      1319       765       748      1214       826
dram[64]:       1133      1083       891       958       989      1108       734      1145      1525      1397      1104       954      1305      1246      1021       998
dram[65]:       1119       759       805      1005      1008      1112       518       657      1172      1014      1238      1128      1453      1331       767       795
dram[66]:       1298      1293      1486      1577      1180      1169      1432      1429      1407       972       816       803       773       870      1264       764
dram[67]:       1269      1596      1336      1208      1212      1047       824       696      1394      1575       813       928      1031      1028      1134       879
dram[68]:       1335      1591      1532      1392       893       991      1259      1365      1239      1294      1423      1012       928       996      1119       996
dram[69]:       1158      1149      1284      1406      1438      1243      1180      1359      1268       795      1540      1527      1243      1240      1580      1571
dram[70]:       1375      1170      1609      1267      1374      1251       999      1000      1239      1222       778       773      1123      1118       991      1047
dram[71]:       1351      1337      1565      1403      1237      1399      1321      1206      1141      1015      1274      1243      1226      1221      1279      1272
dram[72]:       1221      1199      1236      1249      1142       960       515      1155      1412      1469      1094       962      1262      1245      1183      1213
dram[73]:       1143       977      1015      1008       850      1185      1581      1445      1804      1557      1123       958      1320      1309       760       741
dram[74]:       1444      1341      1514      1549      1175      1173      1269      1172      1009      1006       814       810       954       871      1111       965
dram[75]:       1620      1444      1144      1021      1186      1032      1110       855      1511      1367      1113      1096      1035      1404      1075      1173
dram[76]:        682       791      1145      1128       889       863      1258      1368      1377      1321       584       490      1365       963      1314      1168
dram[77]:       1022      1062      1123      1213      1085      1052       841       827      1244      1368       825       822      1157      1205      1435      1373
dram[78]:       1161      1164      1297      1384      1112      1103      1298       761      1246       851       901       792      1219      1488      1581      1459
dram[79]:       1508      1209      1271      1120       801      1267      1164      1144       970       963      1261      1256       912      1227      1308      1303
Memory Partition 0: 
Cache L2_bank_000:
MSHR contents

Cache L2_bank_001:
MSHR contents

In Dram Latency Queue (total = 0): 
DRAM[0]: 16 bks, busW=8 BL=4 CL=12, tRRD=3 tCCD=1, tRCD=12 tRAS=28 tRP=12 tRC=40
n_cmd=220769 n_nop=150874 n_act=11807 n_pre=11791 n_ref_event=0 n_req=51339 n_rd=49152 n_rd_L2_A=0 n_write=0 n_wr_bk=8748 bw_util=0.5245
n_activity=147809 dram_eff=0.7834
bk0: 3120a 189038i bk1: 3120a 188997i bk2: 3088a 188374i bk3: 3088a 188489i bk4: 3040a 188800i bk5: 3040a 189594i bk6: 3040a 187654i bk7: 3040a 188342i bk8: 3040a 189699i bk9: 3040a 188550i bk10: 3040a 188379i bk11: 3040a 188288i bk12: 3088a 189112i bk13: 3088a 188440i bk14: 3120a 188898i bk15: 3120a 187987i 

------------------------------------------------------------------------

Row_Buffer_Locality = 0.770019
Row_Buffer_Locality_read = 0.801005
Row_Buffer_Locality_write = 0.073617
Bank_Level_Parallism = 4.232859
Bank_Level_Parallism_Col = 3.093461
Bank_Level_Parallism_Ready = 1.689516
write_to_read_ratio_blp_rw_average = 0.244986
GrpLevelPara = 2.140685 

BW Util details:
bwutil = 0.524530 
total_CMD = 220769 
util_bw = 57900 
Wasted_Col = 59204 
Wasted_Row = 16376 
Idle = 87289 

BW Util Bottlenecks: 
RCDc_limit = 56011 
RCDWRc_limit = 10728 
WTRc_limit = 10044 
RTWc_limit = 42242 
CCDLc_limit = 29734 
rwq = 0 
CCDLc_limit_alone = 25357 
WTRc_limit_alone = 9122 
RTWc_limit_alone = 38787 

Commands details: 
total_CMD = 220769 
n_nop = 150874 
Read = 49152 
Write = 0 
L2_Alloc = 0 
L2_WB = 8748 
n_act = 11807 
n_pre = 11791 
n_ref = 0 
n_req = 51339 
total_req = 57900 

Dual Bus Interface Util: 
issued_total_row = 23598 
issued_total_col = 57900 
Row_Bus_Util =  0.106890 
CoL_Bus_Util = 0.262265 
Either_Row_CoL_Bus_Util = 0.316598 
Issued_on_Two_Bus_Simul_Util = 0.052557 
issued_two_Eff = 0.166006 
queue_avg = 11.152345 


dram_util_bins: 0 0 0 0 0 0 0 0 0 0
dram_eff_bins: 0 0 0 0 0 0 0 0 0 0
mrqq: max=128 avg=11.1523
Memory Partition 1: 
Cache L2_bank_002:
MSHR contents

Cache L2_bank_003:
MSHR contents

In Dram Latency Queue (total = 0): 
DRAM[1]: 16 bks, busW=8 BL=4 CL=12, tRRD=3 tCCD=1, tRCD=12 tRAS=28 tRP=12 tRC=40
n_cmd=220769 n_nop=150898 n_act=11809 n_pre=11793 n_ref_event=0 n_req=51337 n_rd=49152 n_rd_L2_A=0 n_write=0 n_wr_bk=8740 bw_util=0.5245
n_activity=147844 dram_eff=0.7831
bk0: 3120a 188893i bk1: 3120a 189189i bk2: 3088a 189094i bk3: 3088a 189341i bk4: 3040a 189695i bk5: 3040a 190125i bk6: 3040a 188336i bk7: 3040a 189244i bk8: 3040a 187931i bk9: 3040a 188656i bk10: 3040a 189826i bk11: 3040a 190414i bk12: 3088a 189175i bk13: 3088a 188124i bk14: 3120a 188621i bk15: 3120a 187836i 

------------------------------------------------------------------------

Row_Buffer_Locality = 0.769971
Row_Buffer_Locality_read = 0.800944
Row_Buffer_Locality_write = 0.073227
Bank_Level_Parallism = 4.185218
Bank_Level_Parallism_Col = 3.046165
Bank_Level_Parallism_Ready = 1.705244
write_to_read_ratio_blp_rw_average = 0.241589
GrpLevelPara = 2.126821 

BW Util details:
bwutil = 0.524458 
total_CMD = 220769 
util_bw = 57892 
Wasted_Col = 59841 
Wasted_Row = 15866 
Idle = 87170 

BW Util Bottlenecks: 
RCDc_limit = 55603 
RCDWRc_limit = 11056 
WTRc_limit = 10114 
RTWc_limit = 41130 
CCDLc_limit = 29595 
rwq = 0 
CCDLc_limit_alone = 25319 
WTRc_limit_alone = 9252 
RTWc_limit_alone = 37716 

Commands details: 
total_CMD = 220769 
n_nop = 150898 
Read = 49152 
Write = 0 
L2_Alloc = 0 
L2_WB = 8740 
n_act = 11809 
n_pre = 11793 
n_ref = 0 
n_req = 51337 
total_req = 57892 

Dual Bus Interface Util: 
issued_total_row = 23602 
issued_total_col = 57892 
Row_Bus_Util =  0.106908 
CoL_Bus_Util = 0.262229 
Either_Row_CoL_Bus_Util = 0.316489 
Issued_on_Two_Bus_Simul_Util = 0.052648 
issued_two_Eff = 0.166349 
queue_avg = 11.001988 


dram_util_bins: 0 0 0 0 0 0 0 0 0 0
dram_eff_bins: 0 0 0 0 0 0 0 0 0 0
mrqq: max=128 avg=11.002
Memory Partition 2: 
Cache L2_bank_004:
MSHR contents

Cache L2_bank_005:
MSHR contents

In Dram Latency Queue (total = 0): 
DRAM[2]: 16 bks, busW=8 BL=4 CL=12, tRRD=3 tCCD=1, tRCD=12 tRAS=28 tRP=12 tRC=40
n_cmd=220769 n_nop=150878 n_act=11802 n_pre=11786 n_ref_event=0 n_req=51341 n_rd=49152 n_rd_L2_A=0 n_write=0 n_wr_bk=8756 bw_util=0.5246
n_activity=145840 dram_eff=0.7941
bk0: 3120a 187915i bk1: 3120a 188716i bk2: 3088a 187564i bk3: 3088a 188407i bk4: 3040a 189141i bk5: 3040a 189374i bk6: 3040a 189085i bk7: 3040a 189596i bk8: 3040a 188144i bk9: 3040a 187727i bk10: 3040a 190023i bk11: 3040a 188384i bk12: 3088a 189264i bk13: 3088a 189782i bk14: 3120a 188525i bk15: 3120a 188499i 

------------------------------------------------------------------------

Row_Buffer_Locality = 0.770125
Row_Buffer_Locality_read = 0.801310
Row_Buffer_Locality_write = 0.069895
Bank_Level_Parallism = 4.237567
Bank_Level_Parallism_Col = 3.080929
Bank_Level_Parallism_Ready = 1.676280
write_to_read_ratio_blp_rw_average = 0.249766
GrpLevelPara = 2.136389 

BW Util details:
bwutil = 0.524603 
total_CMD = 220769 
util_bw = 57908 
Wasted_Col = 59629 
Wasted_Row = 15440 
Idle = 87792 

BW Util Bottlenecks: 
RCDc_limit = 56018 
RCDWRc_limit = 11056 
WTRc_limit = 9852 
RTWc_limit = 43159 
CCDLc_limit = 29734 
rwq = 0 
CCDLc_limit_alone = 25420 
WTRc_limit_alone = 9015 
RTWc_limit_alone = 39682 

Commands details: 
total_CMD = 220769 
n_nop = 150878 
Read = 49152 
Write = 0 
L2_Alloc = 0 
L2_WB = 8756 
n_act = 11802 
n_pre = 11786 
n_ref = 0 
n_req = 51341 
total_req = 57908 

Dual Bus Interface Util: 
issued_total_row = 23588 
issued_total_col = 57908 
Row_Bus_Util =  0.106845 
CoL_Bus_Util = 0.262301 
Either_Row_CoL_Bus_Util = 0.316580 
Issued_on_Two_Bus_Simul_Util = 0.052566 
issued_two_Eff = 0.166044 
queue_avg = 10.880268 


dram_util_bins: 0 0 0 0 0 0 0 0 0 0
dram_eff_bins: 0 0 0 0 0 0 0 0 0 0
mrqq: max=128 avg=10.8803
Memory Partition 3: 
Cache L2_bank_006:
MSHR contents

Cache L2_bank_007:
MSHR contents

In Dram Latency Queue (total = 1): 
Ready @ 126674 -   mf: uid=17610503, sid4294967295:w4294967295, part=3, addr=0xc07ff1900, store, size=128, L2_WRBK  status = IN_PARTITION_DRAM_LATENCY_QUEUE (126420), 
DRAM[3]: 16 bks, busW=8 BL=4 CL=12, tRRD=3 tCCD=1, tRCD=12 tRAS=28 tRP=12 tRC=40
n_cmd=220769 n_nop=150870 n_act=11797 n_pre=11781 n_ref_event=0 n_req=51340 n_rd=49152 n_rd_L2_A=0 n_write=0 n_wr_bk=8752 bw_util=0.5246
n_activity=146067 dram_eff=0.7928
bk0: 3120a 189379i bk1: 3120a 188829i bk2: 3088a 189735i bk3: 3088a 188741i bk4: 3040a 187879i bk5: 3040a 188859i bk6: 3040a 188748i bk7: 3040a 189581i bk8: 3040a 187875i bk9: 3040a 188970i bk10: 3040a 188676i bk11: 3040a 188703i bk12: 3088a 187464i bk13: 3088a 188378i bk14: 3120a 189149i bk15: 3120a 188764i 

------------------------------------------------------------------------

Row_Buffer_Locality = 0.770218
Row_Buffer_Locality_read = 0.801554
Row_Buffer_Locality_write = 0.066271
Bank_Level_Parallism = 4.247492
Bank_Level_Parallism_Col = 3.110957
Bank_Level_Parallism_Ready = 1.693821
write_to_read_ratio_blp_rw_average = 0.249049
GrpLevelPara = 2.145855 

BW Util details:
bwutil = 0.524566 
total_CMD = 220769 
util_bw = 57904 
Wasted_Col = 59195 
Wasted_Row = 15665 
Idle = 88005 

BW Util Bottlenecks: 
RCDc_limit = 55189 
RCDWRc_limit = 10939 
WTRc_limit = 9600 
RTWc_limit = 44024 
CCDLc_limit = 30060 
rwq = 0 
CCDLc_limit_alone = 25660 
WTRc_limit_alone = 8795 
RTWc_limit_alone = 40429 

Commands details: 
total_CMD = 220769 
n_nop = 150870 
Read = 49152 
Write = 0 
L2_Alloc = 0 
L2_WB = 8752 
n_act = 11797 
n_pre = 11781 
n_ref = 0 
n_req = 51340 
total_req = 57904 

Dual Bus Interface Util: 
issued_total_row = 23578 
issued_total_col = 57904 
Row_Bus_Util =  0.106799 
CoL_Bus_Util = 0.262283 
Either_Row_CoL_Bus_Util = 0.316616 
Issued_on_Two_Bus_Simul_Util = 0.052467 
issued_two_Eff = 0.165711 
queue_avg = 10.712940 


dram_util_bins: 0 0 0 0 0 0 0 0 0 0
dram_eff_bins: 0 0 0 0 0 0 0 0 0 0
mrqq: max=128 avg=10.7129
Memory Partition 4: 
Cache L2_bank_008:
MSHR contents

Cache L2_bank_009:
MSHR contents

In Dram Latency Queue (total = 0): 
DRAM[4]: 16 bks, busW=8 BL=4 CL=12, tRRD=3 tCCD=1, tRCD=12 tRAS=28 tRP=12 tRC=40
n_cmd=220769 n_nop=151058 n_act=11777 n_pre=11761 n_ref_event=0 n_req=51356 n_rd=49152 n_rd_L2_A=0 n_write=0 n_wr_bk=8816 bw_util=0.5251
n_activity=145195 dram_eff=0.7985
bk0: 3120a 188641i bk1: 3120a 188740i bk2: 3088a 188244i bk3: 3088a 188679i bk4: 3040a 188828i bk5: 3040a 189373i bk6: 3040a 189775i bk7: 3040a 189896i bk8: 3040a 189031i bk9: 3040a 189105i bk10: 3040a 189292i bk11: 3040a 188902i bk12: 3088a 189699i bk13: 3088a 189875i bk14: 3120a 189186i bk15: 3120a 188624i 

------------------------------------------------------------------------

Row_Buffer_Locality = 0.770679
Row_Buffer_Locality_read = 0.801656
Row_Buffer_Locality_write = 0.079855
Bank_Level_Parallism = 4.234963
Bank_Level_Parallism_Col = 3.093717
Bank_Level_Parallism_Ready = 1.699593
write_to_read_ratio_blp_rw_average = 0.242729
GrpLevelPara = 2.154361 

BW Util details:
bwutil = 0.525146 
total_CMD = 220769 
util_bw = 57968 
Wasted_Col = 57982 
Wasted_Row = 15756 
Idle = 89063 

BW Util Bottlenecks: 
RCDc_limit = 54775 
RCDWRc_limit = 10934 
WTRc_limit = 10762 
RTWc_limit = 40621 
CCDLc_limit = 29527 
rwq = 0 
CCDLc_limit_alone = 25283 
WTRc_limit_alone = 9831 
RTWc_limit_alone = 37308 

Commands details: 
total_CMD = 220769 
n_nop = 151058 
Read = 49152 
Write = 0 
L2_Alloc = 0 
L2_WB = 8816 
n_act = 11777 
n_pre = 11761 
n_ref = 0 
n_req = 51356 
total_req = 57968 

Dual Bus Interface Util: 
issued_total_row = 23538 
issued_total_col = 57968 
Row_Bus_Util =  0.106618 
CoL_Bus_Util = 0.262573 
Either_Row_CoL_Bus_Util = 0.315764 
Issued_on_Two_Bus_Simul_Util = 0.053427 
issued_two_Eff = 0.169199 
queue_avg = 10.618217 


dram_util_bins: 0 0 0 0 0 0 0 0 0 0
dram_eff_bins: 0 0 0 0 0 0 0 0 0 0
mrqq: max=128 avg=10.6182
Memory Partition 5: 
Cache L2_bank_010:
MSHR contents

Cache L2_bank_011:
MSHR contents

In Dram Latency Queue (total = 0): 
DRAM[5]: 16 bks, busW=8 BL=4 CL=12, tRRD=3 tCCD=1, tRCD=12 tRAS=28 tRP=12 tRC=40
n_cmd=220769 n_nop=150756 n_act=11818 n_pre=11802 n_ref_event=0 n_req=51346 n_rd=49152 n_rd_L2_A=0 n_write=0 n_wr_bk=8776 bw_util=0.5248
n_activity=145577 dram_eff=0.7958
bk0: 3120a 188084i bk1: 3120a 188854i bk2: 3088a 189345i bk3: 3088a 189719i bk4: 3040a 188601i bk5: 3040a 189377i bk6: 3040a 190410i bk7: 3040a 190787i bk8: 3040a 189900i bk9: 3040a 189001i bk10: 3040a 189394i bk11: 3040a 189199i bk12: 3088a 189171i bk13: 3088a 189286i bk14: 3120a 188760i bk15: 3120a 189611i 

------------------------------------------------------------------------

Row_Buffer_Locality = 0.769836
Row_Buffer_Locality_read = 0.801025
Row_Buffer_Locality_write = 0.071103
Bank_Level_Parallism = 4.190843
Bank_Level_Parallism_Col = 3.039267
Bank_Level_Parallism_Ready = 1.664152
write_to_read_ratio_blp_rw_average = 0.245990
GrpLevelPara = 2.138063 

BW Util details:
bwutil = 0.524784 
total_CMD = 220769 
util_bw = 57928 
Wasted_Col = 58834 
Wasted_Row = 15467 
Idle = 88540 

BW Util Bottlenecks: 
RCDc_limit = 55433 
RCDWRc_limit = 11030 
WTRc_limit = 10053 
RTWc_limit = 40500 
CCDLc_limit = 29181 
rwq = 0 
CCDLc_limit_alone = 25142 
WTRc_limit_alone = 9173 
RTWc_limit_alone = 37341 

Commands details: 
total_CMD = 220769 
n_nop = 150756 
Read = 49152 
Write = 0 
L2_Alloc = 0 
L2_WB = 8776 
n_act = 11818 
n_pre = 11802 
n_ref = 0 
n_req = 51346 
total_req = 57928 

Dual Bus Interface Util: 
issued_total_row = 23620 
issued_total_col = 57928 
Row_Bus_Util =  0.106990 
CoL_Bus_Util = 0.262392 
Either_Row_CoL_Bus_Util = 0.317132 
Issued_on_Two_Bus_Simul_Util = 0.052249 
issued_two_Eff = 0.164755 
queue_avg = 10.106342 


dram_util_bins: 0 0 0 0 0 0 0 0 0 0
dram_eff_bins: 0 0 0 0 0 0 0 0 0 0
mrqq: max=128 avg=10.1063
Memory Partition 6: 
Cache L2_bank_012:
MSHR contents

Cache L2_bank_013:
MSHR contents

In Dram Latency Queue (total = 0): 
DRAM[6]: 16 bks, busW=8 BL=4 CL=12, tRRD=3 tCCD=1, tRCD=12 tRAS=28 tRP=12 tRC=40
n_cmd=220769 n_nop=150786 n_act=11741 n_pre=11725 n_ref_event=0 n_req=51349 n_rd=49152 n_rd_L2_A=0 n_write=0 n_wr_bk=8784 bw_util=0.5249
n_activity=147991 dram_eff=0.783
bk0: 3120a 188055i bk1: 3120a 188779i bk2: 3088a 188819i bk3: 3088a 189644i bk4: 3040a 188809i bk5: 3040a 189340i bk6: 3040a 190788i bk7: 3040a 190811i bk8: 3040a 188576i bk9: 3040a 188760i bk10: 3040a 189517i bk11: 3040a 189736i bk12: 3088a 189813i bk13: 3088a 187891i bk14: 3120a 188386i bk15: 3120a 188541i 

------------------------------------------------------------------------

Row_Buffer_Locality = 0.771349
Row_Buffer_Locality_read = 0.802205
Row_Buffer_Locality_write = 0.081020
Bank_Level_Parallism = 4.170404
Bank_Level_Parallism_Col = 3.048651
Bank_Level_Parallism_Ready = 1.682822
write_to_read_ratio_blp_rw_average = 0.253084
GrpLevelPara = 2.128457 

BW Util details:
bwutil = 0.524856 
total_CMD = 220769 
util_bw = 57936 
Wasted_Col = 59492 
Wasted_Row = 16225 
Idle = 87116 

BW Util Bottlenecks: 
RCDc_limit = 55432 
RCDWRc_limit = 11166 
WTRc_limit = 9792 
RTWc_limit = 42042 
CCDLc_limit = 29577 
rwq = 0 
CCDLc_limit_alone = 25307 
WTRc_limit_alone = 8924 
RTWc_limit_alone = 38640 

Commands details: 
total_CMD = 220769 
n_nop = 150786 
Read = 49152 
Write = 0 
L2_Alloc = 0 
L2_WB = 8784 
n_act = 11741 
n_pre = 11725 
n_ref = 0 
n_req = 51349 
total_req = 57936 

Dual Bus Interface Util: 
issued_total_row = 23466 
issued_total_col = 57936 
Row_Bus_Util =  0.106292 
CoL_Bus_Util = 0.262428 
Either_Row_CoL_Bus_Util = 0.316996 
Issued_on_Two_Bus_Simul_Util = 0.051724 
issued_two_Eff = 0.163168 
queue_avg = 10.798762 


dram_util_bins: 0 0 0 0 0 0 0 0 0 0
dram_eff_bins: 0 0 0 0 0 0 0 0 0 0
mrqq: max=128 avg=10.7988
Memory Partition 7: 
Cache L2_bank_014:
MSHR contents

Cache L2_bank_015:
MSHR contents

In Dram Latency Queue (total = 0): 
DRAM[7]: 16 bks, busW=8 BL=4 CL=12, tRRD=3 tCCD=1, tRCD=12 tRAS=28 tRP=12 tRC=40
n_cmd=220769 n_nop=150959 n_act=11775 n_pre=11759 n_ref_event=0 n_req=51347 n_rd=49152 n_rd_L2_A=0 n_write=0 n_wr_bk=8780 bw_util=0.5248
n_activity=145673 dram_eff=0.7954
bk0: 3120a 190031i bk1: 3120a 190344i bk2: 3088a 190034i bk3: 3088a 188261i bk4: 3040a 188228i bk5: 3040a 190095i bk6: 3040a 189800i bk7: 3040a 189142i bk8: 3040a 188787i bk9: 3040a 188410i bk10: 3040a 188779i bk11: 3040a 189794i bk12: 3088a 188425i bk13: 3088a 189403i bk14: 3120a 188079i bk15: 3120a 188726i 

------------------------------------------------------------------------

Row_Buffer_Locality = 0.770678
Row_Buffer_Locality_read = 0.802165
Row_Buffer_Locality_write = 0.065604
Bank_Level_Parallism = 4.217691
Bank_Level_Parallism_Col = 3.065130
Bank_Level_Parallism_Ready = 1.700632
write_to_read_ratio_blp_rw_average = 0.247309
GrpLevelPara = 2.143894 

BW Util details:
bwutil = 0.524820 
total_CMD = 220769 
util_bw = 57932 
Wasted_Col = 58742 
Wasted_Row = 15463 
Idle = 88632 

BW Util Bottlenecks: 
RCDc_limit = 55209 
RCDWRc_limit = 10933 
WTRc_limit = 10431 
RTWc_limit = 41223 
CCDLc_limit = 29437 
rwq = 0 
CCDLc_limit_alone = 25339 
WTRc_limit_alone = 9628 
RTWc_limit_alone = 37928 

Commands details: 
total_CMD = 220769 
n_nop = 150959 
Read = 49152 
Write = 0 
L2_Alloc = 0 
L2_WB = 8780 
n_act = 11775 
n_pre = 11759 
n_ref = 0 
n_req = 51347 
total_req = 57932 

Dual Bus Interface Util: 
issued_total_row = 23534 
issued_total_col = 57932 
Row_Bus_Util =  0.106600 
CoL_Bus_Util = 0.262410 
Either_Row_CoL_Bus_Util = 0.316213 
Issued_on_Two_Bus_Simul_Util = 0.052797 
issued_two_Eff = 0.166967 
queue_avg = 10.624046 


dram_util_bins: 0 0 0 0 0 0 0 0 0 0
dram_eff_bins: 0 0 0 0 0 0 0 0 0 0
mrqq: max=128 avg=10.624
Memory Partition 8: 
Cache L2_bank_016:
MSHR contents

Cache L2_bank_017:
MSHR contents

In Dram Latency Queue (total = 0): 
DRAM[8]: 16 bks, busW=8 BL=4 CL=12, tRRD=3 tCCD=1, tRCD=12 tRAS=28 tRP=12 tRC=40
n_cmd=220769 n_nop=150831 n_act=11818 n_pre=11802 n_ref_event=0 n_req=51345 n_rd=49152 n_rd_L2_A=0 n_write=0 n_wr_bk=8772 bw_util=0.5247
n_activity=146839 dram_eff=0.7889
bk0: 3120a 188291i bk1: 3120a 189217i bk2: 3088a 188142i bk3: 3088a 188321i bk4: 3040a 189506i bk5: 3040a 189626i bk6: 3040a 187139i bk7: 3040a 188426i bk8: 3040a 188982i bk9: 3040a 188343i bk10: 3040a 189497i bk11: 3040a 189057i bk12: 3088a 188387i bk13: 3088a 188810i bk14: 3120a 188299i bk15: 3120a 188536i 

------------------------------------------------------------------------

Row_Buffer_Locality = 0.769832
Row_Buffer_Locality_read = 0.801636
Row_Buffer_Locality_write = 0.057000
Bank_Level_Parallism = 4.248008
Bank_Level_Parallism_Col = 3.092729
Bank_Level_Parallism_Ready = 1.718959
write_to_read_ratio_blp_rw_average = 0.247831
GrpLevelPara = 2.138973 

BW Util details:
bwutil = 0.524748 
total_CMD = 220769 
util_bw = 57924 
Wasted_Col = 59359 
Wasted_Row = 15737 
Idle = 87749 

BW Util Bottlenecks: 
RCDc_limit = 55579 
RCDWRc_limit = 10945 
WTRc_limit = 10400 
RTWc_limit = 42267 
CCDLc_limit = 29967 
rwq = 0 
CCDLc_limit_alone = 25583 
WTRc_limit_alone = 9502 
RTWc_limit_alone = 38781 

Commands details: 
total_CMD = 220769 
n_nop = 150831 
Read = 49152 
Write = 0 
L2_Alloc = 0 
L2_WB = 8772 
n_act = 11818 
n_pre = 11802 
n_ref = 0 
n_req = 51345 
total_req = 57924 

Dual Bus Interface Util: 
issued_total_row = 23620 
issued_total_col = 57924 
Row_Bus_Util =  0.106990 
CoL_Bus_Util = 0.262374 
Either_Row_CoL_Bus_Util = 0.316793 
Issued_on_Two_Bus_Simul_Util = 0.052571 
issued_two_Eff = 0.165947 
queue_avg = 11.202796 


dram_util_bins: 0 0 0 0 0 0 0 0 0 0
dram_eff_bins: 0 0 0 0 0 0 0 0 0 0
mrqq: max=128 avg=11.2028
Memory Partition 9: 
Cache L2_bank_018:
MSHR contents

Cache L2_bank_019:
MSHR contents

In Dram Latency Queue (total = 0): 
DRAM[9]: 16 bks, busW=8 BL=4 CL=12, tRRD=3 tCCD=1, tRCD=12 tRAS=28 tRP=12 tRC=40
n_cmd=220769 n_nop=151013 n_act=11761 n_pre=11745 n_ref_event=0 n_req=51335 n_rd=49152 n_rd_L2_A=0 n_write=0 n_wr_bk=8732 bw_util=0.5244
n_activity=145962 dram_eff=0.7931
bk0: 3120a 187898i bk1: 3120a 188249i bk2: 3088a 189584i bk3: 3088a 188439i bk4: 3040a 189590i bk5: 3040a 189483i bk6: 3040a 188718i bk7: 3040a 189598i bk8: 3040a 188740i bk9: 3040a 188946i bk10: 3040a 190319i bk11: 3040a 190063i bk12: 3088a 188864i bk13: 3088a 189214i bk14: 3120a 189566i bk15: 3120a 189459i 

------------------------------------------------------------------------

Row_Buffer_Locality = 0.770897
Row_Buffer_Locality_read = 0.801412
Row_Buffer_Locality_write = 0.083830
Bank_Level_Parallism = 4.214027
Bank_Level_Parallism_Col = 3.061916
Bank_Level_Parallism_Ready = 1.689327
write_to_read_ratio_blp_rw_average = 0.245191
GrpLevelPara = 2.141043 

BW Util details:
bwutil = 0.524385 
total_CMD = 220769 
util_bw = 57884 
Wasted_Col = 58832 
Wasted_Row = 15440 
Idle = 88613 

BW Util Bottlenecks: 
RCDc_limit = 55188 
RCDWRc_limit = 10616 
WTRc_limit = 10600 
RTWc_limit = 39787 
CCDLc_limit = 29091 
rwq = 0 
CCDLc_limit_alone = 24980 
WTRc_limit_alone = 9612 
RTWc_limit_alone = 36664 

Commands details: 
total_CMD = 220769 
n_nop = 151013 
Read = 49152 
Write = 0 
L2_Alloc = 0 
L2_WB = 8732 
n_act = 11761 
n_pre = 11745 
n_ref = 0 
n_req = 51335 
total_req = 57884 

Dual Bus Interface Util: 
issued_total_row = 23506 
issued_total_col = 57884 
Row_Bus_Util =  0.106473 
CoL_Bus_Util = 0.262193 
Either_Row_CoL_Bus_Util = 0.315968 
Issued_on_Two_Bus_Simul_Util = 0.052698 
issued_two_Eff = 0.166781 
queue_avg = 10.662331 


dram_util_bins: 0 0 0 0 0 0 0 0 0 0
dram_eff_bins: 0 0 0 0 0 0 0 0 0 0
mrqq: max=128 avg=10.6623
Memory Partition 10: 
Cache L2_bank_020:
MSHR contents

Cache L2_bank_021:
MSHR contents

In Dram Latency Queue (total = 0): 
DRAM[10]: 16 bks, busW=8 BL=4 CL=12, tRRD=3 tCCD=1, tRCD=12 tRAS=28 tRP=12 tRC=40
n_cmd=220769 n_nop=151030 n_act=11803 n_pre=11787 n_ref_event=0 n_req=51344 n_rd=49152 n_rd_L2_A=0 n_write=0 n_wr_bk=8768 bw_util=0.5247
n_activity=145373 dram_eff=0.7968
bk0: 3120a 187448i bk1: 3120a 187967i bk2: 3088a 189395i bk3: 3088a 189372i bk4: 3040a 187852i bk5: 3040a 188465i bk6: 3040a 189713i bk7: 3040a 190060i bk8: 3040a 188608i bk9: 3040a 188333i bk10: 3040a 189619i bk11: 3040a 189175i bk12: 3088a 189392i bk13: 3088a 190809i bk14: 3120a 188497i bk15: 3120a 188926i 

------------------------------------------------------------------------

Row_Buffer_Locality = 0.770119
Row_Buffer_Locality_read = 0.801086
Row_Buffer_Locality_write = 0.075730
Bank_Level_Parallism = 4.249797
Bank_Level_Parallism_Col = 3.077946
Bank_Level_Parallism_Ready = 1.668491
write_to_read_ratio_blp_rw_average = 0.245975
GrpLevelPara = 2.140299 

BW Util details:
bwutil = 0.524711 
total_CMD = 220769 
util_bw = 57920 
Wasted_Col = 58549 
Wasted_Row = 15306 
Idle = 88994 

BW Util Bottlenecks: 
RCDc_limit = 55280 
RCDWRc_limit = 10570 
WTRc_limit = 9916 
RTWc_limit = 39907 
CCDLc_limit = 29412 
rwq = 0 
CCDLc_limit_alone = 25491 
WTRc_limit_alone = 9049 
RTWc_limit_alone = 36853 

Commands details: 
total_CMD = 220769 
n_nop = 151030 
Read = 49152 
Write = 0 
L2_Alloc = 0 
L2_WB = 8768 
n_act = 11803 
n_pre = 11787 
n_ref = 0 
n_req = 51344 
total_req = 57920 

Dual Bus Interface Util: 
issued_total_row = 23590 
issued_total_col = 57920 
Row_Bus_Util =  0.106854 
CoL_Bus_Util = 0.262356 
Either_Row_CoL_Bus_Util = 0.315891 
Issued_on_Two_Bus_Simul_Util = 0.053318 
issued_two_Eff = 0.168786 
queue_avg = 10.770860 


dram_util_bins: 0 0 0 0 0 0 0 0 0 0
dram_eff_bins: 0 0 0 0 0 0 0 0 0 0
mrqq: max=128 avg=10.7709
Memory Partition 11: 
Cache L2_bank_022:
MSHR contents

Cache L2_bank_023:
MSHR contents

In Dram Latency Queue (total = 1): 
Ready @ 126686 -   mf: uid=17610508, sid4294967295:w4294967295, part=11, addr=0xc07fec900, store, size=128, L2_WRBK  status = IN_PARTITION_DRAM_LATENCY_QUEUE (126432), 
DRAM[11]: 16 bks, busW=8 BL=4 CL=12, tRRD=3 tCCD=1, tRCD=12 tRAS=28 tRP=12 tRC=40
n_cmd=220769 n_nop=150867 n_act=11765 n_pre=11749 n_ref_event=0 n_req=51338 n_rd=49152 n_rd_L2_A=0 n_write=0 n_wr_bk=8744 bw_util=0.5245
n_activity=146180 dram_eff=0.7921
bk0: 3120a 188260i bk1: 3120a 188336i bk2: 3088a 189006i bk3: 3088a 188786i bk4: 3040a 188396i bk5: 3040a 187780i bk6: 3040a 188799i bk7: 3040a 189646i bk8: 3040a 189005i bk9: 3040a 188804i bk10: 3040a 189292i bk11: 3040a 189691i bk12: 3088a 188622i bk13: 3088a 188475i bk14: 3120a 189932i bk15: 3120a 189628i 

------------------------------------------------------------------------

Row_Buffer_Locality = 0.770833
Row_Buffer_Locality_read = 0.802002
Row_Buffer_Locality_write = 0.069991
Bank_Level_Parallism = 4.237430
Bank_Level_Parallism_Col = 3.109866
Bank_Level_Parallism_Ready = 1.681636
write_to_read_ratio_blp_rw_average = 0.251558
GrpLevelPara = 2.154654 

BW Util details:
bwutil = 0.524494 
total_CMD = 220769 
util_bw = 57896 
Wasted_Col = 58785 
Wasted_Row = 15754 
Idle = 88334 

BW Util Bottlenecks: 
RCDc_limit = 55552 
RCDWRc_limit = 10912 
WTRc_limit = 9461 
RTWc_limit = 42615 
CCDLc_limit = 29417 
rwq = 0 
CCDLc_limit_alone = 25003 
WTRc_limit_alone = 8699 
RTWc_limit_alone = 38963 

Commands details: 
total_CMD = 220769 
n_nop = 150867 
Read = 49152 
Write = 0 
L2_Alloc = 0 
L2_WB = 8744 
n_act = 11765 
n_pre = 11749 
n_ref = 0 
n_req = 51338 
total_req = 57896 

Dual Bus Interface Util: 
issued_total_row = 23514 
issued_total_col = 57896 
Row_Bus_Util =  0.106510 
CoL_Bus_Util = 0.262247 
Either_Row_CoL_Bus_Util = 0.316630 
Issued_on_Two_Bus_Simul_Util = 0.052127 
issued_two_Eff = 0.164630 
queue_avg = 10.668649 


dram_util_bins: 0 0 0 0 0 0 0 0 0 0
dram_eff_bins: 0 0 0 0 0 0 0 0 0 0
mrqq: max=128 avg=10.6686
Memory Partition 12: 
Cache L2_bank_024:
MSHR contents

Cache L2_bank_025:
MSHR contents

In Dram Latency Queue (total = 0): 
DRAM[12]: 16 bks, busW=8 BL=4 CL=12, tRRD=3 tCCD=1, tRCD=12 tRAS=28 tRP=12 tRC=40
n_cmd=220769 n_nop=150735 n_act=11833 n_pre=11817 n_ref_event=0 n_req=51348 n_rd=49152 n_rd_L2_A=0 n_write=0 n_wr_bk=8784 bw_util=0.5249
n_activity=146651 dram_eff=0.7901
bk0: 3120a 190578i bk1: 3120a 189895i bk2: 3088a 188778i bk3: 3088a 189788i bk4: 3040a 188561i bk5: 3040a 188223i bk6: 3040a 189385i bk7: 3040a 189501i bk8: 3040a 189407i bk9: 3040a 188723i bk10: 3040a 189153i bk11: 3040a 189095i bk12: 3088a 189296i bk13: 3088a 190434i bk14: 3120a 189554i bk15: 3120a 190188i 

------------------------------------------------------------------------

Row_Buffer_Locality = 0.769553
Row_Buffer_Locality_read = 0.800720
Row_Buffer_Locality_write = 0.071949
Bank_Level_Parallism = 4.152724
Bank_Level_Parallism_Col = 3.004587
Bank_Level_Parallism_Ready = 1.662921
write_to_read_ratio_blp_rw_average = 0.243839
GrpLevelPara = 2.131030 

BW Util details:
bwutil = 0.524856 
total_CMD = 220769 
util_bw = 57936 
Wasted_Col = 59479 
Wasted_Row = 15773 
Idle = 87581 

BW Util Bottlenecks: 
RCDc_limit = 55546 
RCDWRc_limit = 11133 
WTRc_limit = 10713 
RTWc_limit = 39208 
CCDLc_limit = 28820 
rwq = 0 
CCDLc_limit_alone = 25103 
WTRc_limit_alone = 9866 
RTWc_limit_alone = 36338 

Commands details: 
total_CMD = 220769 
n_nop = 150735 
Read = 49152 
Write = 0 
L2_Alloc = 0 
L2_WB = 8784 
n_act = 11833 
n_pre = 11817 
n_ref = 0 
n_req = 51348 
total_req = 57936 

Dual Bus Interface Util: 
issued_total_row = 23650 
issued_total_col = 57936 
Row_Bus_Util =  0.107126 
CoL_Bus_Util = 0.262428 
Either_Row_CoL_Bus_Util = 0.317228 
Issued_on_Two_Bus_Simul_Util = 0.052326 
issued_two_Eff = 0.164948 
queue_avg = 10.510660 


dram_util_bins: 0 0 0 0 0 0 0 0 0 0
dram_eff_bins: 0 0 0 0 0 0 0 0 0 0
mrqq: max=128 avg=10.5107
Memory Partition 13: 
Cache L2_bank_026:
MSHR contents

Cache L2_bank_027:
MSHR contents

In Dram Latency Queue (total = 0): 
DRAM[13]: 16 bks, busW=8 BL=4 CL=12, tRRD=3 tCCD=1, tRCD=12 tRAS=28 tRP=12 tRC=40
n_cmd=220769 n_nop=150854 n_act=11745 n_pre=11729 n_ref_event=0 n_req=51339 n_rd=49152 n_rd_L2_A=0 n_write=0 n_wr_bk=8748 bw_util=0.5245
n_activity=146337 dram_eff=0.7913
bk0: 3120a 188960i bk1: 3120a 188932i bk2: 3088a 189099i bk3: 3088a 189252i bk4: 3040a 188919i bk5: 3040a 188845i bk6: 3040a 190877i bk7: 3040a 190485i bk8: 3040a 188774i bk9: 3040a 189337i bk10: 3040a 188910i bk11: 3040a 188863i bk12: 3088a 188417i bk13: 3088a 190071i bk14: 3120a 188780i bk15: 3120a 188867i 

------------------------------------------------------------------------

Row_Buffer_Locality = 0.771227
Row_Buffer_Locality_read = 0.802551
Row_Buffer_Locality_write = 0.067215
Bank_Level_Parallism = 4.190750
Bank_Level_Parallism_Col = 3.069651
Bank_Level_Parallism_Ready = 1.728739
write_to_read_ratio_blp_rw_average = 0.242567
GrpLevelPara = 2.139199 

BW Util details:
bwutil = 0.524530 
total_CMD = 220769 
util_bw = 57900 
Wasted_Col = 58819 
Wasted_Row = 16015 
Idle = 88035 

BW Util Bottlenecks: 
RCDc_limit = 55550 
RCDWRc_limit = 11013 
WTRc_limit = 10247 
RTWc_limit = 40102 
CCDLc_limit = 29296 
rwq = 0 
CCDLc_limit_alone = 25138 
WTRc_limit_alone = 9394 
RTWc_limit_alone = 36797 

Commands details: 
total_CMD = 220769 
n_nop = 150854 
Read = 49152 
Write = 0 
L2_Alloc = 0 
L2_WB = 8748 
n_act = 11745 
n_pre = 11729 
n_ref = 0 
n_req = 51339 
total_req = 57900 

Dual Bus Interface Util: 
issued_total_row = 23474 
issued_total_col = 57900 
Row_Bus_Util =  0.106328 
CoL_Bus_Util = 0.262265 
Either_Row_CoL_Bus_Util = 0.316688 
Issued_on_Two_Bus_Simul_Util = 0.051905 
issued_two_Eff = 0.163899 
queue_avg = 10.616943 


dram_util_bins: 0 0 0 0 0 0 0 0 0 0
dram_eff_bins: 0 0 0 0 0 0 0 0 0 0
mrqq: max=128 avg=10.6169
Memory Partition 14: 
Cache L2_bank_028:
MSHR contents

Cache L2_bank_029:
MSHR contents

In Dram Latency Queue (total = 0): 
DRAM[14]: 16 bks, busW=8 BL=4 CL=12, tRRD=3 tCCD=1, tRCD=12 tRAS=28 tRP=12 tRC=40
n_cmd=220769 n_nop=150765 n_act=11745 n_pre=11729 n_ref_event=0 n_req=51344 n_rd=49152 n_rd_L2_A=0 n_write=0 n_wr_bk=8768 bw_util=0.5247
n_activity=147181 dram_eff=0.7871
bk0: 3120a 189212i bk1: 3120a 189965i bk2: 3088a 188640i bk3: 3088a 189166i bk4: 3040a 190057i bk5: 3040a 190101i bk6: 3040a 189243i bk7: 3040a 190511i bk8: 3040a 189392i bk9: 3040a 188658i bk10: 3040a 189229i bk11: 3040a 189226i bk12: 3088a 189565i bk13: 3088a 189631i bk14: 3120a 189910i bk15: 3120a 189345i 

------------------------------------------------------------------------

Row_Buffer_Locality = 0.771249
Row_Buffer_Locality_read = 0.801941
Row_Buffer_Locality_write = 0.083029
Bank_Level_Parallism = 4.132815
Bank_Level_Parallism_Col = 2.996309
Bank_Level_Parallism_Ready = 1.678125
write_to_read_ratio_blp_rw_average = 0.241802
GrpLevelPara = 2.095736 

BW Util details:
bwutil = 0.524711 
total_CMD = 220769 
util_bw = 57920 
Wasted_Col = 59700 
Wasted_Row = 15896 
Idle = 87253 

BW Util Bottlenecks: 
RCDc_limit = 55741 
RCDWRc_limit = 11136 
WTRc_limit = 11160 
RTWc_limit = 38012 
CCDLc_limit = 29168 
rwq = 0 
CCDLc_limit_alone = 25248 
WTRc_limit_alone = 10148 
RTWc_limit_alone = 35104 

Commands details: 
total_CMD = 220769 
n_nop = 150765 
Read = 49152 
Write = 0 
L2_Alloc = 0 
L2_WB = 8768 
n_act = 11745 
n_pre = 11729 
n_ref = 0 
n_req = 51344 
total_req = 57920 

Dual Bus Interface Util: 
issued_total_row = 23474 
issued_total_col = 57920 
Row_Bus_Util =  0.106328 
CoL_Bus_Util = 0.262356 
Either_Row_CoL_Bus_Util = 0.317092 
Issued_on_Two_Bus_Simul_Util = 0.051592 
issued_two_Eff = 0.162705 
queue_avg = 10.702236 


dram_util_bins: 0 0 0 0 0 0 0 0 0 0
dram_eff_bins: 0 0 0 0 0 0 0 0 0 0
mrqq: max=128 avg=10.7022
Memory Partition 15: 
Cache L2_bank_030:
MSHR contents

Cache L2_bank_031:
MSHR contents

In Dram Latency Queue (total = 0): 
DRAM[15]: 16 bks, busW=8 BL=4 CL=12, tRRD=3 tCCD=1, tRCD=12 tRAS=28 tRP=12 tRC=40
n_cmd=220769 n_nop=150859 n_act=11819 n_pre=11803 n_ref_event=0 n_req=51349 n_rd=49152 n_rd_L2_A=0 n_write=0 n_wr_bk=8788 bw_util=0.5249
n_activity=145138 dram_eff=0.7984
bk0: 3120a 189969i bk1: 3120a 189417i bk2: 3088a 187559i bk3: 3088a 188458i bk4: 3040a 189332i bk5: 3040a 189750i bk6: 3040a 189818i bk7: 3040a 190800i bk8: 3040a 189231i bk9: 3040a 188524i bk10: 3040a 188934i bk11: 3040a 190146i bk12: 3088a 189564i bk13: 3088a 189577i bk14: 3120a 187919i bk15: 3120a 188209i 

------------------------------------------------------------------------

Row_Buffer_Locality = 0.769830
Row_Buffer_Locality_read = 0.801453
Row_Buffer_Locality_write = 0.062358
Bank_Level_Parallism = 4.207150
Bank_Level_Parallism_Col = 3.034466
Bank_Level_Parallism_Ready = 1.673231
write_to_read_ratio_blp_rw_average = 0.247068
GrpLevelPara = 2.136624 

BW Util details:
bwutil = 0.524893 
total_CMD = 220769 
util_bw = 57940 
Wasted_Col = 59171 
Wasted_Row = 15151 
Idle = 88507 

BW Util Bottlenecks: 
RCDc_limit = 55250 
RCDWRc_limit = 11020 
WTRc_limit = 9992 
RTWc_limit = 40908 
CCDLc_limit = 29542 
rwq = 0 
CCDLc_limit_alone = 25536 
WTRc_limit_alone = 9195 
RTWc_limit_alone = 37699 

Commands details: 
total_CMD = 220769 
n_nop = 150859 
Read = 49152 
Write = 0 
L2_Alloc = 0 
L2_WB = 8788 
n_act = 11819 
n_pre = 11803 
n_ref = 0 
n_req = 51349 
total_req = 57940 

Dual Bus Interface Util: 
issued_total_row = 23622 
issued_total_col = 57940 
Row_Bus_Util =  0.106999 
CoL_Bus_Util = 0.262446 
Either_Row_CoL_Bus_Util = 0.316666 
Issued_on_Two_Bus_Simul_Util = 0.052779 
issued_two_Eff = 0.166671 
queue_avg = 10.413396 


dram_util_bins: 0 0 0 0 0 0 0 0 0 0
dram_eff_bins: 0 0 0 0 0 0 0 0 0 0
mrqq: max=128 avg=10.4134
Memory Partition 16: 
Cache L2_bank_032:
MSHR contents

Cache L2_bank_033:
MSHR contents

In Dram Latency Queue (total = 0): 
DRAM[16]: 16 bks, busW=8 BL=4 CL=12, tRRD=3 tCCD=1, tRCD=12 tRAS=28 tRP=12 tRC=40
n_cmd=220769 n_nop=151084 n_act=11478 n_pre=11462 n_ref_event=0 n_req=51337 n_rd=49152 n_rd_L2_A=0 n_write=0 n_wr_bk=8740 bw_util=0.5245
n_activity=145653 dram_eff=0.7949
bk0: 3120a 189160i bk1: 3120a 189406i bk2: 3088a 189876i bk3: 3088a 189757i bk4: 3040a 189828i bk5: 3040a 189996i bk6: 3040a 188907i bk7: 3040a 188464i bk8: 3040a 190064i bk9: 3040a 189190i bk10: 3040a 189922i bk11: 3040a 190162i bk12: 3088a 189873i bk13: 3088a 190140i bk14: 3120a 189463i bk15: 3120a 189864i 

------------------------------------------------------------------------

Row_Buffer_Locality = 0.776419
Row_Buffer_Locality_read = 0.807739
Row_Buffer_Locality_write = 0.071854
Bank_Level_Parallism = 4.146658
Bank_Level_Parallism_Col = 3.060519
Bank_Level_Parallism_Ready = 1.690579
write_to_read_ratio_blp_rw_average = 0.242899
GrpLevelPara = 2.134054 

BW Util details:
bwutil = 0.524458 
total_CMD = 220769 
util_bw = 57892 
Wasted_Col = 58785 
Wasted_Row = 15856 
Idle = 88236 

BW Util Bottlenecks: 
RCDc_limit = 54464 
RCDWRc_limit = 10909 
WTRc_limit = 9953 
RTWc_limit = 41562 
CCDLc_limit = 29228 
rwq = 0 
CCDLc_limit_alone = 24995 
WTRc_limit_alone = 9092 
RTWc_limit_alone = 38190 

Commands details: 
total_CMD = 220769 
n_nop = 151084 
Read = 49152 
Write = 0 
L2_Alloc = 0 
L2_WB = 8740 
n_act = 11478 
n_pre = 11462 
n_ref = 0 
n_req = 51337 
total_req = 57892 

Dual Bus Interface Util: 
issued_total_row = 22940 
issued_total_col = 57892 
Row_Bus_Util =  0.103910 
CoL_Bus_Util = 0.262229 
Either_Row_CoL_Bus_Util = 0.315647 
Issued_on_Two_Bus_Simul_Util = 0.050492 
issued_two_Eff = 0.159963 
queue_avg = 10.570515 


dram_util_bins: 0 0 0 0 0 0 0 0 0 0
dram_eff_bins: 0 0 0 0 0 0 0 0 0 0
mrqq: max=128 avg=10.5705
Memory Partition 17: 
Cache L2_bank_034:
MSHR contents

Cache L2_bank_035:
MSHR contents

In Dram Latency Queue (total = 0): 
DRAM[17]: 16 bks, busW=8 BL=4 CL=12, tRRD=3 tCCD=1, tRCD=12 tRAS=28 tRP=12 tRC=40
n_cmd=220769 n_nop=151170 n_act=11451 n_pre=11435 n_ref_event=0 n_req=51335 n_rd=49152 n_rd_L2_A=0 n_write=0 n_wr_bk=8732 bw_util=0.5244
n_activity=146855 dram_eff=0.7883
bk0: 3120a 189001i bk1: 3120a 189004i bk2: 3088a 188884i bk3: 3088a 189279i bk4: 3040a 189712i bk5: 3040a 190068i bk6: 3040a 189033i bk7: 3040a 190387i bk8: 3040a 189581i bk9: 3040a 189616i bk10: 3040a 190467i bk11: 3040a 189095i bk12: 3088a 189469i bk13: 3088a 190061i bk14: 3120a 189682i bk15: 3120a 189416i 

------------------------------------------------------------------------

Row_Buffer_Locality = 0.776936
Row_Buffer_Locality_read = 0.807841
Row_Buffer_Locality_write = 0.081081
Bank_Level_Parallism = 4.141331
Bank_Level_Parallism_Col = 3.065585
Bank_Level_Parallism_Ready = 1.695926
write_to_read_ratio_blp_rw_average = 0.244112
GrpLevelPara = 2.132857 

BW Util details:
bwutil = 0.524385 
total_CMD = 220769 
util_bw = 57884 
Wasted_Col = 58819 
Wasted_Row = 16318 
Idle = 87748 

BW Util Bottlenecks: 
RCDc_limit = 54192 
RCDWRc_limit = 10709 
WTRc_limit = 9897 
RTWc_limit = 39667 
CCDLc_limit = 29655 
rwq = 0 
CCDLc_limit_alone = 25578 
WTRc_limit_alone = 9033 
RTWc_limit_alone = 36454 

Commands details: 
total_CMD = 220769 
n_nop = 151170 
Read = 49152 
Write = 0 
L2_Alloc = 0 
L2_WB = 8732 
n_act = 11451 
n_pre = 11435 
n_ref = 0 
n_req = 51335 
total_req = 57884 

Dual Bus Interface Util: 
issued_total_row = 22886 
issued_total_col = 57884 
Row_Bus_Util =  0.103665 
CoL_Bus_Util = 0.262193 
Either_Row_CoL_Bus_Util = 0.315257 
Issued_on_Two_Bus_Simul_Util = 0.050600 
issued_two_Eff = 0.160505 
queue_avg = 11.259068 


dram_util_bins: 0 0 0 0 0 0 0 0 0 0
dram_eff_bins: 0 0 0 0 0 0 0 0 0 0
mrqq: max=128 avg=11.2591
Memory Partition 18: 
Cache L2_bank_036:
MSHR contents

Cache L2_bank_037:
MSHR contents

In Dram Latency Queue (total = 0): 
DRAM[18]: 16 bks, busW=8 BL=4 CL=12, tRRD=3 tCCD=1, tRCD=12 tRAS=28 tRP=12 tRC=40
n_cmd=220769 n_nop=151300 n_act=11451 n_pre=11435 n_ref_event=0 n_req=51335 n_rd=49152 n_rd_L2_A=0 n_write=0 n_wr_bk=8732 bw_util=0.5244
n_activity=144730 dram_eff=0.7999
bk0: 3120a 188522i bk1: 3120a 188009i bk2: 3088a 189657i bk3: 3088a 188633i bk4: 3040a 189335i bk5: 3040a 189598i bk6: 3040a 189932i bk7: 3040a 189839i bk8: 3040a 188338i bk9: 3040a 188142i bk10: 3040a 190060i bk11: 3040a 189779i bk12: 3088a 188873i bk13: 3088a 190048i bk14: 3120a 189955i bk15: 3120a 189864i 

------------------------------------------------------------------------

Row_Buffer_Locality = 0.776936
Row_Buffer_Locality_read = 0.807943
Row_Buffer_Locality_write = 0.078791
Bank_Level_Parallism = 4.207353
Bank_Level_Parallism_Col = 3.099535
Bank_Level_Parallism_Ready = 1.696220
write_to_read_ratio_blp_rw_average = 0.247234
GrpLevelPara = 2.135219 

BW Util details:
bwutil = 0.524385 
total_CMD = 220769 
util_bw = 57884 
Wasted_Col = 58561 
Wasted_Row = 15480 
Idle = 88844 

BW Util Bottlenecks: 
RCDc_limit = 54376 
RCDWRc_limit = 10593 
WTRc_limit = 10134 
RTWc_limit = 41355 
CCDLc_limit = 29965 
rwq = 0 
CCDLc_limit_alone = 25619 
WTRc_limit_alone = 9300 
RTWc_limit_alone = 37843 

Commands details: 
total_CMD = 220769 
n_nop = 151300 
Read = 49152 
Write = 0 
L2_Alloc = 0 
L2_WB = 8732 
n_act = 11451 
n_pre = 11435 
n_ref = 0 
n_req = 51335 
total_req = 57884 

Dual Bus Interface Util: 
issued_total_row = 22886 
issued_total_col = 57884 
Row_Bus_Util =  0.103665 
CoL_Bus_Util = 0.262193 
Either_Row_CoL_Bus_Util = 0.314668 
Issued_on_Two_Bus_Simul_Util = 0.051189 
issued_two_Eff = 0.162677 
queue_avg = 11.708261 


dram_util_bins: 0 0 0 0 0 0 0 0 0 0
dram_eff_bins: 0 0 0 0 0 0 0 0 0 0
mrqq: max=128 avg=11.7083
Memory Partition 19: 
Cache L2_bank_038:
MSHR contents

Cache L2_bank_039:
MSHR contents

In Dram Latency Queue (total = 0): 
DRAM[19]: 16 bks, busW=8 BL=4 CL=12, tRRD=3 tCCD=1, tRCD=12 tRAS=28 tRP=12 tRC=40
n_cmd=220769 n_nop=151083 n_act=11488 n_pre=11472 n_ref_event=0 n_req=51338 n_rd=49152 n_rd_L2_A=0 n_write=0 n_wr_bk=8744 bw_util=0.5245
n_activity=144319 dram_eff=0.8023
bk0: 3120a 187998i bk1: 3120a 188430i bk2: 3088a 189754i bk3: 3088a 189571i bk4: 3040a 190194i bk5: 3040a 189508i bk6: 3040a 189310i bk7: 3040a 189528i bk8: 3040a 190544i bk9: 3040a 189579i bk10: 3040a 190556i bk11: 3040a 190764i bk12: 3088a 188667i bk13: 3088a 187806i bk14: 3120a 189470i bk15: 3120a 189906i 

------------------------------------------------------------------------

Row_Buffer_Locality = 0.776228
Row_Buffer_Locality_read = 0.807617
Row_Buffer_Locality_write = 0.070448
Bank_Level_Parallism = 4.203810
Bank_Level_Parallism_Col = 3.071372
Bank_Level_Parallism_Ready = 1.667714
write_to_read_ratio_blp_rw_average = 0.251074
GrpLevelPara = 2.142135 

BW Util details:
bwutil = 0.524494 
total_CMD = 220769 
util_bw = 57896 
Wasted_Col = 58598 
Wasted_Row = 14829 
Idle = 89446 

BW Util Bottlenecks: 
RCDc_limit = 54242 
RCDWRc_limit = 10900 
WTRc_limit = 10097 
RTWc_limit = 41356 
CCDLc_limit = 30021 
rwq = 0 
CCDLc_limit_alone = 25734 
WTRc_limit_alone = 9185 
RTWc_limit_alone = 37981 

Commands details: 
total_CMD = 220769 
n_nop = 151083 
Read = 49152 
Write = 0 
L2_Alloc = 0 
L2_WB = 8744 
n_act = 11488 
n_pre = 11472 
n_ref = 0 
n_req = 51338 
total_req = 57896 

Dual Bus Interface Util: 
issued_total_row = 22960 
issued_total_col = 57896 
Row_Bus_Util =  0.104000 
CoL_Bus_Util = 0.262247 
Either_Row_CoL_Bus_Util = 0.315651 
Issued_on_Two_Bus_Simul_Util = 0.050596 
issued_two_Eff = 0.160290 
queue_avg = 11.468699 


dram_util_bins: 0 0 0 0 0 0 0 0 0 0
dram_eff_bins: 0 0 0 0 0 0 0 0 0 0
mrqq: max=128 avg=11.4687
Memory Partition 20: 
Cache L2_bank_040:
MSHR contents

Cache L2_bank_041:
MSHR contents

In Dram Latency Queue (total = 0): 
DRAM[20]: 16 bks, busW=8 BL=4 CL=12, tRRD=3 tCCD=1, tRCD=12 tRAS=28 tRP=12 tRC=40
n_cmd=220769 n_nop=151089 n_act=11468 n_pre=11452 n_ref_event=0 n_req=51349 n_rd=49152 n_rd_L2_A=0 n_write=0 n_wr_bk=8788 bw_util=0.5249
n_activity=145237 dram_eff=0.7979
bk0: 3120a 190327i bk1: 3120a 190080i bk2: 3088a 190230i bk3: 3088a 190437i bk4: 3040a 189893i bk5: 3040a 190074i bk6: 3040a 190758i bk7: 3040a 190963i bk8: 3040a 189817i bk9: 3040a 189305i bk10: 3040a 190509i bk11: 3040a 190817i bk12: 3088a 190257i bk13: 3088a 189914i bk14: 3120a 189408i bk15: 3120a 189708i 

------------------------------------------------------------------------

Row_Buffer_Locality = 0.776666
Row_Buffer_Locality_read = 0.807902
Row_Buffer_Locality_write = 0.077833
Bank_Level_Parallism = 4.096439
Bank_Level_Parallism_Col = 2.991833
Bank_Level_Parallism_Ready = 1.661080
write_to_read_ratio_blp_rw_average = 0.247814
GrpLevelPara = 2.134971 

BW Util details:
bwutil = 0.524893 
total_CMD = 220769 
util_bw = 57940 
Wasted_Col = 58765 
Wasted_Row = 15399 
Idle = 88665 

BW Util Bottlenecks: 
RCDc_limit = 54090 
RCDWRc_limit = 10873 
WTRc_limit = 10025 
RTWc_limit = 39333 
CCDLc_limit = 29396 
rwq = 0 
CCDLc_limit_alone = 25458 
WTRc_limit_alone = 9145 
RTWc_limit_alone = 36275 

Commands details: 
total_CMD = 220769 
n_nop = 151089 
Read = 49152 
Write = 0 
L2_Alloc = 0 
L2_WB = 8788 
n_act = 11468 
n_pre = 11452 
n_ref = 0 
n_req = 51349 
total_req = 57940 

Dual Bus Interface Util: 
issued_total_row = 22920 
issued_total_col = 57940 
Row_Bus_Util =  0.103819 
CoL_Bus_Util = 0.262446 
Either_Row_CoL_Bus_Util = 0.315624 
Issued_on_Two_Bus_Simul_Util = 0.050641 
issued_two_Eff = 0.160448 
queue_avg = 10.656138 


dram_util_bins: 0 0 0 0 0 0 0 0 0 0
dram_eff_bins: 0 0 0 0 0 0 0 0 0 0
mrqq: max=128 avg=10.6561
Memory Partition 21: 
Cache L2_bank_042:
MSHR contents

Cache L2_bank_043:
MSHR contents

In Dram Latency Queue (total = 0): 
DRAM[21]: 16 bks, busW=8 BL=4 CL=12, tRRD=3 tCCD=1, tRCD=12 tRAS=28 tRP=12 tRC=40
n_cmd=220769 n_nop=150952 n_act=11471 n_pre=11455 n_ref_event=0 n_req=51349 n_rd=49152 n_rd_L2_A=0 n_write=0 n_wr_bk=8788 bw_util=0.5249
n_activity=145486 dram_eff=0.7965
bk0: 3120a 189211i bk1: 3120a 189366i bk2: 3088a 189898i bk3: 3088a 190068i bk4: 3040a 189675i bk5: 3040a 189890i bk6: 3040a 190361i bk7: 3040a 189834i bk8: 3040a 189945i bk9: 3040a 189372i bk10: 3040a 190258i bk11: 3040a 189877i bk12: 3088a 189433i bk13: 3088a 189384i bk14: 3120a 190197i bk15: 3120a 190973i 

------------------------------------------------------------------------

Row_Buffer_Locality = 0.776607
Row_Buffer_Locality_read = 0.808167
Row_Buffer_Locality_write = 0.070551
Bank_Level_Parallism = 4.138291
Bank_Level_Parallism_Col = 3.029044
Bank_Level_Parallism_Ready = 1.672213
write_to_read_ratio_blp_rw_average = 0.246125
GrpLevelPara = 2.128826 

BW Util details:
bwutil = 0.524893 
total_CMD = 220769 
util_bw = 57940 
Wasted_Col = 58782 
Wasted_Row = 15195 
Idle = 88852 

BW Util Bottlenecks: 
RCDc_limit = 54530 
RCDWRc_limit = 11087 
WTRc_limit = 9420 
RTWc_limit = 41382 
CCDLc_limit = 29801 
rwq = 0 
CCDLc_limit_alone = 25485 
WTRc_limit_alone = 8632 
RTWc_limit_alone = 37854 

Commands details: 
total_CMD = 220769 
n_nop = 150952 
Read = 49152 
Write = 0 
L2_Alloc = 0 
L2_WB = 8788 
n_act = 11471 
n_pre = 11455 
n_ref = 0 
n_req = 51349 
total_req = 57940 

Dual Bus Interface Util: 
issued_total_row = 22926 
issued_total_col = 57940 
Row_Bus_Util =  0.103846 
CoL_Bus_Util = 0.262446 
Either_Row_CoL_Bus_Util = 0.316245 
Issued_on_Two_Bus_Simul_Util = 0.050048 
issued_two_Eff = 0.158257 
queue_avg = 10.462090 


dram_util_bins: 0 0 0 0 0 0 0 0 0 0
dram_eff_bins: 0 0 0 0 0 0 0 0 0 0
mrqq: max=128 avg=10.4621
Memory Partition 22: 
Cache L2_bank_044:
MSHR contents

Cache L2_bank_045:
MSHR contents

In Dram Latency Queue (total = 2): 
Ready @ 126658 -   mf: uid=17610497, sid4294967295:w4294967295, part=22, addr=0xc0628cc80, store, size=128, L2_WRBK  status = IN_PARTITION_DRAM_LATENCY_QUEUE (126404), 
Ready @ 126661 -   mf: uid=17610499, sid4294967295:w4294967295, part=22, addr=0xc0628cc00, store, size=128, L2_WRBK  status = IN_PARTITION_DRAM_LATENCY_QUEUE (126407), 
DRAM[22]: 16 bks, busW=8 BL=4 CL=12, tRRD=3 tCCD=1, tRCD=12 tRAS=28 tRP=12 tRC=40
n_cmd=220769 n_nop=151146 n_act=11402 n_pre=11386 n_ref_event=0 n_req=51343 n_rd=49152 n_rd_L2_A=0 n_write=0 n_wr_bk=8764 bw_util=0.5247
n_activity=146191 dram_eff=0.7923
bk0: 3120a 189880i bk1: 3120a 188999i bk2: 3088a 189283i bk3: 3088a 189899i bk4: 3040a 189083i bk5: 3040a 190710i bk6: 3040a 190686i bk7: 3040a 190588i bk8: 3040a 190093i bk9: 3040a 190029i bk10: 3040a 190812i bk11: 3040a 190931i bk12: 3088a 188491i bk13: 3088a 190293i bk14: 3120a 190332i bk15: 3120a 189958i 

------------------------------------------------------------------------

Row_Buffer_Locality = 0.777925
Row_Buffer_Locality_read = 0.808899
Row_Buffer_Locality_write = 0.083067
Bank_Level_Parallism = 4.076004
Bank_Level_Parallism_Col = 3.010072
Bank_Level_Parallism_Ready = 1.674615
write_to_read_ratio_blp_rw_average = 0.247210
GrpLevelPara = 2.117777 

BW Util details:
bwutil = 0.524675 
total_CMD = 220769 
util_bw = 57916 
Wasted_Col = 59303 
Wasted_Row = 16142 
Idle = 87408 

BW Util Bottlenecks: 
RCDc_limit = 54654 
RCDWRc_limit = 10563 
WTRc_limit = 9330 
RTWc_limit = 40190 
CCDLc_limit = 30289 
rwq = 0 
CCDLc_limit_alone = 25981 
WTRc_limit_alone = 8489 
RTWc_limit_alone = 36723 

Commands details: 
total_CMD = 220769 
n_nop = 151146 
Read = 49152 
Write = 0 
L2_Alloc = 0 
L2_WB = 8764 
n_act = 11402 
n_pre = 11386 
n_ref = 0 
n_req = 51343 
total_req = 57916 

Dual Bus Interface Util: 
issued_total_row = 22788 
issued_total_col = 57916 
Row_Bus_Util =  0.103221 
CoL_Bus_Util = 0.262338 
Either_Row_CoL_Bus_Util = 0.315366 
Issued_on_Two_Bus_Simul_Util = 0.050193 
issued_two_Eff = 0.159157 
queue_avg = 11.100639 


dram_util_bins: 0 0 0 0 0 0 0 0 0 0
dram_eff_bins: 0 0 0 0 0 0 0 0 0 0
mrqq: max=128 avg=11.1006
Memory Partition 23: 
Cache L2_bank_046:
MSHR contents

Cache L2_bank_047:
MSHR contents

In Dram Latency Queue (total = 0): 
DRAM[23]: 16 bks, busW=8 BL=4 CL=12, tRRD=3 tCCD=1, tRCD=12 tRAS=28 tRP=12 tRC=40
n_cmd=220769 n_nop=151188 n_act=11398 n_pre=11382 n_ref_event=0 n_req=51346 n_rd=49152 n_rd_L2_A=0 n_write=0 n_wr_bk=8776 bw_util=0.5248
n_activity=145063 dram_eff=0.7987
bk0: 3120a 189221i bk1: 3120a 190242i bk2: 3088a 189617i bk3: 3088a 189395i bk4: 3040a 190549i bk5: 3040a 189631i bk6: 3040a 190332i bk7: 3040a 190442i bk8: 3040a 189760i bk9: 3040a 189719i bk10: 3040a 190194i bk11: 3040a 189823i bk12: 3088a 189773i bk13: 3088a 189978i bk14: 3120a 189874i bk15: 3120a 189391i 

------------------------------------------------------------------------

Row_Buffer_Locality = 0.778016
Row_Buffer_Locality_read = 0.809408
Row_Buffer_Locality_write = 0.074749
Bank_Level_Parallism = 4.149279
Bank_Level_Parallism_Col = 3.040441
Bank_Level_Parallism_Ready = 1.684660
write_to_read_ratio_blp_rw_average = 0.243517
GrpLevelPara = 2.135104 

BW Util details:
bwutil = 0.524784 
total_CMD = 220769 
util_bw = 57928 
Wasted_Col = 58392 
Wasted_Row = 15199 
Idle = 89250 

BW Util Bottlenecks: 
RCDc_limit = 53809 
RCDWRc_limit = 10774 
WTRc_limit = 10753 
RTWc_limit = 39649 
CCDLc_limit = 29772 
rwq = 0 
CCDLc_limit_alone = 25646 
WTRc_limit_alone = 9794 
RTWc_limit_alone = 36482 

Commands details: 
total_CMD = 220769 
n_nop = 151188 
Read = 49152 
Write = 0 
L2_Alloc = 0 
L2_WB = 8776 
n_act = 11398 
n_pre = 11382 
n_ref = 0 
n_req = 51346 
total_req = 57928 

Dual Bus Interface Util: 
issued_total_row = 22780 
issued_total_col = 57928 
Row_Bus_Util =  0.103185 
CoL_Bus_Util = 0.262392 
Either_Row_CoL_Bus_Util = 0.315176 
Issued_on_Two_Bus_Simul_Util = 0.050401 
issued_two_Eff = 0.159914 
queue_avg = 10.932545 


dram_util_bins: 0 0 0 0 0 0 0 0 0 0
dram_eff_bins: 0 0 0 0 0 0 0 0 0 0
mrqq: max=128 avg=10.9325
Memory Partition 24: 
Cache L2_bank_048:
MSHR contents

Cache L2_bank_049:
MSHR contents

In Dram Latency Queue (total = 0): 
DRAM[24]: 16 bks, busW=8 BL=4 CL=12, tRRD=3 tCCD=1, tRCD=12 tRAS=28 tRP=12 tRC=40
n_cmd=220769 n_nop=151275 n_act=11451 n_pre=11435 n_ref_event=0 n_req=51338 n_rd=49152 n_rd_L2_A=0 n_write=0 n_wr_bk=8744 bw_util=0.5245
n_activity=146395 dram_eff=0.791
bk0: 3120a 188972i bk1: 3120a 189556i bk2: 3088a 189922i bk3: 3088a 190740i bk4: 3040a 190045i bk5: 3040a 190263i bk6: 3040a 189597i bk7: 3040a 190057i bk8: 3040a 190233i bk9: 3040a 188392i bk10: 3040a 191044i bk11: 3040a 190713i bk12: 3088a 189555i bk13: 3088a 189850i bk14: 3120a 190193i bk15: 3120a 190014i 

------------------------------------------------------------------------

Row_Buffer_Locality = 0.776949
Row_Buffer_Locality_read = 0.808085
Row_Buffer_Locality_write = 0.076853
Bank_Level_Parallism = 4.108194
Bank_Level_Parallism_Col = 3.009902
Bank_Level_Parallism_Ready = 1.672585
write_to_read_ratio_blp_rw_average = 0.243779
GrpLevelPara = 2.105814 

BW Util details:
bwutil = 0.524494 
total_CMD = 220769 
util_bw = 57896 
Wasted_Col = 59163 
Wasted_Row = 15480 
Idle = 88230 

BW Util Bottlenecks: 
RCDc_limit = 54075 
RCDWRc_limit = 10805 
WTRc_limit = 9855 
RTWc_limit = 39481 
CCDLc_limit = 29935 
rwq = 0 
CCDLc_limit_alone = 25837 
WTRc_limit_alone = 8953 
RTWc_limit_alone = 36285 

Commands details: 
total_CMD = 220769 
n_nop = 151275 
Read = 49152 
Write = 0 
L2_Alloc = 0 
L2_WB = 8744 
n_act = 11451 
n_pre = 11435 
n_ref = 0 
n_req = 51338 
total_req = 57896 

Dual Bus Interface Util: 
issued_total_row = 22886 
issued_total_col = 57896 
Row_Bus_Util =  0.103665 
CoL_Bus_Util = 0.262247 
Either_Row_CoL_Bus_Util = 0.314782 
Issued_on_Two_Bus_Simul_Util = 0.051130 
issued_two_Eff = 0.162431 
queue_avg = 11.032392 


dram_util_bins: 0 0 0 0 0 0 0 0 0 0
dram_eff_bins: 0 0 0 0 0 0 0 0 0 0
mrqq: max=128 avg=11.0324
Memory Partition 25: 
Cache L2_bank_050:
MSHR contents

Cache L2_bank_051:
MSHR contents

In Dram Latency Queue (total = 0): 
DRAM[25]: 16 bks, busW=8 BL=4 CL=12, tRRD=3 tCCD=1, tRCD=12 tRAS=28 tRP=12 tRC=40
n_cmd=220769 n_nop=151085 n_act=11451 n_pre=11435 n_ref_event=0 n_req=51342 n_rd=49152 n_rd_L2_A=0 n_write=0 n_wr_bk=8760 bw_util=0.5246
n_activity=146763 dram_eff=0.7892
bk0: 3120a 188963i bk1: 3120a 188819i bk2: 3088a 188710i bk3: 3088a 189567i bk4: 3040a 189853i bk5: 3040a 190016i bk6: 3040a 188887i bk7: 3040a 189270i bk8: 3040a 189495i bk9: 3040a 188325i bk10: 3040a 190666i bk11: 3040a 189241i bk12: 3088a 189315i bk13: 3088a 189561i bk14: 3120a 189083i bk15: 3120a 189658i 

------------------------------------------------------------------------

Row_Buffer_Locality = 0.776966
Row_Buffer_Locality_read = 0.807882
Row_Buffer_Locality_write = 0.083105
Bank_Level_Parallism = 4.174232
Bank_Level_Parallism_Col = 3.092360
Bank_Level_Parallism_Ready = 1.693863
write_to_read_ratio_blp_rw_average = 0.250088
GrpLevelPara = 2.149605 

BW Util details:
bwutil = 0.524639 
total_CMD = 220769 
util_bw = 57912 
Wasted_Col = 58728 
Wasted_Row = 16131 
Idle = 87998 

BW Util Bottlenecks: 
RCDc_limit = 54414 
RCDWRc_limit = 10645 
WTRc_limit = 9207 
RTWc_limit = 42435 
CCDLc_limit = 29908 
rwq = 0 
CCDLc_limit_alone = 25575 
WTRc_limit_alone = 8390 
RTWc_limit_alone = 38919 

Commands details: 
total_CMD = 220769 
n_nop = 151085 
Read = 49152 
Write = 0 
L2_Alloc = 0 
L2_WB = 8760 
n_act = 11451 
n_pre = 11435 
n_ref = 0 
n_req = 51342 
total_req = 57912 

Dual Bus Interface Util: 
issued_total_row = 22886 
issued_total_col = 57912 
Row_Bus_Util =  0.103665 
CoL_Bus_Util = 0.262319 
Either_Row_CoL_Bus_Util = 0.315642 
Issued_on_Two_Bus_Simul_Util = 0.050342 
issued_two_Eff = 0.159491 
queue_avg = 11.477866 


dram_util_bins: 0 0 0 0 0 0 0 0 0 0
dram_eff_bins: 0 0 0 0 0 0 0 0 0 0
mrqq: max=128 avg=11.4779
Memory Partition 26: 
Cache L2_bank_052:
MSHR contents

Cache L2_bank_053:
MSHR contents

In Dram Latency Queue (total = 0): 
DRAM[26]: 16 bks, busW=8 BL=4 CL=12, tRRD=3 tCCD=1, tRCD=12 tRAS=28 tRP=12 tRC=40
n_cmd=220769 n_nop=151274 n_act=11415 n_pre=11399 n_ref_event=0 n_req=51343 n_rd=49152 n_rd_L2_A=0 n_write=0 n_wr_bk=8764 bw_util=0.5247
n_activity=145069 dram_eff=0.7985
bk0: 3120a 188700i bk1: 3120a 189435i bk2: 3088a 188614i bk3: 3088a 188654i bk4: 3040a 189941i bk5: 3040a 190352i bk6: 3040a 189571i bk7: 3040a 189764i bk8: 3040a 187721i bk9: 3040a 188728i bk10: 3040a 189624i bk11: 3040a 189682i bk12: 3088a 188840i bk13: 3088a 189461i bk14: 3120a 188599i bk15: 3120a 188970i 

------------------------------------------------------------------------

Row_Buffer_Locality = 0.777672
Row_Buffer_Locality_read = 0.808472
Row_Buffer_Locality_write = 0.086718
Bank_Level_Parallism = 4.224974
Bank_Level_Parallism_Col = 3.135032
Bank_Level_Parallism_Ready = 1.708526
write_to_read_ratio_blp_rw_average = 0.244721
GrpLevelPara = 2.140415 

BW Util details:
bwutil = 0.524675 
total_CMD = 220769 
util_bw = 57916 
Wasted_Col = 58357 
Wasted_Row = 15560 
Idle = 88936 

BW Util Bottlenecks: 
RCDc_limit = 54457 
RCDWRc_limit = 10491 
WTRc_limit = 9889 
RTWc_limit = 42239 
CCDLc_limit = 30448 
rwq = 0 
CCDLc_limit_alone = 25968 
WTRc_limit_alone = 9097 
RTWc_limit_alone = 38551 

Commands details: 
total_CMD = 220769 
n_nop = 151274 
Read = 49152 
Write = 0 
L2_Alloc = 0 
L2_WB = 8764 
n_act = 11415 
n_pre = 11399 
n_ref = 0 
n_req = 51343 
total_req = 57916 

Dual Bus Interface Util: 
issued_total_row = 22814 
issued_total_col = 57916 
Row_Bus_Util =  0.103339 
CoL_Bus_Util = 0.262338 
Either_Row_CoL_Bus_Util = 0.314786 
Issued_on_Two_Bus_Simul_Util = 0.050890 
issued_two_Eff = 0.161666 
queue_avg = 12.003796 


dram_util_bins: 0 0 0 0 0 0 0 0 0 0
dram_eff_bins: 0 0 0 0 0 0 0 0 0 0
mrqq: max=128 avg=12.0038
Memory Partition 27: 
Cache L2_bank_054:
MSHR contents

Cache L2_bank_055:
MSHR contents

In Dram Latency Queue (total = 0): 
DRAM[27]: 16 bks, busW=8 BL=4 CL=12, tRRD=3 tCCD=1, tRCD=12 tRAS=28 tRP=12 tRC=40
n_cmd=220769 n_nop=151119 n_act=11467 n_pre=11451 n_ref_event=0 n_req=51345 n_rd=49152 n_rd_L2_A=0 n_write=0 n_wr_bk=8772 bw_util=0.5247
n_activity=145512 dram_eff=0.7961
bk0: 3120a 189221i bk1: 3120a 190091i bk2: 3088a 187883i bk3: 3088a 188449i bk4: 3040a 190143i bk5: 3040a 190736i bk6: 3040a 189488i bk7: 3040a 189244i bk8: 3040a 189205i bk9: 3040a 190046i bk10: 3040a 189533i bk11: 3040a 190337i bk12: 3088a 189970i bk13: 3088a 189605i bk14: 3120a 190295i bk15: 3120a 189732i 

------------------------------------------------------------------------

Row_Buffer_Locality = 0.776668
Row_Buffer_Locality_read = 0.808126
Row_Buffer_Locality_write = 0.071591
Bank_Level_Parallism = 4.162629
Bank_Level_Parallism_Col = 3.063797
Bank_Level_Parallism_Ready = 1.672001
write_to_read_ratio_blp_rw_average = 0.252404
GrpLevelPara = 2.137804 

BW Util details:
bwutil = 0.524748 
total_CMD = 220769 
util_bw = 57924 
Wasted_Col = 58599 
Wasted_Row = 15526 
Idle = 88720 

BW Util Bottlenecks: 
RCDc_limit = 54021 
RCDWRc_limit = 10736 
WTRc_limit = 9593 
RTWc_limit = 42132 
CCDLc_limit = 30001 
rwq = 0 
CCDLc_limit_alone = 25580 
WTRc_limit_alone = 8751 
RTWc_limit_alone = 38553 

Commands details: 
total_CMD = 220769 
n_nop = 151119 
Read = 49152 
Write = 0 
L2_Alloc = 0 
L2_WB = 8772 
n_act = 11467 
n_pre = 11451 
n_ref = 0 
n_req = 51345 
total_req = 57924 

Dual Bus Interface Util: 
issued_total_row = 22918 
issued_total_col = 57924 
Row_Bus_Util =  0.103810 
CoL_Bus_Util = 0.262374 
Either_Row_CoL_Bus_Util = 0.315488 
Issued_on_Two_Bus_Simul_Util = 0.050696 
issued_two_Eff = 0.160689 
queue_avg = 11.190067 


dram_util_bins: 0 0 0 0 0 0 0 0 0 0
dram_eff_bins: 0 0 0 0 0 0 0 0 0 0
mrqq: max=128 avg=11.1901
Memory Partition 28: 
Cache L2_bank_056:
MSHR contents

Cache L2_bank_057:
MSHR contents

In Dram Latency Queue (total = 1): 
Ready @ 126665 -   mf: uid=17610501, sid4294967295:w4294967295, part=28, addr=0xc062abc00, store, size=128, L2_WRBK  status = IN_PARTITION_DRAM_LATENCY_QUEUE (126411), 
DRAM[28]: 16 bks, busW=8 BL=4 CL=12, tRRD=3 tCCD=1, tRCD=12 tRAS=28 tRP=12 tRC=40
n_cmd=220769 n_nop=151180 n_act=11439 n_pre=11423 n_ref_event=0 n_req=51347 n_rd=49152 n_rd_L2_A=0 n_write=0 n_wr_bk=8780 bw_util=0.5248
n_activity=144495 dram_eff=0.8019
bk0: 3120a 188567i bk1: 3120a 189193i bk2: 3088a 191093i bk3: 3088a 190711i bk4: 3040a 190219i bk5: 3040a 190404i bk6: 3040a 191522i bk7: 3040a 192126i bk8: 3040a 189536i bk9: 3040a 190265i bk10: 3040a 189349i bk11: 3040a 190304i bk12: 3088a 189767i bk13: 3088a 189880i bk14: 3120a 189613i bk15: 3120a 189938i 

------------------------------------------------------------------------

Row_Buffer_Locality = 0.777222
Row_Buffer_Locality_read = 0.807882
Row_Buffer_Locality_write = 0.090661
Bank_Level_Parallism = 4.105668
Bank_Level_Parallism_Col = 3.005244
Bank_Level_Parallism_Ready = 1.676483
write_to_read_ratio_blp_rw_average = 0.243734
GrpLevelPara = 2.121467 

BW Util details:
bwutil = 0.524820 
total_CMD = 220769 
util_bw = 57932 
Wasted_Col = 58681 
Wasted_Row = 15196 
Idle = 88960 

BW Util Bottlenecks: 
RCDc_limit = 53938 
RCDWRc_limit = 10605 
WTRc_limit = 10122 
RTWc_limit = 38004 
CCDLc_limit = 29182 
rwq = 0 
CCDLc_limit_alone = 25176 
WTRc_limit_alone = 9228 
RTWc_limit_alone = 34892 

Commands details: 
total_CMD = 220769 
n_nop = 151180 
Read = 49152 
Write = 0 
L2_Alloc = 0 
L2_WB = 8780 
n_act = 11439 
n_pre = 11423 
n_ref = 0 
n_req = 51347 
total_req = 57932 

Dual Bus Interface Util: 
issued_total_row = 22862 
issued_total_col = 57932 
Row_Bus_Util =  0.103556 
CoL_Bus_Util = 0.262410 
Either_Row_CoL_Bus_Util = 0.315212 
Issued_on_Two_Bus_Simul_Util = 0.050754 
issued_two_Eff = 0.161017 
queue_avg = 10.614230 


dram_util_bins: 0 0 0 0 0 0 0 0 0 0
dram_eff_bins: 0 0 0 0 0 0 0 0 0 0
mrqq: max=128 avg=10.6142
Memory Partition 29: 
Cache L2_bank_058:
MSHR contents

Cache L2_bank_059:
MSHR contents

In Dram Latency Queue (total = 2): 
Ready @ 126676 -   mf: uid=17610504, sid4294967295:w4294967295, part=29, addr=0xc0628bc80, store, size=128, L2_WRBK  status = IN_PARTITION_DRAM_LATENCY_QUEUE (126422), 
Ready @ 126680 -   mf: uid=17610505, sid4294967295:w4294967295, part=29, addr=0xc0628ac00, store, size=128, L2_WRBK  status = IN_PARTITION_DRAM_LATENCY_QUEUE (126426), 
DRAM[29]: 16 bks, busW=8 BL=4 CL=12, tRRD=3 tCCD=1, tRCD=12 tRAS=28 tRP=12 tRC=40
n_cmd=220769 n_nop=151069 n_act=11500 n_pre=11484 n_ref_event=0 n_req=51351 n_rd=49152 n_rd_L2_A=0 n_write=0 n_wr_bk=8796 bw_util=0.525
n_activity=145288 dram_eff=0.7977
bk0: 3120a 188373i bk1: 3120a 188756i bk2: 3088a 188937i bk3: 3088a 189245i bk4: 3040a 189805i bk5: 3040a 189790i bk6: 3040a 191724i bk7: 3040a 190679i bk8: 3040a 191114i bk9: 3040a 190530i bk10: 3040a 189124i bk11: 3040a 189800i bk12: 3088a 189436i bk13: 3088a 190428i bk14: 3120a 190019i bk15: 3120a 189263i 

------------------------------------------------------------------------

Row_Buffer_Locality = 0.776051
Row_Buffer_Locality_read = 0.808044
Row_Buffer_Locality_write = 0.060937
Bank_Level_Parallism = 4.141685
Bank_Level_Parallism_Col = 3.031112
Bank_Level_Parallism_Ready = 1.710275
write_to_read_ratio_blp_rw_average = 0.246282
GrpLevelPara = 2.134532 

BW Util details:
bwutil = 0.524965 
total_CMD = 220769 
util_bw = 57948 
Wasted_Col = 58605 
Wasted_Row = 15430 
Idle = 88786 

BW Util Bottlenecks: 
RCDc_limit = 54169 
RCDWRc_limit = 11049 
WTRc_limit = 9554 
RTWc_limit = 40709 
CCDLc_limit = 29190 
rwq = 0 
CCDLc_limit_alone = 24962 
WTRc_limit_alone = 8773 
RTWc_limit_alone = 37262 

Commands details: 
total_CMD = 220769 
n_nop = 151069 
Read = 49152 
Write = 0 
L2_Alloc = 0 
L2_WB = 8796 
n_act = 11500 
n_pre = 11484 
n_ref = 0 
n_req = 51351 
total_req = 57948 

Dual Bus Interface Util: 
issued_total_row = 22984 
issued_total_col = 57948 
Row_Bus_Util =  0.104109 
CoL_Bus_Util = 0.262482 
Either_Row_CoL_Bus_Util = 0.315715 
Issued_on_Two_Bus_Simul_Util = 0.050877 
issued_two_Eff = 0.161148 
queue_avg = 10.621215 


dram_util_bins: 0 0 0 0 0 0 0 0 0 0
dram_eff_bins: 0 0 0 0 0 0 0 0 0 0
mrqq: max=128 avg=10.6212
Memory Partition 30: 
Cache L2_bank_060:
MSHR contents

Cache L2_bank_061:
MSHR contents

In Dram Latency Queue (total = 0): 
DRAM[30]: 16 bks, busW=8 BL=4 CL=12, tRRD=3 tCCD=1, tRCD=12 tRAS=28 tRP=12 tRC=40
n_cmd=220769 n_nop=151123 n_act=11415 n_pre=11399 n_ref_event=0 n_req=51355 n_rd=49152 n_rd_L2_A=0 n_write=0 n_wr_bk=8812 bw_util=0.5251
n_activity=146283 dram_eff=0.7925
bk0: 3120a 189259i bk1: 3120a 189840i bk2: 3088a 189673i bk3: 3088a 189126i bk4: 3040a 190668i bk5: 3040a 191250i bk6: 3040a 190706i bk7: 3040a 190650i bk8: 3040a 190769i bk9: 3040a 191234i bk10: 3040a 189846i bk11: 3040a 190531i bk12: 3088a 189893i bk13: 3088a 190199i bk14: 3120a 189059i bk15: 3120a 188852i 

------------------------------------------------------------------------

Row_Buffer_Locality = 0.777724
Row_Buffer_Locality_read = 0.808512
Row_Buffer_Locality_write = 0.090785
Bank_Level_Parallism = 4.075786
Bank_Level_Parallism_Col = 2.986417
Bank_Level_Parallism_Ready = 1.698278
write_to_read_ratio_blp_rw_average = 0.240965
GrpLevelPara = 2.103282 

BW Util details:
bwutil = 0.525110 
total_CMD = 220769 
util_bw = 57964 
Wasted_Col = 59049 
Wasted_Row = 15993 
Idle = 87763 

BW Util Bottlenecks: 
RCDc_limit = 53821 
RCDWRc_limit = 10890 
WTRc_limit = 10493 
RTWc_limit = 37062 
CCDLc_limit = 29515 
rwq = 0 
CCDLc_limit_alone = 25561 
WTRc_limit_alone = 9615 
RTWc_limit_alone = 33986 

Commands details: 
total_CMD = 220769 
n_nop = 151123 
Read = 49152 
Write = 0 
L2_Alloc = 0 
L2_WB = 8812 
n_act = 11415 
n_pre = 11399 
n_ref = 0 
n_req = 51355 
total_req = 57964 

Dual Bus Interface Util: 
issued_total_row = 22814 
issued_total_col = 57964 
Row_Bus_Util =  0.103339 
CoL_Bus_Util = 0.262555 
Either_Row_CoL_Bus_Util = 0.315470 
Issued_on_Two_Bus_Simul_Util = 0.050424 
issued_two_Eff = 0.159837 
queue_avg = 10.964320 


dram_util_bins: 0 0 0 0 0 0 0 0 0 0
dram_eff_bins: 0 0 0 0 0 0 0 0 0 0
mrqq: max=128 avg=10.9643
Memory Partition 31: 
Cache L2_bank_062:
MSHR contents

Cache L2_bank_063:
MSHR contents

In Dram Latency Queue (total = 0): 
DRAM[31]: 16 bks, busW=8 BL=4 CL=12, tRRD=3 tCCD=1, tRCD=12 tRAS=28 tRP=12 tRC=40
n_cmd=220769 n_nop=151243 n_act=11448 n_pre=11432 n_ref_event=0 n_req=51351 n_rd=49152 n_rd_L2_A=0 n_write=0 n_wr_bk=8796 bw_util=0.525
n_activity=143591 dram_eff=0.8071
bk0: 3120a 190532i bk1: 3120a 190165i bk2: 3088a 187909i bk3: 3088a 188855i bk4: 3040a 190015i bk5: 3040a 190251i bk6: 3040a 190786i bk7: 3040a 190700i bk8: 3040a 189464i bk9: 3040a 190499i bk10: 3040a 189360i bk11: 3040a 189127i bk12: 3088a 190421i bk13: 3088a 190706i bk14: 3120a 189804i bk15: 3120a 190464i 

------------------------------------------------------------------------

Row_Buffer_Locality = 0.777064
Row_Buffer_Locality_read = 0.808044
Row_Buffer_Locality_write = 0.084584
Bank_Level_Parallism = 4.163681
Bank_Level_Parallism_Col = 3.039438
Bank_Level_Parallism_Ready = 1.669203
write_to_read_ratio_blp_rw_average = 0.243203
GrpLevelPara = 2.137969 

BW Util details:
bwutil = 0.524965 
total_CMD = 220769 
util_bw = 57948 
Wasted_Col = 57767 
Wasted_Row = 15082 
Idle = 89972 

BW Util Bottlenecks: 
RCDc_limit = 53892 
RCDWRc_limit = 10723 
WTRc_limit = 9492 
RTWc_limit = 39749 
CCDLc_limit = 29249 
rwq = 0 
CCDLc_limit_alone = 25094 
WTRc_limit_alone = 8682 
RTWc_limit_alone = 36404 

Commands details: 
total_CMD = 220769 
n_nop = 151243 
Read = 49152 
Write = 0 
L2_Alloc = 0 
L2_WB = 8796 
n_act = 11448 
n_pre = 11432 
n_ref = 0 
n_req = 51351 
total_req = 57948 

Dual Bus Interface Util: 
issued_total_row = 22880 
issued_total_col = 57948 
Row_Bus_Util =  0.103638 
CoL_Bus_Util = 0.262482 
Either_Row_CoL_Bus_Util = 0.314926 
Issued_on_Two_Bus_Simul_Util = 0.051194 
issued_two_Eff = 0.162558 
queue_avg = 10.838170 


dram_util_bins: 0 0 0 0 0 0 0 0 0 0
dram_eff_bins: 0 0 0 0 0 0 0 0 0 0
mrqq: max=128 avg=10.8382
Memory Partition 32: 
Cache L2_bank_064:
MSHR contents

Cache L2_bank_065:
MSHR contents

In Dram Latency Queue (total = 0): 
DRAM[32]: 16 bks, busW=8 BL=4 CL=12, tRRD=3 tCCD=1, tRCD=12 tRAS=28 tRP=12 tRC=40
n_cmd=220769 n_nop=150911 n_act=11792 n_pre=11776 n_ref_event=0 n_req=51342 n_rd=49160 n_rd_L2_A=0 n_write=0 n_wr_bk=8728 bw_util=0.5244
n_activity=147253 dram_eff=0.7862
bk0: 3120a 189572i bk1: 3120a 189995i bk2: 3088a 189063i bk3: 3088a 188646i bk4: 3040a 188518i bk5: 3040a 189544i bk6: 3040a 190210i bk7: 3040a 190106i bk8: 3040a 188556i bk9: 3040a 188649i bk10: 3040a 188877i bk11: 3040a 189407i bk12: 3092a 188557i bk13: 3092a 188243i bk14: 3120a 187875i bk15: 3120a 187773i 

------------------------------------------------------------------------

Row_Buffer_Locality = 0.770324
Row_Buffer_Locality_read = 0.801465
Row_Buffer_Locality_write = 0.068744
Bank_Level_Parallism = 4.201746
Bank_Level_Parallism_Col = 3.059984
Bank_Level_Parallism_Ready = 1.694514
write_to_read_ratio_blp_rw_average = 0.242983
GrpLevelPara = 2.127063 

BW Util details:
bwutil = 0.524421 
total_CMD = 220769 
util_bw = 57888 
Wasted_Col = 59509 
Wasted_Row = 15894 
Idle = 87478 

BW Util Bottlenecks: 
RCDc_limit = 55608 
RCDWRc_limit = 10767 
WTRc_limit = 10325 
RTWc_limit = 40101 
CCDLc_limit = 29434 
rwq = 0 
CCDLc_limit_alone = 25404 
WTRc_limit_alone = 9429 
RTWc_limit_alone = 36967 

Commands details: 
total_CMD = 220769 
n_nop = 150911 
Read = 49160 
Write = 0 
L2_Alloc = 0 
L2_WB = 8728 
n_act = 11792 
n_pre = 11776 
n_ref = 0 
n_req = 51342 
total_req = 57888 

Dual Bus Interface Util: 
issued_total_row = 23568 
issued_total_col = 57888 
Row_Bus_Util =  0.106754 
CoL_Bus_Util = 0.262211 
Either_Row_CoL_Bus_Util = 0.316430 
Issued_on_Two_Bus_Simul_Util = 0.052535 
issued_two_Eff = 0.166023 
queue_avg = 10.833984 


dram_util_bins: 0 0 0 0 0 0 0 0 0 0
dram_eff_bins: 0 0 0 0 0 0 0 0 0 0
mrqq: max=128 avg=10.834
Memory Partition 33: 
Cache L2_bank_066:
MSHR contents

Cache L2_bank_067:
MSHR contents

In Dram Latency Queue (total = 0): 
DRAM[33]: 16 bks, busW=8 BL=4 CL=12, tRRD=3 tCCD=1, tRCD=12 tRAS=28 tRP=12 tRC=40
n_cmd=220769 n_nop=150842 n_act=11859 n_pre=11843 n_ref_event=0 n_req=51345 n_rd=49160 n_rd_L2_A=0 n_write=0 n_wr_bk=8740 bw_util=0.5245
n_activity=147695 dram_eff=0.784
bk0: 3120a 189484i bk1: 3120a 188756i bk2: 3088a 188982i bk3: 3088a 188652i bk4: 3040a 188758i bk5: 3040a 188301i bk6: 3040a 188588i bk7: 3040a 188256i bk8: 3040a 188689i bk9: 3040a 189094i bk10: 3040a 188956i bk11: 3040a 188594i bk12: 3092a 188989i bk13: 3092a 189897i bk14: 3120a 188429i bk15: 3120a 187797i 

------------------------------------------------------------------------

Row_Buffer_Locality = 0.769033
Row_Buffer_Locality_read = 0.800448
Row_Buffer_Locality_write = 0.062243
Bank_Level_Parallism = 4.220775
Bank_Level_Parallism_Col = 3.098390
Bank_Level_Parallism_Ready = 1.714750
write_to_read_ratio_blp_rw_average = 0.242211
GrpLevelPara = 2.135050 

BW Util details:
bwutil = 0.524530 
total_CMD = 220769 
util_bw = 57900 
Wasted_Col = 59185 
Wasted_Row = 16404 
Idle = 87280 

BW Util Bottlenecks: 
RCDc_limit = 55657 
RCDWRc_limit = 11041 
WTRc_limit = 9808 
RTWc_limit = 41071 
CCDLc_limit = 29806 
rwq = 0 
CCDLc_limit_alone = 25379 
WTRc_limit_alone = 8967 
RTWc_limit_alone = 37485 

Commands details: 
total_CMD = 220769 
n_nop = 150842 
Read = 49160 
Write = 0 
L2_Alloc = 0 
L2_WB = 8740 
n_act = 11859 
n_pre = 11843 
n_ref = 0 
n_req = 51345 
total_req = 57900 

Dual Bus Interface Util: 
issued_total_row = 23702 
issued_total_col = 57900 
Row_Bus_Util =  0.107361 
CoL_Bus_Util = 0.262265 
Either_Row_CoL_Bus_Util = 0.316743 
Issued_on_Two_Bus_Simul_Util = 0.052883 
issued_two_Eff = 0.166960 
queue_avg = 11.089419 


dram_util_bins: 0 0 0 0 0 0 0 0 0 0
dram_eff_bins: 0 0 0 0 0 0 0 0 0 0
mrqq: max=128 avg=11.0894
Memory Partition 34: 
Cache L2_bank_068:
MSHR contents

Cache L2_bank_069:
MSHR contents

In Dram Latency Queue (total = 0): 
DRAM[34]: 16 bks, busW=8 BL=4 CL=12, tRRD=3 tCCD=1, tRCD=12 tRAS=28 tRP=12 tRC=40
n_cmd=220769 n_nop=150965 n_act=11815 n_pre=11799 n_ref_event=0 n_req=51346 n_rd=49160 n_rd_L2_A=0 n_write=0 n_wr_bk=8744 bw_util=0.5246
n_activity=146836 dram_eff=0.7887
bk0: 3120a 187687i bk1: 3120a 189057i bk2: 3088a 188604i bk3: 3088a 188600i bk4: 3040a 189146i bk5: 3040a 188601i bk6: 3040a 189638i bk7: 3040a 188806i bk8: 3040a 189803i bk9: 3040a 189189i bk10: 3040a 189291i bk11: 3040a 189566i bk12: 3092a 188663i bk13: 3092a 189076i bk14: 3120a 188202i bk15: 3120a 188979i 

------------------------------------------------------------------------

Row_Buffer_Locality = 0.769894
Row_Buffer_Locality_read = 0.801200
Row_Buffer_Locality_write = 0.065874
Bank_Level_Parallism = 4.213444
Bank_Level_Parallism_Col = 3.080551
Bank_Level_Parallism_Ready = 1.687880
write_to_read_ratio_blp_rw_average = 0.246372
GrpLevelPara = 2.132846 

BW Util details:
bwutil = 0.524566 
total_CMD = 220769 
util_bw = 57904 
Wasted_Col = 58994 
Wasted_Row = 16186 
Idle = 87685 

BW Util Bottlenecks: 
RCDc_limit = 55175 
RCDWRc_limit = 10698 
WTRc_limit = 9866 
RTWc_limit = 40711 
CCDLc_limit = 29246 
rwq = 0 
CCDLc_limit_alone = 24987 
WTRc_limit_alone = 9054 
RTWc_limit_alone = 37264 

Commands details: 
total_CMD = 220769 
n_nop = 150965 
Read = 49160 
Write = 0 
L2_Alloc = 0 
L2_WB = 8744 
n_act = 11815 
n_pre = 11799 
n_ref = 0 
n_req = 51346 
total_req = 57904 

Dual Bus Interface Util: 
issued_total_row = 23614 
issued_total_col = 57904 
Row_Bus_Util =  0.106962 
CoL_Bus_Util = 0.262283 
Either_Row_CoL_Bus_Util = 0.316186 
Issued_on_Two_Bus_Simul_Util = 0.053060 
issued_two_Eff = 0.167813 
queue_avg = 10.668744 


dram_util_bins: 0 0 0 0 0 0 0 0 0 0
dram_eff_bins: 0 0 0 0 0 0 0 0 0 0
mrqq: max=128 avg=10.6687
Memory Partition 35: 
Cache L2_bank_070:
MSHR contents

Cache L2_bank_071:
MSHR contents

In Dram Latency Queue (total = 1): 
Ready @ 126672 -   mf: uid=17610502, sid4294967295:w4294967295, part=35, addr=0xc062efc80, store, size=128, L2_WRBK  status = IN_PARTITION_DRAM_LATENCY_QUEUE (126418), 
DRAM[35]: 16 bks, busW=8 BL=4 CL=12, tRRD=3 tCCD=1, tRCD=12 tRAS=28 tRP=12 tRC=40
n_cmd=220769 n_nop=150917 n_act=11796 n_pre=11780 n_ref_event=0 n_req=51336 n_rd=49160 n_rd_L2_A=0 n_write=0 n_wr_bk=8704 bw_util=0.5242
n_activity=146096 dram_eff=0.7921
bk0: 3120a 187645i bk1: 3120a 188636i bk2: 3088a 189096i bk3: 3088a 189336i bk4: 3040a 188733i bk5: 3040a 189441i bk6: 3040a 188957i bk7: 3040a 189326i bk8: 3040a 188377i bk9: 3040a 188510i bk10: 3040a 189263i bk11: 3040a 189805i bk12: 3092a 188752i bk13: 3092a 189192i bk14: 3120a 188626i bk15: 3120a 189085i 

------------------------------------------------------------------------

Row_Buffer_Locality = 0.770220
Row_Buffer_Locality_read = 0.800997
Row_Buffer_Locality_write = 0.074908
Bank_Level_Parallism = 4.231596
Bank_Level_Parallism_Col = 3.096655
Bank_Level_Parallism_Ready = 1.691172
write_to_read_ratio_blp_rw_average = 0.247994
GrpLevelPara = 2.143205 

BW Util details:
bwutil = 0.524204 
total_CMD = 220769 
util_bw = 57864 
Wasted_Col = 58827 
Wasted_Row = 15850 
Idle = 88228 

BW Util Bottlenecks: 
RCDc_limit = 55347 
RCDWRc_limit = 10817 
WTRc_limit = 9803 
RTWc_limit = 42394 
CCDLc_limit = 28921 
rwq = 0 
CCDLc_limit_alone = 24796 
WTRc_limit_alone = 8999 
RTWc_limit_alone = 39073 

Commands details: 
total_CMD = 220769 
n_nop = 150917 
Read = 49160 
Write = 0 
L2_Alloc = 0 
L2_WB = 8704 
n_act = 11796 
n_pre = 11780 
n_ref = 0 
n_req = 51336 
total_req = 57864 

Dual Bus Interface Util: 
issued_total_row = 23576 
issued_total_col = 57864 
Row_Bus_Util =  0.106790 
CoL_Bus_Util = 0.262102 
Either_Row_CoL_Bus_Util = 0.316403 
Issued_on_Two_Bus_Simul_Util = 0.052489 
issued_two_Eff = 0.165894 
queue_avg = 10.990977 


dram_util_bins: 0 0 0 0 0 0 0 0 0 0
dram_eff_bins: 0 0 0 0 0 0 0 0 0 0
mrqq: max=128 avg=10.991
Memory Partition 36: 
Cache L2_bank_072:
MSHR contents

Cache L2_bank_073:
MSHR contents

In Dram Latency Queue (total = 0): 
DRAM[36]: 16 bks, busW=8 BL=4 CL=12, tRRD=3 tCCD=1, tRCD=12 tRAS=28 tRP=12 tRC=40
n_cmd=220769 n_nop=150746 n_act=11792 n_pre=11776 n_ref_event=0 n_req=51354 n_rd=49160 n_rd_L2_A=0 n_write=0 n_wr_bk=8776 bw_util=0.5249
n_activity=146348 dram_eff=0.7918
bk0: 3120a 188210i bk1: 3120a 188870i bk2: 3088a 189055i bk3: 3088a 188971i bk4: 3040a 188830i bk5: 3040a 190020i bk6: 3040a 190308i bk7: 3040a 190348i bk8: 3040a 189130i bk9: 3040a 189153i bk10: 3040a 189788i bk11: 3040a 190018i bk12: 3092a 189037i bk13: 3092a 188383i bk14: 3120a 189038i bk15: 3120a 188368i 

------------------------------------------------------------------------

Row_Buffer_Locality = 0.770378
Row_Buffer_Locality_read = 0.801363
Row_Buffer_Locality_write = 0.076117
Bank_Level_Parallism = 4.205022
Bank_Level_Parallism_Col = 3.052959
Bank_Level_Parallism_Ready = 1.685239
write_to_read_ratio_blp_rw_average = 0.250586
GrpLevelPara = 2.141275 

BW Util details:
bwutil = 0.524856 
total_CMD = 220769 
util_bw = 57936 
Wasted_Col = 58572 
Wasted_Row = 15746 
Idle = 88515 

BW Util Bottlenecks: 
RCDc_limit = 54914 
RCDWRc_limit = 11095 
WTRc_limit = 10350 
RTWc_limit = 39690 
CCDLc_limit = 28805 
rwq = 0 
CCDLc_limit_alone = 24929 
WTRc_limit_alone = 9576 
RTWc_limit_alone = 36588 

Commands details: 
total_CMD = 220769 
n_nop = 150746 
Read = 49160 
Write = 0 
L2_Alloc = 0 
L2_WB = 8776 
n_act = 11792 
n_pre = 11776 
n_ref = 0 
n_req = 51354 
total_req = 57936 

Dual Bus Interface Util: 
issued_total_row = 23568 
issued_total_col = 57936 
Row_Bus_Util =  0.106754 
CoL_Bus_Util = 0.262428 
Either_Row_CoL_Bus_Util = 0.317178 
Issued_on_Two_Bus_Simul_Util = 0.052005 
issued_two_Eff = 0.163960 
queue_avg = 10.504894 


dram_util_bins: 0 0 0 0 0 0 0 0 0 0
dram_eff_bins: 0 0 0 0 0 0 0 0 0 0
mrqq: max=128 avg=10.5049
Memory Partition 37: 
Cache L2_bank_074:
MSHR contents

Cache L2_bank_075:
MSHR contents

In Dram Latency Queue (total = 0): 
DRAM[37]: 16 bks, busW=8 BL=4 CL=12, tRRD=3 tCCD=1, tRCD=12 tRAS=28 tRP=12 tRC=40
n_cmd=220769 n_nop=150913 n_act=11879 n_pre=11863 n_ref_event=0 n_req=51354 n_rd=49160 n_rd_L2_A=0 n_write=0 n_wr_bk=8776 bw_util=0.5249
n_activity=146428 dram_eff=0.7913
bk0: 3120a 189367i bk1: 3120a 188600i bk2: 3088a 188958i bk3: 3088a 188812i bk4: 3040a 187984i bk5: 3040a 188426i bk6: 3040a 190057i bk7: 3040a 190403i bk8: 3040a 188757i bk9: 3040a 188840i bk10: 3040a 189764i bk11: 3040a 189353i bk12: 3092a 188417i bk13: 3092a 189652i bk14: 3120a 187727i bk15: 3120a 188158i 

------------------------------------------------------------------------

Row_Buffer_Locality = 0.768684
Row_Buffer_Locality_read = 0.800366
Row_Buffer_Locality_write = 0.058797
Bank_Level_Parallism = 4.218608
Bank_Level_Parallism_Col = 3.068179
Bank_Level_Parallism_Ready = 1.686171
write_to_read_ratio_blp_rw_average = 0.245744
GrpLevelPara = 2.144445 

BW Util details:
bwutil = 0.524856 
total_CMD = 220769 
util_bw = 57936 
Wasted_Col = 58744 
Wasted_Row = 16156 
Idle = 87933 

BW Util Bottlenecks: 
RCDc_limit = 55421 
RCDWRc_limit = 11114 
WTRc_limit = 9217 
RTWc_limit = 41579 
CCDLc_limit = 29624 
rwq = 0 
CCDLc_limit_alone = 25480 
WTRc_limit_alone = 8376 
RTWc_limit_alone = 38276 

Commands details: 
total_CMD = 220769 
n_nop = 150913 
Read = 49160 
Write = 0 
L2_Alloc = 0 
L2_WB = 8776 
n_act = 11879 
n_pre = 11863 
n_ref = 0 
n_req = 51354 
total_req = 57936 

Dual Bus Interface Util: 
issued_total_row = 23742 
issued_total_col = 57936 
Row_Bus_Util =  0.107542 
CoL_Bus_Util = 0.262428 
Either_Row_CoL_Bus_Util = 0.316421 
Issued_on_Two_Bus_Simul_Util = 0.053549 
issued_two_Eff = 0.169234 
queue_avg = 10.494572 


dram_util_bins: 0 0 0 0 0 0 0 0 0 0
dram_eff_bins: 0 0 0 0 0 0 0 0 0 0
mrqq: max=128 avg=10.4946
Memory Partition 38: 
Cache L2_bank_076:
MSHR contents

Cache L2_bank_077:
MSHR contents

In Dram Latency Queue (total = 2): 
Ready @ 126657 -   mf: uid=17610496, sid4294967295:w4294967295, part=38, addr=0xc06290c80, store, size=128, L2_WRBK  status = IN_PARTITION_DRAM_LATENCY_QUEUE (126403), 
Ready @ 126661 -   mf: uid=17610498, sid4294967295:w4294967295, part=38, addr=0xc06290c00, store, size=128, L2_WRBK  status = IN_PARTITION_DRAM_LATENCY_QUEUE (126407), 
DRAM[38]: 16 bks, busW=8 BL=4 CL=12, tRRD=3 tCCD=1, tRCD=12 tRAS=28 tRP=12 tRC=40
n_cmd=220769 n_nop=150917 n_act=11750 n_pre=11734 n_ref_event=0 n_req=51351 n_rd=49160 n_rd_L2_A=0 n_write=0 n_wr_bk=8764 bw_util=0.5247
n_activity=145879 dram_eff=0.7941
bk0: 3120a 188511i bk1: 3120a 187777i bk2: 3088a 189483i bk3: 3088a 188469i bk4: 3040a 188606i bk5: 3040a 188860i bk6: 3040a 189609i bk7: 3040a 189858i bk8: 3040a 188277i bk9: 3040a 188559i bk10: 3040a 189237i bk11: 3040a 190058i bk12: 3092a 188481i bk13: 3092a 188725i bk14: 3120a 188745i bk15: 3120a 188443i 

------------------------------------------------------------------------

Row_Buffer_Locality = 0.771183
Row_Buffer_Locality_read = 0.802034
Row_Buffer_Locality_write = 0.078959
Bank_Level_Parallism = 4.233421
Bank_Level_Parallism_Col = 3.104119
Bank_Level_Parallism_Ready = 1.720807
write_to_read_ratio_blp_rw_average = 0.244962
GrpLevelPara = 2.149481 

BW Util details:
bwutil = 0.524748 
total_CMD = 220769 
util_bw = 57924 
Wasted_Col = 59006 
Wasted_Row = 15813 
Idle = 88026 

BW Util Bottlenecks: 
RCDc_limit = 55231 
RCDWRc_limit = 10947 
WTRc_limit = 10649 
RTWc_limit = 41751 
CCDLc_limit = 29139 
rwq = 0 
CCDLc_limit_alone = 25144 
WTRc_limit_alone = 9745 
RTWc_limit_alone = 38660 

Commands details: 
total_CMD = 220769 
n_nop = 150917 
Read = 49160 
Write = 0 
L2_Alloc = 0 
L2_WB = 8764 
n_act = 11750 
n_pre = 11734 
n_ref = 0 
n_req = 51351 
total_req = 57924 

Dual Bus Interface Util: 
issued_total_row = 23484 
issued_total_col = 57924 
Row_Bus_Util =  0.106374 
CoL_Bus_Util = 0.262374 
Either_Row_CoL_Bus_Util = 0.316403 
Issued_on_Two_Bus_Simul_Util = 0.052344 
issued_two_Eff = 0.165435 
queue_avg = 10.911922 


dram_util_bins: 0 0 0 0 0 0 0 0 0 0
dram_eff_bins: 0 0 0 0 0 0 0 0 0 0
mrqq: max=128 avg=10.9119
Memory Partition 39: 
Cache L2_bank_078:
MSHR contents

Cache L2_bank_079:
MSHR contents

In Dram Latency Queue (total = 0): 
DRAM[39]: 16 bks, busW=8 BL=4 CL=12, tRRD=3 tCCD=1, tRCD=12 tRAS=28 tRP=12 tRC=40
n_cmd=220769 n_nop=150925 n_act=11792 n_pre=11776 n_ref_event=0 n_req=51353 n_rd=49160 n_rd_L2_A=0 n_write=0 n_wr_bk=8772 bw_util=0.5248
n_activity=145808 dram_eff=0.7946
bk0: 3120a 188483i bk1: 3120a 189162i bk2: 3088a 187070i bk3: 3088a 187260i bk4: 3040a 190252i bk5: 3040a 189908i bk6: 3040a 190591i bk7: 3040a 190671i bk8: 3040a 188137i bk9: 3040a 188497i bk10: 3040a 189110i bk11: 3040a 189156i bk12: 3092a 188751i bk13: 3092a 188005i bk14: 3120a 188618i bk15: 3120a 188098i 

------------------------------------------------------------------------

Row_Buffer_Locality = 0.770374
Row_Buffer_Locality_read = 0.801627
Row_Buffer_Locality_write = 0.069767
Bank_Level_Parallism = 4.238968
Bank_Level_Parallism_Col = 3.083753
Bank_Level_Parallism_Ready = 1.684958
write_to_read_ratio_blp_rw_average = 0.247386
GrpLevelPara = 2.137924 

BW Util details:
bwutil = 0.524820 
total_CMD = 220769 
util_bw = 57932 
Wasted_Col = 59111 
Wasted_Row = 15510 
Idle = 88216 

BW Util Bottlenecks: 
RCDc_limit = 55829 
RCDWRc_limit = 10884 
WTRc_limit = 10338 
RTWc_limit = 41895 
CCDLc_limit = 29948 
rwq = 0 
CCDLc_limit_alone = 25464 
WTRc_limit_alone = 9501 
RTWc_limit_alone = 38248 

Commands details: 
total_CMD = 220769 
n_nop = 150925 
Read = 49160 
Write = 0 
L2_Alloc = 0 
L2_WB = 8772 
n_act = 11792 
n_pre = 11776 
n_ref = 0 
n_req = 51353 
total_req = 57932 

Dual Bus Interface Util: 
issued_total_row = 23568 
issued_total_col = 57932 
Row_Bus_Util =  0.106754 
CoL_Bus_Util = 0.262410 
Either_Row_CoL_Bus_Util = 0.316367 
Issued_on_Two_Bus_Simul_Util = 0.052797 
issued_two_Eff = 0.166886 
queue_avg = 10.951787 


dram_util_bins: 0 0 0 0 0 0 0 0 0 0
dram_eff_bins: 0 0 0 0 0 0 0 0 0 0
mrqq: max=128 avg=10.9518
Memory Partition 40: 
Cache L2_bank_080:
MSHR contents

Cache L2_bank_081:
MSHR contents

In Dram Latency Queue (total = 0): 
DRAM[40]: 16 bks, busW=8 BL=4 CL=12, tRRD=3 tCCD=1, tRCD=12 tRAS=28 tRP=12 tRC=40
n_cmd=220769 n_nop=150950 n_act=11724 n_pre=11708 n_ref_event=0 n_req=51341 n_rd=49160 n_rd_L2_A=0 n_write=0 n_wr_bk=8724 bw_util=0.5244
n_activity=146587 dram_eff=0.7898
bk0: 3120a 187256i bk1: 3120a 187261i bk2: 3088a 189741i bk3: 3088a 188612i bk4: 3040a 189153i bk5: 3040a 188544i bk6: 3040a 190219i bk7: 3040a 189425i bk8: 3040a 189831i bk9: 3040a 189506i bk10: 3040a 189928i bk11: 3040a 189123i bk12: 3092a 189548i bk13: 3092a 189492i bk14: 3120a 188881i bk15: 3120a 188739i 

------------------------------------------------------------------------

Row_Buffer_Locality = 0.771644
Row_Buffer_Locality_read = 0.802360
Row_Buffer_Locality_write = 0.079321
Bank_Level_Parallism = 4.217481
Bank_Level_Parallism_Col = 3.091357
Bank_Level_Parallism_Ready = 1.691193
write_to_read_ratio_blp_rw_average = 0.251057
GrpLevelPara = 2.146821 

BW Util details:
bwutil = 0.524385 
total_CMD = 220769 
util_bw = 57884 
Wasted_Col = 58634 
Wasted_Row = 15880 
Idle = 88371 

BW Util Bottlenecks: 
RCDc_limit = 55058 
RCDWRc_limit = 10775 
WTRc_limit = 10258 
RTWc_limit = 40843 
CCDLc_limit = 29269 
rwq = 0 
CCDLc_limit_alone = 25162 
WTRc_limit_alone = 9398 
RTWc_limit_alone = 37596 

Commands details: 
total_CMD = 220769 
n_nop = 150950 
Read = 49160 
Write = 0 
L2_Alloc = 0 
L2_WB = 8724 
n_act = 11724 
n_pre = 11708 
n_ref = 0 
n_req = 51341 
total_req = 57884 

Dual Bus Interface Util: 
issued_total_row = 23432 
issued_total_col = 57884 
Row_Bus_Util =  0.106138 
CoL_Bus_Util = 0.262193 
Either_Row_CoL_Bus_Util = 0.316254 
Issued_on_Two_Bus_Simul_Util = 0.052077 
issued_two_Eff = 0.164669 
queue_avg = 10.583714 


dram_util_bins: 0 0 0 0 0 0 0 0 0 0
dram_eff_bins: 0 0 0 0 0 0 0 0 0 0
mrqq: max=128 avg=10.5837
Memory Partition 41: 
Cache L2_bank_082:
MSHR contents

Cache L2_bank_083:
MSHR contents

In Dram Latency Queue (total = 0): 
DRAM[41]: 16 bks, busW=8 BL=4 CL=12, tRRD=3 tCCD=1, tRCD=12 tRAS=28 tRP=12 tRC=40
n_cmd=220769 n_nop=150974 n_act=11797 n_pre=11781 n_ref_event=0 n_req=51346 n_rd=49160 n_rd_L2_A=0 n_write=0 n_wr_bk=8744 bw_util=0.5246
n_activity=147162 dram_eff=0.7869
bk0: 3120a 188885i bk1: 3120a 188550i bk2: 3088a 188526i bk3: 3088a 188257i bk4: 3040a 189161i bk5: 3040a 189341i bk6: 3040a 188650i bk7: 3040a 188939i bk8: 3040a 189092i bk9: 3040a 189521i bk10: 3040a 190053i bk11: 3040a 189868i bk12: 3092a 189043i bk13: 3092a 189329i bk14: 3120a 189092i bk15: 3120a 188703i 

------------------------------------------------------------------------

Row_Buffer_Locality = 0.770245
Row_Buffer_Locality_read = 0.801078
Row_Buffer_Locality_write = 0.076853
Bank_Level_Parallism = 4.209828
Bank_Level_Parallism_Col = 3.070225
Bank_Level_Parallism_Ready = 1.691040
write_to_read_ratio_blp_rw_average = 0.242056
GrpLevelPara = 2.133611 

BW Util details:
bwutil = 0.524566 
total_CMD = 220769 
util_bw = 57904 
Wasted_Col = 58564 
Wasted_Row = 16231 
Idle = 88070 

BW Util Bottlenecks: 
RCDc_limit = 54943 
RCDWRc_limit = 10706 
WTRc_limit = 10568 
RTWc_limit = 39320 
CCDLc_limit = 28872 
rwq = 0 
CCDLc_limit_alone = 24979 
WTRc_limit_alone = 9709 
RTWc_limit_alone = 36286 

Commands details: 
total_CMD = 220769 
n_nop = 150974 
Read = 49160 
Write = 0 
L2_Alloc = 0 
L2_WB = 8744 
n_act = 11797 
n_pre = 11781 
n_ref = 0 
n_req = 51346 
total_req = 57904 

Dual Bus Interface Util: 
issued_total_row = 23578 
issued_total_col = 57904 
Row_Bus_Util =  0.106799 
CoL_Bus_Util = 0.262283 
Either_Row_CoL_Bus_Util = 0.316145 
Issued_on_Two_Bus_Simul_Util = 0.052938 
issued_two_Eff = 0.167448 
queue_avg = 10.897015 


dram_util_bins: 0 0 0 0 0 0 0 0 0 0
dram_eff_bins: 0 0 0 0 0 0 0 0 0 0
mrqq: max=128 avg=10.897
Memory Partition 42: 
Cache L2_bank_084:
MSHR contents

Cache L2_bank_085:
MSHR contents

In Dram Latency Queue (total = 0): 
DRAM[42]: 16 bks, busW=8 BL=4 CL=12, tRRD=3 tCCD=1, tRCD=12 tRAS=28 tRP=12 tRC=40
n_cmd=220769 n_nop=151027 n_act=11763 n_pre=11747 n_ref_event=0 n_req=51348 n_rd=49160 n_rd_L2_A=0 n_write=0 n_wr_bk=8752 bw_util=0.5246
n_activity=145435 dram_eff=0.7964
bk0: 3120a 186996i bk1: 3120a 188327i bk2: 3088a 188626i bk3: 3088a 188759i bk4: 3040a 188001i bk5: 3040a 188379i bk6: 3040a 187849i bk7: 3040a 188758i bk8: 3040a 187675i bk9: 3040a 187261i bk10: 3040a 189416i bk11: 3040a 188843i bk12: 3092a 187863i bk13: 3092a 188649i bk14: 3120a 188631i bk15: 3120a 188761i 

------------------------------------------------------------------------

Row_Buffer_Locality = 0.770916
Row_Buffer_Locality_read = 0.801729
Row_Buffer_Locality_write = 0.078611
Bank_Level_Parallism = 4.320688
Bank_Level_Parallism_Col = 3.181687
Bank_Level_Parallism_Ready = 1.723943
write_to_read_ratio_blp_rw_average = 0.250399
GrpLevelPara = 2.163736 

BW Util details:
bwutil = 0.524639 
total_CMD = 220769 
util_bw = 57912 
Wasted_Col = 58368 
Wasted_Row = 15842 
Idle = 88647 

BW Util Bottlenecks: 
RCDc_limit = 55338 
RCDWRc_limit = 10663 
WTRc_limit = 9782 
RTWc_limit = 44711 
CCDLc_limit = 29623 
rwq = 0 
CCDLc_limit_alone = 25134 
WTRc_limit_alone = 8927 
RTWc_limit_alone = 41077 

Commands details: 
total_CMD = 220769 
n_nop = 151027 
Read = 49160 
Write = 0 
L2_Alloc = 0 
L2_WB = 8752 
n_act = 11763 
n_pre = 11747 
n_ref = 0 
n_req = 51348 
total_req = 57912 

Dual Bus Interface Util: 
issued_total_row = 23510 
issued_total_col = 57912 
Row_Bus_Util =  0.106491 
CoL_Bus_Util = 0.262319 
Either_Row_CoL_Bus_Util = 0.315905 
Issued_on_Two_Bus_Simul_Util = 0.052906 
issued_two_Eff = 0.167474 
queue_avg = 11.551168 


dram_util_bins: 0 0 0 0 0 0 0 0 0 0
dram_eff_bins: 0 0 0 0 0 0 0 0 0 0
mrqq: max=128 avg=11.5512
Memory Partition 43: 
Cache L2_bank_086:
MSHR contents

Cache L2_bank_087:
MSHR contents

In Dram Latency Queue (total = 1): 
Ready @ 126682 -   mf: uid=17610507, sid4294967295:w4294967295, part=43, addr=0xc062eac80, store, size=128, L2_WRBK  status = IN_PARTITION_DRAM_LATENCY_QUEUE (126428), 
DRAM[43]: 16 bks, busW=8 BL=4 CL=12, tRRD=3 tCCD=1, tRCD=12 tRAS=28 tRP=12 tRC=40
n_cmd=220769 n_nop=151012 n_act=11762 n_pre=11746 n_ref_event=0 n_req=51337 n_rd=49160 n_rd_L2_A=0 n_write=0 n_wr_bk=8708 bw_util=0.5242
n_activity=145913 dram_eff=0.7932
bk0: 3120a 188295i bk1: 3120a 188804i bk2: 3088a 189015i bk3: 3088a 189486i bk4: 3040a 188926i bk5: 3040a 189050i bk6: 3040a 190214i bk7: 3040a 189580i bk8: 3040a 189088i bk9: 3040a 188284i bk10: 3040a 190076i bk11: 3040a 190214i bk12: 3092a 188432i bk13: 3092a 188438i bk14: 3120a 189779i bk15: 3120a 190004i 

------------------------------------------------------------------------

Row_Buffer_Locality = 0.770886
Row_Buffer_Locality_read = 0.801770
Row_Buffer_Locality_write = 0.073496
Bank_Level_Parallism = 4.201348
Bank_Level_Parallism_Col = 3.064649
Bank_Level_Parallism_Ready = 1.672410
write_to_read_ratio_blp_rw_average = 0.245535
GrpLevelPara = 2.142967 

BW Util details:
bwutil = 0.524240 
total_CMD = 220769 
util_bw = 57868 
Wasted_Col = 58498 
Wasted_Row = 15962 
Idle = 88441 

BW Util Bottlenecks: 
RCDc_limit = 55081 
RCDWRc_limit = 10739 
WTRc_limit = 10021 
RTWc_limit = 39546 
CCDLc_limit = 29495 
rwq = 0 
CCDLc_limit_alone = 25438 
WTRc_limit_alone = 9178 
RTWc_limit_alone = 36332 

Commands details: 
total_CMD = 220769 
n_nop = 151012 
Read = 49160 
Write = 0 
L2_Alloc = 0 
L2_WB = 8708 
n_act = 11762 
n_pre = 11746 
n_ref = 0 
n_req = 51337 
total_req = 57868 

Dual Bus Interface Util: 
issued_total_row = 23508 
issued_total_col = 57868 
Row_Bus_Util =  0.106482 
CoL_Bus_Util = 0.262120 
Either_Row_CoL_Bus_Util = 0.315973 
Issued_on_Two_Bus_Simul_Util = 0.052630 
issued_two_Eff = 0.166564 
queue_avg = 11.151697 


dram_util_bins: 0 0 0 0 0 0 0 0 0 0
dram_eff_bins: 0 0 0 0 0 0 0 0 0 0
mrqq: max=128 avg=11.1517
Memory Partition 44: 
Cache L2_bank_088:
MSHR contents

Cache L2_bank_089:
MSHR contents

In Dram Latency Queue (total = 1): 
Ready @ 126664 -   mf: uid=17610500, sid4294967295:w4294967295, part=44, addr=0xc062acc00, store, size=128, L2_WRBK  status = IN_PARTITION_DRAM_LATENCY_QUEUE (126410), 
DRAM[44]: 16 bks, busW=8 BL=4 CL=12, tRRD=3 tCCD=1, tRCD=12 tRAS=28 tRP=12 tRC=40
n_cmd=220769 n_nop=150828 n_act=11848 n_pre=11832 n_ref_event=0 n_req=51340 n_rd=49160 n_rd_L2_A=0 n_write=0 n_wr_bk=8720 bw_util=0.5243
n_activity=146823 dram_eff=0.7884
bk0: 3120a 188377i bk1: 3120a 189118i bk2: 3088a 189118i bk3: 3088a 189039i bk4: 3040a 190067i bk5: 3040a 190413i bk6: 3040a 190691i bk7: 3040a 190915i bk8: 3040a 189772i bk9: 3040a 188963i bk10: 3040a 189229i bk11: 3040a 189172i bk12: 3092a 188600i bk13: 3092a 188819i bk14: 3120a 189032i bk15: 3120a 189576i 

------------------------------------------------------------------------

Row_Buffer_Locality = 0.769225
Row_Buffer_Locality_read = 0.800712
Row_Buffer_Locality_write = 0.059174
Bank_Level_Parallism = 4.151561
Bank_Level_Parallism_Col = 3.010318
Bank_Level_Parallism_Ready = 1.654734
write_to_read_ratio_blp_rw_average = 0.249914
GrpLevelPara = 2.139394 

BW Util details:
bwutil = 0.524349 
total_CMD = 220769 
util_bw = 57880 
Wasted_Col = 59573 
Wasted_Row = 15688 
Idle = 87628 

BW Util Bottlenecks: 
RCDc_limit = 55703 
RCDWRc_limit = 11431 
WTRc_limit = 10311 
RTWc_limit = 40369 
CCDLc_limit = 29141 
rwq = 0 
CCDLc_limit_alone = 25177 
WTRc_limit_alone = 9542 
RTWc_limit_alone = 37174 

Commands details: 
total_CMD = 220769 
n_nop = 150828 
Read = 49160 
Write = 0 
L2_Alloc = 0 
L2_WB = 8720 
n_act = 11848 
n_pre = 11832 
n_ref = 0 
n_req = 51340 
total_req = 57880 

Dual Bus Interface Util: 
issued_total_row = 23680 
issued_total_col = 57880 
Row_Bus_Util =  0.107261 
CoL_Bus_Util = 0.262174 
Either_Row_CoL_Bus_Util = 0.316806 
Issued_on_Two_Bus_Simul_Util = 0.052630 
issued_two_Eff = 0.166126 
queue_avg = 10.647877 


dram_util_bins: 0 0 0 0 0 0 0 0 0 0
dram_eff_bins: 0 0 0 0 0 0 0 0 0 0
mrqq: max=128 avg=10.6479
Memory Partition 45: 
Cache L2_bank_090:
MSHR contents

Cache L2_bank_091:
MSHR contents

In Dram Latency Queue (total = 1): 
Ready @ 126681 -   mf: uid=17610506, sid4294967295:w4294967295, part=45, addr=0xc07eee980, store, size=128, L2_WRBK  status = IN_PARTITION_DRAM_LATENCY_QUEUE (126427), 
DRAM[45]: 16 bks, busW=8 BL=4 CL=12, tRRD=3 tCCD=1, tRCD=12 tRAS=28 tRP=12 tRC=40
n_cmd=220769 n_nop=150877 n_act=11770 n_pre=11754 n_ref_event=0 n_req=51353 n_rd=49160 n_rd_L2_A=0 n_write=0 n_wr_bk=8772 bw_util=0.5248
n_activity=146065 dram_eff=0.7932
bk0: 3120a 189004i bk1: 3120a 188979i bk2: 3088a 189737i bk3: 3088a 190090i bk4: 3040a 188712i bk5: 3040a 189724i bk6: 3040a 190815i bk7: 3040a 189691i bk8: 3040a 188859i bk9: 3040a 188931i bk10: 3040a 189641i bk11: 3040a 189958i bk12: 3092a 189579i bk13: 3092a 189552i bk14: 3120a 188923i bk15: 3120a 188395i 

------------------------------------------------------------------------

Row_Buffer_Locality = 0.770802
Row_Buffer_Locality_read = 0.801505
Row_Buffer_Locality_write = 0.082535
Bank_Level_Parallism = 4.171006
Bank_Level_Parallism_Col = 3.027947
Bank_Level_Parallism_Ready = 1.696109
write_to_read_ratio_blp_rw_average = 0.242114
GrpLevelPara = 2.128720 

BW Util details:
bwutil = 0.524820 
total_CMD = 220769 
util_bw = 57932 
Wasted_Col = 59170 
Wasted_Row = 15496 
Idle = 88171 

BW Util Bottlenecks: 
RCDc_limit = 55667 
RCDWRc_limit = 10890 
WTRc_limit = 10448 
RTWc_limit = 39034 
CCDLc_limit = 29129 
rwq = 0 
CCDLc_limit_alone = 25289 
WTRc_limit_alone = 9657 
RTWc_limit_alone = 35985 

Commands details: 
total_CMD = 220769 
n_nop = 150877 
Read = 49160 
Write = 0 
L2_Alloc = 0 
L2_WB = 8772 
n_act = 11770 
n_pre = 11754 
n_ref = 0 
n_req = 51353 
total_req = 57932 

Dual Bus Interface Util: 
issued_total_row = 23524 
issued_total_col = 57932 
Row_Bus_Util =  0.106555 
CoL_Bus_Util = 0.262410 
Either_Row_CoL_Bus_Util = 0.316584 
Issued_on_Two_Bus_Simul_Util = 0.052381 
issued_two_Eff = 0.165455 
queue_avg = 10.480008 


dram_util_bins: 0 0 0 0 0 0 0 0 0 0
dram_eff_bins: 0 0 0 0 0 0 0 0 0 0
mrqq: max=128 avg=10.48
Memory Partition 46: 
Cache L2_bank_092:
MSHR contents

Cache L2_bank_093:
MSHR contents

In Dram Latency Queue (total = 0): 
DRAM[46]: 16 bks, busW=8 BL=4 CL=12, tRRD=3 tCCD=1, tRCD=12 tRAS=28 tRP=12 tRC=40
n_cmd=220769 n_nop=151025 n_act=11750 n_pre=11734 n_ref_event=0 n_req=51350 n_rd=49160 n_rd_L2_A=0 n_write=0 n_wr_bk=8760 bw_util=0.5247
n_activity=145729 dram_eff=0.7949
bk0: 3120a 189721i bk1: 3120a 189402i bk2: 3088a 190104i bk3: 3088a 189534i bk4: 3040a 188699i bk5: 3040a 189258i bk6: 3040a 188523i bk7: 3040a 189262i bk8: 3040a 188470i bk9: 3040a 189868i bk10: 3040a 188719i bk11: 3040a 189823i bk12: 3092a 189002i bk13: 3092a 188358i bk14: 3120a 188726i bk15: 3120a 188782i 

------------------------------------------------------------------------

Row_Buffer_Locality = 0.771178
Row_Buffer_Locality_read = 0.802014
Row_Buffer_Locality_write = 0.078995
Bank_Level_Parallism = 4.218532
Bank_Level_Parallism_Col = 3.070798
Bank_Level_Parallism_Ready = 1.703557
write_to_read_ratio_blp_rw_average = 0.243823
GrpLevelPara = 2.134953 

BW Util details:
bwutil = 0.524711 
total_CMD = 220769 
util_bw = 57920 
Wasted_Col = 58711 
Wasted_Row = 15501 
Idle = 88637 

BW Util Bottlenecks: 
RCDc_limit = 54708 
RCDWRc_limit = 10664 
WTRc_limit = 9554 
RTWc_limit = 40862 
CCDLc_limit = 29409 
rwq = 0 
CCDLc_limit_alone = 25347 
WTRc_limit_alone = 8717 
RTWc_limit_alone = 37637 

Commands details: 
total_CMD = 220769 
n_nop = 151025 
Read = 49160 
Write = 0 
L2_Alloc = 0 
L2_WB = 8760 
n_act = 11750 
n_pre = 11734 
n_ref = 0 
n_req = 51350 
total_req = 57920 

Dual Bus Interface Util: 
issued_total_row = 23484 
issued_total_col = 57920 
Row_Bus_Util =  0.106374 
CoL_Bus_Util = 0.262356 
Either_Row_CoL_Bus_Util = 0.315914 
Issued_on_Two_Bus_Simul_Util = 0.052815 
issued_two_Eff = 0.167183 
queue_avg = 10.869656 


dram_util_bins: 0 0 0 0 0 0 0 0 0 0
dram_eff_bins: 0 0 0 0 0 0 0 0 0 0
mrqq: max=128 avg=10.8697
Memory Partition 47: 
Cache L2_bank_094:
MSHR contents

Cache L2_bank_095:
MSHR contents

In Dram Latency Queue (total = 0): 
DRAM[47]: 16 bks, busW=8 BL=4 CL=12, tRRD=3 tCCD=1, tRCD=12 tRAS=28 tRP=12 tRC=40
n_cmd=220769 n_nop=150997 n_act=11776 n_pre=11760 n_ref_event=0 n_req=51347 n_rd=49160 n_rd_L2_A=0 n_write=0 n_wr_bk=8748 bw_util=0.5246
n_activity=144483 dram_eff=0.8016
bk0: 3120a 189320i bk1: 3120a 189027i bk2: 3088a 187691i bk3: 3088a 189202i bk4: 3040a 189535i bk5: 3040a 188323i bk6: 3040a 189646i bk7: 3040a 190054i bk8: 3040a 188085i bk9: 3040a 188759i bk10: 3040a 189439i bk11: 3040a 189790i bk12: 3092a 188944i bk13: 3092a 188818i bk14: 3120a 189111i bk15: 3120a 188597i 

------------------------------------------------------------------------

Row_Buffer_Locality = 0.770658
Row_Buffer_Locality_read = 0.802034
Row_Buffer_Locality_write = 0.065386
Bank_Level_Parallism = 4.271498
Bank_Level_Parallism_Col = 3.114771
Bank_Level_Parallism_Ready = 1.704859
write_to_read_ratio_blp_rw_average = 0.241532
GrpLevelPara = 2.160219 

BW Util details:
bwutil = 0.524603 
total_CMD = 220769 
util_bw = 57908 
Wasted_Col = 57581 
Wasted_Row = 15451 
Idle = 89829 

BW Util Bottlenecks: 
RCDc_limit = 55221 
RCDWRc_limit = 10692 
WTRc_limit = 10157 
RTWc_limit = 39761 
CCDLc_limit = 29107 
rwq = 0 
CCDLc_limit_alone = 25023 
WTRc_limit_alone = 9358 
RTWc_limit_alone = 36476 

Commands details: 
total_CMD = 220769 
n_nop = 150997 
Read = 49160 
Write = 0 
L2_Alloc = 0 
L2_WB = 8748 
n_act = 11776 
n_pre = 11760 
n_ref = 0 
n_req = 51347 
total_req = 57908 

Dual Bus Interface Util: 
issued_total_row = 23536 
issued_total_col = 57908 
Row_Bus_Util =  0.106609 
CoL_Bus_Util = 0.262301 
Either_Row_CoL_Bus_Util = 0.316041 
Issued_on_Two_Bus_Simul_Util = 0.052870 
issued_two_Eff = 0.167288 
queue_avg = 10.740005 


dram_util_bins: 0 0 0 0 0 0 0 0 0 0
dram_eff_bins: 0 0 0 0 0 0 0 0 0 0
mrqq: max=128 avg=10.74
Memory Partition 48: 
Cache L2_bank_096:
MSHR contents

Cache L2_bank_097:
MSHR contents

In Dram Latency Queue (total = 0): 
DRAM[48]: 16 bks, busW=8 BL=4 CL=12, tRRD=3 tCCD=1, tRCD=12 tRAS=28 tRP=12 tRC=40
n_cmd=220769 n_nop=187777 n_act=5723 n_pre=5707 n_ref_event=0 n_req=24622 n_rd=24568 n_rd_L2_A=0 n_write=0 n_wr_bk=216 bw_util=0.2245
n_activity=109852 dram_eff=0.4512
bk0: 1560a 209332i bk1: 1560a 209314i bk2: 1552a 209728i bk3: 1552a 209629i bk4: 1520a 209670i bk5: 1520a 209767i bk6: 1520a 209682i bk7: 1520a 209734i bk8: 1520a 209865i bk9: 1520a 209645i bk10: 1520a 209681i bk11: 1520a 209902i bk12: 1532a 210173i bk13: 1532a 209935i bk14: 1560a 209664i bk15: 1560a 209757i 

------------------------------------------------------------------------

Row_Buffer_Locality = 0.767566
Row_Buffer_Locality_read = 0.769253
Row_Buffer_Locality_write = 0.000000
Bank_Level_Parallism = 2.230282
Bank_Level_Parallism_Col = 1.644290
Bank_Level_Parallism_Ready = 1.189921
write_to_read_ratio_blp_rw_average = 0.016281
GrpLevelPara = 1.440881 

BW Util details:
bwutil = 0.224524 
total_CMD = 220769 
util_bw = 24784 
Wasted_Col = 46592 
Wasted_Row = 18948 
Idle = 130445 

BW Util Bottlenecks: 
RCDc_limit = 48663 
RCDWRc_limit = 380 
WTRc_limit = 398 
RTWc_limit = 1158 
CCDLc_limit = 15966 
rwq = 0 
CCDLc_limit_alone = 15844 
WTRc_limit_alone = 374 
RTWc_limit_alone = 1060 

Commands details: 
total_CMD = 220769 
n_nop = 187777 
Read = 24568 
Write = 0 
L2_Alloc = 0 
L2_WB = 216 
n_act = 5723 
n_pre = 5707 
n_ref = 0 
n_req = 24622 
total_req = 24784 

Dual Bus Interface Util: 
issued_total_row = 11430 
issued_total_col = 24784 
Row_Bus_Util =  0.051774 
CoL_Bus_Util = 0.112262 
Either_Row_CoL_Bus_Util = 0.149441 
Issued_on_Two_Bus_Simul_Util = 0.014594 
issued_two_Eff = 0.097660 
queue_avg = 2.854391 


dram_util_bins: 0 0 0 0 0 0 0 0 0 0
dram_eff_bins: 0 0 0 0 0 0 0 0 0 0
mrqq: max=100 avg=2.85439
Memory Partition 49: 
Cache L2_bank_098:
MSHR contents

Cache L2_bank_099:
MSHR contents

In Dram Latency Queue (total = 0): 
DRAM[49]: 16 bks, busW=8 BL=4 CL=12, tRRD=3 tCCD=1, tRCD=12 tRAS=28 tRP=12 tRC=40
n_cmd=220769 n_nop=187903 n_act=5676 n_pre=5660 n_ref_event=0 n_req=24626 n_rd=24568 n_rd_L2_A=0 n_write=0 n_wr_bk=232 bw_util=0.2247
n_activity=110063 dram_eff=0.4507
bk0: 1560a 209899i bk1: 1560a 209749i bk2: 1552a 209685i bk3: 1552a 209632i bk4: 1520a 209714i bk5: 1520a 209758i bk6: 1520a 209948i bk7: 1520a 209792i bk8: 1520a 210192i bk9: 1520a 210018i bk10: 1520a 209780i bk11: 1520a 209904i bk12: 1532a 209902i bk13: 1532a 209911i bk14: 1560a 209549i bk15: 1560a 209673i 

------------------------------------------------------------------------

Row_Buffer_Locality = 0.769512
Row_Buffer_Locality_read = 0.771206
Row_Buffer_Locality_write = 0.051724
Bank_Level_Parallism = 2.230502
Bank_Level_Parallism_Col = 1.644835
Bank_Level_Parallism_Ready = 1.185605
write_to_read_ratio_blp_rw_average = 0.016407
GrpLevelPara = 1.441176 

BW Util details:
bwutil = 0.224669 
total_CMD = 220769 
util_bw = 24800 
Wasted_Col = 46031 
Wasted_Row = 18756 
Idle = 131182 

BW Util Bottlenecks: 
RCDc_limit = 47715 
RCDWRc_limit = 386 
WTRc_limit = 448 
RTWc_limit = 1186 
CCDLc_limit = 16067 
rwq = 0 
CCDLc_limit_alone = 15943 
WTRc_limit_alone = 414 
RTWc_limit_alone = 1096 

Commands details: 
total_CMD = 220769 
n_nop = 187903 
Read = 24568 
Write = 0 
L2_Alloc = 0 
L2_WB = 232 
n_act = 5676 
n_pre = 5660 
n_ref = 0 
n_req = 24626 
total_req = 24800 

Dual Bus Interface Util: 
issued_total_row = 11336 
issued_total_col = 24800 
Row_Bus_Util =  0.051348 
CoL_Bus_Util = 0.112335 
Either_Row_CoL_Bus_Util = 0.148871 
Issued_on_Two_Bus_Simul_Util = 0.014812 
issued_two_Eff = 0.099495 
queue_avg = 2.819961 


dram_util_bins: 0 0 0 0 0 0 0 0 0 0
dram_eff_bins: 0 0 0 0 0 0 0 0 0 0
mrqq: max=103 avg=2.81996
Memory Partition 50: 
Cache L2_bank_100:
MSHR contents

Cache L2_bank_101:
MSHR contents

In Dram Latency Queue (total = 0): 
DRAM[50]: 16 bks, busW=8 BL=4 CL=12, tRRD=3 tCCD=1, tRCD=12 tRAS=28 tRP=12 tRC=40
n_cmd=220769 n_nop=187792 n_act=5744 n_pre=5728 n_ref_event=0 n_req=24626 n_rd=24568 n_rd_L2_A=0 n_write=0 n_wr_bk=232 bw_util=0.2247
n_activity=110115 dram_eff=0.4504
bk0: 1560a 209431i bk1: 1560a 209538i bk2: 1552a 209763i bk3: 1552a 209696i bk4: 1520a 209657i bk5: 1520a 209661i bk6: 1520a 209730i bk7: 1520a 209474i bk8: 1520a 209845i bk9: 1520a 209714i bk10: 1520a 209778i bk11: 1520a 210105i bk12: 1532a 209763i bk13: 1532a 209793i bk14: 1560a 209487i bk15: 1560a 209385i 

------------------------------------------------------------------------

Row_Buffer_Locality = 0.766751
Row_Buffer_Locality_read = 0.768561
Row_Buffer_Locality_write = 0.000000
Bank_Level_Parallism = 2.232347
Bank_Level_Parallism_Col = 1.642185
Bank_Level_Parallism_Ready = 1.192298
write_to_read_ratio_blp_rw_average = 0.016887
GrpLevelPara = 1.433197 

BW Util details:
bwutil = 0.224669 
total_CMD = 220769 
util_bw = 24800 
Wasted_Col = 46855 
Wasted_Row = 18882 
Idle = 130232 

BW Util Bottlenecks: 
RCDc_limit = 48544 
RCDWRc_limit = 401 
WTRc_limit = 368 
RTWc_limit = 1165 
CCDLc_limit = 16193 
rwq = 0 
CCDLc_limit_alone = 16073 
WTRc_limit_alone = 337 
RTWc_limit_alone = 1076 

Commands details: 
total_CMD = 220769 
n_nop = 187792 
Read = 24568 
Write = 0 
L2_Alloc = 0 
L2_WB = 232 
n_act = 5744 
n_pre = 5728 
n_ref = 0 
n_req = 24626 
total_req = 24800 

Dual Bus Interface Util: 
issued_total_row = 11472 
issued_total_col = 24800 
Row_Bus_Util =  0.051964 
CoL_Bus_Util = 0.112335 
Either_Row_CoL_Bus_Util = 0.149373 
Issued_on_Two_Bus_Simul_Util = 0.014925 
issued_two_Eff = 0.099918 
queue_avg = 2.836118 


dram_util_bins: 0 0 0 0 0 0 0 0 0 0
dram_eff_bins: 0 0 0 0 0 0 0 0 0 0
mrqq: max=101 avg=2.83612
Memory Partition 51: 
Cache L2_bank_102:
MSHR contents

Cache L2_bank_103:
MSHR contents

In Dram Latency Queue (total = 0): 
DRAM[51]: 16 bks, busW=8 BL=4 CL=12, tRRD=3 tCCD=1, tRCD=12 tRAS=28 tRP=12 tRC=40
n_cmd=220769 n_nop=187866 n_act=5689 n_pre=5673 n_ref_event=0 n_req=24624 n_rd=24568 n_rd_L2_A=0 n_write=0 n_wr_bk=224 bw_util=0.2246
n_activity=109531 dram_eff=0.4527
bk0: 1560a 209492i bk1: 1560a 209489i bk2: 1552a 209934i bk3: 1552a 209837i bk4: 1520a 209774i bk5: 1520a 209874i bk6: 1520a 209781i bk7: 1520a 209611i bk8: 1520a 209812i bk9: 1520a 209586i bk10: 1520a 209956i bk11: 1520a 210287i bk12: 1532a 210250i bk13: 1532a 210090i bk14: 1560a 209707i bk15: 1560a 209616i 

------------------------------------------------------------------------

Row_Buffer_Locality = 0.768965
Row_Buffer_Locality_read = 0.770718
Row_Buffer_Locality_write = 0.000000
Bank_Level_Parallism = 2.222380
Bank_Level_Parallism_Col = 1.635976
Bank_Level_Parallism_Ready = 1.185745
write_to_read_ratio_blp_rw_average = 0.015228
GrpLevelPara = 1.435922 

BW Util details:
bwutil = 0.224597 
total_CMD = 220769 
util_bw = 24792 
Wasted_Col = 46390 
Wasted_Row = 18736 
Idle = 130851 

BW Util Bottlenecks: 
RCDc_limit = 48109 
RCDWRc_limit = 389 
WTRc_limit = 360 
RTWc_limit = 1042 
CCDLc_limit = 16103 
rwq = 0 
CCDLc_limit_alone = 15988 
WTRc_limit_alone = 336 
RTWc_limit_alone = 951 

Commands details: 
total_CMD = 220769 
n_nop = 187866 
Read = 24568 
Write = 0 
L2_Alloc = 0 
L2_WB = 224 
n_act = 5689 
n_pre = 5673 
n_ref = 0 
n_req = 24624 
total_req = 24792 

Dual Bus Interface Util: 
issued_total_row = 11362 
issued_total_col = 24792 
Row_Bus_Util =  0.051466 
CoL_Bus_Util = 0.112298 
Either_Row_CoL_Bus_Util = 0.149038 
Issued_on_Two_Bus_Simul_Util = 0.014726 
issued_two_Eff = 0.098806 
queue_avg = 2.800103 


dram_util_bins: 0 0 0 0 0 0 0 0 0 0
dram_eff_bins: 0 0 0 0 0 0 0 0 0 0
mrqq: max=101 avg=2.8001
Memory Partition 52: 
Cache L2_bank_104:
MSHR contents

Cache L2_bank_105:
MSHR contents

In Dram Latency Queue (total = 0): 
DRAM[52]: 16 bks, busW=8 BL=4 CL=12, tRRD=3 tCCD=1, tRCD=12 tRAS=28 tRP=12 tRC=40
n_cmd=220769 n_nop=187832 n_act=5752 n_pre=5736 n_ref_event=0 n_req=24630 n_rd=24568 n_rd_L2_A=0 n_write=0 n_wr_bk=248 bw_util=0.2248
n_activity=110172 dram_eff=0.4505
bk0: 1560a 209313i bk1: 1560a 209066i bk2: 1552a 209394i bk3: 1552a 209450i bk4: 1520a 210103i bk5: 1520a 209993i bk6: 1520a 209991i bk7: 1520a 210211i bk8: 1520a 209724i bk9: 1520a 209570i bk10: 1520a 210199i bk11: 1520a 210018i bk12: 1532a 209406i bk13: 1532a 209535i bk14: 1560a 209534i bk15: 1560a 209361i 

------------------------------------------------------------------------

Row_Buffer_Locality = 0.766464
Row_Buffer_Locality_read = 0.768398
Row_Buffer_Locality_write = 0.000000
Bank_Level_Parallism = 2.241044
Bank_Level_Parallism_Col = 1.661069
Bank_Level_Parallism_Ready = 1.195398
write_to_read_ratio_blp_rw_average = 0.017448
GrpLevelPara = 1.450488 

BW Util details:
bwutil = 0.224814 
total_CMD = 220769 
util_bw = 24816 
Wasted_Col = 46380 
Wasted_Row = 18970 
Idle = 130603 

BW Util Bottlenecks: 
RCDc_limit = 48558 
RCDWRc_limit = 413 
WTRc_limit = 512 
RTWc_limit = 1394 
CCDLc_limit = 16167 
rwq = 0 
CCDLc_limit_alone = 16034 
WTRc_limit_alone = 474 
RTWc_limit_alone = 1299 

Commands details: 
total_CMD = 220769 
n_nop = 187832 
Read = 24568 
Write = 0 
L2_Alloc = 0 
L2_WB = 248 
n_act = 5752 
n_pre = 5736 
n_ref = 0 
n_req = 24630 
total_req = 24816 

Dual Bus Interface Util: 
issued_total_row = 11488 
issued_total_col = 24816 
Row_Bus_Util =  0.052036 
CoL_Bus_Util = 0.112407 
Either_Row_CoL_Bus_Util = 0.149192 
Issued_on_Two_Bus_Simul_Util = 0.015251 
issued_two_Eff = 0.102225 
queue_avg = 2.791434 


dram_util_bins: 0 0 0 0 0 0 0 0 0 0
dram_eff_bins: 0 0 0 0 0 0 0 0 0 0
mrqq: max=106 avg=2.79143
Memory Partition 53: 
Cache L2_bank_106:
MSHR contents

Cache L2_bank_107:
MSHR contents

In Dram Latency Queue (total = 0): 
DRAM[53]: 16 bks, busW=8 BL=4 CL=12, tRRD=3 tCCD=1, tRCD=12 tRAS=28 tRP=12 tRC=40
n_cmd=220769 n_nop=187724 n_act=5734 n_pre=5718 n_ref_event=0 n_req=24626 n_rd=24568 n_rd_L2_A=0 n_write=0 n_wr_bk=232 bw_util=0.2247
n_activity=109821 dram_eff=0.4516
bk0: 1560a 209103i bk1: 1560a 209108i bk2: 1552a 209449i bk3: 1552a 209333i bk4: 1520a 210217i bk5: 1520a 210331i bk6: 1520a 209888i bk7: 1520a 209874i bk8: 1520a 209711i bk9: 1520a 209736i bk10: 1520a 210101i bk11: 1520a 210252i bk12: 1532a 209661i bk13: 1532a 209863i bk14: 1560a 209511i bk15: 1560a 209488i 

------------------------------------------------------------------------

Row_Buffer_Locality = 0.767157
Row_Buffer_Locality_read = 0.768968
Row_Buffer_Locality_write = 0.000000
Bank_Level_Parallism = 2.228145
Bank_Level_Parallism_Col = 1.651280
Bank_Level_Parallism_Ready = 1.183185
write_to_read_ratio_blp_rw_average = 0.019039
GrpLevelPara = 1.442468 

BW Util details:
bwutil = 0.224669 
total_CMD = 220769 
util_bw = 24800 
Wasted_Col = 46649 
Wasted_Row = 18897 
Idle = 130423 

BW Util Bottlenecks: 
RCDc_limit = 48684 
RCDWRc_limit = 443 
WTRc_limit = 497 
RTWc_limit = 1496 
CCDLc_limit = 16270 
rwq = 0 
CCDLc_limit_alone = 16109 
WTRc_limit_alone = 462 
RTWc_limit_alone = 1370 

Commands details: 
total_CMD = 220769 
n_nop = 187724 
Read = 24568 
Write = 0 
L2_Alloc = 0 
L2_WB = 232 
n_act = 5734 
n_pre = 5718 
n_ref = 0 
n_req = 24626 
total_req = 24800 

Dual Bus Interface Util: 
issued_total_row = 11452 
issued_total_col = 24800 
Row_Bus_Util =  0.051873 
CoL_Bus_Util = 0.112335 
Either_Row_CoL_Bus_Util = 0.149681 
Issued_on_Two_Bus_Simul_Util = 0.014526 
issued_two_Eff = 0.097049 
queue_avg = 2.809733 


dram_util_bins: 0 0 0 0 0 0 0 0 0 0
dram_eff_bins: 0 0 0 0 0 0 0 0 0 0
mrqq: max=109 avg=2.80973
Memory Partition 54: 
Cache L2_bank_108:
MSHR contents

Cache L2_bank_109:
MSHR contents

In Dram Latency Queue (total = 0): 
DRAM[54]: 16 bks, busW=8 BL=4 CL=12, tRRD=3 tCCD=1, tRCD=12 tRAS=28 tRP=12 tRC=40
n_cmd=220769 n_nop=187775 n_act=5688 n_pre=5672 n_ref_event=0 n_req=24630 n_rd=24568 n_rd_L2_A=0 n_write=0 n_wr_bk=248 bw_util=0.2248
n_activity=111050 dram_eff=0.4469
bk0: 1560a 208994i bk1: 1560a 209216i bk2: 1552a 209464i bk3: 1552a 209612i bk4: 1520a 210126i bk5: 1520a 209867i bk6: 1520a 210315i bk7: 1520a 210100i bk8: 1520a 209698i bk9: 1520a 209650i bk10: 1520a 210008i bk11: 1520a 210257i bk12: 1532a 210105i bk13: 1532a 210138i bk14: 1560a 209076i bk15: 1560a 209182i 

------------------------------------------------------------------------

Row_Buffer_Locality = 0.769062
Row_Buffer_Locality_read = 0.771003
Row_Buffer_Locality_write = 0.000000
Bank_Level_Parallism = 2.206248
Bank_Level_Parallism_Col = 1.648320
Bank_Level_Parallism_Ready = 1.203619
write_to_read_ratio_blp_rw_average = 0.017198
GrpLevelPara = 1.438081 

BW Util details:
bwutil = 0.224814 
total_CMD = 220769 
util_bw = 24816 
Wasted_Col = 46683 
Wasted_Row = 19663 
Idle = 129607 

BW Util Bottlenecks: 
RCDc_limit = 48313 
RCDWRc_limit = 411 
WTRc_limit = 432 
RTWc_limit = 1298 
CCDLc_limit = 15864 
rwq = 0 
CCDLc_limit_alone = 15729 
WTRc_limit_alone = 400 
RTWc_limit_alone = 1195 

Commands details: 
total_CMD = 220769 
n_nop = 187775 
Read = 24568 
Write = 0 
L2_Alloc = 0 
L2_WB = 248 
n_act = 5688 
n_pre = 5672 
n_ref = 0 
n_req = 24630 
total_req = 24816 

Dual Bus Interface Util: 
issued_total_row = 11360 
issued_total_col = 24816 
Row_Bus_Util =  0.051456 
CoL_Bus_Util = 0.112407 
Either_Row_CoL_Bus_Util = 0.149450 
Issued_on_Two_Bus_Simul_Util = 0.014413 
issued_two_Eff = 0.096442 
queue_avg = 2.940254 


dram_util_bins: 0 0 0 0 0 0 0 0 0 0
dram_eff_bins: 0 0 0 0 0 0 0 0 0 0
mrqq: max=128 avg=2.94025
Memory Partition 55: 
Cache L2_bank_110:
MSHR contents

Cache L2_bank_111:
MSHR contents

In Dram Latency Queue (total = 1): 
Ready @ 126553 -   mf: uid=17610495, sid4294967295:w4294967295, part=55, addr=0xc06a0f800, store, size=128, L2_WRBK  status = IN_PARTITION_DRAM_LATENCY_QUEUE (126299), 
DRAM[55]: 16 bks, busW=8 BL=4 CL=12, tRRD=3 tCCD=1, tRCD=12 tRAS=28 tRP=12 tRC=40
n_cmd=220769 n_nop=187978 n_act=5642 n_pre=5626 n_ref_event=0 n_req=24625 n_rd=24568 n_rd_L2_A=0 n_write=0 n_wr_bk=228 bw_util=0.2246
n_activity=107949 dram_eff=0.4594
bk0: 1560a 209583i bk1: 1560a 209713i bk2: 1552a 209585i bk3: 1552a 209340i bk4: 1520a 210496i bk5: 1520a 210408i bk6: 1520a 210307i bk7: 1520a 210085i bk8: 1520a 209766i bk9: 1520a 209947i bk10: 1520a 210362i bk11: 1520a 210155i bk12: 1532a 209758i bk13: 1532a 210008i bk14: 1560a 209190i bk15: 1560a 208911i 

------------------------------------------------------------------------

Row_Buffer_Locality = 0.770883
Row_Buffer_Locality_read = 0.772672
Row_Buffer_Locality_write = 0.000000
Bank_Level_Parallism = 2.242947
Bank_Level_Parallism_Col = 1.652649
Bank_Level_Parallism_Ready = 1.198097
write_to_read_ratio_blp_rw_average = 0.016767
GrpLevelPara = 1.441427 

BW Util details:
bwutil = 0.224633 
total_CMD = 220769 
util_bw = 24796 
Wasted_Col = 45800 
Wasted_Row = 18267 
Idle = 131906 

BW Util Bottlenecks: 
RCDc_limit = 47670 
RCDWRc_limit = 386 
WTRc_limit = 383 
RTWc_limit = 1282 
CCDLc_limit = 16095 
rwq = 0 
CCDLc_limit_alone = 15974 
WTRc_limit_alone = 361 
RTWc_limit_alone = 1183 

Commands details: 
total_CMD = 220769 
n_nop = 187978 
Read = 24568 
Write = 0 
L2_Alloc = 0 
L2_WB = 228 
n_act = 5642 
n_pre = 5626 
n_ref = 0 
n_req = 24625 
total_req = 24796 

Dual Bus Interface Util: 
issued_total_row = 11268 
issued_total_col = 24796 
Row_Bus_Util =  0.051040 
CoL_Bus_Util = 0.112316 
Either_Row_CoL_Bus_Util = 0.148531 
Issued_on_Two_Bus_Simul_Util = 0.014825 
issued_two_Eff = 0.099814 
queue_avg = 2.880617 


dram_util_bins: 0 0 0 0 0 0 0 0 0 0
dram_eff_bins: 0 0 0 0 0 0 0 0 0 0
mrqq: max=123 avg=2.88062
Memory Partition 56: 
Cache L2_bank_112:
MSHR contents

Cache L2_bank_113:
MSHR contents

In Dram Latency Queue (total = 0): 
DRAM[56]: 16 bks, busW=8 BL=4 CL=12, tRRD=3 tCCD=1, tRCD=12 tRAS=28 tRP=12 tRC=40
n_cmd=220769 n_nop=187891 n_act=5691 n_pre=5675 n_ref_event=0 n_req=24622 n_rd=24568 n_rd_L2_A=0 n_write=0 n_wr_bk=212 bw_util=0.2245
n_activity=110940 dram_eff=0.4467
bk0: 1560a 209822i bk1: 1560a 209404i bk2: 1552a 209746i bk3: 1552a 209954i bk4: 1520a 209700i bk5: 1520a 209791i bk6: 1520a 209798i bk7: 1520a 209843i bk8: 1520a 209762i bk9: 1520a 209992i bk10: 1520a 210020i bk11: 1520a 210176i bk12: 1532a 210355i bk13: 1532a 209953i bk14: 1560a 209491i bk15: 1560a 209798i 

------------------------------------------------------------------------

Row_Buffer_Locality = 0.768865
Row_Buffer_Locality_read = 0.770555
Row_Buffer_Locality_write = 0.000000
Bank_Level_Parallism = 2.198156
Bank_Level_Parallism_Col = 1.622026
Bank_Level_Parallism_Ready = 1.187046
write_to_read_ratio_blp_rw_average = 0.013833
GrpLevelPara = 1.428420 

BW Util details:
bwutil = 0.224488 
total_CMD = 220769 
util_bw = 24780 
Wasted_Col = 46997 
Wasted_Row = 18899 
Idle = 130093 

BW Util Bottlenecks: 
RCDc_limit = 48532 
RCDWRc_limit = 384 
WTRc_limit = 421 
RTWc_limit = 900 
CCDLc_limit = 15956 
rwq = 0 
CCDLc_limit_alone = 15841 
WTRc_limit_alone = 381 
RTWc_limit_alone = 825 

Commands details: 
total_CMD = 220769 
n_nop = 187891 
Read = 24568 
Write = 0 
L2_Alloc = 0 
L2_WB = 212 
n_act = 5691 
n_pre = 5675 
n_ref = 0 
n_req = 24622 
total_req = 24780 

Dual Bus Interface Util: 
issued_total_row = 11366 
issued_total_col = 24780 
Row_Bus_Util =  0.051484 
CoL_Bus_Util = 0.112244 
Either_Row_CoL_Bus_Util = 0.148925 
Issued_on_Two_Bus_Simul_Util = 0.014803 
issued_two_Eff = 0.099398 
queue_avg = 2.970055 


dram_util_bins: 0 0 0 0 0 0 0 0 0 0
dram_eff_bins: 0 0 0 0 0 0 0 0 0 0
mrqq: max=125 avg=2.97005
Memory Partition 57: 
Cache L2_bank_114:
MSHR contents

Cache L2_bank_115:
MSHR contents

In Dram Latency Queue (total = 0): 
DRAM[57]: 16 bks, busW=8 BL=4 CL=12, tRRD=3 tCCD=1, tRCD=12 tRAS=28 tRP=12 tRC=40
n_cmd=220769 n_nop=187835 n_act=5725 n_pre=5709 n_ref_event=0 n_req=24626 n_rd=24568 n_rd_L2_A=0 n_write=0 n_wr_bk=232 bw_util=0.2247
n_activity=109812 dram_eff=0.4517
bk0: 1560a 209749i bk1: 1560a 209593i bk2: 1552a 209537i bk3: 1552a 209446i bk4: 1520a 209103i bk5: 1520a 209680i bk6: 1520a 209970i bk7: 1520a 209752i bk8: 1520a 209870i bk9: 1520a 209875i bk10: 1520a 209888i bk11: 1520a 209911i bk12: 1532a 209951i bk13: 1532a 210001i bk14: 1560a 209673i bk15: 1560a 209543i 

------------------------------------------------------------------------

Row_Buffer_Locality = 0.767522
Row_Buffer_Locality_read = 0.769334
Row_Buffer_Locality_write = 0.000000
Bank_Level_Parallism = 2.241979
Bank_Level_Parallism_Col = 1.652684
Bank_Level_Parallism_Ready = 1.181653
write_to_read_ratio_blp_rw_average = 0.016826
GrpLevelPara = 1.447287 

BW Util details:
bwutil = 0.224669 
total_CMD = 220769 
util_bw = 24800 
Wasted_Col = 46260 
Wasted_Row = 18766 
Idle = 130943 

BW Util Bottlenecks: 
RCDc_limit = 48378 
RCDWRc_limit = 368 
WTRc_limit = 369 
RTWc_limit = 1361 
CCDLc_limit = 16007 
rwq = 0 
CCDLc_limit_alone = 15851 
WTRc_limit_alone = 336 
RTWc_limit_alone = 1238 

Commands details: 
total_CMD = 220769 
n_nop = 187835 
Read = 24568 
Write = 0 
L2_Alloc = 0 
L2_WB = 232 
n_act = 5725 
n_pre = 5709 
n_ref = 0 
n_req = 24626 
total_req = 24800 

Dual Bus Interface Util: 
issued_total_row = 11434 
issued_total_col = 24800 
Row_Bus_Util =  0.051792 
CoL_Bus_Util = 0.112335 
Either_Row_CoL_Bus_Util = 0.149179 
Issued_on_Two_Bus_Simul_Util = 0.014948 
issued_two_Eff = 0.100200 
queue_avg = 2.953345 


dram_util_bins: 0 0 0 0 0 0 0 0 0 0
dram_eff_bins: 0 0 0 0 0 0 0 0 0 0
mrqq: max=122 avg=2.95334
Memory Partition 58: 
Cache L2_bank_116:
MSHR contents

Cache L2_bank_117:
MSHR contents

In Dram Latency Queue (total = 0): 
DRAM[58]: 16 bks, busW=8 BL=4 CL=12, tRRD=3 tCCD=1, tRCD=12 tRAS=28 tRP=12 tRC=40
n_cmd=220769 n_nop=187801 n_act=5729 n_pre=5713 n_ref_event=0 n_req=24628 n_rd=24568 n_rd_L2_A=0 n_write=0 n_wr_bk=240 bw_util=0.2247
n_activity=109359 dram_eff=0.4537
bk0: 1560a 209785i bk1: 1560a 209714i bk2: 1552a 209708i bk3: 1552a 209750i bk4: 1520a 209633i bk5: 1520a 209496i bk6: 1520a 209710i bk7: 1520a 209727i bk8: 1520a 209469i bk9: 1520a 209351i bk10: 1520a 210038i bk11: 1520a 209971i bk12: 1532a 209959i bk13: 1532a 209985i bk14: 1560a 209656i bk15: 1560a 209642i 

------------------------------------------------------------------------

Row_Buffer_Locality = 0.767379
Row_Buffer_Locality_read = 0.769253
Row_Buffer_Locality_write = 0.000000
Bank_Level_Parallism = 2.243620
Bank_Level_Parallism_Col = 1.649966
Bank_Level_Parallism_Ready = 1.205418
write_to_read_ratio_blp_rw_average = 0.015928
GrpLevelPara = 1.440193 

BW Util details:
bwutil = 0.224742 
total_CMD = 220769 
util_bw = 24808 
Wasted_Col = 46625 
Wasted_Row = 18305 
Idle = 131031 

BW Util Bottlenecks: 
RCDc_limit = 48634 
RCDWRc_limit = 408 
WTRc_limit = 507 
RTWc_limit = 1110 
CCDLc_limit = 16016 
rwq = 0 
CCDLc_limit_alone = 15891 
WTRc_limit_alone = 461 
RTWc_limit_alone = 1031 

Commands details: 
total_CMD = 220769 
n_nop = 187801 
Read = 24568 
Write = 0 
L2_Alloc = 0 
L2_WB = 240 
n_act = 5729 
n_pre = 5713 
n_ref = 0 
n_req = 24628 
total_req = 24808 

Dual Bus Interface Util: 
issued_total_row = 11442 
issued_total_col = 24808 
Row_Bus_Util =  0.051828 
CoL_Bus_Util = 0.112371 
Either_Row_CoL_Bus_Util = 0.149333 
Issued_on_Two_Bus_Simul_Util = 0.014866 
issued_two_Eff = 0.099551 
queue_avg = 2.971463 


dram_util_bins: 0 0 0 0 0 0 0 0 0 0
dram_eff_bins: 0 0 0 0 0 0 0 0 0 0
mrqq: max=126 avg=2.97146
Memory Partition 59: 
Cache L2_bank_118:
MSHR contents

Cache L2_bank_119:
MSHR contents

In Dram Latency Queue (total = 0): 
DRAM[59]: 16 bks, busW=8 BL=4 CL=12, tRRD=3 tCCD=1, tRCD=12 tRAS=28 tRP=12 tRC=40
n_cmd=220769 n_nop=187881 n_act=5701 n_pre=5685 n_ref_event=0 n_req=24624 n_rd=24568 n_rd_L2_A=0 n_write=0 n_wr_bk=224 bw_util=0.2246
n_activity=108969 dram_eff=0.455
bk0: 1560a 209804i bk1: 1560a 209684i bk2: 1552a 209640i bk3: 1552a 209690i bk4: 1520a 209909i bk5: 1520a 209679i bk6: 1520a 209875i bk7: 1520a 209863i bk8: 1520a 209756i bk9: 1520a 209715i bk10: 1520a 209977i bk11: 1520a 209872i bk12: 1532a 210281i bk13: 1532a 209911i bk14: 1560a 209820i bk15: 1560a 209346i 

------------------------------------------------------------------------

Row_Buffer_Locality = 0.768478
Row_Buffer_Locality_read = 0.770230
Row_Buffer_Locality_write = 0.000000
Bank_Level_Parallism = 2.237221
Bank_Level_Parallism_Col = 1.650680
Bank_Level_Parallism_Ready = 1.190102
write_to_read_ratio_blp_rw_average = 0.016859
GrpLevelPara = 1.446954 

BW Util details:
bwutil = 0.224597 
total_CMD = 220769 
util_bw = 24792 
Wasted_Col = 45962 
Wasted_Row = 18690 
Idle = 131325 

BW Util Bottlenecks: 
RCDc_limit = 47921 
RCDWRc_limit = 403 
WTRc_limit = 375 
RTWc_limit = 1149 
CCDLc_limit = 15747 
rwq = 0 
CCDLc_limit_alone = 15627 
WTRc_limit_alone = 335 
RTWc_limit_alone = 1069 

Commands details: 
total_CMD = 220769 
n_nop = 187881 
Read = 24568 
Write = 0 
L2_Alloc = 0 
L2_WB = 224 
n_act = 5701 
n_pre = 5685 
n_ref = 0 
n_req = 24624 
total_req = 24792 

Dual Bus Interface Util: 
issued_total_row = 11386 
issued_total_col = 24792 
Row_Bus_Util =  0.051574 
CoL_Bus_Util = 0.112298 
Either_Row_CoL_Bus_Util = 0.148970 
Issued_on_Two_Bus_Simul_Util = 0.014902 
issued_two_Eff = 0.100036 
queue_avg = 2.887000 


dram_util_bins: 0 0 0 0 0 0 0 0 0 0
dram_eff_bins: 0 0 0 0 0 0 0 0 0 0
mrqq: max=119 avg=2.887
Memory Partition 60: 
Cache L2_bank_120:
MSHR contents

Cache L2_bank_121:
MSHR contents

In Dram Latency Queue (total = 0): 
DRAM[60]: 16 bks, busW=8 BL=4 CL=12, tRRD=3 tCCD=1, tRCD=12 tRAS=28 tRP=12 tRC=40
n_cmd=220769 n_nop=187721 n_act=5747 n_pre=5731 n_ref_event=0 n_req=24632 n_rd=24568 n_rd_L2_A=0 n_write=0 n_wr_bk=256 bw_util=0.2249
n_activity=109910 dram_eff=0.4517
bk0: 1560a 209551i bk1: 1560a 209302i bk2: 1552a 209241i bk3: 1552a 209168i bk4: 1520a 209610i bk5: 1520a 209744i bk6: 1520a 209982i bk7: 1520a 210067i bk8: 1520a 209713i bk9: 1520a 209571i bk10: 1520a 209942i bk11: 1520a 209988i bk12: 1532a 209385i bk13: 1532a 209311i bk14: 1560a 209522i bk15: 1560a 209474i 

------------------------------------------------------------------------

Row_Buffer_Locality = 0.766686
Row_Buffer_Locality_read = 0.768683
Row_Buffer_Locality_write = 0.000000
Bank_Level_Parallism = 2.257153
Bank_Level_Parallism_Col = 1.678844
Bank_Level_Parallism_Ready = 1.222285
write_to_read_ratio_blp_rw_average = 0.017756
GrpLevelPara = 1.460415 

BW Util details:
bwutil = 0.224887 
total_CMD = 220769 
util_bw = 24824 
Wasted_Col = 46112 
Wasted_Row = 19162 
Idle = 130671 

BW Util Bottlenecks: 
RCDc_limit = 48495 
RCDWRc_limit = 433 
WTRc_limit = 515 
RTWc_limit = 1500 
CCDLc_limit = 15628 
rwq = 0 
CCDLc_limit_alone = 15474 
WTRc_limit_alone = 471 
RTWc_limit_alone = 1390 

Commands details: 
total_CMD = 220769 
n_nop = 187721 
Read = 24568 
Write = 0 
L2_Alloc = 0 
L2_WB = 256 
n_act = 5747 
n_pre = 5731 
n_ref = 0 
n_req = 24632 
total_req = 24824 

Dual Bus Interface Util: 
issued_total_row = 11478 
issued_total_col = 24824 
Row_Bus_Util =  0.051991 
CoL_Bus_Util = 0.112443 
Either_Row_CoL_Bus_Util = 0.149695 
Issued_on_Two_Bus_Simul_Util = 0.014739 
issued_two_Eff = 0.098463 
queue_avg = 2.897218 


dram_util_bins: 0 0 0 0 0 0 0 0 0 0
dram_eff_bins: 0 0 0 0 0 0 0 0 0 0
mrqq: max=106 avg=2.89722
Memory Partition 61: 
Cache L2_bank_122:
MSHR contents

Cache L2_bank_123:
MSHR contents

In Dram Latency Queue (total = 0): 
DRAM[61]: 16 bks, busW=8 BL=4 CL=12, tRRD=3 tCCD=1, tRCD=12 tRAS=28 tRP=12 tRC=40
n_cmd=220769 n_nop=187845 n_act=5699 n_pre=5683 n_ref_event=0 n_req=24628 n_rd=24568 n_rd_L2_A=0 n_write=0 n_wr_bk=240 bw_util=0.2247
n_activity=110415 dram_eff=0.4494
bk0: 1560a 209476i bk1: 1560a 209177i bk2: 1552a 209597i bk3: 1552a 209547i bk4: 1520a 210217i bk5: 1520a 210164i bk6: 1520a 209871i bk7: 1520a 209982i bk8: 1520a 209781i bk9: 1520a 209884i bk10: 1520a 210112i bk11: 1520a 210174i bk12: 1532a 209797i bk13: 1532a 209824i bk14: 1560a 209552i bk15: 1560a 209470i 

------------------------------------------------------------------------

Row_Buffer_Locality = 0.768597
Row_Buffer_Locality_read = 0.770392
Row_Buffer_Locality_write = 0.033333
Bank_Level_Parallism = 2.209090
Bank_Level_Parallism_Col = 1.641003
Bank_Level_Parallism_Ready = 1.207473
write_to_read_ratio_blp_rw_average = 0.013548
GrpLevelPara = 1.430192 

BW Util details:
bwutil = 0.224742 
total_CMD = 220769 
util_bw = 24808 
Wasted_Col = 46670 
Wasted_Row = 19196 
Idle = 130095 

BW Util Bottlenecks: 
RCDc_limit = 48507 
RCDWRc_limit = 398 
WTRc_limit = 421 
RTWc_limit = 1016 
CCDLc_limit = 16267 
rwq = 0 
CCDLc_limit_alone = 16160 
WTRc_limit_alone = 400 
RTWc_limit_alone = 930 

Commands details: 
total_CMD = 220769 
n_nop = 187845 
Read = 24568 
Write = 0 
L2_Alloc = 0 
L2_WB = 240 
n_act = 5699 
n_pre = 5683 
n_ref = 0 
n_req = 24628 
total_req = 24808 

Dual Bus Interface Util: 
issued_total_row = 11382 
issued_total_col = 24808 
Row_Bus_Util =  0.051556 
CoL_Bus_Util = 0.112371 
Either_Row_CoL_Bus_Util = 0.149133 
Issued_on_Two_Bus_Simul_Util = 0.014794 
issued_two_Eff = 0.099198 
queue_avg = 2.853652 


dram_util_bins: 0 0 0 0 0 0 0 0 0 0
dram_eff_bins: 0 0 0 0 0 0 0 0 0 0
mrqq: max=128 avg=2.85365
Memory Partition 62: 
Cache L2_bank_124:
MSHR contents

Cache L2_bank_125:
MSHR contents

In Dram Latency Queue (total = 0): 
DRAM[62]: 16 bks, busW=8 BL=4 CL=12, tRRD=3 tCCD=1, tRCD=12 tRAS=28 tRP=12 tRC=40
n_cmd=220769 n_nop=187782 n_act=5702 n_pre=5686 n_ref_event=0 n_req=24627 n_rd=24568 n_rd_L2_A=0 n_write=0 n_wr_bk=236 bw_util=0.2247
n_activity=110278 dram_eff=0.4498
bk0: 1560a 209187i bk1: 1560a 209329i bk2: 1552a 209287i bk3: 1552a 209339i bk4: 1520a 209830i bk5: 1520a 210034i bk6: 1520a 210178i bk7: 1520a 209984i bk8: 1520a 209719i bk9: 1520a 209647i bk10: 1520a 209868i bk11: 1520a 210143i bk12: 1532a 209990i bk13: 1532a 209734i bk14: 1560a 209621i bk15: 1560a 209524i 

------------------------------------------------------------------------

Row_Buffer_Locality = 0.768466
Row_Buffer_Locality_read = 0.770311
Row_Buffer_Locality_write = 0.000000
Bank_Level_Parallism = 2.227593
Bank_Level_Parallism_Col = 1.655793
Bank_Level_Parallism_Ready = 1.202629
write_to_read_ratio_blp_rw_average = 0.016830
GrpLevelPara = 1.444284 

BW Util details:
bwutil = 0.224705 
total_CMD = 220769 
util_bw = 24804 
Wasted_Col = 46396 
Wasted_Row = 19264 
Idle = 130305 

BW Util Bottlenecks: 
RCDc_limit = 48123 
RCDWRc_limit = 417 
WTRc_limit = 357 
RTWc_limit = 1411 
CCDLc_limit = 15923 
rwq = 0 
CCDLc_limit_alone = 15804 
WTRc_limit_alone = 337 
RTWc_limit_alone = 1312 

Commands details: 
total_CMD = 220769 
n_nop = 187782 
Read = 24568 
Write = 0 
L2_Alloc = 0 
L2_WB = 236 
n_act = 5702 
n_pre = 5686 
n_ref = 0 
n_req = 24627 
total_req = 24804 

Dual Bus Interface Util: 
issued_total_row = 11388 
issued_total_col = 24804 
Row_Bus_Util =  0.051583 
CoL_Bus_Util = 0.112353 
Either_Row_CoL_Bus_Util = 0.149419 
Issued_on_Two_Bus_Simul_Util = 0.014517 
issued_two_Eff = 0.097159 
queue_avg = 2.714118 


dram_util_bins: 0 0 0 0 0 0 0 0 0 0
dram_eff_bins: 0 0 0 0 0 0 0 0 0 0
mrqq: max=90 avg=2.71412
Memory Partition 63: 
Cache L2_bank_126:
MSHR contents

Cache L2_bank_127:
MSHR contents

In Dram Latency Queue (total = 0): 
DRAM[63]: 16 bks, busW=8 BL=4 CL=12, tRRD=3 tCCD=1, tRCD=12 tRAS=28 tRP=12 tRC=40
n_cmd=220769 n_nop=187882 n_act=5667 n_pre=5651 n_ref_event=0 n_req=24626 n_rd=24568 n_rd_L2_A=0 n_write=0 n_wr_bk=232 bw_util=0.2247
n_activity=108053 dram_eff=0.459
bk0: 1560a 209553i bk1: 1560a 209332i bk2: 1552a 209591i bk3: 1552a 209303i bk4: 1520a 209930i bk5: 1520a 210015i bk6: 1520a 210188i bk7: 1520a 210117i bk8: 1520a 209973i bk9: 1520a 209984i bk10: 1520a 209974i bk11: 1520a 209990i bk12: 1532a 209670i bk13: 1532a 209728i bk14: 1560a 209512i bk15: 1560a 209238i 

------------------------------------------------------------------------

Row_Buffer_Locality = 0.769877
Row_Buffer_Locality_read = 0.771695
Row_Buffer_Locality_write = 0.000000
Bank_Level_Parallism = 2.257249
Bank_Level_Parallism_Col = 1.661958
Bank_Level_Parallism_Ready = 1.207218
write_to_read_ratio_blp_rw_average = 0.015566
GrpLevelPara = 1.443085 

BW Util details:
bwutil = 0.224669 
total_CMD = 220769 
util_bw = 24800 
Wasted_Col = 45847 
Wasted_Row = 18325 
Idle = 131797 

BW Util Bottlenecks: 
RCDc_limit = 47868 
RCDWRc_limit = 420 
WTRc_limit = 468 
RTWc_limit = 1205 
CCDLc_limit = 16015 
rwq = 0 
CCDLc_limit_alone = 15899 
WTRc_limit_alone = 427 
RTWc_limit_alone = 1130 

Commands details: 
total_CMD = 220769 
n_nop = 187882 
Read = 24568 
Write = 0 
L2_Alloc = 0 
L2_WB = 232 
n_act = 5667 
n_pre = 5651 
n_ref = 0 
n_req = 24626 
total_req = 24800 

Dual Bus Interface Util: 
issued_total_row = 11318 
issued_total_col = 24800 
Row_Bus_Util =  0.051266 
CoL_Bus_Util = 0.112335 
Either_Row_CoL_Bus_Util = 0.148966 
Issued_on_Two_Bus_Simul_Util = 0.014635 
issued_two_Eff = 0.098246 
queue_avg = 2.751432 


dram_util_bins: 0 0 0 0 0 0 0 0 0 0
dram_eff_bins: 0 0 0 0 0 0 0 0 0 0
mrqq: max=89 avg=2.75143
Memory Partition 64: 
Cache L2_bank_128:
MSHR contents

Cache L2_bank_129:
MSHR contents

In Dram Latency Queue (total = 0): 
DRAM[64]: 16 bks, busW=8 BL=4 CL=12, tRRD=3 tCCD=1, tRCD=12 tRAS=28 tRP=12 tRC=40
n_cmd=220769 n_nop=187830 n_act=5685 n_pre=5669 n_ref_event=0 n_req=24644 n_rd=24576 n_rd_L2_A=0 n_write=0 n_wr_bk=272 bw_util=0.2251
n_activity=110618 dram_eff=0.4493
bk0: 1560a 209393i bk1: 1560a 209507i bk2: 1536a 209635i bk3: 1536a 209514i bk4: 1520a 209938i bk5: 1520a 210099i bk6: 1520a 210234i bk7: 1520a 209939i bk8: 1520a 209637i bk9: 1520a 209929i bk10: 1520a 210162i bk11: 1520a 210087i bk12: 1552a 209556i bk13: 1552a 209238i bk14: 1560a 209499i bk15: 1560a 209594i 

------------------------------------------------------------------------

Row_Buffer_Locality = 0.769315
Row_Buffer_Locality_read = 0.771444
Row_Buffer_Locality_write = 0.000000
Bank_Level_Parallism = 2.216223
Bank_Level_Parallism_Col = 1.647497
Bank_Level_Parallism_Ready = 1.204403
write_to_read_ratio_blp_rw_average = 0.019307
GrpLevelPara = 1.441092 

BW Util details:
bwutil = 0.225104 
total_CMD = 220769 
util_bw = 24848 
Wasted_Col = 46745 
Wasted_Row = 19096 
Idle = 130080 

BW Util Bottlenecks: 
RCDc_limit = 48053 
RCDWRc_limit = 480 
WTRc_limit = 431 
RTWc_limit = 1522 
CCDLc_limit = 15941 
rwq = 0 
CCDLc_limit_alone = 15776 
WTRc_limit_alone = 382 
RTWc_limit_alone = 1406 

Commands details: 
total_CMD = 220769 
n_nop = 187830 
Read = 24576 
Write = 0 
L2_Alloc = 0 
L2_WB = 272 
n_act = 5685 
n_pre = 5669 
n_ref = 0 
n_req = 24644 
total_req = 24848 

Dual Bus Interface Util: 
issued_total_row = 11354 
issued_total_col = 24848 
Row_Bus_Util =  0.051429 
CoL_Bus_Util = 0.112552 
Either_Row_CoL_Bus_Util = 0.149201 
Issued_on_Two_Bus_Simul_Util = 0.014780 
issued_two_Eff = 0.099062 
queue_avg = 2.873533 


dram_util_bins: 0 0 0 0 0 0 0 0 0 0
dram_eff_bins: 0 0 0 0 0 0 0 0 0 0
mrqq: max=117 avg=2.87353
Memory Partition 65: 
Cache L2_bank_130:
MSHR contents

Cache L2_bank_131:
MSHR contents

In Dram Latency Queue (total = 0): 
DRAM[65]: 16 bks, busW=8 BL=4 CL=12, tRRD=3 tCCD=1, tRCD=12 tRAS=28 tRP=12 tRC=40
n_cmd=220769 n_nop=187876 n_act=5676 n_pre=5660 n_ref_event=0 n_req=24637 n_rd=24576 n_rd_L2_A=0 n_write=0 n_wr_bk=244 bw_util=0.2249
n_activity=109941 dram_eff=0.4515
bk0: 1560a 209241i bk1: 1560a 209617i bk2: 1536a 209450i bk3: 1536a 209469i bk4: 1520a 210257i bk5: 1520a 209965i bk6: 1520a 209897i bk7: 1520a 210089i bk8: 1520a 209730i bk9: 1520a 209931i bk10: 1520a 209963i bk11: 1520a 209885i bk12: 1552a 209604i bk13: 1552a 209492i bk14: 1560a 209479i bk15: 1560a 209441i 

------------------------------------------------------------------------

Row_Buffer_Locality = 0.769615
Row_Buffer_Locality_read = 0.771525
Row_Buffer_Locality_write = 0.000000
Bank_Level_Parallism = 2.238147
Bank_Level_Parallism_Col = 1.659171
Bank_Level_Parallism_Ready = 1.208904
write_to_read_ratio_blp_rw_average = 0.018140
GrpLevelPara = 1.436240 

BW Util details:
bwutil = 0.224850 
total_CMD = 220769 
util_bw = 24820 
Wasted_Col = 46258 
Wasted_Row = 18921 
Idle = 130770 

BW Util Bottlenecks: 
RCDc_limit = 47949 
RCDWRc_limit = 394 
WTRc_limit = 546 
RTWc_limit = 1305 
CCDLc_limit = 16500 
rwq = 0 
CCDLc_limit_alone = 16389 
WTRc_limit_alone = 514 
RTWc_limit_alone = 1226 

Commands details: 
total_CMD = 220769 
n_nop = 187876 
Read = 24576 
Write = 0 
L2_Alloc = 0 
L2_WB = 244 
n_act = 5676 
n_pre = 5660 
n_ref = 0 
n_req = 24637 
total_req = 24820 

Dual Bus Interface Util: 
issued_total_row = 11336 
issued_total_col = 24820 
Row_Bus_Util =  0.051348 
CoL_Bus_Util = 0.112425 
Either_Row_CoL_Bus_Util = 0.148993 
Issued_on_Two_Bus_Simul_Util = 0.014780 
issued_two_Eff = 0.099200 
queue_avg = 2.905104 


dram_util_bins: 0 0 0 0 0 0 0 0 0 0
dram_eff_bins: 0 0 0 0 0 0 0 0 0 0
mrqq: max=117 avg=2.9051
Memory Partition 66: 
Cache L2_bank_132:
MSHR contents

Cache L2_bank_133:
MSHR contents

In Dram Latency Queue (total = 0): 
DRAM[66]: 16 bks, busW=8 BL=4 CL=12, tRRD=3 tCCD=1, tRCD=12 tRAS=28 tRP=12 tRC=40
n_cmd=220769 n_nop=187830 n_act=5723 n_pre=5707 n_ref_event=0 n_req=24644 n_rd=24576 n_rd_L2_A=0 n_write=0 n_wr_bk=272 bw_util=0.2251
n_activity=108493 dram_eff=0.4581
bk0: 1560a 209425i bk1: 1560a 209224i bk2: 1536a 209403i bk3: 1536a 209670i bk4: 1520a 210152i bk5: 1520a 210132i bk6: 1520a 210184i bk7: 1520a 210192i bk8: 1520a 209680i bk9: 1520a 209395i bk10: 1520a 210140i bk11: 1520a 209967i bk12: 1552a 209458i bk13: 1552a 209750i bk14: 1560a 209192i bk15: 1560a 209183i 

------------------------------------------------------------------------

Row_Buffer_Locality = 0.767773
Row_Buffer_Locality_read = 0.769897
Row_Buffer_Locality_write = 0.000000
Bank_Level_Parallism = 2.260797
Bank_Level_Parallism_Col = 1.668921
Bank_Level_Parallism_Ready = 1.198447
write_to_read_ratio_blp_rw_average = 0.019819
GrpLevelPara = 1.455262 

BW Util details:
bwutil = 0.225104 
total_CMD = 220769 
util_bw = 24848 
Wasted_Col = 45686 
Wasted_Row = 18727 
Idle = 131508 

BW Util Bottlenecks: 
RCDc_limit = 47591 
RCDWRc_limit = 442 
WTRc_limit = 500 
RTWc_limit = 1367 
CCDLc_limit = 15880 
rwq = 0 
CCDLc_limit_alone = 15724 
WTRc_limit_alone = 461 
RTWc_limit_alone = 1250 

Commands details: 
total_CMD = 220769 
n_nop = 187830 
Read = 24576 
Write = 0 
L2_Alloc = 0 
L2_WB = 272 
n_act = 5723 
n_pre = 5707 
n_ref = 0 
n_req = 24644 
total_req = 24848 

Dual Bus Interface Util: 
issued_total_row = 11430 
issued_total_col = 24848 
Row_Bus_Util =  0.051774 
CoL_Bus_Util = 0.112552 
Either_Row_CoL_Bus_Util = 0.149201 
Issued_on_Two_Bus_Simul_Util = 0.015124 
issued_two_Eff = 0.101369 
queue_avg = 2.851506 


dram_util_bins: 0 0 0 0 0 0 0 0 0 0
dram_eff_bins: 0 0 0 0 0 0 0 0 0 0
mrqq: max=125 avg=2.85151
Memory Partition 67: 
Cache L2_bank_134:
MSHR contents

Cache L2_bank_135:
MSHR contents

In Dram Latency Queue (total = 0): 
DRAM[67]: 16 bks, busW=8 BL=4 CL=12, tRRD=3 tCCD=1, tRCD=12 tRAS=28 tRP=12 tRC=40
n_cmd=220769 n_nop=187841 n_act=5716 n_pre=5700 n_ref_event=0 n_req=24644 n_rd=24576 n_rd_L2_A=0 n_write=0 n_wr_bk=272 bw_util=0.2251
n_activity=109196 dram_eff=0.4551
bk0: 1560a 209419i bk1: 1560a 209265i bk2: 1536a 209538i bk3: 1536a 209462i bk4: 1520a 210215i bk5: 1520a 210181i bk6: 1520a 210011i bk7: 1520a 209865i bk8: 1520a 209691i bk9: 1520a 209891i bk10: 1520a 209943i bk11: 1520a 210076i bk12: 1552a 209437i bk13: 1552a 209393i bk14: 1560a 209017i bk15: 1560a 209187i 

------------------------------------------------------------------------

Row_Buffer_Locality = 0.768057
Row_Buffer_Locality_read = 0.770182
Row_Buffer_Locality_write = 0.000000
Bank_Level_Parallism = 2.268754
Bank_Level_Parallism_Col = 1.680843
Bank_Level_Parallism_Ready = 1.189754
write_to_read_ratio_blp_rw_average = 0.022493
GrpLevelPara = 1.457814 

BW Util details:
bwutil = 0.225104 
total_CMD = 220769 
util_bw = 24848 
Wasted_Col = 45630 
Wasted_Row = 18715 
Idle = 131576 

BW Util Bottlenecks: 
RCDc_limit = 47669 
RCDWRc_limit = 449 
WTRc_limit = 495 
RTWc_limit = 1874 
CCDLc_limit = 15987 
rwq = 0 
CCDLc_limit_alone = 15761 
WTRc_limit_alone = 471 
RTWc_limit_alone = 1672 

Commands details: 
total_CMD = 220769 
n_nop = 187841 
Read = 24576 
Write = 0 
L2_Alloc = 0 
L2_WB = 272 
n_act = 5716 
n_pre = 5700 
n_ref = 0 
n_req = 24644 
total_req = 24848 

Dual Bus Interface Util: 
issued_total_row = 11416 
issued_total_col = 24848 
Row_Bus_Util =  0.051710 
CoL_Bus_Util = 0.112552 
Either_Row_CoL_Bus_Util = 0.149151 
Issued_on_Two_Bus_Simul_Util = 0.015111 
issued_two_Eff = 0.101312 
queue_avg = 2.951909 


dram_util_bins: 0 0 0 0 0 0 0 0 0 0
dram_eff_bins: 0 0 0 0 0 0 0 0 0 0
mrqq: max=120 avg=2.95191
Memory Partition 68: 
Cache L2_bank_136:
MSHR contents

Cache L2_bank_137:
MSHR contents

In Dram Latency Queue (total = 0): 
DRAM[68]: 16 bks, busW=8 BL=4 CL=12, tRRD=3 tCCD=1, tRCD=12 tRAS=28 tRP=12 tRC=40
n_cmd=220769 n_nop=187809 n_act=5708 n_pre=5692 n_ref_event=0 n_req=24636 n_rd=24576 n_rd_L2_A=0 n_write=0 n_wr_bk=240 bw_util=0.2248
n_activity=108752 dram_eff=0.4564
bk0: 1560a 209182i bk1: 1560a 209416i bk2: 1536a 209513i bk3: 1536a 209511i bk4: 1520a 209446i bk5: 1520a 209669i bk6: 1520a 210113i bk7: 1520a 209844i bk8: 1520a 209675i bk9: 1520a 209683i bk10: 1520a 209726i bk11: 1520a 209997i bk12: 1552a 209991i bk13: 1552a 210008i bk14: 1560a 209674i bk15: 1560a 209581i 

------------------------------------------------------------------------

Row_Buffer_Locality = 0.768307
Row_Buffer_Locality_read = 0.770182
Row_Buffer_Locality_write = 0.000000
Bank_Level_Parallism = 2.258917
Bank_Level_Parallism_Col = 1.668081
Bank_Level_Parallism_Ready = 1.200274
write_to_read_ratio_blp_rw_average = 0.018545
GrpLevelPara = 1.455813 

BW Util details:
bwutil = 0.224814 
total_CMD = 220769 
util_bw = 24816 
Wasted_Col = 45931 
Wasted_Row = 18637 
Idle = 131385 

BW Util Bottlenecks: 
RCDc_limit = 48245 
RCDWRc_limit = 402 
WTRc_limit = 411 
RTWc_limit = 1575 
CCDLc_limit = 16057 
rwq = 0 
CCDLc_limit_alone = 15891 
WTRc_limit_alone = 384 
RTWc_limit_alone = 1436 

Commands details: 
total_CMD = 220769 
n_nop = 187809 
Read = 24576 
Write = 0 
L2_Alloc = 0 
L2_WB = 240 
n_act = 5708 
n_pre = 5692 
n_ref = 0 
n_req = 24636 
total_req = 24816 

Dual Bus Interface Util: 
issued_total_row = 11400 
issued_total_col = 24816 
Row_Bus_Util =  0.051638 
CoL_Bus_Util = 0.112407 
Either_Row_CoL_Bus_Util = 0.149296 
Issued_on_Two_Bus_Simul_Util = 0.014748 
issued_two_Eff = 0.098786 
queue_avg = 2.900013 


dram_util_bins: 0 0 0 0 0 0 0 0 0 0
dram_eff_bins: 0 0 0 0 0 0 0 0 0 0
mrqq: max=103 avg=2.90001
Memory Partition 69: 
Cache L2_bank_138:
MSHR contents

Cache L2_bank_139:
MSHR contents

In Dram Latency Queue (total = 0): 
DRAM[69]: 16 bks, busW=8 BL=4 CL=12, tRRD=3 tCCD=1, tRCD=12 tRAS=28 tRP=12 tRC=40
n_cmd=220769 n_nop=187855 n_act=5715 n_pre=5699 n_ref_event=0 n_req=24626 n_rd=24576 n_rd_L2_A=0 n_write=0 n_wr_bk=200 bw_util=0.2245
n_activity=110535 dram_eff=0.4483
bk0: 1560a 209630i bk1: 1560a 209682i bk2: 1536a 209486i bk3: 1536a 209278i bk4: 1520a 209542i bk5: 1520a 209913i bk6: 1520a 209808i bk7: 1520a 209486i bk8: 1520a 209616i bk9: 1520a 209853i bk10: 1520a 210149i bk11: 1520a 210068i bk12: 1552a 209910i bk13: 1552a 210072i bk14: 1560a 209290i bk15: 1560a 209216i 

------------------------------------------------------------------------

Row_Buffer_Locality = 0.767928
Row_Buffer_Locality_read = 0.769450
Row_Buffer_Locality_write = 0.020000
Bank_Level_Parallism = 2.223371
Bank_Level_Parallism_Col = 1.663030
Bank_Level_Parallism_Ready = 1.229416
write_to_read_ratio_blp_rw_average = 0.013604
GrpLevelPara = 1.432511 

BW Util details:
bwutil = 0.224452 
total_CMD = 220769 
util_bw = 24776 
Wasted_Col = 46659 
Wasted_Row = 19387 
Idle = 129947 

BW Util Bottlenecks: 
RCDc_limit = 48488 
RCDWRc_limit = 291 
WTRc_limit = 380 
RTWc_limit = 1266 
CCDLc_limit = 16483 
rwq = 0 
CCDLc_limit_alone = 16384 
WTRc_limit_alone = 359 
RTWc_limit_alone = 1188 

Commands details: 
total_CMD = 220769 
n_nop = 187855 
Read = 24576 
Write = 0 
L2_Alloc = 0 
L2_WB = 200 
n_act = 5715 
n_pre = 5699 
n_ref = 0 
n_req = 24626 
total_req = 24776 

Dual Bus Interface Util: 
issued_total_row = 11414 
issued_total_col = 24776 
Row_Bus_Util =  0.051701 
CoL_Bus_Util = 0.112226 
Either_Row_CoL_Bus_Util = 0.149088 
Issued_on_Two_Bus_Simul_Util = 0.014839 
issued_two_Eff = 0.099532 
queue_avg = 2.820002 


dram_util_bins: 0 0 0 0 0 0 0 0 0 0
dram_eff_bins: 0 0 0 0 0 0 0 0 0 0
mrqq: max=108 avg=2.82
Memory Partition 70: 
Cache L2_bank_140:
MSHR contents

Cache L2_bank_141:
MSHR contents

In Dram Latency Queue (total = 0): 
DRAM[70]: 16 bks, busW=8 BL=4 CL=12, tRRD=3 tCCD=1, tRCD=12 tRAS=28 tRP=12 tRC=40
n_cmd=220769 n_nop=187892 n_act=5727 n_pre=5711 n_ref_event=0 n_req=24632 n_rd=24576 n_rd_L2_A=0 n_write=0 n_wr_bk=224 bw_util=0.2247
n_activity=110043 dram_eff=0.4507
bk0: 1560a 209473i bk1: 1560a 209481i bk2: 1536a 209668i bk3: 1536a 209813i bk4: 1520a 209678i bk5: 1520a 209979i bk6: 1520a 209845i bk7: 1520a 209867i bk8: 1520a 209732i bk9: 1520a 209806i bk10: 1520a 210045i bk11: 1520a 210009i bk12: 1552a 209892i bk13: 1552a 210237i bk14: 1560a 209591i bk15: 1560a 209555i 

------------------------------------------------------------------------

Row_Buffer_Locality = 0.767498
Row_Buffer_Locality_read = 0.769246
Row_Buffer_Locality_write = 0.000000
Bank_Level_Parallism = 2.206339
Bank_Level_Parallism_Col = 1.628232
Bank_Level_Parallism_Ready = 1.176573
write_to_read_ratio_blp_rw_average = 0.017141
GrpLevelPara = 1.429333 

BW Util details:
bwutil = 0.224669 
total_CMD = 220769 
util_bw = 24800 
Wasted_Col = 46967 
Wasted_Row = 19001 
Idle = 130001 

BW Util Bottlenecks: 
RCDc_limit = 48538 
RCDWRc_limit = 383 
WTRc_limit = 324 
RTWc_limit = 1147 
CCDLc_limit = 16293 
rwq = 0 
CCDLc_limit_alone = 16200 
WTRc_limit_alone = 314 
RTWc_limit_alone = 1064 

Commands details: 
total_CMD = 220769 
n_nop = 187892 
Read = 24576 
Write = 0 
L2_Alloc = 0 
L2_WB = 224 
n_act = 5727 
n_pre = 5711 
n_ref = 0 
n_req = 24632 
total_req = 24800 

Dual Bus Interface Util: 
issued_total_row = 11438 
issued_total_col = 24800 
Row_Bus_Util =  0.051810 
CoL_Bus_Util = 0.112335 
Either_Row_CoL_Bus_Util = 0.148920 
Issued_on_Two_Bus_Simul_Util = 0.015224 
issued_two_Eff = 0.102230 
queue_avg = 2.744249 


dram_util_bins: 0 0 0 0 0 0 0 0 0 0
dram_eff_bins: 0 0 0 0 0 0 0 0 0 0
mrqq: max=94 avg=2.74425
Memory Partition 71: 
Cache L2_bank_142:
MSHR contents

Cache L2_bank_143:
MSHR contents

In Dram Latency Queue (total = 1): 
Ready @ 126552 -   mf: uid=17610494, sid4294967295:w4294967295, part=71, addr=0xc06a10800, store, size=128, L2_WRBK  status = IN_PARTITION_DRAM_LATENCY_QUEUE (126298), 
DRAM[71]: 16 bks, busW=8 BL=4 CL=12, tRRD=3 tCCD=1, tRCD=12 tRAS=28 tRP=12 tRC=40
n_cmd=220769 n_nop=187859 n_act=5737 n_pre=5721 n_ref_event=0 n_req=24637 n_rd=24576 n_rd_L2_A=0 n_write=0 n_wr_bk=244 bw_util=0.2249
n_activity=109062 dram_eff=0.4552
bk0: 1560a 209436i bk1: 1560a 209392i bk2: 1536a 209873i bk3: 1536a 209580i bk4: 1520a 209987i bk5: 1520a 209718i bk6: 1520a 209464i bk7: 1520a 209869i bk8: 1520a 209738i bk9: 1520a 209747i bk10: 1520a 209974i bk11: 1520a 210063i bk12: 1552a 210037i bk13: 1552a 209935i bk14: 1560a 209253i bk15: 1560a 208858i 

------------------------------------------------------------------------

Row_Buffer_Locality = 0.767139
Row_Buffer_Locality_read = 0.769043
Row_Buffer_Locality_write = 0.000000
Bank_Level_Parallism = 2.253598
Bank_Level_Parallism_Col = 1.660237
Bank_Level_Parallism_Ready = 1.185778
write_to_read_ratio_blp_rw_average = 0.018990
GrpLevelPara = 1.444008 

BW Util details:
bwutil = 0.224850 
total_CMD = 220769 
util_bw = 24820 
Wasted_Col = 46087 
Wasted_Row = 18735 
Idle = 131127 

BW Util Bottlenecks: 
RCDc_limit = 48195 
RCDWRc_limit = 415 
WTRc_limit = 379 
RTWc_limit = 1418 
CCDLc_limit = 16222 
rwq = 0 
CCDLc_limit_alone = 16062 
WTRc_limit_alone = 347 
RTWc_limit_alone = 1290 

Commands details: 
total_CMD = 220769 
n_nop = 187859 
Read = 24576 
Write = 0 
L2_Alloc = 0 
L2_WB = 244 
n_act = 5737 
n_pre = 5721 
n_ref = 0 
n_req = 24637 
total_req = 24820 

Dual Bus Interface Util: 
issued_total_row = 11458 
issued_total_col = 24820 
Row_Bus_Util =  0.051900 
CoL_Bus_Util = 0.112425 
Either_Row_CoL_Bus_Util = 0.149070 
Issued_on_Two_Bus_Simul_Util = 0.015256 
issued_two_Eff = 0.102340 
queue_avg = 2.844639 


dram_util_bins: 0 0 0 0 0 0 0 0 0 0
dram_eff_bins: 0 0 0 0 0 0 0 0 0 0
mrqq: max=103 avg=2.84464
Memory Partition 72: 
Cache L2_bank_144:
MSHR contents

Cache L2_bank_145:
MSHR contents

In Dram Latency Queue (total = 0): 
DRAM[72]: 16 bks, busW=8 BL=4 CL=12, tRRD=3 tCCD=1, tRCD=12 tRAS=28 tRP=12 tRC=40
n_cmd=220769 n_nop=187766 n_act=5717 n_pre=5701 n_ref_event=0 n_req=24646 n_rd=24576 n_rd_L2_A=0 n_write=0 n_wr_bk=280 bw_util=0.2252
n_activity=111063 dram_eff=0.4476
bk0: 1560a 209330i bk1: 1560a 209160i bk2: 1536a 209520i bk3: 1536a 209826i bk4: 1520a 209880i bk5: 1520a 210035i bk6: 1520a 210206i bk7: 1520a 210075i bk8: 1520a 209719i bk9: 1520a 209784i bk10: 1520a 210179i bk11: 1520a 210228i bk12: 1552a 209065i bk13: 1552a 209120i bk14: 1560a 209495i bk15: 1560a 209481i 

------------------------------------------------------------------------

Row_Buffer_Locality = 0.768035
Row_Buffer_Locality_read = 0.770142
Row_Buffer_Locality_write = 0.028571
Bank_Level_Parallism = 2.224920
Bank_Level_Parallism_Col = 1.645935
Bank_Level_Parallism_Ready = 1.190216
write_to_read_ratio_blp_rw_average = 0.020010
GrpLevelPara = 1.435220 

BW Util details:
bwutil = 0.225177 
total_CMD = 220769 
util_bw = 24856 
Wasted_Col = 46725 
Wasted_Row = 19140 
Idle = 130048 

BW Util Bottlenecks: 
RCDc_limit = 48279 
RCDWRc_limit = 452 
WTRc_limit = 435 
RTWc_limit = 1434 
CCDLc_limit = 16011 
rwq = 0 
CCDLc_limit_alone = 15872 
WTRc_limit_alone = 411 
RTWc_limit_alone = 1319 

Commands details: 
total_CMD = 220769 
n_nop = 187766 
Read = 24576 
Write = 0 
L2_Alloc = 0 
L2_WB = 280 
n_act = 5717 
n_pre = 5701 
n_ref = 0 
n_req = 24646 
total_req = 24856 

Dual Bus Interface Util: 
issued_total_row = 11418 
issued_total_col = 24856 
Row_Bus_Util =  0.051719 
CoL_Bus_Util = 0.112588 
Either_Row_CoL_Bus_Util = 0.149491 
Issued_on_Two_Bus_Simul_Util = 0.014816 
issued_two_Eff = 0.099112 
queue_avg = 2.810277 


dram_util_bins: 0 0 0 0 0 0 0 0 0 0
dram_eff_bins: 0 0 0 0 0 0 0 0 0 0
mrqq: max=98 avg=2.81028
Memory Partition 73: 
Cache L2_bank_146:
MSHR contents

Cache L2_bank_147:
MSHR contents

In Dram Latency Queue (total = 0): 
DRAM[73]: 16 bks, busW=8 BL=4 CL=12, tRRD=3 tCCD=1, tRCD=12 tRAS=28 tRP=12 tRC=40
n_cmd=220769 n_nop=187722 n_act=5736 n_pre=5720 n_ref_event=0 n_req=24641 n_rd=24576 n_rd_L2_A=0 n_write=0 n_wr_bk=260 bw_util=0.225
n_activity=108725 dram_eff=0.4569
bk0: 1560a 209258i bk1: 1560a 208923i bk2: 1536a 209411i bk3: 1536a 209147i bk4: 1520a 210033i bk5: 1520a 210274i bk6: 1520a 209880i bk7: 1520a 209784i bk8: 1520a 209788i bk9: 1520a 209700i bk10: 1520a 210103i bk11: 1520a 209974i bk12: 1552a 209466i bk13: 1552a 209502i bk14: 1560a 209236i bk15: 1560a 209219i 

------------------------------------------------------------------------

Row_Buffer_Locality = 0.767217
Row_Buffer_Locality_read = 0.769165
Row_Buffer_Locality_write = 0.030769
Bank_Level_Parallism = 2.267850
Bank_Level_Parallism_Col = 1.674484
Bank_Level_Parallism_Ready = 1.195120
write_to_read_ratio_blp_rw_average = 0.021116
GrpLevelPara = 1.448664 

BW Util details:
bwutil = 0.224995 
total_CMD = 220769 
util_bw = 24836 
Wasted_Col = 45977 
Wasted_Row = 18808 
Idle = 131148 

BW Util Bottlenecks: 
RCDc_limit = 48020 
RCDWRc_limit = 457 
WTRc_limit = 520 
RTWc_limit = 1535 
CCDLc_limit = 16138 
rwq = 0 
CCDLc_limit_alone = 15960 
WTRc_limit_alone = 456 
RTWc_limit_alone = 1421 

Commands details: 
total_CMD = 220769 
n_nop = 187722 
Read = 24576 
Write = 0 
L2_Alloc = 0 
L2_WB = 260 
n_act = 5736 
n_pre = 5720 
n_ref = 0 
n_req = 24641 
total_req = 24836 

Dual Bus Interface Util: 
issued_total_row = 11456 
issued_total_col = 24836 
Row_Bus_Util =  0.051891 
CoL_Bus_Util = 0.112498 
Either_Row_CoL_Bus_Util = 0.149690 
Issued_on_Two_Bus_Simul_Util = 0.014699 
issued_two_Eff = 0.098193 
queue_avg = 2.861471 


dram_util_bins: 0 0 0 0 0 0 0 0 0 0
dram_eff_bins: 0 0 0 0 0 0 0 0 0 0
mrqq: max=102 avg=2.86147
Memory Partition 74: 
Cache L2_bank_148:
MSHR contents

Cache L2_bank_149:
MSHR contents

In Dram Latency Queue (total = 0): 
DRAM[74]: 16 bks, busW=8 BL=4 CL=12, tRRD=3 tCCD=1, tRCD=12 tRAS=28 tRP=12 tRC=40
n_cmd=220769 n_nop=187786 n_act=5717 n_pre=5701 n_ref_event=0 n_req=24642 n_rd=24576 n_rd_L2_A=0 n_write=0 n_wr_bk=264 bw_util=0.225
n_activity=108350 dram_eff=0.4585
bk0: 1560a 209175i bk1: 1560a 209273i bk2: 1536a 209475i bk3: 1536a 209702i bk4: 1520a 209886i bk5: 1520a 210195i bk6: 1520a 210070i bk7: 1520a 209853i bk8: 1520a 209382i bk9: 1520a 209426i bk10: 1520a 210219i bk11: 1520a 210072i bk12: 1552a 209307i bk13: 1552a 209400i bk14: 1560a 209310i bk15: 1560a 209277i 

------------------------------------------------------------------------

Row_Buffer_Locality = 0.767998
Row_Buffer_Locality_read = 0.770060
Row_Buffer_Locality_write = 0.000000
Bank_Level_Parallism = 2.275647
Bank_Level_Parallism_Col = 1.686853
Bank_Level_Parallism_Ready = 1.204026
write_to_read_ratio_blp_rw_average = 0.018790
GrpLevelPara = 1.456313 

BW Util details:
bwutil = 0.225032 
total_CMD = 220769 
util_bw = 24840 
Wasted_Col = 45483 
Wasted_Row = 18849 
Idle = 131597 

BW Util Bottlenecks: 
RCDc_limit = 47960 
RCDWRc_limit = 422 
WTRc_limit = 519 
RTWc_limit = 1521 
CCDLc_limit = 15916 
rwq = 0 
CCDLc_limit_alone = 15742 
WTRc_limit_alone = 480 
RTWc_limit_alone = 1386 

Commands details: 
total_CMD = 220769 
n_nop = 187786 
Read = 24576 
Write = 0 
L2_Alloc = 0 
L2_WB = 264 
n_act = 5717 
n_pre = 5701 
n_ref = 0 
n_req = 24642 
total_req = 24840 

Dual Bus Interface Util: 
issued_total_row = 11418 
issued_total_col = 24840 
Row_Bus_Util =  0.051719 
CoL_Bus_Util = 0.112516 
Either_Row_CoL_Bus_Util = 0.149401 
Issued_on_Two_Bus_Simul_Util = 0.014835 
issued_two_Eff = 0.099294 
queue_avg = 2.936893 


dram_util_bins: 0 0 0 0 0 0 0 0 0 0
dram_eff_bins: 0 0 0 0 0 0 0 0 0 0
mrqq: max=107 avg=2.93689
Memory Partition 75: 
Cache L2_bank_150:
MSHR contents

Cache L2_bank_151:
MSHR contents

In Dram Latency Queue (total = 0): 
DRAM[75]: 16 bks, busW=8 BL=4 CL=12, tRRD=3 tCCD=1, tRCD=12 tRAS=28 tRP=12 tRC=40
n_cmd=220769 n_nop=187835 n_act=5732 n_pre=5716 n_ref_event=0 n_req=24640 n_rd=24576 n_rd_L2_A=0 n_write=0 n_wr_bk=256 bw_util=0.225
n_activity=108616 dram_eff=0.4572
bk0: 1560a 209492i bk1: 1560a 209517i bk2: 1536a 209434i bk3: 1536a 209737i bk4: 1520a 209789i bk5: 1520a 209961i bk6: 1520a 209814i bk7: 1520a 209846i bk8: 1520a 209584i bk9: 1520a 209864i bk10: 1520a 210316i bk11: 1520a 210434i bk12: 1552a 209170i bk13: 1552a 209238i bk14: 1560a 209406i bk15: 1560a 209505i 

------------------------------------------------------------------------

Row_Buffer_Locality = 0.767370
Row_Buffer_Locality_read = 0.769287
Row_Buffer_Locality_write = 0.031250
Bank_Level_Parallism = 2.261276
Bank_Level_Parallism_Col = 1.667092
Bank_Level_Parallism_Ready = 1.200830
write_to_read_ratio_blp_rw_average = 0.018190
GrpLevelPara = 1.454584 

BW Util details:
bwutil = 0.224959 
total_CMD = 220769 
util_bw = 24832 
Wasted_Col = 46014 
Wasted_Row = 18412 
Idle = 131511 

BW Util Bottlenecks: 
RCDc_limit = 48140 
RCDWRc_limit = 424 
WTRc_limit = 424 
RTWc_limit = 1459 
CCDLc_limit = 15809 
rwq = 0 
CCDLc_limit_alone = 15671 
WTRc_limit_alone = 399 
RTWc_limit_alone = 1346 

Commands details: 
total_CMD = 220769 
n_nop = 187835 
Read = 24576 
Write = 0 
L2_Alloc = 0 
L2_WB = 256 
n_act = 5732 
n_pre = 5716 
n_ref = 0 
n_req = 24640 
total_req = 24832 

Dual Bus Interface Util: 
issued_total_row = 11448 
issued_total_col = 24832 
Row_Bus_Util =  0.051855 
CoL_Bus_Util = 0.112480 
Either_Row_CoL_Bus_Util = 0.149179 
Issued_on_Two_Bus_Simul_Util = 0.015156 
issued_two_Eff = 0.101597 
queue_avg = 2.825116 


dram_util_bins: 0 0 0 0 0 0 0 0 0 0
dram_eff_bins: 0 0 0 0 0 0 0 0 0 0
mrqq: max=110 avg=2.82512
Memory Partition 76: 
Cache L2_bank_152:
MSHR contents

Cache L2_bank_153:
MSHR contents

In Dram Latency Queue (total = 0): 
DRAM[76]: 16 bks, busW=8 BL=4 CL=12, tRRD=3 tCCD=1, tRCD=12 tRAS=28 tRP=12 tRC=40
n_cmd=220769 n_nop=187770 n_act=5722 n_pre=5706 n_ref_event=0 n_req=24634 n_rd=24576 n_rd_L2_A=0 n_write=0 n_wr_bk=232 bw_util=0.2247
n_activity=109983 dram_eff=0.4511
bk0: 1560a 209787i bk1: 1560a 209634i bk2: 1536a 209613i bk3: 1536a 209721i bk4: 1520a 209684i bk5: 1520a 209402i bk6: 1520a 209773i bk7: 1520a 209903i bk8: 1520a 209301i bk9: 1520a 209581i bk10: 1520a 210088i bk11: 1520a 210109i bk12: 1552a 210067i bk13: 1552a 209986i bk14: 1560a 209596i bk15: 1560a 209734i 

------------------------------------------------------------------------

Row_Buffer_Locality = 0.767719
Row_Buffer_Locality_read = 0.769531
Row_Buffer_Locality_write = 0.000000
Bank_Level_Parallism = 2.230449
Bank_Level_Parallism_Col = 1.645331
Bank_Level_Parallism_Ready = 1.191551
write_to_read_ratio_blp_rw_average = 0.017203
GrpLevelPara = 1.434428 

BW Util details:
bwutil = 0.224742 
total_CMD = 220769 
util_bw = 24808 
Wasted_Col = 46464 
Wasted_Row = 18826 
Idle = 130671 

BW Util Bottlenecks: 
RCDc_limit = 48318 
RCDWRc_limit = 404 
WTRc_limit = 399 
RTWc_limit = 1204 
CCDLc_limit = 16044 
rwq = 0 
CCDLc_limit_alone = 15934 
WTRc_limit_alone = 374 
RTWc_limit_alone = 1119 

Commands details: 
total_CMD = 220769 
n_nop = 187770 
Read = 24576 
Write = 0 
L2_Alloc = 0 
L2_WB = 232 
n_act = 5722 
n_pre = 5706 
n_ref = 0 
n_req = 24634 
total_req = 24808 

Dual Bus Interface Util: 
issued_total_row = 11428 
issued_total_col = 24808 
Row_Bus_Util =  0.051765 
CoL_Bus_Util = 0.112371 
Either_Row_CoL_Bus_Util = 0.149473 
Issued_on_Two_Bus_Simul_Util = 0.014662 
issued_two_Eff = 0.098094 
queue_avg = 2.917031 


dram_util_bins: 0 0 0 0 0 0 0 0 0 0
dram_eff_bins: 0 0 0 0 0 0 0 0 0 0
mrqq: max=121 avg=2.91703
Memory Partition 77: 
Cache L2_bank_154:
MSHR contents

Cache L2_bank_155:
MSHR contents

In Dram Latency Queue (total = 0): 
DRAM[77]: 16 bks, busW=8 BL=4 CL=12, tRRD=3 tCCD=1, tRCD=12 tRAS=28 tRP=12 tRC=40
n_cmd=220769 n_nop=187865 n_act=5733 n_pre=5717 n_ref_event=0 n_req=24626 n_rd=24576 n_rd_L2_A=0 n_write=0 n_wr_bk=200 bw_util=0.2245
n_activity=109867 dram_eff=0.451
bk0: 1560a 209486i bk1: 1560a 209518i bk2: 1536a 209530i bk3: 1536a 209249i bk4: 1520a 209632i bk5: 1520a 209377i bk6: 1520a 209735i bk7: 1520a 209453i bk8: 1520a 209845i bk9: 1520a 209799i bk10: 1520a 210058i bk11: 1520a 210122i bk12: 1552a 209954i bk13: 1552a 209708i bk14: 1560a 209380i bk15: 1560a 209603i 

------------------------------------------------------------------------

Row_Buffer_Locality = 0.767197
Row_Buffer_Locality_read = 0.768758
Row_Buffer_Locality_write = 0.000000
Bank_Level_Parallism = 2.243706
Bank_Level_Parallism_Col = 1.660852
Bank_Level_Parallism_Ready = 1.201041
write_to_read_ratio_blp_rw_average = 0.015225
GrpLevelPara = 1.431397 

BW Util details:
bwutil = 0.224452 
total_CMD = 220769 
util_bw = 24776 
Wasted_Col = 46500 
Wasted_Row = 18968 
Idle = 130525 

BW Util Bottlenecks: 
RCDc_limit = 48395 
RCDWRc_limit = 299 
WTRc_limit = 541 
RTWc_limit = 1185 
CCDLc_limit = 16193 
rwq = 0 
CCDLc_limit_alone = 16056 
WTRc_limit_alone = 513 
RTWc_limit_alone = 1076 

Commands details: 
total_CMD = 220769 
n_nop = 187865 
Read = 24576 
Write = 0 
L2_Alloc = 0 
L2_WB = 200 
n_act = 5733 
n_pre = 5717 
n_ref = 0 
n_req = 24626 
total_req = 24776 

Dual Bus Interface Util: 
issued_total_row = 11450 
issued_total_col = 24776 
Row_Bus_Util =  0.051864 
CoL_Bus_Util = 0.112226 
Either_Row_CoL_Bus_Util = 0.149043 
Issued_on_Two_Bus_Simul_Util = 0.015047 
issued_two_Eff = 0.100960 
queue_avg = 2.929619 


dram_util_bins: 0 0 0 0 0 0 0 0 0 0
dram_eff_bins: 0 0 0 0 0 0 0 0 0 0
mrqq: max=118 avg=2.92962
Memory Partition 78: 
Cache L2_bank_156:
MSHR contents

Cache L2_bank_157:
MSHR contents

In Dram Latency Queue (total = 0): 
DRAM[78]: 16 bks, busW=8 BL=4 CL=12, tRRD=3 tCCD=1, tRCD=12 tRAS=28 tRP=12 tRC=40
n_cmd=220769 n_nop=187865 n_act=5704 n_pre=5688 n_ref_event=0 n_req=24630 n_rd=24576 n_rd_L2_A=0 n_write=0 n_wr_bk=216 bw_util=0.2246
n_activity=109386 dram_eff=0.4533
bk0: 1560a 209361i bk1: 1560a 209390i bk2: 1536a 209744i bk3: 1536a 209804i bk4: 1520a 209613i bk5: 1520a 209849i bk6: 1520a 209667i bk7: 1520a 209262i bk8: 1520a 209836i bk9: 1520a 209706i bk10: 1520a 210106i bk11: 1520a 210108i bk12: 1552a 209715i bk13: 1552a 209819i bk14: 1560a 209668i bk15: 1560a 209741i 

------------------------------------------------------------------------

Row_Buffer_Locality = 0.768413
Row_Buffer_Locality_read = 0.770101
Row_Buffer_Locality_write = 0.000000
Bank_Level_Parallism = 2.243727
Bank_Level_Parallism_Col = 1.664675
Bank_Level_Parallism_Ready = 1.201154
write_to_read_ratio_blp_rw_average = 0.017227
GrpLevelPara = 1.444262 

BW Util details:
bwutil = 0.224597 
total_CMD = 220769 
util_bw = 24792 
Wasted_Col = 46076 
Wasted_Row = 18958 
Idle = 130943 

BW Util Bottlenecks: 
RCDc_limit = 48160 
RCDWRc_limit = 374 
WTRc_limit = 471 
RTWc_limit = 1371 
CCDLc_limit = 15987 
rwq = 0 
CCDLc_limit_alone = 15820 
WTRc_limit_alone = 419 
RTWc_limit_alone = 1256 

Commands details: 
total_CMD = 220769 
n_nop = 187865 
Read = 24576 
Write = 0 
L2_Alloc = 0 
L2_WB = 216 
n_act = 5704 
n_pre = 5688 
n_ref = 0 
n_req = 24630 
total_req = 24792 

Dual Bus Interface Util: 
issued_total_row = 11392 
issued_total_col = 24792 
Row_Bus_Util =  0.051601 
CoL_Bus_Util = 0.112298 
Either_Row_CoL_Bus_Util = 0.149043 
Issued_on_Two_Bus_Simul_Util = 0.014857 
issued_two_Eff = 0.099684 
queue_avg = 2.932980 


dram_util_bins: 0 0 0 0 0 0 0 0 0 0
dram_eff_bins: 0 0 0 0 0 0 0 0 0 0
mrqq: max=128 avg=2.93298
Memory Partition 79: 
Cache L2_bank_158:
MSHR contents

Cache L2_bank_159:
MSHR contents

In Dram Latency Queue (total = 0): 
DRAM[79]: 16 bks, busW=8 BL=4 CL=12, tRRD=3 tCCD=1, tRCD=12 tRAS=28 tRP=12 tRC=40
n_cmd=220769 n_nop=187733 n_act=5730 n_pre=5714 n_ref_event=0 n_req=24638 n_rd=24576 n_rd_L2_A=0 n_write=0 n_wr_bk=248 bw_util=0.2249
n_activity=109896 dram_eff=0.4518
bk0: 1560a 209652i bk1: 1560a 209669i bk2: 1536a 209611i bk3: 1536a 209608i bk4: 1520a 209888i bk5: 1520a 210032i bk6: 1520a 209556i bk7: 1520a 209347i bk8: 1520a 209718i bk9: 1520a 209730i bk10: 1520a 209994i bk11: 1520a 209997i bk12: 1552a 209659i bk13: 1552a 209510i bk14: 1560a 209377i bk15: 1560a 209268i 

------------------------------------------------------------------------

Row_Buffer_Locality = 0.767432
Row_Buffer_Locality_read = 0.769328
Row_Buffer_Locality_write = 0.016129
Bank_Level_Parallism = 2.249866
Bank_Level_Parallism_Col = 1.659281
Bank_Level_Parallism_Ready = 1.194570
write_to_read_ratio_blp_rw_average = 0.017864
GrpLevelPara = 1.447630 

BW Util details:
bwutil = 0.224887 
total_CMD = 220769 
util_bw = 24824 
Wasted_Col = 46270 
Wasted_Row = 18834 
Idle = 130841 

BW Util Bottlenecks: 
RCDc_limit = 48346 
RCDWRc_limit = 416 
WTRc_limit = 388 
RTWc_limit = 1376 
CCDLc_limit = 16032 
rwq = 0 
CCDLc_limit_alone = 15860 
WTRc_limit_alone = 365 
RTWc_limit_alone = 1227 

Commands details: 
total_CMD = 220769 
n_nop = 187733 
Read = 24576 
Write = 0 
L2_Alloc = 0 
L2_WB = 248 
n_act = 5730 
n_pre = 5714 
n_ref = 0 
n_req = 24638 
total_req = 24824 

Dual Bus Interface Util: 
issued_total_row = 11444 
issued_total_col = 24824 
Row_Bus_Util =  0.051837 
CoL_Bus_Util = 0.112443 
Either_Row_CoL_Bus_Util = 0.149641 
Issued_on_Two_Bus_Simul_Util = 0.014640 
issued_two_Eff = 0.097833 
queue_avg = 2.974516 


dram_util_bins: 0 0 0 0 0 0 0 0 0 0
dram_eff_bins: 0 0 0 0 0 0 0 0 0 0
mrqq: max=124 avg=2.97452

========= L2 cache stats =========
L2_cache_bank[0]: Access = 49288, Miss = 32900, Miss_rate = 0.668, Pending_hits = 7959, Reservation_fails = 0
L2_cache_bank[1]: Access = 49288, Miss = 32900, Miss_rate = 0.668, Pending_hits = 7922, Reservation_fails = 0
L2_cache_bank[2]: Access = 49288, Miss = 32900, Miss_rate = 0.668, Pending_hits = 7897, Reservation_fails = 0
L2_cache_bank[3]: Access = 49288, Miss = 32900, Miss_rate = 0.668, Pending_hits = 7822, Reservation_fails = 0
L2_cache_bank[4]: Access = 49288, Miss = 32900, Miss_rate = 0.668, Pending_hits = 7684, Reservation_fails = 0
L2_cache_bank[5]: Access = 49288, Miss = 32900, Miss_rate = 0.668, Pending_hits = 7714, Reservation_fails = 0
L2_cache_bank[6]: Access = 49288, Miss = 32900, Miss_rate = 0.668, Pending_hits = 7708, Reservation_fails = 0
L2_cache_bank[7]: Access = 49288, Miss = 32900, Miss_rate = 0.668, Pending_hits = 7751, Reservation_fails = 0
L2_cache_bank[8]: Access = 49288, Miss = 32900, Miss_rate = 0.668, Pending_hits = 7848, Reservation_fails = 0
L2_cache_bank[9]: Access = 49288, Miss = 32900, Miss_rate = 0.668, Pending_hits = 7789, Reservation_fails = 0
L2_cache_bank[10]: Access = 49288, Miss = 32900, Miss_rate = 0.668, Pending_hits = 7899, Reservation_fails = 0
L2_cache_bank[11]: Access = 49288, Miss = 32900, Miss_rate = 0.668, Pending_hits = 7879, Reservation_fails = 0
L2_cache_bank[12]: Access = 49288, Miss = 32900, Miss_rate = 0.668, Pending_hits = 7869, Reservation_fails = 0
L2_cache_bank[13]: Access = 49288, Miss = 32900, Miss_rate = 0.668, Pending_hits = 7840, Reservation_fails = 0
L2_cache_bank[14]: Access = 49288, Miss = 32900, Miss_rate = 0.668, Pending_hits = 7858, Reservation_fails = 0
L2_cache_bank[15]: Access = 49288, Miss = 32900, Miss_rate = 0.668, Pending_hits = 7854, Reservation_fails = 0
L2_cache_bank[16]: Access = 49288, Miss = 32900, Miss_rate = 0.668, Pending_hits = 7986, Reservation_fails = 0
L2_cache_bank[17]: Access = 49288, Miss = 32900, Miss_rate = 0.668, Pending_hits = 7955, Reservation_fails = 0
L2_cache_bank[18]: Access = 49288, Miss = 32900, Miss_rate = 0.668, Pending_hits = 7832, Reservation_fails = 0
L2_cache_bank[19]: Access = 49288, Miss = 32900, Miss_rate = 0.668, Pending_hits = 7883, Reservation_fails = 0
L2_cache_bank[20]: Access = 49288, Miss = 32900, Miss_rate = 0.668, Pending_hits = 7670, Reservation_fails = 0
L2_cache_bank[21]: Access = 49288, Miss = 32900, Miss_rate = 0.668, Pending_hits = 7742, Reservation_fails = 0
L2_cache_bank[22]: Access = 49288, Miss = 32900, Miss_rate = 0.668, Pending_hits = 7621, Reservation_fails = 0
L2_cache_bank[23]: Access = 49288, Miss = 32900, Miss_rate = 0.668, Pending_hits = 7644, Reservation_fails = 0
L2_cache_bank[24]: Access = 49288, Miss = 32900, Miss_rate = 0.668, Pending_hits = 7796, Reservation_fails = 0
L2_cache_bank[25]: Access = 49288, Miss = 32900, Miss_rate = 0.668, Pending_hits = 7855, Reservation_fails = 0
L2_cache_bank[26]: Access = 49288, Miss = 32900, Miss_rate = 0.668, Pending_hits = 7929, Reservation_fails = 0
L2_cache_bank[27]: Access = 49288, Miss = 32900, Miss_rate = 0.668, Pending_hits = 7872, Reservation_fails = 0
L2_cache_bank[28]: Access = 49288, Miss = 32900, Miss_rate = 0.668, Pending_hits = 7855, Reservation_fails = 0
L2_cache_bank[29]: Access = 49288, Miss = 32900, Miss_rate = 0.668, Pending_hits = 7852, Reservation_fails = 0
L2_cache_bank[30]: Access = 49288, Miss = 32900, Miss_rate = 0.668, Pending_hits = 7820, Reservation_fails = 0
L2_cache_bank[31]: Access = 49288, Miss = 32900, Miss_rate = 0.668, Pending_hits = 7889, Reservation_fails = 0
L2_cache_bank[32]: Access = 49276, Miss = 32896, Miss_rate = 0.668, Pending_hits = 7816, Reservation_fails = 0
L2_cache_bank[33]: Access = 49276, Miss = 32896, Miss_rate = 0.668, Pending_hits = 7839, Reservation_fails = 0
L2_cache_bank[34]: Access = 49276, Miss = 32896, Miss_rate = 0.668, Pending_hits = 7905, Reservation_fails = 0
L2_cache_bank[35]: Access = 49276, Miss = 32896, Miss_rate = 0.668, Pending_hits = 7884, Reservation_fails = 0
L2_cache_bank[36]: Access = 49276, Miss = 32896, Miss_rate = 0.668, Pending_hits = 7840, Reservation_fails = 0
L2_cache_bank[37]: Access = 49276, Miss = 32896, Miss_rate = 0.668, Pending_hits = 7775, Reservation_fails = 0
L2_cache_bank[38]: Access = 49276, Miss = 32896, Miss_rate = 0.668, Pending_hits = 7621, Reservation_fails = 0
L2_cache_bank[39]: Access = 49276, Miss = 32896, Miss_rate = 0.668, Pending_hits = 7675, Reservation_fails = 0
L2_cache_bank[40]: Access = 49276, Miss = 32896, Miss_rate = 0.668, Pending_hits = 7842, Reservation_fails = 0
L2_cache_bank[41]: Access = 49276, Miss = 32896, Miss_rate = 0.668, Pending_hits = 7851, Reservation_fails = 0
L2_cache_bank[42]: Access = 49276, Miss = 32896, Miss_rate = 0.668, Pending_hits = 7915, Reservation_fails = 0
L2_cache_bank[43]: Access = 49276, Miss = 32896, Miss_rate = 0.668, Pending_hits = 7898, Reservation_fails = 0
L2_cache_bank[44]: Access = 49276, Miss = 32896, Miss_rate = 0.668, Pending_hits = 7911, Reservation_fails = 0
L2_cache_bank[45]: Access = 49276, Miss = 32896, Miss_rate = 0.668, Pending_hits = 7886, Reservation_fails = 0
L2_cache_bank[46]: Access = 49276, Miss = 32896, Miss_rate = 0.668, Pending_hits = 7914, Reservation_fails = 0
L2_cache_bank[47]: Access = 49276, Miss = 32896, Miss_rate = 0.668, Pending_hits = 7878, Reservation_fails = 0
L2_cache_bank[48]: Access = 49276, Miss = 32896, Miss_rate = 0.668, Pending_hits = 7869, Reservation_fails = 0
L2_cache_bank[49]: Access = 49276, Miss = 32896, Miss_rate = 0.668, Pending_hits = 7866, Reservation_fails = 0
L2_cache_bank[50]: Access = 49276, Miss = 32896, Miss_rate = 0.668, Pending_hits = 7811, Reservation_fails = 0
L2_cache_bank[51]: Access = 49276, Miss = 32896, Miss_rate = 0.668, Pending_hits = 7879, Reservation_fails = 0
L2_cache_bank[52]: Access = 49276, Miss = 32896, Miss_rate = 0.668, Pending_hits = 7823, Reservation_fails = 0
L2_cache_bank[53]: Access = 49276, Miss = 32896, Miss_rate = 0.668, Pending_hits = 7855, Reservation_fails = 0
L2_cache_bank[54]: Access = 49276, Miss = 32896, Miss_rate = 0.668, Pending_hits = 7660, Reservation_fails = 0
L2_cache_bank[55]: Access = 49276, Miss = 32896, Miss_rate = 0.668, Pending_hits = 7644, Reservation_fails = 0
L2_cache_bank[56]: Access = 49276, Miss = 32896, Miss_rate = 0.668, Pending_hits = 7789, Reservation_fails = 0
L2_cache_bank[57]: Access = 49276, Miss = 32896, Miss_rate = 0.668, Pending_hits = 7802, Reservation_fails = 0
L2_cache_bank[58]: Access = 49276, Miss = 32896, Miss_rate = 0.668, Pending_hits = 7944, Reservation_fails = 0
L2_cache_bank[59]: Access = 49276, Miss = 32896, Miss_rate = 0.668, Pending_hits = 7934, Reservation_fails = 0
L2_cache_bank[60]: Access = 49276, Miss = 32896, Miss_rate = 0.668, Pending_hits = 7995, Reservation_fails = 0
L2_cache_bank[61]: Access = 49276, Miss = 32896, Miss_rate = 0.668, Pending_hits = 7994, Reservation_fails = 0
L2_cache_bank[62]: Access = 49276, Miss = 32896, Miss_rate = 0.668, Pending_hits = 7934, Reservation_fails = 0
L2_cache_bank[63]: Access = 49276, Miss = 32896, Miss_rate = 0.668, Pending_hits = 7918, Reservation_fails = 0
L2_cache_bank[64]: Access = 49276, Miss = 32896, Miss_rate = 0.668, Pending_hits = 7850, Reservation_fails = 0
L2_cache_bank[65]: Access = 49276, Miss = 32896, Miss_rate = 0.668, Pending_hits = 7919, Reservation_fails = 0
L2_cache_bank[66]: Access = 49276, Miss = 32896, Miss_rate = 0.668, Pending_hits = 7840, Reservation_fails = 0
L2_cache_bank[67]: Access = 49276, Miss = 32896, Miss_rate = 0.668, Pending_hits = 7795, Reservation_fails = 0
L2_cache_bank[68]: Access = 49276, Miss = 32896, Miss_rate = 0.668, Pending_hits = 7720, Reservation_fails = 0
L2_cache_bank[69]: Access = 49276, Miss = 32896, Miss_rate = 0.668, Pending_hits = 7689, Reservation_fails = 0
L2_cache_bank[70]: Access = 49276, Miss = 32896, Miss_rate = 0.668, Pending_hits = 7789, Reservation_fails = 0
L2_cache_bank[71]: Access = 49276, Miss = 32896, Miss_rate = 0.668, Pending_hits = 7819, Reservation_fails = 0
L2_cache_bank[72]: Access = 49276, Miss = 32896, Miss_rate = 0.668, Pending_hits = 7845, Reservation_fails = 0
L2_cache_bank[73]: Access = 49276, Miss = 32896, Miss_rate = 0.668, Pending_hits = 7764, Reservation_fails = 0
L2_cache_bank[74]: Access = 49276, Miss = 32896, Miss_rate = 0.668, Pending_hits = 7921, Reservation_fails = 0
L2_cache_bank[75]: Access = 49276, Miss = 32896, Miss_rate = 0.668, Pending_hits = 7815, Reservation_fails = 0
L2_cache_bank[76]: Access = 49276, Miss = 32896, Miss_rate = 0.668, Pending_hits = 7961, Reservation_fails = 0
L2_cache_bank[77]: Access = 49276, Miss = 32896, Miss_rate = 0.668, Pending_hits = 7954, Reservation_fails = 0
L2_cache_bank[78]: Access = 49276, Miss = 32896, Miss_rate = 0.668, Pending_hits = 7874, Reservation_fails = 0
L2_cache_bank[79]: Access = 49276, Miss = 32896, Miss_rate = 0.668, Pending_hits = 7879, Reservation_fails = 0
L2_cache_bank[80]: Access = 49276, Miss = 32896, Miss_rate = 0.668, Pending_hits = 7990, Reservation_fails = 0
L2_cache_bank[81]: Access = 49276, Miss = 32896, Miss_rate = 0.668, Pending_hits = 7923, Reservation_fails = 0
L2_cache_bank[82]: Access = 49276, Miss = 32896, Miss_rate = 0.668, Pending_hits = 7735, Reservation_fails = 0
L2_cache_bank[83]: Access = 49276, Miss = 32896, Miss_rate = 0.668, Pending_hits = 7815, Reservation_fails = 0
L2_cache_bank[84]: Access = 49276, Miss = 32896, Miss_rate = 0.668, Pending_hits = 7739, Reservation_fails = 0
L2_cache_bank[85]: Access = 49276, Miss = 32896, Miss_rate = 0.668, Pending_hits = 7766, Reservation_fails = 0
L2_cache_bank[86]: Access = 49276, Miss = 32896, Miss_rate = 0.668, Pending_hits = 7702, Reservation_fails = 0
L2_cache_bank[87]: Access = 49276, Miss = 32896, Miss_rate = 0.668, Pending_hits = 7658, Reservation_fails = 0
L2_cache_bank[88]: Access = 49276, Miss = 32896, Miss_rate = 0.668, Pending_hits = 7853, Reservation_fails = 0
L2_cache_bank[89]: Access = 49276, Miss = 32896, Miss_rate = 0.668, Pending_hits = 7862, Reservation_fails = 0
L2_cache_bank[90]: Access = 49276, Miss = 32896, Miss_rate = 0.668, Pending_hits = 7874, Reservation_fails = 0
L2_cache_bank[91]: Access = 49276, Miss = 32896, Miss_rate = 0.668, Pending_hits = 7835, Reservation_fails = 0
L2_cache_bank[92]: Access = 49276, Miss = 32896, Miss_rate = 0.668, Pending_hits = 7944, Reservation_fails = 0
L2_cache_bank[93]: Access = 49276, Miss = 32896, Miss_rate = 0.668, Pending_hits = 7916, Reservation_fails = 0
L2_cache_bank[94]: Access = 49276, Miss = 32896, Miss_rate = 0.668, Pending_hits = 7919, Reservation_fails = 0
L2_cache_bank[95]: Access = 49276, Miss = 32896, Miss_rate = 0.668, Pending_hits = 7957, Reservation_fails = 0
L2_cache_bank[96]: Access = 24632, Miss = 16428, Miss_rate = 0.667, Pending_hits = 3918, Reservation_fails = 0
L2_cache_bank[97]: Access = 24632, Miss = 16428, Miss_rate = 0.667, Pending_hits = 3896, Reservation_fails = 0
L2_cache_bank[98]: Access = 24632, Miss = 16428, Miss_rate = 0.667, Pending_hits = 3819, Reservation_fails = 0
L2_cache_bank[99]: Access = 24632, Miss = 16428, Miss_rate = 0.667, Pending_hits = 3822, Reservation_fails = 0
L2_cache_bank[100]: Access = 24632, Miss = 16428, Miss_rate = 0.667, Pending_hits = 3859, Reservation_fails = 0
L2_cache_bank[101]: Access = 24632, Miss = 16428, Miss_rate = 0.667, Pending_hits = 3850, Reservation_fails = 0
L2_cache_bank[102]: Access = 24632, Miss = 16428, Miss_rate = 0.667, Pending_hits = 3880, Reservation_fails = 0
L2_cache_bank[103]: Access = 24632, Miss = 16428, Miss_rate = 0.667, Pending_hits = 3882, Reservation_fails = 0
L2_cache_bank[104]: Access = 24632, Miss = 16428, Miss_rate = 0.667, Pending_hits = 3860, Reservation_fails = 0
L2_cache_bank[105]: Access = 24632, Miss = 16428, Miss_rate = 0.667, Pending_hits = 3908, Reservation_fails = 0
L2_cache_bank[106]: Access = 24632, Miss = 16428, Miss_rate = 0.667, Pending_hits = 3864, Reservation_fails = 0
L2_cache_bank[107]: Access = 24632, Miss = 16428, Miss_rate = 0.667, Pending_hits = 3863, Reservation_fails = 0
L2_cache_bank[108]: Access = 24632, Miss = 16428, Miss_rate = 0.667, Pending_hits = 3931, Reservation_fails = 0
L2_cache_bank[109]: Access = 24632, Miss = 16428, Miss_rate = 0.667, Pending_hits = 3966, Reservation_fails = 0
L2_cache_bank[110]: Access = 24632, Miss = 16428, Miss_rate = 0.667, Pending_hits = 3942, Reservation_fails = 0
L2_cache_bank[111]: Access = 24632, Miss = 16428, Miss_rate = 0.667, Pending_hits = 3947, Reservation_fails = 0
L2_cache_bank[112]: Access = 24632, Miss = 16428, Miss_rate = 0.667, Pending_hits = 3958, Reservation_fails = 0
L2_cache_bank[113]: Access = 24632, Miss = 16428, Miss_rate = 0.667, Pending_hits = 3943, Reservation_fails = 0
L2_cache_bank[114]: Access = 24632, Miss = 16428, Miss_rate = 0.667, Pending_hits = 3826, Reservation_fails = 0
L2_cache_bank[115]: Access = 24632, Miss = 16428, Miss_rate = 0.667, Pending_hits = 3813, Reservation_fails = 0
L2_cache_bank[116]: Access = 24632, Miss = 16428, Miss_rate = 0.667, Pending_hits = 3899, Reservation_fails = 0
L2_cache_bank[117]: Access = 24632, Miss = 16428, Miss_rate = 0.667, Pending_hits = 3910, Reservation_fails = 0
L2_cache_bank[118]: Access = 24632, Miss = 16428, Miss_rate = 0.667, Pending_hits = 3790, Reservation_fails = 0
L2_cache_bank[119]: Access = 24632, Miss = 16428, Miss_rate = 0.667, Pending_hits = 3800, Reservation_fails = 0
L2_cache_bank[120]: Access = 24632, Miss = 16428, Miss_rate = 0.667, Pending_hits = 3866, Reservation_fails = 0
L2_cache_bank[121]: Access = 24632, Miss = 16428, Miss_rate = 0.667, Pending_hits = 3860, Reservation_fails = 0
L2_cache_bank[122]: Access = 24632, Miss = 16428, Miss_rate = 0.667, Pending_hits = 3964, Reservation_fails = 0
L2_cache_bank[123]: Access = 24632, Miss = 16428, Miss_rate = 0.667, Pending_hits = 3964, Reservation_fails = 0
L2_cache_bank[124]: Access = 24632, Miss = 16428, Miss_rate = 0.667, Pending_hits = 3987, Reservation_fails = 0
L2_cache_bank[125]: Access = 24632, Miss = 16428, Miss_rate = 0.667, Pending_hits = 4002, Reservation_fails = 0
L2_cache_bank[126]: Access = 24632, Miss = 16428, Miss_rate = 0.667, Pending_hits = 3922, Reservation_fails = 0
L2_cache_bank[127]: Access = 24632, Miss = 16428, Miss_rate = 0.667, Pending_hits = 3956, Reservation_fails = 0
L2_cache_bank[128]: Access = 24648, Miss = 16464, Miss_rate = 0.668, Pending_hits = 3956, Reservation_fails = 0
L2_cache_bank[129]: Access = 24648, Miss = 16464, Miss_rate = 0.668, Pending_hits = 3982, Reservation_fails = 0
L2_cache_bank[130]: Access = 24648, Miss = 16464, Miss_rate = 0.668, Pending_hits = 3909, Reservation_fails = 0
L2_cache_bank[131]: Access = 24648, Miss = 16464, Miss_rate = 0.668, Pending_hits = 3878, Reservation_fails = 0
L2_cache_bank[132]: Access = 24648, Miss = 16464, Miss_rate = 0.668, Pending_hits = 3712, Reservation_fails = 0
L2_cache_bank[133]: Access = 24648, Miss = 16464, Miss_rate = 0.668, Pending_hits = 3721, Reservation_fails = 0
L2_cache_bank[134]: Access = 24648, Miss = 16464, Miss_rate = 0.668, Pending_hits = 3829, Reservation_fails = 0
L2_cache_bank[135]: Access = 24648, Miss = 16464, Miss_rate = 0.668, Pending_hits = 3807, Reservation_fails = 0
L2_cache_bank[136]: Access = 24648, Miss = 16464, Miss_rate = 0.668, Pending_hits = 3915, Reservation_fails = 0
L2_cache_bank[137]: Access = 24648, Miss = 16464, Miss_rate = 0.668, Pending_hits = 3891, Reservation_fails = 0
L2_cache_bank[138]: Access = 24648, Miss = 16464, Miss_rate = 0.668, Pending_hits = 3846, Reservation_fails = 0
L2_cache_bank[139]: Access = 24648, Miss = 16464, Miss_rate = 0.668, Pending_hits = 3907, Reservation_fails = 0
L2_cache_bank[140]: Access = 24648, Miss = 16464, Miss_rate = 0.668, Pending_hits = 3954, Reservation_fails = 0
L2_cache_bank[141]: Access = 24648, Miss = 16464, Miss_rate = 0.668, Pending_hits = 3942, Reservation_fails = 0
L2_cache_bank[142]: Access = 24648, Miss = 16464, Miss_rate = 0.668, Pending_hits = 3870, Reservation_fails = 0
L2_cache_bank[143]: Access = 24648, Miss = 16464, Miss_rate = 0.668, Pending_hits = 3851, Reservation_fails = 0
L2_cache_bank[144]: Access = 24648, Miss = 16464, Miss_rate = 0.668, Pending_hits = 4021, Reservation_fails = 0
L2_cache_bank[145]: Access = 24648, Miss = 16464, Miss_rate = 0.668, Pending_hits = 3982, Reservation_fails = 0
L2_cache_bank[146]: Access = 24648, Miss = 16464, Miss_rate = 0.668, Pending_hits = 3842, Reservation_fails = 0
L2_cache_bank[147]: Access = 24648, Miss = 16464, Miss_rate = 0.668, Pending_hits = 3845, Reservation_fails = 0
L2_cache_bank[148]: Access = 24648, Miss = 16464, Miss_rate = 0.668, Pending_hits = 3719, Reservation_fails = 0
L2_cache_bank[149]: Access = 24648, Miss = 16464, Miss_rate = 0.668, Pending_hits = 3698, Reservation_fails = 0
L2_cache_bank[150]: Access = 24648, Miss = 16464, Miss_rate = 0.668, Pending_hits = 3830, Reservation_fails = 0
L2_cache_bank[151]: Access = 24648, Miss = 16464, Miss_rate = 0.668, Pending_hits = 3803, Reservation_fails = 0
L2_cache_bank[152]: Access = 24648, Miss = 16464, Miss_rate = 0.668, Pending_hits = 3920, Reservation_fails = 0
L2_cache_bank[153]: Access = 24648, Miss = 16464, Miss_rate = 0.668, Pending_hits = 3952, Reservation_fails = 0
L2_cache_bank[154]: Access = 24648, Miss = 16464, Miss_rate = 0.668, Pending_hits = 3851, Reservation_fails = 0
L2_cache_bank[155]: Access = 24648, Miss = 16464, Miss_rate = 0.668, Pending_hits = 3896, Reservation_fails = 0
L2_cache_bank[156]: Access = 24648, Miss = 16464, Miss_rate = 0.668, Pending_hits = 3961, Reservation_fails = 0
L2_cache_bank[157]: Access = 24648, Miss = 16464, Miss_rate = 0.668, Pending_hits = 3982, Reservation_fails = 0
L2_cache_bank[158]: Access = 24648, Miss = 16464, Miss_rate = 0.668, Pending_hits = 3865, Reservation_fails = 0
L2_cache_bank[159]: Access = 24648, Miss = 16464, Miss_rate = 0.668, Pending_hits = 3889, Reservation_fails = 0
L2_total_cache_accesses = 6307840
L2_total_cache_misses = 4210688
L2_total_cache_miss_rate = 0.6675
L2_total_cache_pending_hits = 1001276
L2_total_cache_reservation_fails = 0
L2_total_cache_breakdown:
	L2_cache_stats_breakdown[GLOBAL_ACC_R][HIT] = 0
	L2_cache_stats_breakdown[GLOBAL_ACC_R][HIT_RESERVED] = 0
	L2_cache_stats_breakdown[GLOBAL_ACC_R][MISS] = 0
	L2_cache_stats_breakdown[GLOBAL_ACC_R][RESERVATION_FAIL] = 0
	L2_cache_stats_breakdown[GLOBAL_ACC_R][SECTOR_MISS] = 0
	L2_cache_stats_breakdown[GLOBAL_ACC_R][MSHR_HIT] = 0
	L2_cache_stats_breakdown[LOCAL_ACC_R][HIT] = 0
	L2_cache_stats_breakdown[LOCAL_ACC_R][HIT_RESERVED] = 0
	L2_cache_stats_breakdown[LOCAL_ACC_R][MISS] = 0
	L2_cache_stats_breakdown[LOCAL_ACC_R][RESERVATION_FAIL] = 0
	L2_cache_stats_breakdown[LOCAL_ACC_R][SECTOR_MISS] = 0
	L2_cache_stats_breakdown[LOCAL_ACC_R][MSHR_HIT] = 0
	L2_cache_stats_breakdown[CONST_ACC_R][HIT] = 0
	L2_cache_stats_breakdown[CONST_ACC_R][HIT_RESERVED] = 0
	L2_cache_stats_breakdown[CONST_ACC_R][MISS] = 0
	L2_cache_stats_breakdown[CONST_ACC_R][RESERVATION_FAIL] = 0
	L2_cache_stats_breakdown[CONST_ACC_R][SECTOR_MISS] = 0
	L2_cache_stats_breakdown[CONST_ACC_R][MSHR_HIT] = 0
	L2_cache_stats_breakdown[TEXTURE_ACC_R][HIT] = 0
	L2_cache_stats_breakdown[TEXTURE_ACC_R][HIT_RESERVED] = 0
	L2_cache_stats_breakdown[TEXTURE_ACC_R][MISS] = 0
	L2_cache_stats_breakdown[TEXTURE_ACC_R][RESERVATION_FAIL] = 0
	L2_cache_stats_breakdown[TEXTURE_ACC_R][SECTOR_MISS] = 0
	L2_cache_stats_breakdown[TEXTURE_ACC_R][MSHR_HIT] = 0
	L2_cache_stats_breakdown[GLOBAL_ACC_W][HIT] = 0
	L2_cache_stats_breakdown[GLOBAL_ACC_W][HIT_RESERVED] = 0
	L2_cache_stats_breakdown[GLOBAL_ACC_W][MISS] = 266240
	L2_cache_stats_breakdown[GLOBAL_ACC_W][RESERVATION_FAIL] = 0
	L2_cache_stats_breakdown[GLOBAL_ACC_W][SECTOR_MISS] = 798720
	L2_cache_stats_breakdown[GLOBAL_ACC_W][MSHR_HIT] = 0
	L2_cache_stats_breakdown[GLOBAL_ACC_W][TOTAL_ACCESS] = 1064960
	L2_cache_stats_breakdown[LOCAL_ACC_W][HIT] = 0
	L2_cache_stats_breakdown[LOCAL_ACC_W][HIT_RESERVED] = 0
	L2_cache_stats_breakdown[LOCAL_ACC_W][MISS] = 0
	L2_cache_stats_breakdown[LOCAL_ACC_W][RESERVATION_FAIL] = 0
	L2_cache_stats_breakdown[LOCAL_ACC_W][SECTOR_MISS] = 0
	L2_cache_stats_breakdown[LOCAL_ACC_W][MSHR_HIT] = 0
	L2_cache_stats_breakdown[L1_WRBK_ACC][HIT] = 0
	L2_cache_stats_breakdown[L1_WRBK_ACC][HIT_RESERVED] = 0
	L2_cache_stats_breakdown[L1_WRBK_ACC][MISS] = 0
	L2_cache_stats_breakdown[L1_WRBK_ACC][RESERVATION_FAIL] = 0
	L2_cache_stats_breakdown[L1_WRBK_ACC][SECTOR_MISS] = 0
	L2_cache_stats_breakdown[L1_WRBK_ACC][MSHR_HIT] = 0
	L2_cache_stats_breakdown[L2_WRBK_ACC][HIT] = 0
	L2_cache_stats_breakdown[L2_WRBK_ACC][HIT_RESERVED] = 0
	L2_cache_stats_breakdown[L2_WRBK_ACC][MISS] = 0
	L2_cache_stats_breakdown[L2_WRBK_ACC][RESERVATION_FAIL] = 0
	L2_cache_stats_breakdown[L2_WRBK_ACC][SECTOR_MISS] = 0
	L2_cache_stats_breakdown[L2_WRBK_ACC][MSHR_HIT] = 0
	L2_cache_stats_breakdown[INST_ACC_R][HIT] = 0
	L2_cache_stats_breakdown[INST_ACC_R][HIT_RESERVED] = 0
	L2_cache_stats_breakdown[INST_ACC_R][MISS] = 0
	L2_cache_stats_breakdown[INST_ACC_R][RESERVATION_FAIL] = 0
	L2_cache_stats_breakdown[INST_ACC_R][SECTOR_MISS] = 0
	L2_cache_stats_breakdown[INST_ACC_R][MSHR_HIT] = 0
	L2_cache_stats_breakdown[L1_WR_ALLOC_R][HIT] = 0
	L2_cache_stats_breakdown[L1_WR_ALLOC_R][HIT_RESERVED] = 0
	L2_cache_stats_breakdown[L1_WR_ALLOC_R][MISS] = 0
	L2_cache_stats_breakdown[L1_WR_ALLOC_R][RESERVATION_FAIL] = 0
	L2_cache_stats_breakdown[L1_WR_ALLOC_R][SECTOR_MISS] = 0
	L2_cache_stats_breakdown[L1_WR_ALLOC_R][MSHR_HIT] = 0
	L2_cache_stats_breakdown[L2_WR_ALLOC_R][HIT] = 0
	L2_cache_stats_breakdown[L2_WR_ALLOC_R][HIT_RESERVED] = 0
	L2_cache_stats_breakdown[L2_WR_ALLOC_R][MISS] = 0
	L2_cache_stats_breakdown[L2_WR_ALLOC_R][RESERVATION_FAIL] = 0
	L2_cache_stats_breakdown[L2_WR_ALLOC_R][SECTOR_MISS] = 0
	L2_cache_stats_breakdown[L2_WR_ALLOC_R][MSHR_HIT] = 0
	L2_cache_stats_breakdown[TMA_ACC_R][HIT] = 0
	L2_cache_stats_breakdown[TMA_ACC_R][HIT_RESERVED] = 0
	L2_cache_stats_breakdown[TMA_ACC_R][MISS] = 0
	L2_cache_stats_breakdown[TMA_ACC_R][RESERVATION_FAIL] = 0
	L2_cache_stats_breakdown[TMA_ACC_R][SECTOR_MISS] = 0
	L2_cache_stats_breakdown[TMA_ACC_R][MSHR_HIT] = 0
	L2_cache_stats_breakdown[TMA_ACC_W][HIT] = 0
	L2_cache_stats_breakdown[TMA_ACC_W][HIT_RESERVED] = 0
	L2_cache_stats_breakdown[TMA_ACC_W][MISS] = 0
	L2_cache_stats_breakdown[TMA_ACC_W][RESERVATION_FAIL] = 0
	L2_cache_stats_breakdown[TMA_ACC_W][SECTOR_MISS] = 0
	L2_cache_stats_breakdown[TMA_ACC_W][MSHR_HIT] = 0
	L2_cache_stats_breakdown[CP_ASYNC_ACC_R][HIT] = 1095876
	L2_cache_stats_breakdown[CP_ASYNC_ACC_R][HIT_RESERVED] = 1001276
	L2_cache_stats_breakdown[CP_ASYNC_ACC_R][MISS] = 786432
	L2_cache_stats_breakdown[CP_ASYNC_ACC_R][RESERVATION_FAIL] = 0
	L2_cache_stats_breakdown[CP_ASYNC_ACC_R][SECTOR_MISS] = 2359296
	L2_cache_stats_breakdown[CP_ASYNC_ACC_R][MSHR_HIT] = 1001276
	L2_cache_stats_breakdown[CP_ASYNC_ACC_R][TOTAL_ACCESS] = 5242880
L2_total_cache_reservation_fail_reason_breakdown:
	L2_cache_stats_fail_reason_breakdown[LINE_ALLOC_FAIL] = 0
	L2_cache_stats_fail_reason_breakdown[MISS_QUEUE_FULL] = 0
	L2_cache_stats_fail_reason_breakdown[MSHR_ENRTY_FAIL] = 0
	L2_cache_stats_fail_reason_breakdown[MSHR_MERGE_ENRTY_FAIL] = 0
	L2_cache_stats_fail_reason_breakdown[MSHR_RW_PENDING] = 0
	L2_cache_stats_fail_reason_breakdown[TOTAL] = 0
L2_total_cache_reservation_fail_breakdown:
L2_cache_data_port_util = 0.049
L2_cache_fill_port_util = 0.000

icnt_total_pkts_mem_to_simt=6307840
icnt_total_pkts_simt_to_mem=2375680
LD_mem_lat_dist  0 0 0 0 0 0 0 0 0 0 0 0 0 0 0 0 0 0 0 0 0 0 0 0 0 0 0 0
ST_mem_lat_dist  0 0 0 0 0 0 0 0 0 0 0 0 0 0 0 0 0 0 0 0 0 0 0 0 0 0 0 0
----------------------------Interconnect-DETAILS--------------------------------
Req_Network_injected_packets_num = 2373876
Req_Network_cycles = 143411
Req_Network_injected_packets_per_cycle =      16.5530 
Req_Network_conflicts_per_cycle =       8.8519
Req_Network_conflicts_per_cycle_util =      10.9565
Req_Bank_Level_Parallism =      20.5042
Req_Network_in_buffer_full_per_cycle =       0.0000
Req_Network_in_buffer_avg_util =       0.0803
Req_Network_out_buffer_full_per_cycle =       0.0000
Req_Network_out_buffer_avg_util =       1.2827
Req_Network_input_pushes_top = 0:18560 2:18560 3:18560 4:18560 6:18560 8:18560 9:18560 10:18560
Req_Network_output_pushes_top = 132:18565 133:18565 134:18565 135:18565 136:18565 137:18565 138:18565 139:18565
Req_Network_input_grants_top = 0:18560 2:18560 3:18560 4:18560 6:18560 8:18560 9:18560 10:18560
Req_Network_output_grants_top = 132:18565 133:18565 134:18565 135:18565 136:18565 137:18565 138:18565 139:18565
Req_Network_input_full_events_top =
Req_Network_output_full_events_top =
Req_Network_max_input_occupancy_top = 0:57 17:53 38:53 64:52 81:52 101:52 22:51 35:51
Req_Network_max_output_occupancy_top = 179:229 175:223 173:222 140:220 171:220 177:219 134:218 146:218

Reply_Network_injected_packets_num = 6307840
Reply_Network_cycles = 143411
Reply_Network_injected_packets_per_cycle =      43.9844
Reply_Network_conflicts_per_cycle =    2217.3665
Reply_Network_conflicts_per_cycle_util =    2463.0134
Reply_Bank_Level_Parallism =      48.8571
Reply_Network_in_buffer_full_per_cycle =       0.0000
Reply_Network_in_buffer_avg_util =      58.6824
Reply_Network_out_buffer_full_per_cycle =       0.0000
Reply_Network_out_buffer_avg_util =       0.6163
Reply_Network_input_pushes_top = 132:49288 133:49288 134:49288 135:49288 136:49288 137:49288 138:49288 139:49288
Reply_Network_output_pushes_top = 0:49280 2:49280 3:49280 4:49280 6:49280 8:49280 9:49280 10:49280
Reply_Network_input_grants_top = 132:49288 133:49288 134:49288 135:49288 136:49288 137:49288 138:49288 139:49288
Reply_Network_output_grants_top = 0:49280 2:49280 3:49280 4:49280 6:49280 8:49280 9:49280 10:49280
Reply_Network_input_full_events_top =
Reply_Network_output_full_events_top =
Reply_Network_max_input_occupancy_top = 187:408 186:407 155:405 194:404 198:404 199:404 218:400 154:399
Reply_Network_max_output_occupancy_top = 13:68 58:41 52:29 116:29 1:28 27:28 40:28 21:27
----------------------------END-of-Interconnect-DETAILS-------------------------


gpgpu_simulation_time = 0 days, 0 hrs, 8 min, 48 sec (528 sec)
gpgpu_simulation_rate = 1095121 (inst/sec)
gpgpu_simulation_rate = 239 (cycle/sec)
gpgpu_silicon_slowdown = 6276150x
GPGPU-Sim: synchronize waiting for inactive GPU simulation
GPGPU-Sim API: Stream Manager State
GPGPU-Sim: detected inactive GPU simulation thread
[       OK ] Fa2PrefillFp16SmallTest.H16D128FullB32S256 (511583 ms)
[----------] 1 test from Fa2PrefillFp16SmallTest (511583 ms total)

[----------] Global test environment tear-down
[==========] 1 test from 1 test suite ran. (511583 ms total)
[  PASSED  ] 1 test.
GPGPU-Sim: *** exit detected ***
