[2026-06-17 17:32:32] START job_id=h32d64_causal stage=fa2_small case=H32D64CausalB32S256
[2026-06-17 17:32:32] workdir=/data/wzr/flashgpu-sim-blackwell/flashgpu-sim/test/run/FA2_SMALL4_TENSOR6_LAT22_20260617_1738/work/002_fa2_small_H32D64CausalB32S256
[2026-06-17 17:32:32] cpu_set=16-19
[2026-06-17 17:32:32] command=taskset -c 16-19 /data/wzr/flashgpu-sim-blackwell/flashgpu-sim/test/build/bin/hopper/run_fa2_small_h32d64_causal_tests --gtest_filter=Fa2PrefillFp16SmallTest.H32D64CausalB32S256
[2026-06-17 17:32:32] config=SM90_H100_1500MHZ_HBM80_L2S160_MSHR512_L2NOC1700_FA2_REGALLOC_TENSOR6_LAT22_TMP
[2026-06-17 17:32:32] core_clock_mhz=1500.0
[2026-06-17 17:32:32] LD_LIBRARY_PATH=/data/wzr/flashgpu-sim-blackwell/flashgpu-sim/lib/gcc-13.3.0/cuda-12080/release:/home/wzr/cuda/lib64:/home/wzr/cuda/lib64:/home/wzr/cuda/lib64:
self exe links to: /data/wzr/flashgpu-sim-blackwell/flashgpu-sim/test/build/bin/hopper/run_fa2_small_h32d64_causal_tests
self exe links to: /data/wzr/flashgpu-sim-blackwell/flashgpu-sim/test/build/bin/hopper/run_fa2_small_h32d64_causal_tests
12


        *** GPGPU-Sim Simulator Version 4.2.0  [build gpgpu-sim_git-commit-4ff1712e_modified_29.0] ***


GPGPU-Sim PTX: simulation mode 0 (can change with PTX_SIM_MODE_FUNC environment variable:
               1=functional simulation only, 0=detailed performance simulator)
GPGPU-Sim: Configuration options:

-save_embedded_ptx                      0 # saves ptx files embedded in binary as <n>.ptx
-keep                                   0 # keep intermediate files created by GPGPU-Sim when interfacing with external programs
-gpgpu_ptx_save_converted_ptxplus                    0 # Saved converted ptxplus to a file
-gpgpu_occupancy_sm_number                   90 # The SM number to pass to ptxas when getting register usage for computing GPU occupancy. This parameter is required in the config.
-gpgpu_ptx_register_allocator                    1 # Enable conservative PTX virtual register aliasing.
-gpgpu_ptx_register_allocator_stats                    0 # Print PTX virtual register allocator statistics.
-gpgpu_ptx_reorder                      1 # Enable conservative PTX instruction reordering.
-gpgpu_ptx_reorder_stats                    1 # Print PTX instruction reordering statistics.
-gpgpu_ptx_reorder_ready_slack                    0 # Extra issue-ready slack for PTX switch reordering.
-gpgpu_ptx_reorder_dump                    0 # Dump PTX instruction order after reordering.
-gpgpu_ptx_reorder_dump_dir       ptx_sched_dump # Directory for PTX reorder dumps.
-gpgpu_ptx_reorder_sass_guided                    0 # Use a SASS LDSM/HMMA class stream to guide PTX reordering in segments containing MMA.
-gpgpu_ptx_reorder_sass_file                      # cuobjdump --dump-sass file used by SASS-guided PTX reordering.
-gpgpu_ptx_reorder_sass_guide_lookahead                  256 # Maximum LDSM/HMMA guide-stream distance searched by SASS-guided PTX reordering.
-ptx_opcode_latency_int        4,4,4,4,21,14 # Opcode latencies for integers <ADD,MAX,MUL,MAD,DIV,SHFL>Default 1,1,19,25,145,32
-ptx_opcode_latency_fp           4,4,4,4,39 # Opcode latencies for single precision floating points <ADD,MAX,MUL,MAD,DIV>Default 1,1,1,1,30
-ptx_opcode_latency_dp      64,64,64,64,330 # Opcode latencies for double precision floating points <ADD,MAX,MUL,MAD,DIV>Default 8,8,8,8,335
-ptx_opcode_latency_sfu                   28 # Opcode latencies for SFU instructionsDefault 8
-ptx_opcode_latency_tensor 22,32,19,32,32,32,19 # Opcode latencies for Tensor instructionsDefault 64
-ptx_opcode_latency_wgmma_ss              4,4,4,4 # WGMMA tensor pipe latencies for SS operands <m64n8,m64n16,m64n32,m64n64>. Default 4,4,4,4
-ptx_opcode_latency_wgmma_rs              3,3,3,3 # WGMMA tensor pipe latencies for RS operands <m64n8,m64n16,m64n32,m64n64>. Default 12,12,12,12
-ptx_opcode_completion_wgmma_ss          66,66,66,66 # WGMMA overlappable completion tail latencies for SS operands <m64n8,m64n16,m64n32,m64n64>. Default 66,66,66,66
-ptx_opcode_completion_wgmma_rs          64,65,64,64 # WGMMA overlappable completion tail latencies for RS operands <m64n8,m64n16,m64n32,m64n64>. Default 64,65,64,64
-ptx_opcode_completion_wgmma_int_ss          64,64,64,64 # WGMMA overlappable completion tail latencies for int/b1 SS operands <m64n8,m64n16,m64n32,m64n64>. Default 64,64,64,64
-ptx_opcode_completion_wgmma_int_rs          62,62,62,61 # WGMMA overlappable completion tail latencies for int/b1 RS operands <m64n8,m64n16,m64n32,m64n64>. Default 62,62,62,61
-ptx_opcode_compute_throughput_wgmma 4096,2048,8192,8192,65536 # WGMMA non-overlappable compute throughput in work/cycle per SM <f16/bf16,tf32,fp8,int8,b1>. Default 4096,2048,8192,8192,65536
-ptx_opcode_latency_tma                   32 # Opcode latency for TMA (cp.async.bulk) instructionsDefault 33
-ptx_opcode_latency_cp_async                    7 # Opcode latency for ordinary cp.async instructions. Default 7
-ptx_opcode_latency_cp_async_commit                    7 # Opcode latency for ordinary cp.async.commit_group instructions. Default 7
-ptx_opcode_latency_cp_async_wait                    5 # Opcode latency for ordinary cp.async.wait_group/wait_all instructions. Default 5
-ptx_opcode_latency_tensormap                1,1,1 # Opcode latencies for tensormap descriptor instructions <replace,cp_fenceproxy,fence_proxy_tensormap>Default 1,1,1
-ptx_opcode_initiation_int          1,1,1,1,2,4 # Opcode initiation intervals for integers <ADD,MAX,MUL,MAD,DIV,SHFL>Default 1,1,4,4,32,4
-ptx_opcode_initiation_fp            1,1,1,1,2 # Opcode initiation intervals for single precision floating points <ADD,MAX,MUL,MAD,DIV>Default 1,1,1,1,5
-ptx_opcode_initiation_dp      64,64,64,64,130 # Opcode initiation intervals for double precision floating points <ADD,MAX,MUL,MAD,DIV>Default 8,8,8,8,130
-ptx_opcode_initiation_sfu                    8 # Opcode initiation intervals for sfu instructionsDefault 8
-ptx_opcode_initiation_tensor  6,32,19,32,32,32,19 # Opcode initiation intervals for tensor instructionsDefault 64
-ptx_opcode_initiation_wgmma_ss              4,4,4,4 # WGMMA initiation intervals for SS operands <m64n8,m64n16,m64n32,m64n64>. Default 4,4,4,4
-ptx_opcode_initiation_wgmma_rs              3,3,3,3 # WGMMA initiation intervals for RS operands <m64n8,m64n16,m64n32,m64n64>. Default 12,12,12,12
-ptx_opcode_initiation_tma                   32 # Opcode initiation interval for TMA (cp.async.bulk) instructionsDefault 33
-ptx_opcode_initiation_cp_async                    7 # Opcode initiation interval for ordinary cp.async instructions. Default 7
-ptx_opcode_initiation_cp_async_commit                    7 # Opcode initiation interval for ordinary cp.async.commit_group instructions. Default 7
-ptx_opcode_initiation_cp_async_wait                    5 # Opcode initiation interval for ordinary cp.async.wait_group/wait_all instructions. Default 5
-ptx_opcode_initiation_tensormap                1,1,1 # Opcode initiation intervals for tensormap descriptor instructions <replace,cp_fenceproxy,fence_proxy_tensormap>Default 1,1,1
-cdp_latency         7200,8000,100,12000,1600 # CDP API latency <cudaStreamCreateWithFlags, cudaGetParameterBufferV2_init_perWarp, cudaGetParameterBufferV2_perKernel, cudaLaunchDeviceV2_init_perWarp, cudaLaunchDevicV2_perKernel>Default 7200,8000,100,12000,1600
-network_mode                           2 # Interconnection network mode
-inter_config_file                   mesh # Interconnection network config file
-icnt_in_buffer_limit                  512 # in_buffer_limit
-icnt_out_buffer_limit                  512 # out_buffer_limit
-icnt_subnets                           2 # subnets
-icnt_arbiter_algo                      1 # arbiter_algo
-icnt_verbose                           0 # inct_verbose
-icnt_grant_cycles                      1 # grant_cycles
-icnt_use_voq                           1 # use_voq
-gpgpu_ptx_use_cuobjdump                    1 # Use cuobjdump to extract ptx and sass from binaries
-gpgpu_experimental_lib_support                    0 # Try to extract code from cuda libraries [Broken because of unknown cudaGetExportTable]
-checkpoint_option                      0 #  checkpointing flag (0 = no checkpoint)
-checkpoint_kernel                      1 #  checkpointing during execution of which kernel (1- 1st kernel)
-checkpoint_CTA                         0 #  checkpointing after # of CTA (< less than total CTA)
-resume_option                          0 #  resume flag (0 = no resume)
-resume_kernel                          0 #  Resume from which kernel (1= 1st kernel)
-resume_CTA                             0 #  resume from which CTA 
-checkpoint_CTA_t                       0 #  resume from which CTA 
-checkpoint_insn_Y                      0 #  resume from which CTA 
-gpgpu_ptx_convert_to_ptxplus                    0 # Convert SASS (native ISA) to ptxplus and run ptxplus
-gpgpu_ptx_force_max_capability                   90 # Force maximum compute capability
-gpgpu_ptx_inst_debug_to_file                    0 # Dump executed instructions' debug information to file
-gpgpu_ptx_inst_debug_file       inst_debug.txt # Executed instructions' debug output file
-gpgpu_ptx_inst_debug_thread_uid                    1 # Thread UID for executed instructions' debug output
-gpgpu_simd_model                       1 # 1 = post-dominator
-gpgpu_shader_core_pipeline              1536:32 # shader core pipeline config, i.e., {<nthread>:<warpsize>}
-gpgpu_tex_cache:l1  N:4:128:256,L:R:m:N:L,T:512:8,128:2 # per-shader L1 texture cache  (READ-ONLY) config  {<nsets>:<bsize>:<assoc>,<rep>:<wr>:<alloc>:<wr_alloc>,<mshr>:<N>:<merge>,<mq>:<rf>}
-gpgpu_const_cache:l1 N:128:64:8,L:R:f:N:L,S:2:64,4 # per-shader L1 constant memory cache  (READ-ONLY) config  {<nsets>:<bsize>:<assoc>,<rep>:<wr>:<alloc>:<wr_alloc>,<mshr>:<N>:<merge>,<mq>} 
-gpgpu_cache:il1     N:64:128:16,L:R:f:N:L,S:32:32,32 # shader L1 instruction cache config  {<sector?>:<nsets>:<bsize>:<assoc>,<rep>:<wr>:<alloc>:<wr_alloc>:<set_index_fn>,<mshr>:<N>:<merge>,<mq>} 
-gpgpu_cache:dl1     S:4:128:256,L:T:m:L:L,A:384:48,32:0,32 # per-shader L1 data cache config  {<sector?>:<nsets>:<bsize>:<assoc>,<rep>:<wr>:<alloc>:<wr_alloc>:<set_index_fn>,<mshr>:<N>:<merge>,<mq>:<fifo_entry>,<data_port_width> | none}
-gpgpu_l1_cache_write_ratio                   25 # L1D write ratio
-gpgpu_l1_banks                         4 # The number of L1 cache banks
-gpgpu_l1_banks_byte_interleaving                   32 # l1 banks byte interleaving granularity
-gpgpu_l1_banks_hashing_function                    0 # l1 banks hashing function
-gpgpu_l1_latency                      39 # L1 Hit Latency
-gpgpu_smem_latency                    29 # smem Latency
-gpgpu_cache:dl1PrefL1                 none # per-shader L1 data cache config  {<sector?>:<nsets>:<bsize>:<assoc>,<rep>:<wr>:<alloc>:<wr_alloc>:<set_index_fn>,<mshr>:<N>:<merge>,<mq>:<fifo_entry>,<data_port_width> | none | none}
-gpgpu_cache:dl1PrefShared                 none # per-shader L1 data cache config  {<sector?>:<nsets>:<bsize>:<assoc>,<rep>:<wr>:<alloc>:<wr_alloc>:<set_index_fn>,<mshr>:<N>:<merge>,<mq>:<fifo_entry>,<data_port_width> | none | none}
-gpgpu_gmem_skip_L1D                    0 # global memory access skip L1D cache (implements -Xptxas -dlcm=cg, default=no skip)
-gpgpu_perfect_mem                      0 # enable perfect memory mode (no cache miss)
-n_regfile_gating_group                    4 # group of lanes that should be read/written together)
-gpgpu_clock_gated_reg_file                    0 # enable clock gated reg file for power calculations
-gpgpu_clock_gated_lanes                    0 # enable clock gated lanes for power calculations
-gpgpu_shader_registers                65536 # Number of registers per shader core. Limits number of concurrent CTAs. (default 8192)
-gpgpu_registers_per_block                65536 # Maximum number of registers per CTA. (default 8192)
-gpgpu_ignore_resources_limitation                    0 # gpgpu_ignore_resources_limitation (default 0)
-gpgpu_shader_cta                      24 # Maximum number of concurrent CTAs in shader (default 32)
-gpgpu_num_cta_barriers                   16 # Maximum number of named barriers per CTA (default 16)
-gpgpu_n_clusters                     132 # number of processing clusters
-gpgpu_n_cores_per_cluster                    1 # number of simd cores per cluster
-gpgpu_n_cluster_ejection_buffer_size                   32 # number of packets in ejection buffer
-gpgpu_n_ldst_response_buffer_size                    2 # number of response packets in ld/st unit ejection buffer
-gpgpu_shmem_per_block               232448 # Size of shared memory per thread block or CTA (default 48kB)
-gpgpu_shmem_size                  233472 # Size of shared memory per shader core (default 16kB)
-gpgpu_shmem_option  0,8,16,32,64,100,132,164,196,228 # Option list of shared memory sizes
-gpgpu_unified_l1d_size                  256 # Size of unified data cache(L1D + shared memory) in KB
-gpgpu_adaptive_cache_config                    1 # adaptive_cache_config
-gpgpu_shmem_sizeDefault               135168 # Size of shared memory per shader core (default 16kB)
-gpgpu_shmem_size_PrefL1                16384 # Size of shared memory per shader core (default 16kB)
-gpgpu_shmem_size_PrefShared                16384 # Size of shared memory per shader core (default 16kB)
-gpgpu_shmem_num_banks                   32 # Number of banks in the shared memory in each shader core (default 16)
-gpgpu_shmem_limited_broadcast                    0 # Limit shared memory to do one broadcast per cycle (default on)
-gpgpu_shmem_warp_parts                    1 # Number of portions a warp is divided into for shared memory bank conflict check 
-gpgpu_mem_unit_ports                    1 # The number of memory transactions allowed per core cycle
-gpgpu_shmem_warp_parts                    1 # Number of portions a warp is divided into for shared memory bank conflict check 
-gpgpu_warpdistro_shader                   -1 # Specify which shader core to collect the warp size distribution from
-gpgpu_warp_issue_shader                    0 # Specify which shader core to collect the warp issue distribution from
-gpgpu_local_mem_map                    1 # Mapping from local memory space address to simulated GPU physical address space (default = enabled)
-gpgpu_num_reg_banks                   16 # Number of register banks (default = 8)
-gpgpu_reg_bank_use_warp_id                    0 # Use warp ID in mapping registers to banks (default = off)
-gpgpu_sub_core_model                    1 # Sub Core Volta/Pascal model (default = off)
-gpgpu_enable_specialized_operand_collector                    0 # enable_specialized_operand_collector
-gpgpu_operand_collector_num_units_sp                    4 # number of collector units (default = 4)
-gpgpu_operand_collector_num_units_dp                    0 # number of collector units (default = 0)
-gpgpu_operand_collector_num_units_sfu                    4 # number of collector units (default = 4)
-gpgpu_operand_collector_num_units_int                    0 # number of collector units (default = 0)
-gpgpu_operand_collector_num_units_tensor_core                    4 # number of collector units (default = 4)
-gpgpu_operand_collector_num_units_mem                    2 # number of collector units (default = 2)
-gpgpu_operand_collector_num_units_gen                   16 # number of collector units (default = 0)
-gpgpu_operand_collector_num_in_ports_sp                    1 # number of collector unit in ports (default = 1)
-gpgpu_operand_collector_num_in_ports_dp                    0 # number of collector unit in ports (default = 0)
-gpgpu_operand_collector_num_in_ports_sfu                    1 # number of collector unit in ports (default = 1)
-gpgpu_operand_collector_num_in_ports_int                    0 # number of collector unit in ports (default = 0)
-gpgpu_operand_collector_num_in_ports_tensor_core                    1 # number of collector unit in ports (default = 1)
-gpgpu_operand_collector_num_in_ports_mem                    1 # number of collector unit in ports (default = 1)
-gpgpu_operand_collector_num_in_ports_gen                   16 # number of collector unit in ports (default = 0)
-gpgpu_operand_collector_num_out_ports_sp                    1 # number of collector unit in ports (default = 1)
-gpgpu_operand_collector_num_out_ports_dp                    0 # number of collector unit in ports (default = 0)
-gpgpu_operand_collector_num_out_ports_sfu                    1 # number of collector unit in ports (default = 1)
-gpgpu_operand_collector_num_out_ports_int                    0 # number of collector unit in ports (default = 0)
-gpgpu_operand_collector_num_out_ports_tensor_core                    1 # number of collector unit in ports (default = 1)
-gpgpu_operand_collector_num_out_ports_mem                    1 # number of collector unit in ports (default = 1)
-gpgpu_operand_collector_num_out_ports_gen                   16 # number of collector unit in ports (default = 0)
-gpgpu_coalesce_arch                   90 # Coalescing arch (GT200 = 13, Fermi = 20)
-gpgpu_num_sched_per_core                    4 # Number of warp schedulers per core
-gpgpu_max_insn_issue_per_warp                    1 # Max number of instructions that can be issued per warp in one cycle by scheduler (either 1 or 2)
-gpgpu_dual_issue_diff_exec_units                    1 # should dual issue use two different execution unit resources (Default = 1)
-gpgpu_simt_core_sim_order                    1 # Select the simulation order of cores in a cluster (0=Fix, 1=Round-Robin)
-gpgpu_pipeline_widths 4,4,4,4,4,4,4,4,4,4,8,4,4,4,4,4,4 # Pipeline widths ID_OC_SP,ID_OC_DP,ID_OC_INT,ID_OC_SFU,ID_OC_MEM,OC_EX_SP,OC_EX_DP,OC_EX_INT,OC_EX_SFU,OC_EX_MEM,EX_WB,ID_OC_TENSOR_CORE,OC_EX_TENSOR_CORE,ID_OC_TMA,OC_EX_TMA,ID_OC_CP_ASYNC,OC_EX_CP_ASYNC,ID_OC_TENSOR_MAP,OC_EX_TENSOR_MAP
-gpgpu_tensor_core_avail                    1 # Tensor Core Available (default=0)
-gpgpu_num_sp_units                     4 # Number of SP units (default=1)
-gpgpu_num_dp_units                     4 # Number of DP units (default=0)
-gpgpu_num_int_units                    4 # Number of INT units (default=0)
-gpgpu_num_sfu_units                    4 # Number of SF units (default=1)
-gpgpu_num_tensor_core_units                    4 # Number of tensor_core units (default=1)
-gpgpu_tensor_core_units_per_sub_partition                    1 # Tensor core issue units sharing each subpartition issue register (default=1)
-gpgpu_num_tma_units                    1 # Number of TMA units (default=0)
-gpgpu_num_cp_async_units                    1 # Number of ordinary cp.async units (default=0)
-gpgpu_num_tensormap_units                    0 # Number of tensor-map descriptor units (default=0)
-gpgpu_tma_max_inflight                  384 # Max in-flight TMA mem_fetch requests per SM (default=0, 0=unlimited)
-gpgpu_tma_tx_quota                    48 # Max in-flight mem_fetch per TMA transaction (default=0, 0=unlimited)
-gpgpu_tma_response_width                    1 # TMA response tokens accepted per SM per cycle (default=1)
-gpgpu_tma_request_granularity                   32 # TMA memory request granularity in bytes (32/64/128; default=32)
-gpgpu_tma_request_width                    1 # TMA memory requests issued per TMA unit per cycle (default=1)
-gpgpu_cp_async_max_inflight                  256 # Maximum in-flight ordinary cp.async memory requests per SM (0=unlimited)
-gpgpu_cp_async_request_width                    4 # Ordinary cp.async memory requests issued per SM per cycle (default=1)
-gpgpu_cp_async_response_width                    4 # Ordinary cp.async memory responses accepted per SM per cycle (default=1)
-gpgpu_cp_async_request_granularity                  128 # Ordinary cp.async memory request granularity in bytes (32/64/128; default=32)
-gpgpu_cp_async_idealized_memory                    0 # Idealized ordinary cp.async memory: requests complete instantly (default=0)
-gpgpu_cp_async_wait_release_latency                    5 # Warp release latency for ordinary cp.async.wait_group after the group condition is satisfied (default=5)
-gpgpu_cta_load_balance                    1 # Cap CTAs per core to ceil(total_ctas/n_cores) for load balancing (default=0)
-gpgpu_tma_idealized_memory                    0 # Idealized TMA memory: all requests complete instantly (default=0)
-gpgpu_tma_oob_l2_traffic                    1 # Send OOB fill requests through L2 (models real HW TMA behavior) (default=1)
-gpgpu_mbarrier_arrive_latency                   29 # Latency (cycles) for arrive_tx shared memory write before mbarrier update (default=0)
-gpgpu_mbarrier_trywait_latency                   32 # Latency (cycles) for mbarrier.try_wait polling before warp release (default=0)
-gpgpu_wgmma_issue_chain_ss          7,0,4,20,64 # Per-SM WGMMA SS issue chain throttle <depth,startup_gap,fast_gap,slow_gap,reset_gap>; depth=0 disables
-gpgpu_wgmma_issue_chain_rs          7,0,3,13,64 # Per-SM WGMMA RS issue chain throttle <depth,startup_gap,fast_gap,slow_gap,reset_gap>; depth=0 disables
-gpgpu_num_mem_units                    1 # Number if ldst units (default=1) WARNING: not hooked up to anything
-gpgpu_scheduler                      lrr # Scheduler configuration: < lrr | gto | two_level_active > If two_level_active:<num_active_warps>:<inner_prioritization>:<outer_prioritization>For complete list of prioritization values see shader.h enum scheduler_prioritization_typeDefault: gto
-gpgpu_concurrent_kernel_sm                    0 # Support concurrent kernels on a SM (default = disabled)
-gpgpu_perfect_inst_const_cache                    1 # perfect inst and const cache mode, so all inst and const hits in the cache(default = disabled)
-gpgpu_inst_fetch_throughput                    4 # the number of fetched intruction per warp each cycle
-gpgpu_reg_file_port_throughput                    4 # the number ports of the register file
-specialized_unit_1         0,4,4,4,4,BRA # specialized unit config {<enabled>,<num_units>:<latency>:<initiation>,<ID_OC_SPEC>:<OC_EX_SPEC>,<NAME>}
-specialized_unit_2         0,4,4,4,4,BRA # specialized unit config {<enabled>,<num_units>:<latency>:<initiation>,<ID_OC_SPEC>:<OC_EX_SPEC>,<NAME>}
-specialized_unit_3         0,4,4,4,4,BRA # specialized unit config {<enabled>,<num_units>:<latency>:<initiation>,<ID_OC_SPEC>:<OC_EX_SPEC>,<NAME>}
-specialized_unit_4         0,4,4,4,4,BRA # specialized unit config {<enabled>,<num_units>:<latency>:<initiation>,<ID_OC_SPEC>:<OC_EX_SPEC>,<NAME>}
-specialized_unit_5         0,4,4,4,4,BRA # specialized unit config {<enabled>,<num_units>:<latency>:<initiation>,<ID_OC_SPEC>:<OC_EX_SPEC>,<NAME>}
-specialized_unit_6         0,4,4,4,4,BRA # specialized unit config {<enabled>,<num_units>:<latency>:<initiation>,<ID_OC_SPEC>:<OC_EX_SPEC>,<NAME>}
-specialized_unit_7         0,4,4,4,4,BRA # specialized unit config {<enabled>,<num_units>:<latency>:<initiation>,<ID_OC_SPEC>:<OC_EX_SPEC>,<NAME>}
-specialized_unit_8         0,4,4,4,4,BRA # specialized unit config {<enabled>,<num_units>:<latency>:<initiation>,<ID_OC_SPEC>:<OC_EX_SPEC>,<NAME>}
-gpgpu_perf_sim_memcpy                    1 # Fill the L2 cache on memcpy
-gpgpu_simple_dram_model                    0 # simple_dram_model with fixed latency and BW
-gpgpu_dram_scheduler                    1 # 0 = fifo, 1 = FR-FCFS (defaul)
-gpgpu_dram_partition_queues          64:64:64:64 # i2$:$2d:d2$:$2i
-l2_ideal                               0 # Use a ideal L2 cache that always hit
-gpgpu_cache:dl2     S:128:128:20,L:B:m:L:P,A:512:96,32:0,64 # unified banked L2 data cache config  {<sector?>:<nsets>:<bsize>:<assoc>,<rep>:<wr>:<alloc>:<wr_alloc>:<set_index_fn>,<mshr>:<N>:<merge>,<mq>:<fifo_entry>,<data_port_width>
-gpgpu_cache:dl2_texture_only                    0 # L2 cache used for texture only
-gpgpu_n_mem                           80 # number of memory modules (e.g. memory controllers) in gpu
-gpgpu_n_sub_partition_per_mchannel                    2 # number of memory subpartition in each memory module
-gpgpu_n_mem_per_ctrlr                    1 # number of memory chips per memory controller
-gpgpu_memlatency_stat                   14 # track and display latency statistics 0x2 enables MC, 0x4 enables queue logs
-gpgpu_frfcfs_dram_sched_queue_size                  128 # 0 = unlimited (default); # entries per chip
-gpgpu_dram_return_queue_size                  384 # 0 = unlimited (default); # entries per chip
-gpgpu_dram_buswidth                    8 # default = 4 bytes (8 bytes per cycle at DDR)
-gpgpu_dram_burst_length                    4 # Burst length of each DRAM request (default = 4 data bus cycle)
-dram_data_command_freq_ratio                    2 # Frequency ratio between DRAM data bus and command bus (default = 2 times, i.e. DDR)
-gpgpu_dram_timing_opt nbk=16:CCD=1:RRD=3:RCD=12:RAS=28:RP=12:RC=40:CL=12:WL=2:CDLR=3:WR=10:nbkgrp=4:CCDL=2:RTPL=3 # DRAM timing parameters = {nbk:tCCD:tRRD:tRCD:tRAS:tRP:tRC:CL:WL:tCDLR:tWR:nbkgrp:tCCDL:tRTPL}
-gpgpu_l2_rop_latency                  260 # ROP queue latency (default 85)
-dram_latency                         254 # DRAM latency (default 30)
-dram_dual_bus_interface                    1 # dual_bus_interface (default = 0) 
-dram_bnk_indexing_policy                    0 # dram_bnk_indexing_policy (0 = normal indexing, 1 = Xoring with the higher bits) (Default = 0)
-dram_bnkgrp_indexing_policy                    1 # dram_bnkgrp_indexing_policy (0 = take higher bits, 1 = take lower bits) (Default = 0)
-dram_seperate_write_queue_enable                    0 # Seperate_Write_Queue_Enable
-dram_write_queue_size             32:28:16 # Write_Queue_Size
-dram_elimnate_rw_turnaround                    0 # elimnate_rw_turnaround i.e set tWTR and tRTW = 0
-icnt_flit_size                        40 # icnt_flit_size
-SST_mode                               0 # SST mode
-gpgpu_mem_addr_mapping dramid@8;00000000.00000000.00000000.00000000.0000RRRR.RRRRRRRR.RBBBCCCC.BCCSSSSS # mapping memory address to dram model {dramid@<start bit>;<memory address map>}
-gpgpu_mem_addr_test                    0 # run sweep test to check address mapping for aliased address
-gpgpu_mem_address_mask                    1 # 0 = old addressing mask, 1 = new addressing mask, 2 = new add. mask + flipped bank sel and chip sel bits
-gpgpu_memory_partition_indexing                    2 # 0 = no indexing, 1 = bitwise xoring, 2 = IPoly, 3 = custom indexing
-accelwattch_xml_file accelwattch_sass_sim.xml # AccelWattch XML file
-power_simulation_enabled                    0 # Turn on power simulator (1=On, 0=Off)
-power_per_cycle_dump                    0 # Dump detailed power output each cycle
-hw_perf_file_name            hw_perf.csv # Hardware Performance Statistics file
-hw_perf_bench_name                       # Kernel Name in Hardware Performance Statistics file
-power_simulation_mode                    0 # Switch performance counter input for power simulation (0=Sim, 1=HW, 2=HW-Sim Hybrid)
-dvfs_enabled                           0 # Turn on DVFS for power model
-aggregate_power_stats                    0 # Accumulate power across all kernels
-accelwattch_hybrid_perfsim_L1_RH                    0 # Get L1 Read Hits for Accelwattch-Hybrid from Accel-Sim
-accelwattch_hybrid_perfsim_L1_RM                    0 # Get L1 Read Misses for Accelwattch-Hybrid from Accel-Sim
-accelwattch_hybrid_perfsim_L1_WH                    0 # Get L1 Write Hits for Accelwattch-Hybrid from Accel-Sim
-accelwattch_hybrid_perfsim_L1_WM                    0 # Get L1 Write Misses for Accelwattch-Hybrid from Accel-Sim
-accelwattch_hybrid_perfsim_L2_RH                    0 # Get L2 Read Hits for Accelwattch-Hybrid from Accel-Sim
-accelwattch_hybrid_perfsim_L2_RM                    0 # Get L2 Read Misses for Accelwattch-Hybrid from Accel-Sim
-accelwattch_hybrid_perfsim_L2_WH                    0 # Get L2 Write Hits for Accelwattch-Hybrid from Accel-Sim
-accelwattch_hybrid_perfsim_L2_WM                    0 # Get L2 Write Misses for Accelwattch-Hybrid from Accel-Sim
-accelwattch_hybrid_perfsim_CC_ACC                    0 # Get Constant Cache Acesses for Accelwattch-Hybrid from Accel-Sim
-accelwattch_hybrid_perfsim_SHARED_ACC                    0 # Get Shared Memory Acesses for Accelwattch-Hybrid from Accel-Sim
-accelwattch_hybrid_perfsim_DRAM_RD                    0 # Get DRAM Reads for Accelwattch-Hybrid from Accel-Sim
-accelwattch_hybrid_perfsim_DRAM_WR                    0 # Get DRAM Writes for Accelwattch-Hybrid from Accel-Sim
-accelwattch_hybrid_perfsim_NOC                    0 # Get Interconnect Acesses for Accelwattch-Hybrid from Accel-Sim
-accelwattch_hybrid_perfsim_PIPE_DUTY                    0 # Get Pipeline Duty Cycle Acesses for Accelwattch-Hybrid from Accel-Sim
-accelwattch_hybrid_perfsim_NUM_SM_IDLE                    0 # Get Number of Idle SMs for Accelwattch-Hybrid from Accel-Sim
-accelwattch_hybrid_perfsim_CYCLES                    0 # Get Executed Cycles for Accelwattch-Hybrid from Accel-Sim
-accelwattch_hybrid_perfsim_VOLTAGE                    0 # Get Chip Voltage for Accelwattch-Hybrid from Accel-Sim
-power_trace_enabled                    0 # produce a file for the power trace (1=On, 0=Off)
-power_trace_zlevel                     6 # Compression level of the power trace output log (0=no comp, 9=highest)
-steady_power_levels_enabled                    0 # produce a file for the steady power levels (1=On, 0=Off)
-steady_state_definition                  8:4 # allowed deviation:number of samples
-gpgpu_max_cycle                        0 # terminates gpu simulation early (0 = no limit)
-gpgpu_max_insn                         0 # terminates gpu simulation early (0 = no limit)
-gpgpu_max_cta                          0 # terminates gpu simulation early (0 = no limit)
-gpgpu_max_completed_cta                    0 # terminates gpu simulation early (0 = no limit)
-gpgpu_runtime_stat                   500 # display runtime statistics such as dram utilization {<freq>:<flag>}
-liveness_message_freq                    1 # Minimum number of seconds between simulation liveness messages (0 = always print)
-gpgpu_compute_capability_major                    9 # Major compute capability version number
-gpgpu_compute_capability_minor                    0 # Minor compute capability version number
-gpgpu_flush_l1_cache                    1 # Flush L1 cache at the end of each kernel call
-gpgpu_flush_l2_cache                    0 # Flush L2 cache at the end of each kernel call
-gpgpu_deadlock_detect                    1 # Stop the simulation at deadlock (1=on (default), 0=off)
-gpgpu_ptx_instruction_classification                    0 # if enabled will classify ptx instruction types per kernel (Max 255 kernels now)
-gpgpu_ptx_sim_mode                     0 # Select between Performance (default) or Functional simulation (1)
-gpgpu_clock_domains  1500:1700:1700:2617 # Clock Domain Frequencies in MhZ {<Core Clock>:<ICNT Clock>:<L2 Clock>:<DRAM Clock>}
-gpgpu_max_concurrent_kernel                  128 # maximum kernels that can run concurrently on GPU, set this value according to max resident grids for your compute capability
-gpgpu_cflog_interval                    0 # Interval between each snapshot in control flow logger
-visualizer_enabled                     0 # Turn on visualizer output (1=On, 0=Off)
-visualizer_outputfile                 NULL # Specifies the output log file for visualizer
-visualizer_zlevel                      6 # Compression level of the visualizer output log (0=no comp, 9=highest)
-gpgpu_stack_size_limit                 1024 # GPU thread stack size
-gpgpu_heap_size_limit              8388608 # GPU malloc heap size 
-gpgpu_runtime_sync_depth_limit                    2 # GPU device runtime synchronize depth
-gpgpu_runtime_pending_launch_count_limit                 2048 # GPU device runtime pending launch count
-trace_enabled                          0 # Turn on traces
-trace_components                LIVENESS # comma seperated list of traces to enable. Complete list found in trace_streams.tup. Default none
-trace_sampling_core                   -1 # The core which is printed using CORE_GPPRINTF. Default 0
-trace_sampling_memory_partition                   -1 # The memory partition which is printed using MEMPART_GPPRINTF. Default -1 (i.e. all)
-enable_ptx_file_line_stats                    1 # Turn on PTX source line statistic profiling. (1 = On)
-ptx_line_stats_filename gpgpu_inst_stats.txt # Output file for PTX source line statistics.
-gpgpu_kernel_launch_latency                 5500 # Kernel launch latency in cycles. Default: 0
-gpgpu_cdp_enabled                      0 # Turn on CDP
-gpgpu_TB_launch_latency                    0 # thread block launch latency in cycles. Default: 0
DRAM Timing Options:
nbk                                    16 # number of banks
CCD                                     1 # column to column delay
RRD                                     3 # minimal delay between activation of rows in different banks
RCD                                    12 # row to column delay
RAS                                    28 # time needed to activate row
RP                                     12 # time needed to precharge (deactivate) row
RC                                     40 # row cycle time
CDLR                                    3 # switching from write to read (changes tWTR)
WR                                     10 # last data-in to row precharge
CL                                     12 # CAS latency
WL                  b09e0f83e7c9aa772af6d4e69482f542  /data/wzr/flashgpu-sim-blackwell/flashgpu-sim/test/build/bin/hopper/run_fa2_small_h32d64_causal_tests
Extracting PTX file and ptxas options    1: fa2_fwd_fp16_test.sm_90.ptx -arch=sm_90  --generate-line-info 
Extracting PTX file and ptxas options    2: fa2_fwd_fp16_test.sm_90a.ptx -arch=sm_90a  --generate-line-info 
                    2 # Write latency
nbkgrp                                  4 # number of bank groups
CCDL                                    2 # column to column delay between accesses to different bank groups
RTPL                                    3 # read to precharge delay between accesses to different bank groups
Total number of memory sub partition = 160
addr_dec_mask[CHIP]  = 0000000000000000 	high:64 low:0
addr_dec_mask[BK]    = 0000000000007080 	high:15 low:7
addr_dec_mask[ROW]   = 000000000fff8000 	high:28 low:15
addr_dec_mask[COL]   = 0000000000000f7f 	high:12 low:0
addr_dec_mask[BURST] = 000000000000001f 	high:5 low:0
sub_partition_id_mask = 0000000000000080
GPGPU-Sim uArch: clock freqs: 1500000000.000000:1700000000.000000:1700000000.000000:2617000000.000000
GPGPU-Sim uArch: clock periods: 0.00000000066666666667:0.00000000058823529412:0.00000000058823529412:0.00000000038211692778
GPGPU-Sim uArch: performance model initialization complete.
GPGPU-Sim PTX: __cudaRegisterFatBinary, fat_cubin_handle = 1, filename=default
self exe links to: /data/wzr/flashgpu-sim-blackwell/flashgpu-sim/test/build/bin/hopper/run_fa2_small_h32d64_causal_tests
Running md5sum using "md5sum /data/wzr/flashgpu-sim-blackwell/flashgpu-sim/test/build/bin/hopper/run_fa2_small_h32d64_causal_tests "
self exe links to: /data/wzr/flashgpu-sim-blackwell/flashgpu-sim/test/build/bin/hopper/run_fa2_small_h32d64_causal_tests
GPGPU-Sim PTX DEBUG: extract cwd=/data/wzr/flashgpu-sim-blackwell/flashgpu-sim/test/run/FA2_SMALL4_TENSOR6_LAT22_20260617_1738/work/002_fa2_small_H32D64CausalB32S256 app_binary=/data/wzr/flashgpu-sim-blackwell/flashgpu-sim/test/build/bin/hopper/run_fa2_small_h32d64_causal_tests list_file=_cuobjdump_list_ptx_3dUuXB
GPGPU-Sim PTX DEBUG: extract command=$CUDA_INSTALL_PATH/bin/cuobjdump -lptx /data/wzr/flashgpu-sim-blackwell/flashgpu-sim/test/build/bin/hopper/run_fa2_small_h32d64_causal_tests  | cut -d ":" -f 2 | awk '{$1=$1}1' > _cuobjdump_list_ptx_3dUuXB
Extracting specific PTX file named fa2_fwd_fp16_test.sm_90.ptx 
Extracting specific PTX file named fa2_fwd_fp16_test.sm_90a.ptx 
GPGPU-Sim PTX: __cudaRegisterFunction _ZN5flash16flash_fwd_kernelI23Flash_fwd_kernel_traitsILi64ELi128ELi128ELi4ELb0ELb0EN7cutlass6half_tE19Flash_kernel_traitsILi64ELi128ELi128ELi4ES3_EELb0ELb1ELb0ELb0ELb1ELb1ELb0ELb0EEEvNS_16Flash_fwd_paramsE : hostFun 0x0x576c71c14010, fat_cubin_handle = 1
GPGPU-Sim PTX: Skipping fa2_fwd_fp16_test.sm_90.ptx (suffix version available)
GPGPU-Sim PTX DEBUG: selected-file path cwd=/data/wzr/flashgpu-sim-blackwell/flashgpu-sim/test/run/FA2_SMALL4_TENSOR6_LAT22_20260617_1738/work/002_fa2_small_H32D64CausalB32S256 fname=default handle=1
GPGPU-Sim PTX DEBUG: env GPGPUSIM_SELECTED_PTX_OVERRIDE=
GPGPU-Sim PTX DEBUG: env PTX_SIM_USE_PTX_FILE=
GPGPU-Sim PTX DEBUG: env PTX_SIM_KERNELFILE=
GPGPU-Sim PTX DEBUG: selected_files=1 override_enabled=0
GPGPU-Sim PTX DEBUG: selected_files[0]=fa2_fwd_fp16_test.sm_90a.ptx
GPGPU-Sim PTX DEBUG: parse selected=fa2_fwd_fp16_test.sm_90a.ptx parse_filename=fa2_fwd_fp16_test.sm_90a.ptx
GPGPU-Sim PTX: Parsing fa2_fwd_fp16_test.sm_90a.ptx
GPGPU-Sim PTX: allocating global region for "_ZN51_INTERNAL_881fcf60_20_fa2_fwd_fp16_test_cc_9417f7714cute7productE" from 0x100 to 0x101 (global memory space)
GPGPU-Sim PTX: allocating global region for "_ZN51_INTERNAL_881fcf60_20_fa2_fwd_fp16_test_cc_9417f7714cute1_E" from 0x101 to 0x102 (global memory space)
GPGPU-Sim PTX: allocating global region for "_ZN51_INTERNAL_881fcf60_20_fa2_fwd_fp16_test_cc_9417f7714cuda3std3__45__cpo5beginE" from 0x102 to 0x103 (global memory space)
GPGPU-Sim PTX: allocating global region for "_ZN51_INTERNAL_881fcf60_20_fa2_fwd_fp16_test_cc_9417f7714cuda3std3__45__cpo3endE" from 0x103 to 0x104 (global memory space)
GPGPU-Sim PTX: allocating global region for "_ZN51_INTERNAL_881fcf60_20_fa2_fwd_fp16_test_cc_9417f7714cuda3std3__45__cpo6cbeginE" from 0x104 to 0x105 (global memory space)
GPGPU-Sim PTX: allocating global region for "_ZN51_INTERNAL_881fcf60_20_fa2_fwd_fp16_test_cc_9417f7714cuda3std3__45__cpo4cendE" from 0x105 to 0x106 (global memory space)
GPGPU-Sim PTX: allocating global region for "_ZN51_INTERNAL_881fcf60_20_fa2_fwd_fp16_test_cc_9417f7714cuda3std3__419piecewise_constructE" from 0x106 to 0x107 (global memory space)
GPGPU-Sim PTX: allocating global region for "_ZN51_INTERNAL_881fcf60_20_fa2_fwd_fp16_test_cc_9417f7714cuda3std3__48in_placeE" from 0x107 to 0x108 (global memory space)
GPGPU-Sim PTX: allocating global region for "_ZN51_INTERNAL_881fcf60_20_fa2_fwd_fp16_test_cc_9417f7714cuda3std6ranges3__45__cpo4swapE" from 0x108 to 0x109 (global memory space)
GPGPU-Sim PTX: allocating global region for "_ZN51_INTERNAL_881fcf60_20_fa2_fwd_fp16_test_cc_9417f7714cuda3std6ranges3__45__cpo9iter_moveE" from 0x109 to 0x10a (global memory space)
GPGPU-Sim PTX: allocating shared region for "_ZN5flash5smem_E" from 0x0 to 0x0 (shared memory space)
GPGPU-Sim PTX: instruction assembly for function '_ZN5flash16flash_fwd_kernelI23Flash_fwd_kernel_traitsILi64ELi128ELi64ELi4ELb0ELb0EN7cutlass6half_tE19Flash_kernel_traitsILi64ELi128ELi64ELi4ES3_EELb0ELb1ELb0ELb1ELb0ELb0ELb1ELb0EEEvNS_16Flash_fwd_paramsE'... GPGPU-Sim PTX: >>> This is a shared memory symbol: _ZN5flash5smem_E size in bytes 0
GPGPU-Sim PTX: >>>>>> Adding localized dynamic shared memory symbol for _ZN5flash5smem_E
GPGPU-Sim PTX: >>>>>> Updating operand to use localized dyn shared mem symbol.
GPGPU-Sim PTX: >>> This is a shared memory symbol: _ZN5flash5smem_E size in bytes 0
GPGPU-Sim PTX: >>>>>> Updating operand to use localized dyn shared mem symbol.
GPGPU-Sim PTX: reorder switch function '_ZN5flash16flash_fwd_kernelI23Flash_fwd_kernel_traitsILi64ELi128ELi64ELi4ELb0ELb0EN7cutlass6half_tE19Flash_kernel_traitsILi64ELi128ELi64ELi4ES3_EELb0ELb1ELb0ELb1ELb0ELb0ELb1ELb0EEEvNS_16Flash_fwd_paramsE': segments=206 skipped=0 insts=4790 moved_slots=3936 max_segment=574 edges=5040 slack=0 sass_guided=0 sass_guided_fallback=0 sass_cursor=0/0
  done.
GPGPU-Sim PTX: instruction assembly for function '_ZN5flash16flash_fwd_kernelI23Flash_fwd_kernel_traitsILi64ELi128ELi64ELi4ELb0ELb0EN7cutlass6half_tE19Flash_kernel_traitsILi64ELi128ELi64ELi4ES3_EELb1ELb1ELb0ELb1ELb0ELb0ELb0ELb1EEEvNS_16Flash_fwd_paramsE'... GPGPU-Sim PTX: >>> This is a shared memory symbol: _ZN5flash5smem_E size in bytes 0
GPGPU-Sim PTX: >>>>>> Adding localized dynamic shared memory symbol for _ZN5flash5smem_E
GPGPU-Sim PTX: >>>>>> Updating operand to use localized dyn shared mem symbol.
GPGPU-Sim PTX: >>> This is a shared memory symbol: _ZN5flash5smem_E size in bytes 0
GPGPU-Sim PTX: >>>>>> Updating operand to use localized dyn shared mem symbol.
GPGPU-Sim PTX: reorder switch function '_ZN5flash16flash_fwd_kernelI23Flash_fwd_kernel_traitsILi64ELi128ELi64ELi4ELb0ELb0EN7cutlass6half_tE19Flash_kernel_traitsILi64ELi128ELi64ELi4ES3_EELb1ELb1ELb0ELb1ELb0ELb0ELb0ELb1EEEvNS_16Flash_fwd_paramsE': segments=487 skipped=0 insts=8345 moved_slots=6553 max_segment=636 edges=8963 slack=0 sass_guided=0 sass_guided_fallback=0 sass_cursor=0/0
  done.
GPGPU-Sim PTX: instruction assembly for function '_ZN5flash16flash_fwd_kernelI23Flash_fwd_kernel_traitsILi64ELi128ELi64ELi4ELb0ELb0EN7cutlass6half_tE19Flash_kernel_traitsILi64ELi128ELi64ELi4ES3_EELb0ELb1ELb0ELb0ELb0ELb0ELb1ELb0EEEvNS_16Flash_fwd_paramsE'... GPGPU-Sim PTX: >>> This is a shared memory symbol: _ZN5flash5smem_E size in bytes 0
GPGPU-Sim PTX: >>>>>> Adding localized dynamic shared memory symbol for _ZN5flash5smem_E
GPGPU-Sim PTX: >>>>>> Updating operand to use localized dyn shared mem symbol.
GPGPU-Sim PTX: >>> This is a shared memory symbol: _ZN5flash5smem_E size in bytes 0
GPGPU-Sim PTX: >>>>>> Updating operand to use localized dyn shared mem symbol.
GPGPU-Sim PTX: reorder switch function '_ZN5flash16flash_fwd_kernelI23Flash_fwd_kernel_traitsILi64ELi128ELi64ELi4ELb0ELb0EN7cutlass6half_tE19Flash_kernel_traitsILi64ELi128ELi64ELi4ES3_EELb0ELb1ELb0ELb0ELb0ELb0ELb1ELb0EEEvNS_16Flash_fwd_paramsE': segments=206 skipped=0 insts=4450 moved_slots=3589 max_segment=484 edges=4342 slack=0 sass_guided=0 sass_guided_fallback=0 sass_cursor=0/0
  done.
GPGPU-Sim PTX: instruction assembly for function '_ZN5flash16flash_fwd_kernelI23Flash_fwd_kernel_traitsILi64ELi128ELi64ELi4ELb0ELb0EN7cutlass6half_tE19Flash_kernel_traitsILi64ELi128ELi64ELi4ES3_EELb1ELb1ELb0ELb0ELb0ELb0ELb0ELb1EEEvNS_16Flash_fwd_paramsE'... GPGPU-Sim PTX: >>> This is a shared memory symbol: _ZN5flash5smem_E size in bytes 0
GPGPU-Sim PTX: >>>>>> Adding localized dynamic shared memory symbol for _ZN5flash5smem_E
GPGPU-Sim PTX: >>>>>> Updating operand to use localized dyn shared mem symbol.
GPGPU-Sim PTX: >>> This is a shared memory symbol: _ZN5flash5smem_E size in bytes 0
GPGPU-Sim PTX: >>>>>> Updating operand to use localized dyn shared mem symbol.
GPGPU-Sim PTX: reorder switch function '_ZN5flash16flash_fwd_kernelI23Flash_fwd_kernel_traitsILi64ELi128ELi64ELi4ELb0ELb0EN7cutlass6half_tE19Flash_kernel_traitsILi64ELi128ELi64ELi4ES3_EELb1ELb1ELb0ELb0ELb0ELb0ELb0ELb1EEEvNS_16Flash_fwd_paramsE': segments=487 skipped=0 insts=8009 moved_slots=6223 max_segment=692 edges=8263 slack=0 sass_guided=0 sass_guided_fallback=0 sass_cursor=0/0
  done.
GPGPU-Sim PTX: instruction assembly for function '_ZN5flash16flash_fwd_kernelI23Flash_fwd_kernel_traitsILi64ELi128ELi64ELi4ELb0ELb0EN7cutlass6half_tE19Flash_kernel_traitsILi64ELi128ELi64ELi4ES3_EELb1ELb1ELb0ELb1ELb0ELb0ELb0ELb0EEEvNS_16Flash_fwd_paramsE'... GPGPU-Sim PTX: >>> This is a shared memory symbol: _ZN5flash5smem_E size in bytes 0
GPGPU-Sim PTX: >>>>>> Adding localized dynamic shared memory symbol for _ZN5flash5smem_E
GPGPU-Sim PTX: >>>>>> Updating operand to use localized dyn shared mem symbol.
GPGPU-Sim PTX: >>> This is a shared memory symbol: _ZN5flash5smem_E size in bytes 0
GPGPU-Sim PTX: >>>>>> Updating operand to use localized dyn shared mem symbol.
GPGPU-Sim PTX: reorder switch function '_ZN5flash16flash_fwd_kernelI23Flash_fwd_kernel_traitsILi64ELi128ELi64ELi4ELb0ELb0EN7cutlass6half_tE19Flash_kernel_traitsILi64ELi128ELi64ELi4ES3_EELb1ELb1ELb0ELb1ELb0ELb0ELb0ELb0EEEvNS_16Flash_fwd_paramsE': segments=215 skipped=0 insts=6117 moved_slots=5273 max_segment=1020 edges=7181 slack=0 sass_guided=0 sass_guided_fallback=0 sass_cursor=0/0
  done.
GPGPU-Sim PTX: instruction assembly for function '_ZN5flash16flash_fwd_kernelI23Flash_fwd_kernel_traitsILi64ELi128ELi64ELi4ELb0ELb0EN7cutlass6half_tE19Flash_kernel_traitsILi64ELi128ELi64ELi4ES3_EELb0ELb1ELb0ELb0ELb0ELb1ELb1ELb0EEEvNS_16Flash_fwd_paramsE'... GPGPU-Sim PTX: >>> This is a shared memory symbol: _ZN5flash5smem_E size in bytes 0
GPGPU-Sim PTX: >>>>>> Adding localized dynamic shared memory symbol for _ZN5flash5smem_E
GPGPU-Sim PTX: >>>>>> Updating operand to use localized dyn shared mem symbol.
GPGPU-Sim PTX: >>> This is a shared memory symbol: _ZN5flash5smem_E size in bytes 0
GPGPU-Sim PTX: >>>>>> Updating operand to use localized dyn shared mem symbol.
GPGPU-Sim PTX: >>> This is a shared memory symbol: _ZN5flash5smem_E size in bytes 0
GPGPU-Sim PTX: >>>>>> Updating operand to use localized dyn shared mem symbol.
GPGPU-Sim PTX: >>> This is a shared memory symbol: _ZN5flash5smem_E size in bytes 0
GPGPU-Sim PTX: >>>>>> Updating operand to use localized dyn shared mem symbol.
GPGPU-Sim PTX: >>> This is a shared memory symbol: _ZN5flash5smem_E size in bytes 0
GPGPU-Sim PTX: >>>>>> Updating operand to use localized dyn shared mem symbol.
GPGPU-Sim PTX: >>> This is a shared memory symbol: _ZN5flash5smem_E size in bytes 0
GPGPU-Sim PTX: >>>>>> Updating operand to use localized dyn shared mem symbol.
GPGPU-Sim PTX: >>> This is a shared memory symbol: _ZN5flash5smem_E size in bytes 0
GPGPU-Sim PTX: >>>>>> Updating operand to use localized dyn shared mem symbol.
GPGPU-Sim PTX: >>> This is a shared memory symbol: _ZN5flash5smem_E size in bytes 0
GPGPU-Sim PTX: >>>>>> Updating operand to use localized dyn shared mem symbol.
GPGPU-Sim PTX: >>> This is a shared memory symbol: _ZN5flash5smem_E size in bytes 0
GPGPU-Sim PTX: >>>>>> Updating operand to use localized dyn shared mem symbol.
GPGPU-Sim PTX: >>> This is a shared memory symbol: _ZN5flash5smem_E size in bytes 0
GPGPU-Sim PTX: >>>>>> Updating operand to use localized dyn shared mem symbol.
GPGPU-Sim PTX: >>> This is a shared memory symbol: _ZN5flash5smem_E size in bytes 0
GPGPU-Sim PTX: >>>>>> Updating operand to use localized dyn shared mem symbol.
GPGPU-Sim PTX: >>> This is a shared memory symbol: _ZN5flash5smem_E size in bytes 0
GPGPU-Sim PTX: >>>>>> Updating operand to use localized dyn shared mem symbol.
GPGPU-Sim PTX: >>> This is a shared memory symbol: _ZN5flash5smem_E size in bytes 0
GPGPU-Sim PTX: >>>>>> Updating operand to use localized dyn shared mem symbol.
GPGPU-Sim PTX: >>> This is a shared memory symbol: _ZN5flash5smem_E size in bytes 0
GPGPU-Sim PTX: >>>>>> Updating operand to use localized dyn shared mem symbol.
GPGPU-Sim PTX: reorder switch function '_ZN5flash16flash_fwd_kernelI23Flash_fwd_kernel_traitsILi64ELi128ELi64ELi4ELb0ELb0EN7cutlass6half_tE19Flash_kernel_traitsILi64ELi128ELi64ELi4ES3_EELb0ELb1ELb0ELb0ELb0ELb1ELb1ELb0EEEvNS_16Flash_fwd_paramsE': segments=171 skipped=0 insts=4339 moved_slots=3625 max_segment=483 edges=4322 slack=0 sass_guided=0 sass_guided_fallback=0 sass_cursor=0/0
  done.
GPGPU-Sim PTX: instruction assembly for function '_ZN5flash16flash_fwd_kernelI23Flash_fwd_kernel_traitsILi64ELi128ELi64ELi4ELb0ELb0EN7cutlass6half_tE19Flash_kernel_traitsILi64ELi128ELi64ELi4ES3_EELb1ELb1ELb0ELb0ELb0ELb1ELb0ELb0EEEvNS_16Flash_fwd_paramsE'... GPGPU-Sim PTX: >>> This is a shared memory symbol: _ZN5flash5smem_E size in bytes 0
GPGPU-Sim PTX: >>>>>> Adding localized dynamic shared memory symbol for _ZN5flash5smem_E
GPGPU-Sim PTX: >>>>>> Updating operand to use localized dyn shared mem symbol.
GPGPU-Sim PTX: >>> This is a shared memory symbol: _ZN5flash5smem_E size in bytes 0
GPGPU-Sim PTX: >>>>>> Updating operand to use localized dyn shared mem symbol.
GPGPU-Sim PTX: >>> This is a shared memory symbol: _ZN5flash5smem_E size in bytes 0
GPGPU-Sim PTX: >>>>>> Updating operand to use localized dyn shared mem symbol.
GPGPU-Sim PTX: >>> This is a shared memory symbol: _ZN5flash5smem_E size in bytes 0
GPGPU-Sim PTX: >>>>>> Updating operand to use localized dyn shared mem symbol.
GPGPU-Sim PTX: >>> This is a shared memory symbol: _ZN5flash5smem_E size in bytes 0
GPGPU-Sim PTX: >>>>>> Updating operand to use localized dyn shared mem symbol.
GPGPU-Sim PTX: >>> This is a shared memory symbol: _ZN5flash5smem_E size in bytes 0
GPGPU-Sim PTX: >>>>>> Updating operand to use localized dyn shared mem symbol.
GPGPU-Sim PTX: >>> This is a shared memory symbol: _ZN5flash5smem_E size in bytes 0
GPGPU-Sim PTX: >>>>>> Updating operand to use localized dyn shared mem symbol.
GPGPU-Sim PTX: >>> This is a shared memory symbol: _ZN5flash5smem_E size in bytes 0
GPGPU-Sim PTX: >>>>>> Updating operand to use localized dyn shared mem symbol.
GPGPU-Sim PTX: >>> This is a shared memory symbol: _ZN5flash5smem_E size in bytes 0
GPGPU-Sim PTX: >>>>>> Updating operand to use localized dyn shared mem symbol.
GPGPU-Sim PTX: >>> This is a shared memory symbol: _ZN5flash5smem_E size in bytes 0
GPGPU-Sim PTX: >>>>>> Updating operand to use localized dyn shared mem symbol.
GPGPU-Sim PTX: >>> This is a shared memory symbol: _ZN5flash5smem_E size in bytes 0
GPGPU-Sim PTX: >>>>>> Updating operand to use localized dyn shared mem symbol.
GPGPU-Sim PTX: >>> This is a shared memory symbol: _ZN5flash5smem_E size in bytes 0
GPGPU-Sim PTX: >>>>>> Updating operand to use localized dyn shared mem symbol.
GPGPU-Sim PTX: >>> This is a shared memory symbol: _ZN5flash5smem_E size in bytes 0
GPGPU-Sim PTX: >>>>>> Updating operand to use localized dyn shared mem symbol.
GPGPU-Sim PTX: >>> This is a shared memory symbol: _ZN5flash5smem_E size in bytes 0
GPGPU-Sim PTX: >>>>>> Updating operand to use localized dyn shared mem symbol.
GPGPU-Sim PTX: reorder switch function '_ZN5flash16flash_fwd_kernelI23Flash_fwd_kernel_traitsILi64ELi128ELi64ELi4ELb0ELb0EN7cutlass6half_tE19Flash_kernel_traitsILi64ELi128ELi64ELi4ES3_EELb1ELb1ELb0ELb0ELb0ELb1ELb0ELb0EEEvNS_16Flash_fwd_paramsE': segments=180 skipped=0 insts=5673 moved_slots=4972 max_segment=931 edges=6465 slack=0 sass_guided=0 sass_guided_fallback=0 sass_cursor=0/0
  done.
GPGPU-Sim PTX: instruction assembly for function '_ZN5flash16flash_fwd_kernelI23Flash_fwd_kernel_traitsILi64ELi128ELi64ELi4ELb0ELb0EN7cutlass6half_tE19Flash_kernel_traitsILi64ELi128ELi64ELi4ES3_EELb0ELb1ELb0ELb0ELb1ELb1ELb1ELb0EEEvNS_16Flash_fwd_paramsE'... GPGPU-Sim PTX: >>> This is a shared memory symbol: _ZN5flash5smem_E size in bytes 0
GPGPU-Sim PTX: >>>>>> Adding localized dynamic shared memory symbol for _ZN5flash5smem_E
GPGPU-Sim PTX: >>>>>> Updating operand to use localized dyn shared mem symbol.
GPGPU-Sim PTX: >>> This is a shared memory symbol: _ZN5flash5smem_E size in bytes 0
GPGPU-Sim PTX: >>>>>> Updating operand to use localized dyn shared mem symbol.
GPGPU-Sim PTX: reorder switch function '_ZN5flash16flash_fwd_kernelI23Flash_fwd_kernel_traitsILi64ELi128ELi64ELi4ELb0ELb0EN7cutlass6half_tE19Flash_kernel_traitsILi64ELi128ELi64ELi4ES3_EELb0ELb1ELb0ELb0ELb1ELb1ELb1ELb0EEEvNS_16Flash_fwd_paramsE': segments=115 skipped=0 insts=3182 moved_slots=2672 max_segment=483 edges=3028 slack=0 sass_guided=0 sass_guided_fallback=0 sass_cursor=0/0
  done.
GPGPU-Sim PTX: instruction assembly for function '_ZN5flash16flash_fwd_kernelI23Flash_fwd_kernel_traitsILi64ELi128ELi64ELi4ELb0ELb0EN7cutlass6half_tE19Flash_kernel_traitsILi64ELi128ELi64ELi4ES3_EELb1ELb1ELb0ELb0ELb1ELb1ELb0ELb0EEEvNS_16Flash_fwd_paramsE'... GPGPU-Sim PTX: >>> This is a shared memory symbol: _ZN5flash5smem_E size in bytes 0
GPGPU-Sim PTX: >>>>>> Adding localized dynamic shared memory symbol for _ZN5flash5smem_E
GPGPU-Sim PTX: >>>>>> Updating operand to use localized dyn shared mem symbol.
GPGPU-Sim PTX: >>> This is a shared memory symbol: _ZN5flash5smem_E size in bytes 0
GPGPU-Sim PTX: >>>>>> Updating operand to use localized dyn shared mem symbol.
GPGPU-Sim PTX: reorder switch function '_ZN5flash16flash_fwd_kernelI23Flash_fwd_kernel_traitsILi64ELi128ELi64ELi4ELb0ELb0EN7cutlass6half_tE19Flash_kernel_traitsILi64ELi128ELi64ELi4ES3_EELb1ELb1ELb0ELb0ELb1ELb1ELb0ELb0EEEvNS_16Flash_fwd_paramsE': segments=118 skipped=0 insts=4185 moved_slots=3697 max_segment=931 edges=4687 slack=0 sass_guided=0 sass_guided_fallback=0 sass_cursor=0/0
  done.
GPGPU-Sim PTX: instruction assembly for function '_ZN5flash16flash_fwd_kernelI23Flash_fwd_kernel_traitsILi64ELi128ELi64ELi4ELb0ELb0EN7cutlass6half_tE19Flash_kernel_traitsILi64ELi128ELi64ELi4ES3_EELb1ELb1ELb0ELb0ELb0ELb0ELb0ELb0EEEvNS_16Flash_fwd_paramsE'... GPGPU-Sim PTX: >>> This is a shared memory symbol: _ZN5flash5smem_E size in bytes 0
GPGPU-Sim PTX: >>>>>> Adding localized dynamic shared memory symbol for _ZN5flash5smem_E
GPGPU-Sim PTX: >>>>>> Updating operand to use localized dyn shared mem symbol.
GPGPU-Sim PTX: >>> This is a shared memory symbol: _ZN5flash5smem_E size in bytes 0
GPGPU-Sim PTX: >>>>>> Updating operand to use localized dyn shared mem symbol.
GPGPU-Sim PTX: reorder switch function '_ZN5flash16flash_fwd_kernelI23Flash_fwd_kernel_traitsILi64ELi128ELi64ELi4ELb0ELb0EN7cutlass6half_tE19Flash_kernel_traitsILi64ELi128ELi64ELi4ES3_EELb1ELb1ELb0ELb0ELb0ELb0ELb0ELb0EEEvNS_16Flash_fwd_paramsE': segments=214 skipped=0 insts=5779 moved_slots=4934 max_segment=932 edges=6484 slack=0 sass_guided=0 sass_guided_fallback=0 sass_cursor=0/0
  done.
GPGPU-Sim PTX: instruction assembly for function '_ZN5flash16flash_fwd_kernelI23Flash_fwd_kernel_traitsILi64ELi128ELi128ELi4ELb0ELb0EN7cutlass6half_tE19Flash_kernel_traitsILi64ELi128ELi128ELi4ES3_EELb0ELb1ELb0ELb1ELb0ELb0ELb1ELb0EEEvNS_16Flash_fwd_paramsE'... GPGPU-Sim PTX: >>> This is a shared memory symbol: _ZN5flash5smem_E size in bytes 0
GPGPU-Sim PTX: >>>>>> Adding localized dynamic shared memory symbol for _ZN5flash5smem_E
GPGPU-Sim PTX: >>>>>> Updating operand to use localized dyn shared mem symbol.
GPGPU-Sim PTX: >>> This is a shared memory symbol: _ZN5flash5smem_E size in bytes 0
GPGPU-Sim PTX: >>>>>> Updating operand to use localized dyn shared mem symbol.
GPGPU-Sim PTX: reorder switch function '_ZN5flash16flash_fwd_kernelI23Flash_fwd_kernel_traitsILi64ELi128ELi128ELi4ELb0ELb0EN7cutlass6half_tE19Flash_kernel_traitsILi64ELi128ELi128ELi4ES3_EELb0ELb1ELb0ELb1ELb0ELb0ELb1ELb0EEEvNS_16Flash_fwd_paramsE': segments=244 skipped=0 insts=6457 moved_slots=5360 max_segment=1022 edges=6834 slack=0 sass_guided=0 sass_guided_fallback=0 sass_cursor=0/0
  done.
GPGPU-Sim PTX: instruction assembly for function '_ZN5flash16flash_fwd_kernelI23Flash_fwd_kernel_traitsILi64ELi128ELi128ELi4ELb0ELb0EN7cutlass6half_tE19Flash_kernel_traitsILi64ELi128ELi128ELi4ES3_EELb0ELb1ELb0ELb1ELb0ELb0ELb0ELb0EEEvNS_16Flash_fwd_paramsE'... GPGPU-Sim PTX: >>> This is a shared memory symbol: _ZN5flash5smem_E size in bytes 0
GPGPU-Sim PTX: >>>>>> Adding localized dynamic shared memory symbol for _ZN5flash5smem_E
GPGPU-Sim PTX: >>>>>> Updating operand to use localized dyn shared mem symbol.
GPGPU-Sim PTX: >>> This is a shared memory symbol: _ZN5flash5smem_E size in bytes 0
GPGPU-Sim PTX: >>>>>> Updating operand to use localized dyn shared mem symbol.
GPGPU-Sim PTX: reorder switch function '_ZN5flash16flash_fwd_kernelI23Flash_fwd_kernel_traitsILi64ELi128ELi128ELi4ELb0ELb0EN7cutlass6half_tE19Flash_kernel_traitsILi64ELi128ELi128ELi4ES3_EELb0ELb1ELb0ELb1ELb0ELb0ELb0ELb0EEEvNS_16Flash_fwd_paramsE': segments=243 skipped=0 insts=5689 moved_slots=4658 max_segment=1022 edges=6194 slack=0 sass_guided=0 sass_guided_fallback=0 sass_cursor=0/0
  done.
GPGPU-Sim PTX: instruction assembly for function '_ZN5flash16flash_fwd_kernelI23Flash_fwd_kernel_traitsILi64ELi128ELi128ELi4ELb0ELb0EN7cutlass6half_tE19Flash_kernel_traitsILi64ELi128ELi128ELi4ES3_EELb0ELb1ELb0ELb0ELb0ELb0ELb1ELb0EEEvNS_16Flash_fwd_paramsE'... GPGPU-Sim PTX: >>> This is a shared memory symbol: _ZN5flash5smem_E size in bytes 0
GPGPU-Sim PTX: >>>>>> Adding localized dynamic shared memory symbol for _ZN5flash5smem_E
GPGPU-Sim PTX: >>>>>> Updating operand to use localized dyn shared mem symbol.
GPGPU-Sim PTX: >>> This is a shared memory symbol: _ZN5flash5smem_E size in bytes 0
GPGPU-Sim PTX: >>>>>> Updating operand to use localized dyn shared mem symbol.
GPGPU-Sim PTX: reorder switch function '_ZN5flash16flash_fwd_kernelI23Flash_fwd_kernel_traitsILi64ELi128ELi128ELi4ELb0ELb0EN7cutlass6half_tE19Flash_kernel_traitsILi64ELi128ELi128ELi4ES3_EELb0ELb1ELb0ELb0ELb0ELb0ELb1ELb0EEEvNS_16Flash_fwd_paramsE': segments=245 skipped=0 insts=5941 moved_slots=4833 max_segment=840 edges=5752 slack=0 sass_guided=0 sass_guided_fallback=0 sass_cursor=0/0
  done.
GPGPU-Sim PTX: instruction assembly for function '_ZN5flash16flash_fwd_kernelI23Flash_fwd_kernel_traitsILi64ELi128ELi128ELi4ELb0ELb0EN7cutlass6half_tE19Flash_kernel_traitsILi64ELi128ELi128ELi4ES3_EELb0ELb1ELb0ELb0ELb0ELb0ELb0ELb0EEEvNS_16Flash_fwd_paramsE'... GPGPU-Sim PTX: >>> This is a shared memory symbol: _ZN5flash5smem_E size in bytes 0
GPGPU-Sim PTX: >>>>>> Adding localized dynamic shared memory symbol for _ZN5flash5smem_E
GPGPU-Sim PTX: >>>>>> Updating operand to use localized dyn shared mem symbol.
GPGPU-Sim PTX: >>> This is a shared memory symbol: _ZN5flash5smem_E size in bytes 0
GPGPU-Sim PTX: >>>>>> Updating operand to use localized dyn shared mem symbol.
GPGPU-Sim PTX: reorder switch function '_ZN5flash16flash_fwd_kernelI23Flash_fwd_kernel_traitsILi64ELi128ELi128ELi4ELb0ELb0EN7cutlass6half_tE19Flash_kernel_traitsILi64ELi128ELi128ELi4ES3_EELb0ELb1ELb0ELb0ELb0ELb0ELb0ELb0EEEvNS_16Flash_fwd_paramsE': segments=244 skipped=0 insts=5173 moved_slots=4132 max_segment=840 edges=5112 slack=0 sass_guided=0 sass_guided_fallback=0 sass_cursor=0/0
  done.
GPGPU-Sim PTX: instruction assembly for function '_ZN5flash16flash_fwd_kernelI23Flash_fwd_kernel_traitsILi64ELi128ELi128ELi4ELb0ELb0EN7cutlass6half_tE19Flash_kernel_traitsILi64ELi128ELi128ELi4ES3_EELb0ELb1ELb0ELb0ELb0ELb1ELb1ELb0EEEvNS_16Flash_fwd_paramsE'... GPGPU-Sim PTX: >>> This is a shared memory symbol: _ZN5flash5smem_E size in bytes 0
GPGPU-Sim PTX: >>>>>> Adding localized dynamic shared memory symbol for _ZN5flash5smem_E
GPGPU-Sim PTX: >>>>>> Updating operand to use localized dyn shared mem symbol.
GPGPU-Sim PTX: >>> This is a shared memory symbol: _ZN5flash5smem_E size in bytes 0
GPGPU-Sim PTX: >>>>>> Updating operand to use localized dyn shared mem symbol.
GPGPU-Sim PTX: >>> This is a shared memory symbol: _ZN5flash5smem_E size in bytes 0
GPGPU-Sim PTX: >>>>>> Updating operand to use localized dyn shared mem symbol.
GPGPU-Sim PTX: >>> This is a shared memory symbol: _ZN5flash5smem_E size in bytes 0
GPGPU-Sim PTX: >>>>>> Updating operand to use localized dyn shared mem symbol.
GPGPU-Sim PTX: >>> This is a shared memory symbol: _ZN5flash5smem_E size in bytes 0
GPGPU-Sim PTX: >>>>>> Updating operand to use localized dyn shared mem symbol.
GPGPU-Sim PTX: >>> This is a shared memory symbol: _ZN5flash5smem_E size in bytes 0
GPGPU-Sim PTX: >>>>>> Updating operand to use localized dyn shared mem symbol.
GPGPU-Sim PTX: >>> This is a shared memory symbol: _ZN5flash5smem_E size in bytes 0
GPGPU-Sim PTX: >>>>>> Updating operand to use localized dyn shared mem symbol.
GPGPU-Sim PTX: >>> This is a shared memory symbol: _ZN5flash5smem_E size in bytes 0
GPGPU-Sim PTX: >>>>>> Updating operand to use localized dyn shared mem symbol.
GPGPU-Sim PTX: >>> This is a shared memory symbol: _ZN5flash5smem_E size in bytes 0
GPGPU-Sim PTX: >>>>>> Updating operand to use localized dyn shared mem symbol.
GPGPU-Sim PTX: >>> This is a shared memory symbol: _ZN5flash5smem_E size in bytes 0
GPGPU-Sim PTX: >>>>>> Updating operand to use localized dyn shared mem symbol.
GPGPU-Sim PTX: >>> This is a shared memory symbol: _ZN5flash5smem_E size in bytes 0
GPGPU-Sim PTX: >>>>>> Updating operand to use localized dyn shared mem symbol.
GPGPU-Sim PTX: >>> This is a shared memory symbol: _ZN5flash5smem_E size in bytes 0
GPGPU-Sim PTX: >>>>>> Updating operand to use localized dyn shared mem symbol.
GPGPU-Sim PTX: >>> This is a shared memory symbol: _ZN5flash5smem_E size in bytes 0
GPGPU-Sim PTX: >>>>>> Updating operand to use localized dyn shared mem symbol.
GPGPU-Sim PTX: >>> This is a shared memory symbol: _ZN5flash5smem_E size in bytes 0
GPGPU-Sim PTX: >>>>>> Updating operand to use localized dyn shared mem symbol.
GPGPU-Sim PTX: >>> This is a shared memory symbol: _ZN5flash5smem_E size in bytes 0
GPGPU-Sim PTX: >>>>>> Updating operand to use localized dyn shared mem symbol.
GPGPU-Sim PTX: >>> This is a shared memory symbol: _ZN5flash5smem_E size in bytes 0
GPGPU-Sim PTX: >>>>>> Updating operand to use localized dyn shared mem symbol.
GPGPU-Sim PTX: >>> This is a shared memory symbol: _ZN5flash5smem_E size in bytes 0
GPGPU-Sim PTX: >>>>>> Updating operand to use localized dyn shared mem symbol.
GPGPU-Sim PTX: >>> This is a shared memory symbol: _ZN5flash5smem_E size in bytes 0
GPGPU-Sim PTX: >>>>>> Updating operand to use localized dyn shared mem symbol.
GPGPU-Sim PTX: reorder switch function '_ZN5flash16flash_fwd_kernelI23Flash_fwd_kernel_traitsILi64ELi128ELi128ELi4ELb0ELb0EN7cutlass6half_tE19Flash_kernel_traitsILi64ELi128ELi128ELi4ES3_EELb0ELb1ELb0ELb0ELb0ELb1ELb1ELb0EEEvNS_16Flash_fwd_paramsE': segments=190 skipped=0 insts=5677 moved_slots=4750 max_segment=840 edges=5604 slack=0 sass_guided=0 sass_guided_fallback=0 sass_cursor=0/0
  done.
GPGPU-Sim PTX: instruction assembly for function '_ZN5flash16flash_fwd_kernelI23Flash_fwd_kernel_traitsILi64ELi128ELi128ELi4ELb0ELb0EN7cutlass6half_tE19Flash_kernel_traitsILi64ELi128ELi128ELi4ES3_EELb0ELb1ELb0ELb0ELb0ELb1ELb0ELb0EEEvNS_16Flash_fwd_paramsE'... GPGPU-Sim PTX: >>> This is a shared memory symbol: _ZN5flash5smem_E size in bytes 0
GPGPU-Sim PTX: >>>>>> Adding localized dynamic shared memory symbol for _ZN5flash5smem_E
GPGPU-Sim PTX: >>>>>> Updating operand to use localized dyn shared mem symbol.
GPGPU-Sim PTX: >>> This is a shared memory symbol: _ZN5flash5smem_E size in bytes 0
GPGPU-Sim PTX: >>>>>> Updating operand to use localized dyn shared mem symbol.
GPGPU-Sim PTX: >>> This is a shared memory symbol: _ZN5flash5smem_E size in bytes 0
GPGPU-Sim PTX: >>>>>> Updating operand to use localized dyn shared mem symbol.
GPGPU-Sim PTX: >>> This is a shared memory symbol: _ZN5flash5smem_E size in bytes 0
GPGPU-Sim PTX: >>>>>> Updating operand to use localized dyn shared mem symbol.
GPGPU-Sim PTX: >>> This is a shared memory symbol: _ZN5flash5smem_E size in bytes 0
GPGPU-Sim PTX: >>>>>> Updating operand to use localized dyn shared mem symbol.
GPGPU-Sim PTX: >>> This is a shared memory symbol: _ZN5flash5smem_E size in bytes 0
GPGPU-Sim PTX: >>>>>> Updating operand to use localized dyn shared mem symbol.
GPGPU-Sim PTX: >>> This is a shared memory symbol: _ZN5flash5smem_E size in bytes 0
GPGPU-Sim PTX: >>>>>> Updating operand to use localized dyn shared mem symbol.
GPGPU-Sim PTX: >>> This is a shared memory symbol: _ZN5flash5smem_E size in bytes 0
GPGPU-Sim PTX: >>>>>> Updating operand to use localized dyn shared mem symbol.
GPGPU-Sim PTX: >>> This is a shared memory symbol: _ZN5flash5smem_E size in bytes 0
GPGPU-Sim PTX: >>>>>> Updating operand to use localized dyn shared mem symbol.
GPGPU-Sim PTX: >>> This is a shared memory symbol: _ZN5flash5smem_E size in bytes 0
GPGPU-Sim PTX: >>>>>> Updating operand to use localized dyn shared mem symbol.
GPGPU-Sim PTX: >>> This is a shared memory symbol: _ZN5flash5smem_E size in bytes 0
GPGPU-Sim PTX: >>>>>> Updating operand to use localized dyn shared mem symbol.
GPGPU-Sim PTX: >>> This is a shared memory symbol: _ZN5flash5smem_E size in bytes 0
GPGPU-Sim PTX: >>>>>> Updating operand to use localized dyn shared mem symbol.
GPGPU-Sim PTX: >>> This is a shared memory symbol: _ZN5flash5smem_E size in bytes 0
GPGPU-Sim PTX: >>>>>> Updating operand to use localized dyn shared mem symbol.
GPGPU-Sim PTX: >>> This is a shared memory symbol: _ZN5flash5smem_E size in bytes 0
GPGPU-Sim PTX: >>>>>> Updating operand to use localized dyn shared mem symbol.
GPGPU-Sim PTX: >>> This is a shared memory symbol: _ZN5flash5smem_E size in bytes 0
GPGPU-Sim PTX: >>>>>> Updating operand to use localized dyn shared mem symbol.
GPGPU-Sim PTX: >>> This is a shared memory symbol: _ZN5flash5smem_E size in bytes 0
GPGPU-Sim PTX: >>>>>> Updating operand to use localized dyn shared mem symbol.
GPGPU-Sim PTX: >>> This is a shared memory symbol: _ZN5flash5smem_E size in bytes 0
GPGPU-Sim PTX: >>>>>> Updating operand to use localized dyn shared mem symbol.
GPGPU-Sim PTX: >>> This is a shared memory symbol: _ZN5flash5smem_E size in bytes 0
GPGPU-Sim PTX: >>>>>> Updating operand to use localized dyn shared mem symbol.
GPGPU-Sim PTX: reorder switch function '_ZN5flash16flash_fwd_kernelI23Flash_fwd_kernel_traitsILi64ELi128ELi128ELi4ELb0ELb0EN7cutlass6half_tE19Flash_kernel_traitsILi64ELi128ELi128ELi4ES3_EELb0ELb1ELb0ELb0ELb0ELb1ELb0ELb0EEEvNS_16Flash_fwd_paramsE': segments=189 skipped=0 insts=4909 moved_slots=4049 max_segment=840 edges=4964 slack=0 sass_guided=0 sass_guided_fallback=0 sass_cursor=0/0
  done.
GPGPU-Sim PTX: instruction assembly for function '_ZN5flash16flash_fwd_kernelI23Flash_fwd_kernel_traitsILi64ELi128ELi128ELi4ELb0ELb0EN7cutlass6half_tE19Flash_kernel_traitsILi64ELi128ELi128ELi4ES3_EELb0ELb1ELb0ELb0ELb1ELb1ELb1ELb0EEEvNS_16Flash_fwd_paramsE'... GPGPU-Sim PTX: >>> This is a shared memory symbol: _ZN5flash5smem_E size in bytes 0
GPGPU-Sim PTX: >>>>>> Adding localized dynamic shared memory symbol for _ZN5flash5smem_E
GPGPU-Sim PTX: >>>>>> Updating operand to use localized dyn shared mem symbol.
GPGPU-Sim PTX: >>> This is a shared memory symbol: _ZN5flash5smem_E size in bytes 0
GPGPU-Sim PTX: >>>>>> Updating operand to use localized dyn shared mem symbol.
GPGPU-Sim PTX: reorder switch function '_ZN5flash16flash_fwd_kernelI23Flash_fwd_kernel_traitsILi64ELi128ELi128ELi4ELb0ELb0EN7cutlass6half_tE19Flash_kernel_traitsILi64ELi128ELi128ELi4ES3_EELb0ELb1ELb0ELb0ELb1ELb1ELb1ELb0EEEvNS_16Flash_fwd_paramsE': segments=121 skipped=0 insts=3687 moved_slots=3057 max_segment=836 edges=3555 slack=0 sass_guided=0 sass_guided_fallback=0 sass_cursor=0/0
  done.
GPGPU-Sim PTX: instruction assembly for function '_ZN5flash16flash_fwd_kernelI23Flash_fwd_kernel_traitsILi64ELi128ELi128ELi4ELb0ELb0EN7cutlass6half_tE19Flash_kernel_traitsILi64ELi128ELi128ELi4ES3_EELb0ELb1ELb0ELb0ELb1ELb1ELb0ELb0EEEvNS_16Flash_fwd_paramsE'... GPGPU-Sim PTX: >>> This is a shared memory symbol: _ZN5flash5smem_E size in bytes 0
GPGPU-Sim PTX: >>>>>> Adding localized dynamic shared memory symbol for _ZN5flash5smem_E
GPGPU-Sim PTX: >>>>>> Updating operand to use localized dyn shared mem symbol.
GPGPU-Sim PTX: >>> This is a shared memory symbol: _ZN5flash5smem_E size in bytes 0
GPGPU-Sim PTX: >>>>>> Updating operand to use localized dyn shared mem symbol.
GPGPU-Sim PTX: reorder switch function '_ZN5flash16flash_fwd_kernelI23Flash_fwd_kernel_traitsILi64ELi128ELi128ELi4ELb0ELb0EN7cutlass6half_tE19Flash_kernel_traitsILi64ELi128ELi128ELi4ES3_EELb0ELb1ELb0ELb0ELb1ELb1ELb0ELb0EEEvNS_16Flash_fwd_paramsE': segments=120 skipped=0 insts=3175 moved_slots=2611 max_segment=836 edges=3171 slack=0 sass_guided=0 sass_guided_fallback=0 sass_cursor=0/0
  done.
GPGPU-Sim PTX: finished parsing EMBEDDED .ptx file fa2_fwd_fp16_test.sm_90a.ptx
GPGPU-Sim PTX: loading globals with explicit initializers... 
GPGPU-Sim PTX: finished loading globals (0 bytes total).
GPGPU-Sim PTX: loading constants with explicit initializers...  done.
GPGPU-Sim PTX DEBUG: ptxinfo selected=fa2_fwd_fp16_test.sm_90a.ptx ptxinfo_filename=fa2_fwd_fp16_test.sm_90a.ptx arch=sm_90a
GPGPU-Sim PTX: Loading PTXInfo from fa2_fwd_fp16_test.sm_90a.ptx
GPGPU-Sim PTX: Kernel '_ZN5flash16flash_fwd_kernelI23Flash_fwd_kernel_traitsILi64ELi128ELi128ELi4ELb0ELb0EN7cutlass6half_tE19Flash_kernel_traitsILi64ELi128ELi128ELi4ES3_EELb0ELb1ELb0ELb0ELb1ELb1ELb0ELb0EEEvNS_16Flash_fwd_paramsE' : regs=1, lmem=0, smem(static)=0, cmem=0
GPGPU-Sim PTX: Binary info : gmem=0, cmem=0
GPGPU-Sim PTX: Kernel '_ZN5flash16flash_fwd_kernelI23Flash_fwd_kernel_traitsILi64ELi128ELi128ELi4ELb0ELb0EN7cutlass6half_tE19Flash_kernel_traitsILi64ELi128ELi128ELi4ES3_EELb0ELb1ELb0ELb0ELb1ELb1ELb1ELb0EEEvNS_16Flash_fwd_paramsE' : regs=1, lmem=0, smem(static)=0, cmem=0
GPGPU-Sim PTX: Binary info : gmem=0, cmem=0
GPGPU-Sim PTX: Kernel '_ZN5flash16flash_fwd_kernelI23Flash_fwd_kernel_traitsILi64ELi128ELi128ELi4ELb0ELb0EN7cutlass6half_tE19Flash_kernel_traitsILi64ELi128ELi128ELi4ES3_EELb0ELb1ELb0ELb0ELb0ELb1ELb0ELb0EEEvNS_16Flash_fwd_paramsE' : regs=1, lmem=0, smem(static)=0, cmem=0
GPGPU-Sim PTX: Binary info : gmem=0, cmem=0
GPGPU-Sim PTX: Kernel '_ZN5flash16flash_fwd_kernelI23Flash_fwd_kernel_traitsILi64ELi128ELi128ELi4ELb0ELb0EN7cutlass6half_tE19Flash_kernel_traitsILi64ELi128ELi128ELi4ES3_EELb0ELb1ELb0ELb0ELb0ELb1ELb1ELb0EEEvNS_16Flash_fwd_paramsE' : regs=1, lmem=0, smem(static)=0, cmem=0
GPGPU-Sim PTX: Binary info : gmem=0, cmem=0
GPGPU-Sim PTX: Kernel '_ZN5flash16flash_fwd_kernelI23Flash_fwd_kernel_traitsILi64ELi128ELi128ELi4ELb0ELb0EN7cutlass6half_tE19Flash_kernel_traitsILi64ELi128ELi128ELi4ES3_EELb0ELb1ELb0ELb0ELb0ELb0ELb0ELb0EEEvNS_16Flash_fwd_paramsE' : regs=1, lmem=0, smem(static)=0, cmem=0
GPGPU-Sim PTX: Binary info : gmem=0, cmem=0
GPGPU-Sim PTX: Kernel '_ZN5flash16flash_fwd_kernelI23Flash_fwd_kernel_traitsILi64ELi128ELi128ELi4ELb0ELb0EN7cutlass6half_tE19Flash_kernel_traitsILi64ELi128ELi128ELi4ES3_EELb0ELb1ELb0ELb0ELb0ELb0ELb1ELb0EEEvNS_16Flash_fwd_paramsE' : regs=1, lmem=0, smem(static)=0, cmem=0
GPGPU-Sim PTX: Binary info : gmem=0, cmem=0
GPGPU-Sim PTX: Kernel '_ZN5flash16flash_fwd_kernelI23Flash_fwd_kernel_traitsILi64ELi128ELi128ELi4ELb0ELb0EN7cutlass6half_tE19Flash_kernel_traitsILi64ELi128ELi128ELi4ES3_EELb0ELb1ELb0ELb1ELb0ELb0ELb0ELb0EEEvNS_16Flash_fwd_paramsE' : regs=1, lmem=0, smem(static)=0, cmem=0
GPGPU-Sim PTX: Binary info : gmem=0, cmem=0
GPGPU-Sim PTX: Kernel '_ZN5flash16flash_fwd_kernelI23Flash_fwd_kernel_traitsILi64ELi128ELi128ELi4ELb0ELb0EN7cutlass6half_tE19Flash_kernel_traitsILi64ELi128ELi128ELi4ES3_EELb0ELb1ELb0ELb1ELb0ELb0ELb1ELb0EEEvNS_16Flash_fwd_paramsE' : regs=1, lmem=0, smem(static)=0, cmem=0
GPGPU-Sim PTX: Binary info : gmem=0, cmem=0
GPGPU-Sim PTX: Kernel '_ZN5flash16flash_fwd_kernelI23Flash_fwd_kernel_traitsILi64ELi128ELi64ELi4ELb0ELb0EN7cutlass6half_tE19Flash_kernel_traitsILi64ELi128ELi64ELi4ES3_EELb1ELb1ELb0ELb0ELb0ELb0ELb0ELb0EEEvNS_16Flash_fwd_paramsE' : regs=1, lmem=0, smem(static)=0, cmem=0
GPGPU-Sim PTX: Binary info : gmem=0, cmem=0
GPGPU-Sim PTX: Kernel '_ZN5flash16flash_fwd_kernelI23Flash_fwd_kernel_traitsILi64ELi128ELi64ELi4ELb0ELb0EN7cutlass6half_tE19Flash_kernel_traitsILi64ELi128ELi64ELi4ES3_EELb1ELb1ELb0ELb0ELb1ELb1ELb0ELb0EEEvNS_16Flash_fwd_paramsE' : regs=1, lmem=0, smem(static)=0, cmem=0
GPGPU-Sim PTX: Binary info : gmem=0, cmem=0
GPGPU-Sim PTX: Kernel '_ZN5flash16flash_fwd_kernelI23Flash_fwd_kernel_traitsILi64ELi128ELi64ELi4ELb0ELb0EN7cutlass6half_tE19Flash_kernel_traitsILi64ELi128ELi64ELi4ES3_EELb0ELb1ELb0ELb0ELb1ELb1ELb1ELb0EEEvNS_16Flash_fwd_paramsE' : regs=1, lmem=0, smem(static)=0, cmem=0
GPGPU-Sim PTX: Binary info : gmem=0, cmem=0
GPGPU-Sim PTX: Kernel '_ZN5flash16flash_fwd_kernelI23Flash_fwd_kernel_traitsILi64ELi128ELi64ELi4ELb0ELb0EN7cutlass6half_tE19Flash_kernel_traitsILi64ELi128ELi64ELi4ES3_EELb1ELb1ELb0ELb0ELb0ELb1ELb0ELb0EEEvNS_16Flash_fwd_paramsE' : regs=1, lmem=0, smem(static)=0, cmem=0
GPGPU-Sim PTX: Binary info : gmem=0, cmem=0
GPGPU-Sim PTX: Kernel '_ZN5flash16flash_fwd_kernelI23Flash_fwd_kernel_traitsILi64ELi128ELi64ELi4ELb0ELb0EN7cutlass6half_tE19Flash_kernel_traitsILi64ELi128ELi64ELi4ES3_EELb0ELb1ELb0ELb0ELb0ELb1ELb1ELb0EEEvNS_16Flash_fwd_paramsE' : regs=1, lmem=0, smem(static)=0, cmem=0
GPGPU-Sim PTX: Binary info : gmem=0, cmem=0
GPGPU-Sim PTX: Kernel '_ZN5flash16flash_fwd_kernelI23Flash_fwd_kernel_traitsILi64ELi128ELi64ELi4ELb0ELb0EN7cutlass6half_tE19Flash_kernel_traitsILi64ELi128ELi64ELi4ES3_EELb1ELb1ELb0ELb1ELb0ELb0ELb0ELb0EEEvNS_16Flash_fwd_paramsE' : regs=1, lmem=0, smem(static)=0, cmem=0
GPGPU-Sim PTX: Binary info : gmem=0, cmem=0
GPGPU-Sim PTX: Kernel '_ZN5flash16flash_fwd_kernelI23Flash_fwd_kernel_traitsILi64ELi128ELi64ELi4ELb0ELb0EN7cutlass6half_tE19Flash_kernel_traitsILi64ELi128ELi64ELi4ES3_EELb1ELb1ELb0ELb0ELb0ELb0ELb0ELb1EEEvNS_16Flash_fwd_paramsE' : regs=1, lmem=0, smem(static)=0, cmem=0
GPGPU-Sim PTX: Binary info : gmem=0, cmem=0
GPGPU-Sim PTX: Kernel '_ZN5flash16flash_fwd_kernelI23Flash_fwd_kernel_traitsILi64ELi128ELi64ELi4ELb0ELb0EN7cutlass6half_tE19Flash_kernel_traitsILi64ELi128ELi64ELi4ES3_EELb0ELb1ELb0ELb0ELb0ELb0ELb1ELb0EEEvNS_16Flash_fwd_paramsE' : regs=1, lmem=0, smem(static)=0, cmem=0
GPGPU-Sim PTX: Binary info : gmem=0, cmem=0
GPGPU-Sim PTX: Kernel '_ZN5flash16flash_fwd_kernelI23Flash_fwd_kernel_traitsILi64ELi128ELi64ELi4ELb0ELb0EN7cutlass6half_tE19Flash_kernel_traitsILi64ELi128ELi64ELi4ES3_EELb1ELb1ELb0ELb1ELb0ELb0ELb0ELb1EEEvNS_16Flash_fwd_paramsE' : regs=1, lmem=0, smem(static)=0, cmem=0
GPGPU-Sim PTX: Binary info : gmem=0, cmem=0
GPGPU-Sim PTX: Kernel '_ZN5flash16flash_fwd_kernelI23Flash_fwd_kernel_traitsILi64ELi128ELi64ELi4ELb0ELb0EN7cutlass6half_tE19Flash_kernel_traitsILi64ELi128ELi64ELi4ES3_EELb0ELb1ELb0ELb1ELb0ELb0ELb1ELb0EEEvNS_16Flash_fwd_paramsE' : regs=1, lmem=0, smem(static)=0, cmem=0
GPGPU-Sim PTX: Binary info : gmem=0, cmem=0
GPGPU-Sim PTX: __cudaRegisterFunction _ZN5flash16flash_fwd_kernelI23Flash_fwd_kernel_traitsILi64ELi128ELi128ELi4ELb0ELb0EN7cutlass6half_tE19Flash_kernel_traitsILi64ELi128ELi128ELi4ES3_EELb0ELb1ELb0ELb0ELb1ELb1ELb1ELb0EEEvNS_16Flash_fwd_paramsE : hostFun 0x0x576c71c13f60, fat_cubin_handle = 1
GPGPU-Sim PTX: __cudaRegisterFunction _ZN5flash16flash_fwd_kernelI23Flash_fwd_kernel_traitsILi64ELi128ELi128ELi4ELb0ELb0EN7cutlass6half_tE19Flash_kernel_traitsILi64ELi128ELi128ELi4ES3_EELb0ELb1ELb0ELb0ELb0ELb1ELb0ELb0EEEvNS_16Flash_fwd_paramsE : hostFun 0x0x576c71c13eb0, fat_cubin_handle = 1
GPGPU-Sim PTX: __cudaRegisterFunction _ZN5flash16flash_fwd_kernelI23Flash_fwd_kernel_traitsILi64ELi128ELi128ELi4ELb0ELb0EN7cutlass6half_tE19Flash_kernel_traitsILi64ELi128ELi128ELi4ES3_EELb0ELb1ELb0ELb0ELb0ELb1ELb1ELb0EEEvNS_16Flash_fwd_paramsE : hostFun 0x0x576c71c13e00, fat_cubin_handle = 1
GPGPU-Sim PTX: __cudaRegisterFunction _ZN5flash16flash_fwd_kernelI23Flash_fwd_kernel_traitsILi64ELi128ELi128ELi4ELb0ELb0EN7cutlass6half_tE19Flash_kernel_traitsILi64ELi128ELi128ELi4ES3_EELb0ELb1ELb0ELb0ELb0ELb0ELb0ELb0EEEvNS_16Flash_fwd_paramsE : hostFun 0x0x576c71c13d50, fat_cubin_handle = 1
GPGPU-Sim PTX: __cudaRegisterFunction _ZN5flash16flash_fwd_kernelI23Flash_fwd_kernel_traitsILi64ELi128ELi128ELi4ELb0ELb0EN7cutlass6half_tE19Flash_kernel_traitsILi64ELi128ELi128ELi4ES3_EELb0ELb1ELb0ELb0ELb0ELb0ELb1ELb0EEEvNS_16Flash_fwd_paramsE : hostFun 0x0x576c71c13ca0, fat_cubin_handle = 1
GPGPU-Sim PTX: __cudaRegisterFunction _ZN5flash16flash_fwd_kernelI23Flash_fwd_kernel_traitsILi64ELi128ELi128ELi4ELb0ELb0EN7cutlass6half_tE19Flash_kernel_traitsILi64ELi128ELi128ELi4ES3_EELb0ELb1ELb0ELb1ELb0ELb0ELb0ELb0EEEvNS_16Flash_fwd_paramsE : hostFun 0x0x576c71c13bf0, fat_cubin_handle = 1
GPGPU-Sim PTX: __cudaRegisterFunction _ZN5flash16flash_fwd_kernelI23Flash_fwd_kernel_traitsILi64ELi128ELi128ELi4ELb0ELb0EN7cutlass6half_tE19Flash_kernel_traitsILi64ELi128ELi128ELi4ES3_EELb0ELb1ELb0ELb1ELb0ELb0ELb1ELb0EEEvNS_16Flash_fwd_paramsE : hostFun 0x0x576c71c13b40, fat_cubin_handle = 1
GPGPU-Sim PTX: __cudaRegisterFunction _ZN5flash16flash_fwd_kernelI23Flash_fwd_kernel_traitsILi64ELi128ELi64ELi4ELb0ELb0EN7cutlass6half_tE19Flash_kernel_traitsILi64ELi128ELi64ELi4ES3_EELb1ELb1ELb0ELb0ELb0ELb0ELb0ELb0EEEvNS_16Flash_fwd_paramsE : hostFun 0x0x576c71c13a90, fat_cubin_handle = 1
GPGPU-Sim PTX: __cudaRegisterFunction _ZN5flash16flash_fwd_kernelI23Flash_fwd_kernel_traitsILi64ELi128ELi64ELi4ELb0ELb0EN7cutlass6half_tE19Flash_kernel_traitsILi64ELi128ELi64ELi4ES3_EELb1ELb1ELb0ELb0ELb1ELb1ELb0ELb0EEEvNS_16Flash_fwd_paramsE : hostFun 0x0x576c71c139e0, fat_cubin_handle = 1
GPGPU-Sim PTX: __cudaRegisterFunction _ZN5flash16flash_fwd_kernelI23Flash_fwd_kernel_traitsILi64ELi128ELi64ELi4ELb0ELb0EN7cutlass6half_tE19Flash_kernel_traitsILi64ELi128ELi64ELi4ES3_EELb0ELb1ELb0ELb0ELb1ELb1ELb1ELb0EEEvNS_16Flash_fwd_paramsE : hostFun 0x0x576c71c13930, fat_cubin_handle = 1
GPGPU-Sim PTX: __cudaRegisterFunction _ZN5flash16flash_fwd_kernelI23Flash_fwd_kernel_traitsILi64ELi128ELi64ELi4ELb0ELb0EN7cutlass6half_tE19Flash_kernel_traitsILi64ELi128ELi64ELi4ES3_EELb1ELb1ELb0ELb0ELb0ELb1ELb0ELb0EEEvNS_16Flash_fwd_paramsE : hostFun 0x0x576c71c142d0, fat_cubin_handle = 1
GPGPU-Sim PTX: __cudaRegisterFunction _ZN5flash16flash_fwd_kernelI23Flash_fwd_kernel_traitsILi64ELi128ELi64ELi4ELb0ELb0EN7cutlass6half_tE19Flash_kernel_traitsILi64ELi128ELi64ELi4ES3_EELb0ELb1ELb0ELb0ELb0ELb1ELb1ELb0EEEvNS_16Flash_fwd_paramsE : hostFun 0x0x576c71c14220, fat_cubin_handle = 1
GPGPU-Sim PTX: __cudaRegisterFunction _ZN5flash16flash_fwd_kernelI23Flash_fwd_kernel_traitsILi64ELi128ELi64ELi4ELb0ELb0EN7cutlass6half_tE19Flash_kernel_traitsILi64ELi128ELi64ELi4ES3_EELb1ELb1ELb0ELb1ELb0ELb0ELb0ELb0EEEvNS_16Flash_fwd_paramsE : hostFun 0x0x576c71c14170, fat_cubin_handle = 1
GPGPU-Sim PTX: __cudaRegisterFunction _ZN5flash16flash_fwd_kernelI23Flash_fwd_kernel_traitsILi64ELi128ELi64ELi4ELb0ELb0EN7cutlass6half_tE19Flash_kernel_traitsILi64ELi128ELi64ELi4ES3_EELb1ELb1ELb0ELb0ELb0ELb0ELb0ELb1EEEvNS_16Flash_fwd_paramsE : hostFun 0x0x576c71c140c0, fat_cubin_handle = 1
GPGPU-Sim PTX: __cudaRegisterFunction _ZN5flash16flash_fwd_kernelI23Flash_fwd_kernel_traitsILi64ELi128ELi64ELi4ELb0ELb0EN7cutlass6half_tE19Flash_kernel_traitsILi64ELi128ELi64ELi4ES3_EELb0ELb1ELb0ELb0ELb0ELb0ELb1ELb0EEEvNS_16Flash_fwd_paramsE : hostFun 0x0x576c71c14430, fat_cubin_handle = 1
GPGPU-Sim PTX: __cudaRegisterFunction _ZN5flash16flash_fwd_kernelI23Flash_fwd_kernel_traitsILi64ELi128ELi64ELi4ELb0ELb0EN7cutlass6half_tE19Flash_kernel_traitsILi64ELi128ELi64ELi4ES3_EELb1ELb1ELb0ELb1ELb0ELb0ELb0ELb1EEEvNS_16Flash_fwd_paramsE : hostFun 0x0x576c71c14380, fat_cubin_handle = 1
GPGPU-Sim PTX: __cudaRegisterFunction _ZN5flash16flash_fwd_kernelI23Flash_fwd_kernel_traitsILi64ELi128ELi64ELi4ELb0ELb0EN7cutlass6half_tE19Flash_kernel_traitsILi64ELi128ELi64ELi4ES3_EELb0ELb1ELb0ELb1ELb0ELb0ELb1ELb0EEEvNS_16Flash_fwd_paramsE : hostFun 0x0x576c71c13880, fat_cubin_handle = 1
Running main() from gtest/googletest/src/gtest_main.cc
Note: Google Test filter = Fa2PrefillFp16SmallTest.H32D64CausalB32S256
[==========] Running 1 test from 1 test suite.
[----------] Global test environment set-up.
[----------] 1 test from Fa2PrefillFp16SmallTest
[ RUN      ] Fa2PrefillFp16SmallTest.H32D64CausalB32S256
GPGPU-Sim PTX: Execution warning: ignoring call to "cudaError_t cudaFuncSetAttribute(const void*, cudaFuncAttribute, int) ( func=0x576c71c14010, attr=8, value=49152 )"
GPGPU-Sim PTX: Setting up arguments for 472 bytes starting at 0x7ffe01b1a180..

GPGPU-Sim PTX: cudaLaunch for 0x0x576c71c14010 (mode=performance simulation) on stream 0
>>>>> Binding parameter _ZN5flash16flash_fwd_kernelI23Flash_fwd_kernel_traitsILi64ELi128ELi128ELi4ELb0ELb0EN7cutlass6half_tE19Flash_kernel_traitsILi64ELi128ELi128ELi4ES3_EELb0ELb1ELb0ELb0ELb1ELb1ELb0ELb0EEEvNS_16Flash_fwd_paramsE argn=0 scratchpad_memory_param=0
GPGPU-Sim PTX: Setting up dynamic shared memory: size=49152 bytes
GPGPU-Sim PTX: Allocating local dyn shared mem symbol _ZN5flash5smem_E from 0x0 to 0xc000 (size 49152)
GPGPU-Sim PTX: Kernel '_ZN5flash16flash_fwd_kernelI23Flash_fwd_kernel_traitsILi64ELi128ELi128ELi4ELb0ELb0EN7cutlass6half_tE19Flash_kernel_traitsILi64ELi128ELi128ELi4ES3_EELb0ELb1ELb0ELb0ELb1ELb1ELb0ELb0EEEvNS_16Flash_fwd_paramsE' : smem(static)=0, smem(dynamic)=49152, total_smem=49152
GPGPU-Sim PTX: finding reconvergence points for '_ZN5flash16flash_fwd_kernelI23Flash_fwd_kernel_traitsILi64ELi128ELi128ELi4ELb0ELb0EN7cutlass6half_tE19Flash_kernel_traitsILi64ELi128ELi128ELi4ES3_EELb0ELb1ELb0ELb0ELb1ELb1ELb0ELb0EEEvNS_16Flash_fwd_paramsE'...
GPGPU-Sim PTX: Finding dominators for '_ZN5flash16flash_fwd_kernelI23Flash_fwd_kernel_traitsILi64ELi128ELi128ELi4ELb0ELb0EN7cutlass6half_tE19Flash_kernel_traitsILi64ELi128ELi128ELi4ES3_EELb0ELb1ELb0ELb0ELb1ELb1ELb0ELb0EEEvNS_16Flash_fwd_paramsE'...
GPGPU-Sim PTX: Finding immediate dominators for '_ZN5flash16flash_fwd_kernelI23Flash_fwd_kernel_traitsILi64ELi128ELi128ELi4ELb0ELb0EN7cutlass6half_tE19Flash_kernel_traitsILi64ELi128ELi128ELi4ES3_EELb0ELb1ELb0ELb0ELb1ELb1ELb0ELb0EEEvNS_16Flash_fwd_paramsE'...
GPGPU-Sim PTX: Finding postdominators for '_ZN5flash16flash_fwd_kernelI23Flash_fwd_kernel_traitsILi64ELi128ELi128ELi4ELb0ELb0EN7cutlass6half_tE19Flash_kernel_traitsILi64ELi128ELi128ELi4ES3_EELb0ELb1ELb0ELb0ELb1ELb1ELb0ELb0EEEvNS_16Flash_fwd_paramsE'...
GPGPU-Sim PTX: Finding immediate postdominators for '_ZN5flash16flash_fwd_kernelI23Flash_fwd_kernel_traitsILi64ELi128ELi128ELi4ELb0ELb0EN7cutlass6half_tE19Flash_kernel_traitsILi64ELi128ELi128ELi4ES3_EELb0ELb1ELb0ELb0ELb1ELb1ELb0ELb0EEEvNS_16Flash_fwd_paramsE'...
GPGPU-Sim PTX: pre-decoding instructions for '_ZN5flash16flash_fwd_kernelI23Flash_fwd_kernel_traitsILi64ELi128ELi128ELi4ELb0ELb0EN7cutlass6half_tE19Flash_kernel_traitsILi64ELi128ELi128ELi4ES3_EELb0ELb1ELb0ELb0ELb1ELb1ELb0ELb0EEEvNS_16Flash_fwd_paramsE'...
GPGPU-Sim PTX: reconvergence points for _ZN5flash16flash_fwd_kernelI23Flash_fwd_kernel_traitsILi64ELi128ELi128ELi4ELb0ELb0EN7cutlass6half_tE19Flash_kernel_traitsILi64ELi128ELi128ELi4ES3_EELb0ELb1ELb0ELb0ELb1ELb1ELb0ELb0EEEvNS_16Flash_fwd_paramsE...
GPGPU-Sim PTX:  1 (potential) branch divergence @  PC=0xcb420 (fa2_fwd_fp16_test.sm_90a.ptx:229648) @%p3 bra $L__BB17_2;
GPGPU-Sim PTX:    immediate post dominator      @  PC=0xcb448 (fa2_fwd_fp16_test.sm_90a.ptx:229657) ld.param.u64 %rd4, [%rd1+68];
GPGPU-Sim PTX:  2 (potential) branch divergence @  PC=0xcb458 (fa2_fwd_fp16_test.sm_90a.ptx:229659) @%p4 bra $L__BB17_4;
GPGPU-Sim PTX:    immediate post dominator      @  PC=0xcb4c8 (fa2_fwd_fp16_test.sm_90a.ptx:229683) shl.b32 %r11, %r1, 7;
GPGPU-Sim PTX:  3 (potential) branch divergence @  PC=0xcb488 (fa2_fwd_fp16_test.sm_90a.ptx:229666) bra.uni $L__BB17_5;
GPGPU-Sim PTX:    immediate post dominator      @  PC=0xcb4c8 (fa2_fwd_fp16_test.sm_90a.ptx:229683) shl.b32 %r11, %r1, 7;
GPGPU-Sim PTX:  4 (potential) branch divergence @  PC=0xcb4d8 (fa2_fwd_fp16_test.sm_90a.ptx:229685) @%p6 bra $L__BB17_56;
GPGPU-Sim PTX:    immediate post dominator      @  PC=0xd21f0 (fa2_fwd_fp16_test.sm_90a.ptx:237537) ret;
GPGPU-Sim PTX:  5 (potential) branch divergence @  PC=0xcb560 (fa2_fwd_fp16_test.sm_90a.ptx:229711) @%p7 bra $L__BB17_37;
GPGPU-Sim PTX:    immediate post dominator      @  PC=0xd21f0 (fa2_fwd_fp16_test.sm_90a.ptx:237537) ret;
GPGPU-Sim PTX:  6 (potential) branch divergence @  PC=0xccc58 (fa2_fwd_fp16_test.sm_90a.ptx:231719) @%p140 bra $L__BB17_9;
GPGPU-Sim PTX:    immediate post dominator      @  PC=0xccd10 (fa2_fwd_fp16_test.sm_90a.ptx:231800) mov.u32 %r2251, 1;
GPGPU-Sim PTX:  7 (potential) branch divergence @  PC=0xcea68 (fa2_fwd_fp16_test.sm_90a.ptx:233584) @%p140 bra $L__BB17_14;
GPGPU-Sim PTX:    immediate post dominator      @  PC=0xd1100 (fa2_fwd_fp16_test.sm_90a.ptx:236323) mov.u32 %r4421, 1;
GPGPU-Sim PTX:  8 (potential) branch divergence @  PC=0xcf0f0 (fa2_fwd_fp16_test.sm_90a.ptx:234424) @%p154 bra $L__BB17_12;
GPGPU-Sim PTX:    immediate post dominator      @  PC=0xcf1b8 (fa2_fwd_fp16_test.sm_90a.ptx:234525) max.ftz.f32 %f5487, %f6184, %f4079;
GPGPU-Sim PTX:  9 (potential) branch divergence @  PC=0xcf0f8 (fa2_fwd_fp16_test.sm_90a.ptx:234425) bra.uni $L__BB17_13;
GPGPU-Sim PTX:    immediate post dominator      @  PC=0xcf1b8 (fa2_fwd_fp16_test.sm_90a.ptx:234525) max.ftz.f32 %f5487, %f6184, %f4079;
GPGPU-Sim PTX: 10 (potential) branch divergence @  PC=0xd10f8 (fa2_fwd_fp16_test.sm_90a.ptx:236319) @%p154 bra $L__BB17_11;
GPGPU-Sim PTX:    immediate post dominator      @  PC=0xd1100 (fa2_fwd_fp16_test.sm_90a.ptx:236323) mov.u32 %r4421, 1;
GPGPU-Sim PTX: 11 (potential) branch divergence @  PC=0xd1258 (fa2_fwd_fp16_test.sm_90a.ptx:236401) @%p176 bra $L__BB17_16;
GPGPU-Sim PTX:    immediate post dominator      @  PC=0xd1280 (fa2_fwd_fp16_test.sm_90a.ptx:236411) mul.ftz.f32 %f555, %f6254, %f6263;
GPGPU-Sim PTX: 12 (potential) branch divergence @  PC=0xd1308 (fa2_fwd_fp16_test.sm_90a.ptx:236429) @%p177 bra $L__BB17_18;
GPGPU-Sim PTX:    immediate post dominator      @  PC=0xd1330 (fa2_fwd_fp16_test.sm_90a.ptx:236457) mov.f32 %f6270, 0f7F800000;
GPGPU-Sim PTX: 13 (potential) branch divergence @  PC=0xd13d8 (fa2_fwd_fp16_test.sm_90a.ptx:236461) @%p178 bra $L__BB17_20;
GPGPU-Sim PTX:    immediate post dominator      @  PC=0xd1400 (fa2_fwd_fp16_test.sm_90a.ptx:236471) mul.ftz.f32 %f595, %f6250, %f6267;
GPGPU-Sim PTX: 14 (potential) branch divergence @  PC=0xd1488 (fa2_fwd_fp16_test.sm_90a.ptx:236489) @%p179 bra $L__BB17_22;
GPGPU-Sim PTX:    immediate post dominator      @  PC=0xd14b0 (fa2_fwd_fp16_test.sm_90a.ptx:236509) mov.u32 %r4424, %tid.x;
GPGPU-Sim PTX: 15 (potential) branch divergence @  PC=0xd1900 (fa2_fwd_fp16_test.sm_90a.ptx:236893) @%p186 bra $L__BB17_24;
GPGPU-Sim PTX:    immediate post dominator      @  PC=0xd1930 (fa2_fwd_fp16_test.sm_90a.ptx:236907) mov.b64 %rd286, _ZN5flash16flash_fwd_kernelI23Flash_fwd_kernel_traitsILi64ELi128ELi128ELi4ELb0ELb0EN7cutlass6half_tE19Flash_kernel_traitsILi64ELi128ELi128ELi4ES3_EELb0ELb1ELb0ELb0ELb1ELb1ELb0ELb0EEEvNS_16Flash_fwd_paramsE_param_0;
GPGPU-Sim PTX: 16 (potential) branch divergence @  PC=0xd1950 (fa2_fwd_fp16_test.sm_90a.ptx:236915) @%p188 bra $L__BB17_26;
GPGPU-Sim PTX:    immediate post dominator      @  PC=0xd1a28 (fa2_fwd_fp16_test.sm_90a.ptx:236969) mov.u32 %r4448, %tid.x;
GPGPU-Sim PTX: 17 (potential) branch divergence @  PC=0xd1980 (fa2_fwd_fp16_test.sm_90a.ptx:236925) bra.uni $L__BB17_27;
GPGPU-Sim PTX:    immediate post dominator      @  PC=0xd1a28 (fa2_fwd_fp16_test.sm_90a.ptx:236969) mov.u32 %r4448, %tid.x;
GPGPU-Sim PTX: 18 (potential) branch divergence @  PC=0xd19c8 (fa2_fwd_fp16_test.sm_90a.ptx:236948) @%p2 bra $L__BB17_39;
GPGPU-Sim PTX:    immediate post dominator      @  PC=0xd1d80 (fa2_fwd_fp16_test.sm_90a.ptx:237286) shr.s32 %r4396, %r4, 31;
GPGPU-Sim PTX: 19 (potential) branch divergence @  PC=0xd19e8 (fa2_fwd_fp16_test.sm_90a.ptx:236953) bra.uni $L__BB17_40;
GPGPU-Sim PTX:    immediate post dominator      @  PC=0xd1d80 (fa2_fwd_fp16_test.sm_90a.ptx:237286) shr.s32 %r4396, %r4, 31;
GPGPU-Sim PTX: 20 (potential) branch divergence @  PC=0xd1b10 (fa2_fwd_fp16_test.sm_90a.ptx:237044) @%p190 bra $L__BB17_36;
GPGPU-Sim PTX:    immediate post dominator      @  PC=0xd1c60 (fa2_fwd_fp16_test.sm_90a.ptx:237160) mov.u32 %r4429, %ctaid.y;
GPGPU-Sim PTX: 21 (potential) branch divergence @  PC=0xd1b50 (fa2_fwd_fp16_test.sm_90a.ptx:237071) @%p191 bra $L__BB17_30;
GPGPU-Sim PTX:    immediate post dominator      @  PC=0xd1b88 (fa2_fwd_fp16_test.sm_90a.ptx:237100) add.s32 %r92, %r90, 8;
GPGPU-Sim PTX: 22 (potential) branch divergence @  PC=0xd1b98 (fa2_fwd_fp16_test.sm_90a.ptx:237103) @%p192 bra $L__BB17_32;
GPGPU-Sim PTX:    immediate post dominator      @  PC=0xd1bd0 (fa2_fwd_fp16_test.sm_90a.ptx:237122) add.s32 %r93, %r90, 64;
GPGPU-Sim PTX: 23 (potential) branch divergence @  PC=0xd1be0 (fa2_fwd_fp16_test.sm_90a.ptx:237125) @%p193 bra $L__BB17_34;
GPGPU-Sim PTX:    immediate post dominator      @  PC=0xd1c18 (fa2_fwd_fp16_test.sm_90a.ptx:237139) add.s32 %r94, %r90, 72;
GPGPU-Sim PTX: 24 (potential) branch divergence @  PC=0xd1c28 (fa2_fwd_fp16_test.sm_90a.ptx:237142) @%p194 bra $L__BB17_36;
GPGPU-Sim PTX:    immediate post dominator      @  PC=0xd1c60 (fa2_fwd_fp16_test.sm_90a.ptx:237160) mov.u32 %r4429, %ctaid.y;
GPGPU-Sim PTX: 25 (potential) branch divergence @  PC=0xd1d48 (fa2_fwd_fp16_test.sm_90a.ptx:237212) bra.uni $L__BB17_56;
GPGPU-Sim PTX:    immediate post dominator      @  PC=0xd21f0 (fa2_fwd_fp16_test.sm_90a.ptx:237537) ret;
GPGPU-Sim PTX: 26 (potential) branch divergence @  PC=0xd1f48 (fa2_fwd_fp16_test.sm_90a.ptx:237373) @%p200 bra $L__BB17_42;
GPGPU-Sim PTX:    immediate post dominator      @  PC=0xd1f88 (fa2_fwd_fp16_test.sm_90a.ptx:237404) add.s32 %r105, %r102, 16;
GPGPU-Sim PTX: 27 (potential) branch divergence @  PC=0xd1fa0 (fa2_fwd_fp16_test.sm_90a.ptx:237408) @%p203 bra $L__BB17_44;
GPGPU-Sim PTX:    immediate post dominator      @  PC=0xd1fe0 (fa2_fwd_fp16_test.sm_90a.ptx:237423) add.s32 %r106, %r102, 32;
GPGPU-Sim PTX: 28 (potential) branch divergence @  PC=0xd1ff8 (fa2_fwd_fp16_test.sm_90a.ptx:237427) @%p206 bra $L__BB17_46;
GPGPU-Sim PTX:    immediate post dominator      @  PC=0xd2038 (fa2_fwd_fp16_test.sm_90a.ptx:237442) add.s32 %r107, %r102, 48;
GPGPU-Sim PTX: 29 (potential) branch divergence @  PC=0xd2050 (fa2_fwd_fp16_test.sm_90a.ptx:237446) @%p209 bra $L__BB17_48;
GPGPU-Sim PTX:    immediate post dominator      @  PC=0xd2090 (fa2_fwd_fp16_test.sm_90a.ptx:237461) add.s32 %r108, %r102, 64;
GPGPU-Sim PTX: 30 (potential) branch divergence @  PC=0xd20a8 (fa2_fwd_fp16_test.sm_90a.ptx:237465) @%p212 bra $L__BB17_50;
GPGPU-Sim PTX:    immediate post dominator      @  PC=0xd20e8 (fa2_fwd_fp16_test.sm_90a.ptx:237480) add.s32 %r109, %r102, 80;
GPGPU-Sim PTX: 31 (potential) branch divergence @  PC=0xd2100 (fa2_fwd_fp16_test.sm_90a.ptx:237484) @%p215 bra $L__BB17_52;
GPGPU-Sim PTX:    immediate post dominator      @  PC=0xd2140 (fa2_fwd_fp16_test.sm_90a.ptx:237499) add.s32 %r110, %r102, 96;
GPGPU-Sim PTX: 32 (potential) branch divergence @  PC=0xd2158 (fa2_fwd_fp16_test.sm_90a.ptx:237503) @%p218 bra $L__BB17_54;
GPGPU-Sim PTX:    immediate post dominator      @  PC=0xd2198 (fa2_fwd_fp16_test.sm_90a.ptx:237518) add.s32 %r111, %r102, 112;
GPGPU-Sim PTX: 33 (potential) branch divergence @  PC=0xd21b0 (fa2_fwd_fp16_test.sm_90a.ptx:237522) @%p221 bra $L__BB17_56;
GPGPU-Sim PTX:    immediate post dominator      @  PC=0xd21f0 (fa2_fwd_fp16_test.sm_90a.ptx:237537) ret;
GPGPU-Sim PTX: ... end of reconvergence points for _ZN5flash16flash_fwd_kernelI23Flash_fwd_kernel_traitsILi64ELi128ELi128ELi4ELb0ELb0EN7cutlass6half_tE19Flash_kernel_traitsILi64ELi128ELi128ELi4ES3_EELb0ELb1ELb0ELb0ELb1ELb1ELb0ELb0EEEvNS_16Flash_fwd_paramsE
GPGPU-Sim PTX: ... done pre-decoding instructions for '_ZN5flash16flash_fwd_kernelI23Flash_fwd_kernel_traitsILi64ELi128ELi128ELi4ELb0ELb0EN7cutlass6half_tE19Flash_kernel_traitsILi64ELi128ELi128ELi4ES3_EELb0ELb1ELb0ELb0ELb1ELb1ELb0ELb0EEEvNS_16Flash_fwd_paramsE'.
GPGPU-Sim PTX: pushing kernel '_ZN5flash16flash_fwd_kernelI23Flash_fwd_kernel_traitsILi64ELi128ELi128ELi4ELb0ELb0EN7cutlass6half_tE19Flash_kernel_traitsILi64ELi128ELi128ELi4ES3_EELb0ELb1ELb0ELb0ELb1ELb1ELb0ELb0EEEvNS_16Flash_fwd_paramsE' to stream 0, gridDim= (2,32,32) blockDim = (128,1,1) 
GPGPU-Sim uArch: Shader 0 bind to kernel 1 '_ZN5flash16flash_fwd_kernelI23Flash_fwd_kernel_traitsILi64ELi128ELi128ELi4ELb0ELb0EN7cutlass6half_tE19Flash_kernel_traitsILi64ELi128ELi128ELi4ES3_EELb0ELb1ELb0ELb0ELb1ELb1ELb0ELb0EEEvNS_16Flash_fwd_paramsE'
GPGPU-Sim uArch: CTA/core = 2, limited by: shmem
GPGPU-Sim: Reconfigure L1 cache to 156KB
GPGPU-Sim uArch: Shader 1 bind to kernel 1 '_ZN5flash16flash_fwd_kernelI23Flash_fwd_kernel_traitsILi64ELi128ELi128ELi4ELb0ELb0EN7cutlass6half_tE19Flash_kernel_traitsILi64ELi128ELi128ELi4ES3_EELb0ELb1ELb0ELb0ELb1ELb1ELb0ELb0EEEvNS_16Flash_fwd_paramsE'
GPGPU-Sim uArch: Shader 2 bind to kernel 1 '_ZN5flash16flash_fwd_kernelI23Flash_fwd_kernel_traitsILi64ELi128ELi128ELi4ELb0ELb0EN7cutlass6half_tE19Flash_kernel_traitsILi64ELi128ELi128ELi4ES3_EELb0ELb1ELb0ELb0ELb1ELb1ELb0ELb0EEEvNS_16Flash_fwd_paramsE'
GPGPU-Sim uArch: Shader 3 bind to kernel 1 '_ZN5flash16flash_fwd_kernelI23Flash_fwd_kernel_traitsILi64ELi128ELi128ELi4ELb0ELb0EN7cutlass6half_tE19Flash_kernel_traitsILi64ELi128ELi128ELi4ES3_EELb0ELb1ELb0ELb0ELb1ELb1ELb0ELb0EEEvNS_16Flash_fwd_paramsE'
GPGPU-Sim uArch: Shader 4 bind to kernel 1 '_ZN5flash16flash_fwd_kernelI23Flash_fwd_kernel_traitsILi64ELi128ELi128ELi4ELb0ELb0EN7cutlass6half_tE19Flash_kernel_traitsILi64ELi128ELi128ELi4ES3_EELb0ELb1ELb0ELb0ELb1ELb1ELb0ELb0EEEvNS_16Flash_fwd_paramsE'
GPGPU-Sim uArch: Shader 5 bind to kernel 1 '_ZN5flash16flash_fwd_kernelI23Flash_fwd_kernel_traitsILi64ELi128ELi128ELi4ELb0ELb0EN7cutlass6half_tE19Flash_kernel_traitsILi64ELi128ELi128ELi4ES3_EELb0ELb1ELb0ELb0ELb1ELb1ELb0ELb0EEEvNS_16Flash_fwd_paramsE'
GPGPU-Sim uArch: Shader 6 bind to kernel 1 '_ZN5flash16flash_fwd_kernelI23Flash_fwd_kernel_traitsILi64ELi128ELi128ELi4ELb0ELb0EN7cutlass6half_tE19Flash_kernel_traitsILi64ELi128ELi128ELi4ES3_EELb0ELb1ELb0ELb0ELb1ELb1ELb0ELb0EEEvNS_16Flash_fwd_paramsE'
GPGPU-Sim uArch: Shader 7 bind to kernel 1 '_ZN5flash16flash_fwd_kernelI23Flash_fwd_kernel_traitsILi64ELi128ELi128ELi4ELb0ELb0EN7cutlass6half_tE19Flash_kernel_traitsILi64ELi128ELi128ELi4ES3_EELb0ELb1ELb0ELb0ELb1ELb1ELb0ELb0EEEvNS_16Flash_fwd_paramsE'
GPGPU-Sim uArch: Shader 8 bind to kernel 1 '_ZN5flash16flash_fwd_kernelI23Flash_fwd_kernel_traitsILi64ELi128ELi128ELi4ELb0ELb0EN7cutlass6half_tE19Flash_kernel_traitsILi64ELi128ELi128ELi4ES3_EELb0ELb1ELb0ELb0ELb1ELb1ELb0ELb0EEEvNS_16Flash_fwd_paramsE'
GPGPU-Sim uArch: Shader 9 bind to kernel 1 '_ZN5flash16flash_fwd_kernelI23Flash_fwd_kernel_traitsILi64ELi128ELi128ELi4ELb0ELb0EN7cutlass6half_tE19Flash_kernel_traitsILi64ELi128ELi128ELi4ES3_EELb0ELb1ELb0ELb0ELb1ELb1ELb0ELb0EEEvNS_16Flash_fwd_paramsE'
GPGPU-Sim uArch: Shader 10 bind to kernel 1 '_ZN5flash16flash_fwd_kernelI23Flash_fwd_kernel_traitsILi64ELi128ELi128ELi4ELb0ELb0EN7cutlass6half_tE19Flash_kernel_traitsILi64ELi128ELi128ELi4ES3_EELb0ELb1ELb0ELb0ELb1ELb1ELb0ELb0EEEvNS_16Flash_fwd_paramsE'
GPGPU-Sim uArch: Shader 11 bind to kernel 1 '_ZN5flash16flash_fwd_kernelI23Flash_fwd_kernel_traitsILi64ELi128ELi128ELi4ELb0ELb0EN7cutlass6half_tE19Flash_kernel_traitsILi64ELi128ELi128ELi4ES3_EELb0ELb1ELb0ELb0ELb1ELb1ELb0ELb0EEEvNS_16Flash_fwd_paramsE'
GPGPU-Sim uArch: Shader 12 bind to kernel 1 '_ZN5flash16flash_fwd_kernelI23Flash_fwd_kernel_traitsILi64ELi128ELi128ELi4ELb0ELb0EN7cutlass6half_tE19Flash_kernel_traitsILi64ELi128ELi128ELi4ES3_EELb0ELb1ELb0ELb0ELb1ELb1ELb0ELb0EEEvNS_16Flash_fwd_paramsE'
GPGPU-Sim uArch: Shader 13 bind to kernel 1 '_ZN5flash16flash_fwd_kernelI23Flash_fwd_kernel_traitsILi64ELi128ELi128ELi4ELb0ELb0EN7cutlass6half_tE19Flash_kernel_traitsILi64ELi128ELi128ELi4ES3_EELb0ELb1ELb0ELb0ELb1ELb1ELb0ELb0EEEvNS_16Flash_fwd_paramsE'
GPGPU-Sim uArch: Shader 14 bind to kernel 1 '_ZN5flash16flash_fwd_kernelI23Flash_fwd_kernel_traitsILi64ELi128ELi128ELi4ELb0ELb0EN7cutlass6half_tE19Flash_kernel_traitsILi64ELi128ELi128ELi4ES3_EELb0ELb1ELb0ELb0ELb1ELb1ELb0ELb0EEEvNS_16Flash_fwd_paramsE'
GPGPU-Sim uArch: Shader 15 bind to kernel 1 '_ZN5flash16flash_fwd_kernelI23Flash_fwd_kernel_traitsILi64ELi128ELi128ELi4ELb0ELb0EN7cutlass6half_tE19Flash_kernel_traitsILi64ELi128ELi128ELi4ES3_EELb0ELb1ELb0ELb0ELb1ELb1ELb0ELb0EEEvNS_16Flash_fwd_paramsE'
GPGPU-Sim uArch: Shader 16 bind to kernel 1 '_ZN5flash16flash_fwd_kernelI23Flash_fwd_kernel_traitsILi64ELi128ELi128ELi4ELb0ELb0EN7cutlass6half_tE19Flash_kernel_traitsILi64ELi128ELi128ELi4ES3_EELb0ELb1ELb0ELb0ELb1ELb1ELb0ELb0EEEvNS_16Flash_fwd_paramsE'
GPGPU-Sim uArch: Shader 17 bind to kernel 1 '_ZN5flash16flash_fwd_kernelI23Flash_fwd_kernel_traitsILi64ELi128ELi128ELi4ELb0ELb0EN7cutlass6half_tE19Flash_kernel_traitsILi64ELi128ELi128ELi4ES3_EELb0ELb1ELb0ELb0ELb1ELb1ELb0ELb0EEEvNS_16Flash_fwd_paramsE'
GPGPU-Sim uArch: Shader 18 bind to kernel 1 '_ZN5flash16flash_fwd_kernelI23Flash_fwd_kernel_traitsILi64ELi128ELi128ELi4ELb0ELb0EN7cutlass6half_tE19Flash_kernel_traitsILi64ELi128ELi128ELi4ES3_EELb0ELb1ELb0ELb0ELb1ELb1ELb0ELb0EEEvNS_16Flash_fwd_paramsE'
GPGPU-Sim uArch: Shader 19 bind to kernel 1 '_ZN5flash16flash_fwd_kernelI23Flash_fwd_kernel_traitsILi64ELi128ELi128ELi4ELb0ELb0EN7cutlass6half_tE19Flash_kernel_traitsILi64ELi128ELi128ELi4ES3_EELb0ELb1ELb0ELb0ELb1ELb1ELb0ELb0EEEvNS_16Flash_fwd_paramsE'
GPGPU-Sim uArch: Shader 20 bind to kernel 1 '_ZN5flash16flash_fwd_kernelI23Flash_fwd_kernel_traitsILi64ELi128ELi128ELi4ELb0ELb0EN7cutlass6half_tE19Flash_kernel_traitsILi64ELi128ELi128ELi4ES3_EELb0ELb1ELb0ELb0ELb1ELb1ELb0ELb0EEEvNS_16Flash_fwd_paramsE'
GPGPU-Sim uArch: Shader 21 bind to kernel 1 '_ZN5flash16flash_fwd_kernelI23Flash_fwd_kernel_traitsILi64ELi128ELi128ELi4ELb0ELb0EN7cutlass6half_tE19Flash_kernel_traitsILi64ELi128ELi128ELi4ES3_EELb0ELb1ELb0ELb0ELb1ELb1ELb0ELb0EEEvNS_16Flash_fwd_paramsE'
GPGPU-Sim uArch: Shader 22 bind to kernel 1 '_ZN5flash16flash_fwd_kernelI23Flash_fwd_kernel_traitsILi64ELi128ELi128ELi4ELb0ELb0EN7cutlass6half_tE19Flash_kernel_traitsILi64ELi128ELi128ELi4ES3_EELb0ELb1ELb0ELb0ELb1ELb1ELb0ELb0EEEvNS_16Flash_fwd_paramsE'
GPGPU-Sim uArch: Shader 23 bind to kernel 1 '_ZN5flash16flash_fwd_kernelI23Flash_fwd_kernel_traitsILi64ELi128ELi128ELi4ELb0ELb0EN7cutlass6half_tE19Flash_kernel_traitsILi64ELi128ELi128ELi4ES3_EELb0ELb1ELb0ELb0ELb1ELb1ELb0ELb0EEEvNS_16Flash_fwd_paramsE'
GPGPU-Sim uArch: Shader 24 bind to kernel 1 '_ZN5flash16flash_fwd_kernelI23Flash_fwd_kernel_traitsILi64ELi128ELi128ELi4ELb0ELb0EN7cutlass6half_tE19Flash_kernel_traitsILi64ELi128ELi128ELi4ES3_EELb0ELb1ELb0ELb0ELb1ELb1ELb0ELb0EEEvNS_16Flash_fwd_paramsE'
GPGPU-Sim uArch: Shader 25 bind to kernel 1 '_ZN5flash16flash_fwd_kernelI23Flash_fwd_kernel_traitsILi64ELi128ELi128ELi4ELb0ELb0EN7cutlass6half_tE19Flash_kernel_traitsILi64ELi128ELi128ELi4ES3_EELb0ELb1ELb0ELb0ELb1ELb1ELb0ELb0EEEvNS_16Flash_fwd_paramsE'
GPGPU-Sim uArch: Shader 26 bind to kernel 1 '_ZN5flash16flash_fwd_kernelI23Flash_fwd_kernel_traitsILi64ELi128ELi128ELi4ELb0ELb0EN7cutlass6half_tE19Flash_kernel_traitsILi64ELi128ELi128ELi4ES3_EELb0ELb1ELb0ELb0ELb1ELb1ELb0ELb0EEEvNS_16Flash_fwd_paramsE'
GPGPU-Sim uArch: Shader 27 bind to kernel 1 '_ZN5flash16flash_fwd_kernelI23Flash_fwd_kernel_traitsILi64ELi128ELi128ELi4ELb0ELb0EN7cutlass6half_tE19Flash_kernel_traitsILi64ELi128ELi128ELi4ES3_EELb0ELb1ELb0ELb0ELb1ELb1ELb0ELb0EEEvNS_16Flash_fwd_paramsE'
GPGPU-Sim uArch: Shader 28 bind to kernel 1 '_ZN5flash16flash_fwd_kernelI23Flash_fwd_kernel_traitsILi64ELi128ELi128ELi4ELb0ELb0EN7cutlass6half_tE19Flash_kernel_traitsILi64ELi128ELi128ELi4ES3_EELb0ELb1ELb0ELb0ELb1ELb1ELb0ELb0EEEvNS_16Flash_fwd_paramsE'
GPGPU-Sim uArch: Shader 29 bind to kernel 1 '_ZN5flash16flash_fwd_kernelI23Flash_fwd_kernel_traitsILi64ELi128ELi128ELi4ELb0ELb0EN7cutlass6half_tE19Flash_kernel_traitsILi64ELi128ELi128ELi4ES3_EELb0ELb1ELb0ELb0ELb1ELb1ELb0ELb0EEEvNS_16Flash_fwd_paramsE'
GPGPU-Sim uArch: Shader 30 bind to kernel 1 '_ZN5flash16flash_fwd_kernelI23Flash_fwd_kernel_traitsILi64ELi128ELi128ELi4ELb0ELb0EN7cutlass6half_tE19Flash_kernel_traitsILi64ELi128ELi128ELi4ES3_EELb0ELb1ELb0ELb0ELb1ELb1ELb0ELb0EEEvNS_16Flash_fwd_paramsE'
GPGPU-Sim uArch: Shader 31 bind to kernel 1 '_ZN5flash16flash_fwd_kernelI23Flash_fwd_kernel_traitsILi64ELi128ELi128ELi4ELb0ELb0EN7cutlass6half_tE19Flash_kernel_traitsILi64ELi128ELi128ELi4ES3_EELb0ELb1ELb0ELb0ELb1ELb1ELb0ELb0EEEvNS_16Flash_fwd_paramsE'
GPGPU-Sim uArch: Shader 32 bind to kernel 1 '_ZN5flash16flash_fwd_kernelI23Flash_fwd_kernel_traitsILi64ELi128ELi128ELi4ELb0ELb0EN7cutlass6half_tE19Flash_kernel_traitsILi64ELi128ELi128ELi4ES3_EELb0ELb1ELb0ELb0ELb1ELb1ELb0ELb0EEEvNS_16Flash_fwd_paramsE'
GPGPU-Sim uArch: Shader 33 bind to kernel 1 '_ZN5flash16flash_fwd_kernelI23Flash_fwd_kernel_traitsILi64ELi128ELi128ELi4ELb0ELb0EN7cutlass6half_tE19Flash_kernel_traitsILi64ELi128ELi128ELi4ES3_EELb0ELb1ELb0ELb0ELb1ELb1ELb0ELb0EEEvNS_16Flash_fwd_paramsE'
GPGPU-Sim uArch: Shader 34 bind to kernel 1 '_ZN5flash16flash_fwd_kernelI23Flash_fwd_kernel_traitsILi64ELi128ELi128ELi4ELb0ELb0EN7cutlass6half_tE19Flash_kernel_traitsILi64ELi128ELi128ELi4ES3_EELb0ELb1ELb0ELb0ELb1ELb1ELb0ELb0EEEvNS_16Flash_fwd_paramsE'
GPGPU-Sim uArch: Shader 35 bind to kernel 1 '_ZN5flash16flash_fwd_kernelI23Flash_fwd_kernel_traitsILi64ELi128ELi128ELi4ELb0ELb0EN7cutlass6half_tE19Flash_kernel_traitsILi64ELi128ELi128ELi4ES3_EELb0ELb1ELb0ELb0ELb1ELb1ELb0ELb0EEEvNS_16Flash_fwd_paramsE'
GPGPU-Sim uArch: Shader 36 bind to kernel 1 '_ZN5flash16flash_fwd_kernelI23Flash_fwd_kernel_traitsILi64ELi128ELi128ELi4ELb0ELb0EN7cutlass6half_tE19Flash_kernel_traitsILi64ELi128ELi128ELi4ES3_EELb0ELb1ELb0ELb0ELb1ELb1ELb0ELb0EEEvNS_16Flash_fwd_paramsE'
GPGPU-Sim uArch: Shader 37 bind to kernel 1 '_ZN5flash16flash_fwd_kernelI23Flash_fwd_kernel_traitsILi64ELi128ELi128ELi4ELb0ELb0EN7cutlass6half_tE19Flash_kernel_traitsILi64ELi128ELi128ELi4ES3_EELb0ELb1ELb0ELb0ELb1ELb1ELb0ELb0EEEvNS_16Flash_fwd_paramsE'
GPGPU-Sim uArch: Shader 38 bind to kernel 1 '_ZN5flash16flash_fwd_kernelI23Flash_fwd_kernel_traitsILi64ELi128ELi128ELi4ELb0ELb0EN7cutlass6half_tE19Flash_kernel_traitsILi64ELi128ELi128ELi4ES3_EELb0ELb1ELb0ELb0ELb1ELb1ELb0ELb0EEEvNS_16Flash_fwd_paramsE'
GPGPU-Sim uArch: Shader 39 bind to kernel 1 '_ZN5flash16flash_fwd_kernelI23Flash_fwd_kernel_traitsILi64ELi128ELi128ELi4ELb0ELb0EN7cutlass6half_tE19Flash_kernel_traitsILi64ELi128ELi128ELi4ES3_EELb0ELb1ELb0ELb0ELb1ELb1ELb0ELb0EEEvNS_16Flash_fwd_paramsE'
GPGPU-Sim uArch: Shader 40 bind to kernel 1 '_ZN5flash16flash_fwd_kernelI23Flash_fwd_kernel_traitsILi64ELi128ELi128ELi4ELb0ELb0EN7cutlass6half_tE19Flash_kernel_traitsILi64ELi128ELi128ELi4ES3_EELb0ELb1ELb0ELb0ELb1ELb1ELb0ELb0EEEvNS_16Flash_fwd_paramsE'
GPGPU-Sim uArch: Shader 41 bind to kernel 1 '_ZN5flash16flash_fwd_kernelI23Flash_fwd_kernel_traitsILi64ELi128ELi128ELi4ELb0ELb0EN7cutlass6half_tE19Flash_kernel_traitsILi64ELi128ELi128ELi4ES3_EELb0ELb1ELb0ELb0ELb1ELb1ELb0ELb0EEEvNS_16Flash_fwd_paramsE'
GPGPU-Sim uArch: Shader 42 bind to kernel 1 '_ZN5flash16flash_fwd_kernelI23Flash_fwd_kernel_traitsILi64ELi128ELi128ELi4ELb0ELb0EN7cutlass6half_tE19Flash_kernel_traitsILi64ELi128ELi128ELi4ES3_EELb0ELb1ELb0ELb0ELb1ELb1ELb0ELb0EEEvNS_16Flash_fwd_paramsE'
GPGPU-Sim uArch: Shader 43 bind to kernel 1 '_ZN5flash16flash_fwd_kernelI23Flash_fwd_kernel_traitsILi64ELi128ELi128ELi4ELb0ELb0EN7cutlass6half_tE19Flash_kernel_traitsILi64ELi128ELi128ELi4ES3_EELb0ELb1ELb0ELb0ELb1ELb1ELb0ELb0EEEvNS_16Flash_fwd_paramsE'
GPGPU-Sim uArch: Shader 44 bind to kernel 1 '_ZN5flash16flash_fwd_kernelI23Flash_fwd_kernel_traitsILi64ELi128ELi128ELi4ELb0ELb0EN7cutlass6half_tE19Flash_kernel_traitsILi64ELi128ELi128ELi4ES3_EELb0ELb1ELb0ELb0ELb1ELb1ELb0ELb0EEEvNS_16Flash_fwd_paramsE'
GPGPU-Sim uArch: Shader 45 bind to kernel 1 '_ZN5flash16flash_fwd_kernelI23Flash_fwd_kernel_traitsILi64ELi128ELi128ELi4ELb0ELb0EN7cutlass6half_tE19Flash_kernel_traitsILi64ELi128ELi128ELi4ES3_EELb0ELb1ELb0ELb0ELb1ELb1ELb0ELb0EEEvNS_16Flash_fwd_paramsE'
GPGPU-Sim uArch: Shader 46 bind to kernel 1 '_ZN5flash16flash_fwd_kernelI23Flash_fwd_kernel_traitsILi64ELi128ELi128ELi4ELb0ELb0EN7cutlass6half_tE19Flash_kernel_traitsILi64ELi128ELi128ELi4ES3_EELb0ELb1ELb0ELb0ELb1ELb1ELb0ELb0EEEvNS_16Flash_fwd_paramsE'
GPGPU-Sim uArch: Shader 47 bind to kernel 1 '_ZN5flash16flash_fwd_kernelI23Flash_fwd_kernel_traitsILi64ELi128ELi128ELi4ELb0ELb0EN7cutlass6half_tE19Flash_kernel_traitsILi64ELi128ELi128ELi4ES3_EELb0ELb1ELb0ELb0ELb1ELb1ELb0ELb0EEEvNS_16Flash_fwd_paramsE'
GPGPU-Sim uArch: Shader 48 bind to kernel 1 '_ZN5flash16flash_fwd_kernelI23Flash_fwd_kernel_traitsILi64ELi128ELi128ELi4ELb0ELb0EN7cutlass6half_tE19Flash_kernel_traitsILi64ELi128ELi128ELi4ES3_EELb0ELb1ELb0ELb0ELb1ELb1ELb0ELb0EEEvNS_16Flash_fwd_paramsE'
GPGPU-Sim uArch: Shader 49 bind to kernel 1 '_ZN5flash16flash_fwd_kernelI23Flash_fwd_kernel_traitsILi64ELi128ELi128ELi4ELb0ELb0EN7cutlass6half_tE19Flash_kernel_traitsILi64ELi128ELi128ELi4ES3_EELb0ELb1ELb0ELb0ELb1ELb1ELb0ELb0EEEvNS_16Flash_fwd_paramsE'
GPGPU-Sim uArch: Shader 50 bind to kernel 1 '_ZN5flash16flash_fwd_kernelI23Flash_fwd_kernel_traitsILi64ELi128ELi128ELi4ELb0ELb0EN7cutlass6half_tE19Flash_kernel_traitsILi64ELi128ELi128ELi4ES3_EELb0ELb1ELb0ELb0ELb1ELb1ELb0ELb0EEEvNS_16Flash_fwd_paramsE'
GPGPU-Sim uArch: Shader 51 bind to kernel 1 '_ZN5flash16flash_fwd_kernelI23Flash_fwd_kernel_traitsILi64ELi128ELi128ELi4ELb0ELb0EN7cutlass6half_tE19Flash_kernel_traitsILi64ELi128ELi128ELi4ES3_EELb0ELb1ELb0ELb0ELb1ELb1ELb0ELb0EEEvNS_16Flash_fwd_paramsE'
GPGPU-Sim uArch: Shader 52 bind to kernel 1 '_ZN5flash16flash_fwd_kernelI23Flash_fwd_kernel_traitsILi64ELi128ELi128ELi4ELb0ELb0EN7cutlass6half_tE19Flash_kernel_traitsILi64ELi128ELi128ELi4ES3_EELb0ELb1ELb0ELb0ELb1ELb1ELb0ELb0EEEvNS_16Flash_fwd_paramsE'
GPGPU-Sim uArch: Shader 53 bind to kernel 1 '_ZN5flash16flash_fwd_kernelI23Flash_fwd_kernel_traitsILi64ELi128ELi128ELi4ELb0ELb0EN7cutlass6half_tE19Flash_kernel_traitsILi64ELi128ELi128ELi4ES3_EELb0ELb1ELb0ELb0ELb1ELb1ELb0ELb0EEEvNS_16Flash_fwd_paramsE'
GPGPU-Sim uArch: Shader 54 bind to kernel 1 '_ZN5flash16flash_fwd_kernelI23Flash_fwd_kernel_traitsILi64ELi128ELi128ELi4ELb0ELb0EN7cutlass6half_tE19Flash_kernel_traitsILi64ELi128ELi128ELi4ES3_EELb0ELb1ELb0ELb0ELb1ELb1ELb0ELb0EEEvNS_16Flash_fwd_paramsE'
GPGPU-Sim uArch: Shader 55 bind to kernel 1 '_ZN5flash16flash_fwd_kernelI23Flash_fwd_kernel_traitsILi64ELi128ELi128ELi4ELb0ELb0EN7cutlass6half_tE19Flash_kernel_traitsILi64ELi128ELi128ELi4ES3_EELb0ELb1ELb0ELb0ELb1ELb1ELb0ELb0EEEvNS_16Flash_fwd_paramsE'
GPGPU-Sim uArch: Shader 56 bind to kernel 1 '_ZN5flash16flash_fwd_kernelI23Flash_fwd_kernel_traitsILi64ELi128ELi128ELi4ELb0ELb0EN7cutlass6half_tE19Flash_kernel_traitsILi64ELi128ELi128ELi4ES3_EELb0ELb1ELb0ELb0ELb1ELb1ELb0ELb0EEEvNS_16Flash_fwd_paramsE'
GPGPU-Sim uArch: Shader 57 bind to kernel 1 '_ZN5flash16flash_fwd_kernelI23Flash_fwd_kernel_traitsILi64ELi128ELi128ELi4ELb0ELb0EN7cutlass6half_tE19Flash_kernel_traitsILi64ELi128ELi128ELi4ES3_EELb0ELb1ELb0ELb0ELb1ELb1ELb0ELb0EEEvNS_16Flash_fwd_paramsE'
GPGPU-Sim uArch: Shader 58 bind to kernel 1 '_ZN5flash16flash_fwd_kernelI23Flash_fwd_kernel_traitsILi64ELi128ELi128ELi4ELb0ELb0EN7cutlass6half_tE19Flash_kernel_traitsILi64ELi128ELi128ELi4ES3_EELb0ELb1ELb0ELb0ELb1ELb1ELb0ELb0EEEvNS_16Flash_fwd_paramsE'
GPGPU-Sim uArch: Shader 59 bind to kernel 1 '_ZN5flash16flash_fwd_kernelI23Flash_fwd_kernel_traitsILi64ELi128ELi128ELi4ELb0ELb0EN7cutlass6half_tE19Flash_kernel_traitsILi64ELi128ELi128ELi4ES3_EELb0ELb1ELb0ELb0ELb1ELb1ELb0ELb0EEEvNS_16Flash_fwd_paramsE'
GPGPU-Sim uArch: Shader 60 bind to kernel 1 '_ZN5flash16flash_fwd_kernelI23Flash_fwd_kernel_traitsILi64ELi128ELi128ELi4ELb0ELb0EN7cutlass6half_tE19Flash_kernel_traitsILi64ELi128ELi128ELi4ES3_EELb0ELb1ELb0ELb0ELb1ELb1ELb0ELb0EEEvNS_16Flash_fwd_paramsE'
GPGPU-Sim uArch: Shader 61 bind to kernel 1 '_ZN5flash16flash_fwd_kernelI23Flash_fwd_kernel_traitsILi64ELi128ELi128ELi4ELb0ELb0EN7cutlass6half_tE19Flash_kernel_traitsILi64ELi128ELi128ELi4ES3_EELb0ELb1ELb0ELb0ELb1ELb1ELb0ELb0EEEvNS_16Flash_fwd_paramsE'
GPGPU-Sim uArch: Shader 62 bind to kernel 1 '_ZN5flash16flash_fwd_kernelI23Flash_fwd_kernel_traitsILi64ELi128ELi128ELi4ELb0ELb0EN7cutlass6half_tE19Flash_kernel_traitsILi64ELi128ELi128ELi4ES3_EELb0ELb1ELb0ELb0ELb1ELb1ELb0ELb0EEEvNS_16Flash_fwd_paramsE'
GPGPU-Sim uArch: Shader 63 bind to kernel 1 '_ZN5flash16flash_fwd_kernelI23Flash_fwd_kernel_traitsILi64ELi128ELi128ELi4ELb0ELb0EN7cutlass6half_tE19Flash_kernel_traitsILi64ELi128ELi128ELi4ES3_EELb0ELb1ELb0ELb0ELb1ELb1ELb0ELb0EEEvNS_16Flash_fwd_paramsE'
GPGPU-Sim uArch: Shader 64 bind to kernel 1 '_ZN5flash16flash_fwd_kernelI23Flash_fwd_kernel_traitsILi64ELi128ELi128ELi4ELb0ELb0EN7cutlass6half_tE19Flash_kernel_traitsILi64ELi128ELi128ELi4ES3_EELb0ELb1ELb0ELb0ELb1ELb1ELb0ELb0EEEvNS_16Flash_fwd_paramsE'
GPGPU-Sim uArch: Shader 65 bind to kernel 1 '_ZN5flash16flash_fwd_kernelI23Flash_fwd_kernel_traitsILi64ELi128ELi128ELi4ELb0ELb0EN7cutlass6half_tE19Flash_kernel_traitsILi64ELi128ELi128ELi4ES3_EELb0ELb1ELb0ELb0ELb1ELb1ELb0ELb0EEEvNS_16Flash_fwd_paramsE'
GPGPU-Sim uArch: Shader 66 bind to kernel 1 '_ZN5flash16flash_fwd_kernelI23Flash_fwd_kernel_traitsILi64ELi128ELi128ELi4ELb0ELb0EN7cutlass6half_tE19Flash_kernel_traitsILi64ELi128ELi128ELi4ES3_EELb0ELb1ELb0ELb0ELb1ELb1ELb0ELb0EEEvNS_16Flash_fwd_paramsE'
GPGPU-Sim uArch: Shader 67 bind to kernel 1 '_ZN5flash16flash_fwd_kernelI23Flash_fwd_kernel_traitsILi64ELi128ELi128ELi4ELb0ELb0EN7cutlass6half_tE19Flash_kernel_traitsILi64ELi128ELi128ELi4ES3_EELb0ELb1ELb0ELb0ELb1ELb1ELb0ELb0EEEvNS_16Flash_fwd_paramsE'
GPGPU-Sim uArch: Shader 68 bind to kernel 1 '_ZN5flash16flash_fwd_kernelI23Flash_fwd_kernel_traitsILi64ELi128ELi128ELi4ELb0ELb0EN7cutlass6half_tE19Flash_kernel_traitsILi64ELi128ELi128ELi4ES3_EELb0ELb1ELb0ELb0ELb1ELb1ELb0ELb0EEEvNS_16Flash_fwd_paramsE'
GPGPU-Sim uArch: Shader 69 bind to kernel 1 '_ZN5flash16flash_fwd_kernelI23Flash_fwd_kernel_traitsILi64ELi128ELi128ELi4ELb0ELb0EN7cutlass6half_tE19Flash_kernel_traitsILi64ELi128ELi128ELi4ES3_EELb0ELb1ELb0ELb0ELb1ELb1ELb0ELb0EEEvNS_16Flash_fwd_paramsE'
GPGPU-Sim uArch: Shader 70 bind to kernel 1 '_ZN5flash16flash_fwd_kernelI23Flash_fwd_kernel_traitsILi64ELi128ELi128ELi4ELb0ELb0EN7cutlass6half_tE19Flash_kernel_traitsILi64ELi128ELi128ELi4ES3_EELb0ELb1ELb0ELb0ELb1ELb1ELb0ELb0EEEvNS_16Flash_fwd_paramsE'
GPGPU-Sim uArch: Shader 71 bind to kernel 1 '_ZN5flash16flash_fwd_kernelI23Flash_fwd_kernel_traitsILi64ELi128ELi128ELi4ELb0ELb0EN7cutlass6half_tE19Flash_kernel_traitsILi64ELi128ELi128ELi4ES3_EELb0ELb1ELb0ELb0ELb1ELb1ELb0ELb0EEEvNS_16Flash_fwd_paramsE'
GPGPU-Sim uArch: Shader 72 bind to kernel 1 '_ZN5flash16flash_fwd_kernelI23Flash_fwd_kernel_traitsILi64ELi128ELi128ELi4ELb0ELb0EN7cutlass6half_tE19Flash_kernel_traitsILi64ELi128ELi128ELi4ES3_EELb0ELb1ELb0ELb0ELb1ELb1ELb0ELb0EEEvNS_16Flash_fwd_paramsE'
GPGPU-Sim uArch: Shader 73 bind to kernel 1 '_ZN5flash16flash_fwd_kernelI23Flash_fwd_kernel_traitsILi64ELi128ELi128ELi4ELb0ELb0EN7cutlass6half_tE19Flash_kernel_traitsILi64ELi128ELi128ELi4ES3_EELb0ELb1ELb0ELb0ELb1ELb1ELb0ELb0EEEvNS_16Flash_fwd_paramsE'
GPGPU-Sim uArch: Shader 74 bind to kernel 1 '_ZN5flash16flash_fwd_kernelI23Flash_fwd_kernel_traitsILi64ELi128ELi128ELi4ELb0ELb0EN7cutlass6half_tE19Flash_kernel_traitsILi64ELi128ELi128ELi4ES3_EELb0ELb1ELb0ELb0ELb1ELb1ELb0ELb0EEEvNS_16Flash_fwd_paramsE'
GPGPU-Sim uArch: Shader 75 bind to kernel 1 '_ZN5flash16flash_fwd_kernelI23Flash_fwd_kernel_traitsILi64ELi128ELi128ELi4ELb0ELb0EN7cutlass6half_tE19Flash_kernel_traitsILi64ELi128ELi128ELi4ES3_EELb0ELb1ELb0ELb0ELb1ELb1ELb0ELb0EEEvNS_16Flash_fwd_paramsE'
GPGPU-Sim uArch: Shader 76 bind to kernel 1 '_ZN5flash16flash_fwd_kernelI23Flash_fwd_kernel_traitsILi64ELi128ELi128ELi4ELb0ELb0EN7cutlass6half_tE19Flash_kernel_traitsILi64ELi128ELi128ELi4ES3_EELb0ELb1ELb0ELb0ELb1ELb1ELb0ELb0EEEvNS_16Flash_fwd_paramsE'
GPGPU-Sim uArch: Shader 77 bind to kernel 1 '_ZN5flash16flash_fwd_kernelI23Flash_fwd_kernel_traitsILi64ELi128ELi128ELi4ELb0ELb0EN7cutlass6half_tE19Flash_kernel_traitsILi64ELi128ELi128ELi4ES3_EELb0ELb1ELb0ELb0ELb1ELb1ELb0ELb0EEEvNS_16Flash_fwd_paramsE'
GPGPU-Sim uArch: Shader 78 bind to kernel 1 '_ZN5flash16flash_fwd_kernelI23Flash_fwd_kernel_traitsILi64ELi128ELi128ELi4ELb0ELb0EN7cutlass6half_tE19Flash_kernel_traitsILi64ELi128ELi128ELi4ES3_EELb0ELb1ELb0ELb0ELb1ELb1ELb0ELb0EEEvNS_16Flash_fwd_paramsE'
GPGPU-Sim uArch: Shader 79 bind to kernel 1 '_ZN5flash16flash_fwd_kernelI23Flash_fwd_kernel_traitsILi64ELi128ELi128ELi4ELb0ELb0EN7cutlass6half_tE19Flash_kernel_traitsILi64ELi128ELi128ELi4ES3_EELb0ELb1ELb0ELb0ELb1ELb1ELb0ELb0EEEvNS_16Flash_fwd_paramsE'
GPGPU-Sim uArch: Shader 80 bind to kernel 1 '_ZN5flash16flash_fwd_kernelI23Flash_fwd_kernel_traitsILi64ELi128ELi128ELi4ELb0ELb0EN7cutlass6half_tE19Flash_kernel_traitsILi64ELi128ELi128ELi4ES3_EELb0ELb1ELb0ELb0ELb1ELb1ELb0ELb0EEEvNS_16Flash_fwd_paramsE'
GPGPU-Sim uArch: Shader 81 bind to kernel 1 '_ZN5flash16flash_fwd_kernelI23Flash_fwd_kernel_traitsILi64ELi128ELi128ELi4ELb0ELb0EN7cutlass6half_tE19Flash_kernel_traitsILi64ELi128ELi128ELi4ES3_EELb0ELb1ELb0ELb0ELb1ELb1ELb0ELb0EEEvNS_16Flash_fwd_paramsE'
GPGPU-Sim uArch: Shader 82 bind to kernel 1 '_ZN5flash16flash_fwd_kernelI23Flash_fwd_kernel_traitsILi64ELi128ELi128ELi4ELb0ELb0EN7cutlass6half_tE19Flash_kernel_traitsILi64ELi128ELi128ELi4ES3_EELb0ELb1ELb0ELb0ELb1ELb1ELb0ELb0EEEvNS_16Flash_fwd_paramsE'
GPGPU-Sim uArch: Shader 83 bind to kernel 1 '_ZN5flash16flash_fwd_kernelI23Flash_fwd_kernel_traitsILi64ELi128ELi128ELi4ELb0ELb0EN7cutlass6half_tE19Flash_kernel_traitsILi64ELi128ELi128ELi4ES3_EELb0ELb1ELb0ELb0ELb1ELb1ELb0ELb0EEEvNS_16Flash_fwd_paramsE'
GPGPU-Sim uArch: Shader 84 bind to kernel 1 '_ZN5flash16flash_fwd_kernelI23Flash_fwd_kernel_traitsILi64ELi128ELi128ELi4ELb0ELb0EN7cutlass6half_tE19Flash_kernel_traitsILi64ELi128ELi128ELi4ES3_EELb0ELb1ELb0ELb0ELb1ELb1ELb0ELb0EEEvNS_16Flash_fwd_paramsE'
GPGPU-Sim uArch: Shader 85 bind to kernel 1 '_ZN5flash16flash_fwd_kernelI23Flash_fwd_kernel_traitsILi64ELi128ELi128ELi4ELb0ELb0EN7cutlass6half_tE19Flash_kernel_traitsILi64ELi128ELi128ELi4ES3_EELb0ELb1ELb0ELb0ELb1ELb1ELb0ELb0EEEvNS_16Flash_fwd_paramsE'
GPGPU-Sim uArch: Shader 86 bind to kernel 1 '_ZN5flash16flash_fwd_kernelI23Flash_fwd_kernel_traitsILi64ELi128ELi128ELi4ELb0ELb0EN7cutlass6half_tE19Flash_kernel_traitsILi64ELi128ELi128ELi4ES3_EELb0ELb1ELb0ELb0ELb1ELb1ELb0ELb0EEEvNS_16Flash_fwd_paramsE'
GPGPU-Sim uArch: Shader 87 bind to kernel 1 '_ZN5flash16flash_fwd_kernelI23Flash_fwd_kernel_traitsILi64ELi128ELi128ELi4ELb0ELb0EN7cutlass6half_tE19Flash_kernel_traitsILi64ELi128ELi128ELi4ES3_EELb0ELb1ELb0ELb0ELb1ELb1ELb0ELb0EEEvNS_16Flash_fwd_paramsE'
GPGPU-Sim uArch: Shader 88 bind to kernel 1 '_ZN5flash16flash_fwd_kernelI23Flash_fwd_kernel_traitsILi64ELi128ELi128ELi4ELb0ELb0EN7cutlass6half_tE19Flash_kernel_traitsILi64ELi128ELi128ELi4ES3_EELb0ELb1ELb0ELb0ELb1ELb1ELb0ELb0EEEvNS_16Flash_fwd_paramsE'
GPGPU-Sim uArch: Shader 89 bind to kernel 1 '_ZN5flash16flash_fwd_kernelI23Flash_fwd_kernel_traitsILi64ELi128ELi128ELi4ELb0ELb0EN7cutlass6half_tE19Flash_kernel_traitsILi64ELi128ELi128ELi4ES3_EELb0ELb1ELb0ELb0ELb1ELb1ELb0ELb0EEEvNS_16Flash_fwd_paramsE'
GPGPU-Sim uArch: Shader 90 bind to kernel 1 '_ZN5flash16flash_fwd_kernelI23Flash_fwd_kernel_traitsILi64ELi128ELi128ELi4ELb0ELb0EN7cutlass6half_tE19Flash_kernel_traitsILi64ELi128ELi128ELi4ES3_EELb0ELb1ELb0ELb0ELb1ELb1ELb0ELb0EEEvNS_16Flash_fwd_paramsE'
GPGPU-Sim uArch: Shader 91 bind to kernel 1 '_ZN5flash16flash_fwd_kernelI23Flash_fwd_kernel_traitsILi64ELi128ELi128ELi4ELb0ELb0EN7cutlass6half_tE19Flash_kernel_traitsILi64ELi128ELi128ELi4ES3_EELb0ELb1ELb0ELb0ELb1ELb1ELb0ELb0EEEvNS_16Flash_fwd_paramsE'
GPGPU-Sim uArch: Shader 92 bind to kernel 1 '_ZN5flash16flash_fwd_kernelI23Flash_fwd_kernel_traitsILi64ELi128ELi128ELi4ELb0ELb0EN7cutlass6half_tE19Flash_kernel_traitsILi64ELi128ELi128ELi4ES3_EELb0ELb1ELb0ELb0ELb1ELb1ELb0ELb0EEEvNS_16Flash_fwd_paramsE'
GPGPU-Sim uArch: Shader 93 bind to kernel 1 '_ZN5flash16flash_fwd_kernelI23Flash_fwd_kernel_traitsILi64ELi128ELi128ELi4ELb0ELb0EN7cutlass6half_tE19Flash_kernel_traitsILi64ELi128ELi128ELi4ES3_EELb0ELb1ELb0ELb0ELb1ELb1ELb0ELb0EEEvNS_16Flash_fwd_paramsE'
GPGPU-Sim uArch: Shader 94 bind to kernel 1 '_ZN5flash16flash_fwd_kernelI23Flash_fwd_kernel_traitsILi64ELi128ELi128ELi4ELb0ELb0EN7cutlass6half_tE19Flash_kernel_traitsILi64ELi128ELi128ELi4ES3_EELb0ELb1ELb0ELb0ELb1ELb1ELb0ELb0EEEvNS_16Flash_fwd_paramsE'
GPGPU-Sim uArch: Shader 95 bind to kernel 1 '_ZN5flash16flash_fwd_kernelI23Flash_fwd_kernel_traitsILi64ELi128ELi128ELi4ELb0ELb0EN7cutlass6half_tE19Flash_kernel_traitsILi64ELi128ELi128ELi4ES3_EELb0ELb1ELb0ELb0ELb1ELb1ELb0ELb0EEEvNS_16Flash_fwd_paramsE'
GPGPU-Sim uArch: Shader 96 bind to kernel 1 '_ZN5flash16flash_fwd_kernelI23Flash_fwd_kernel_traitsILi64ELi128ELi128ELi4ELb0ELb0EN7cutlass6half_tE19Flash_kernel_traitsILi64ELi128ELi128ELi4ES3_EELb0ELb1ELb0ELb0ELb1ELb1ELb0ELb0EEEvNS_16Flash_fwd_paramsE'
GPGPU-Sim uArch: Shader 97 bind to kernel 1 '_ZN5flash16flash_fwd_kernelI23Flash_fwd_kernel_traitsILi64ELi128ELi128ELi4ELb0ELb0EN7cutlass6half_tE19Flash_kernel_traitsILi64ELi128ELi128ELi4ES3_EELb0ELb1ELb0ELb0ELb1ELb1ELb0ELb0EEEvNS_16Flash_fwd_paramsE'
GPGPU-Sim uArch: Shader 98 bind to kernel 1 '_ZN5flash16flash_fwd_kernelI23Flash_fwd_kernel_traitsILi64ELi128ELi128ELi4ELb0ELb0EN7cutlass6half_tE19Flash_kernel_traitsILi64ELi128ELi128ELi4ES3_EELb0ELb1ELb0ELb0ELb1ELb1ELb0ELb0EEEvNS_16Flash_fwd_paramsE'
GPGPU-Sim uArch: Shader 99 bind to kernel 1 '_ZN5flash16flash_fwd_kernelI23Flash_fwd_kernel_traitsILi64ELi128ELi128ELi4ELb0ELb0EN7cutlass6half_tE19Flash_kernel_traitsILi64ELi128ELi128ELi4ES3_EELb0ELb1ELb0ELb0ELb1ELb1ELb0ELb0EEEvNS_16Flash_fwd_paramsE'
GPGPU-Sim uArch: Shader 100 bind to kernel 1 '_ZN5flash16flash_fwd_kernelI23Flash_fwd_kernel_traitsILi64ELi128ELi128ELi4ELb0ELb0EN7cutlass6half_tE19Flash_kernel_traitsILi64ELi128ELi128ELi4ES3_EELb0ELb1ELb0ELb0ELb1ELb1ELb0ELb0EEEvNS_16Flash_fwd_paramsE'
GPGPU-Sim uArch: Shader 101 bind to kernel 1 '_ZN5flash16flash_fwd_kernelI23Flash_fwd_kernel_traitsILi64ELi128ELi128ELi4ELb0ELb0EN7cutlass6half_tE19Flash_kernel_traitsILi64ELi128ELi128ELi4ES3_EELb0ELb1ELb0ELb0ELb1ELb1ELb0ELb0EEEvNS_16Flash_fwd_paramsE'
GPGPU-Sim uArch: Shader 102 bind to kernel 1 '_ZN5flash16flash_fwd_kernelI23Flash_fwd_kernel_traitsILi64ELi128ELi128ELi4ELb0ELb0EN7cutlass6half_tE19Flash_kernel_traitsILi64ELi128ELi128ELi4ES3_EELb0ELb1ELb0ELb0ELb1ELb1ELb0ELb0EEEvNS_16Flash_fwd_paramsE'
GPGPU-Sim uArch: Shader 103 bind to kernel 1 '_ZN5flash16flash_fwd_kernelI23Flash_fwd_kernel_traitsILi64ELi128ELi128ELi4ELb0ELb0EN7cutlass6half_tE19Flash_kernel_traitsILi64ELi128ELi128ELi4ES3_EELb0ELb1ELb0ELb0ELb1ELb1ELb0ELb0EEEvNS_16Flash_fwd_paramsE'
GPGPU-Sim uArch: Shader 104 bind to kernel 1 '_ZN5flash16flash_fwd_kernelI23Flash_fwd_kernel_traitsILi64ELi128ELi128ELi4ELb0ELb0EN7cutlass6half_tE19Flash_kernel_traitsILi64ELi128ELi128ELi4ES3_EELb0ELb1ELb0ELb0ELb1ELb1ELb0ELb0EEEvNS_16Flash_fwd_paramsE'
GPGPU-Sim uArch: Shader 105 bind to kernel 1 '_ZN5flash16flash_fwd_kernelI23Flash_fwd_kernel_traitsILi64ELi128ELi128ELi4ELb0ELb0EN7cutlass6half_tE19Flash_kernel_traitsILi64ELi128ELi128ELi4ES3_EELb0ELb1ELb0ELb0ELb1ELb1ELb0ELb0EEEvNS_16Flash_fwd_paramsE'
GPGPU-Sim uArch: Shader 106 bind to kernel 1 '_ZN5flash16flash_fwd_kernelI23Flash_fwd_kernel_traitsILi64ELi128ELi128ELi4ELb0ELb0EN7cutlass6half_tE19Flash_kernel_traitsILi64ELi128ELi128ELi4ES3_EELb0ELb1ELb0ELb0ELb1ELb1ELb0ELb0EEEvNS_16Flash_fwd_paramsE'
GPGPU-Sim uArch: Shader 107 bind to kernel 1 '_ZN5flash16flash_fwd_kernelI23Flash_fwd_kernel_traitsILi64ELi128ELi128ELi4ELb0ELb0EN7cutlass6half_tE19Flash_kernel_traitsILi64ELi128ELi128ELi4ES3_EELb0ELb1ELb0ELb0ELb1ELb1ELb0ELb0EEEvNS_16Flash_fwd_paramsE'
GPGPU-Sim uArch: Shader 108 bind to kernel 1 '_ZN5flash16flash_fwd_kernelI23Flash_fwd_kernel_traitsILi64ELi128ELi128ELi4ELb0ELb0EN7cutlass6half_tE19Flash_kernel_traitsILi64ELi128ELi128ELi4ES3_EELb0ELb1ELb0ELb0ELb1ELb1ELb0ELb0EEEvNS_16Flash_fwd_paramsE'
GPGPU-Sim uArch: Shader 109 bind to kernel 1 '_ZN5flash16flash_fwd_kernelI23Flash_fwd_kernel_traitsILi64ELi128ELi128ELi4ELb0ELb0EN7cutlass6half_tE19Flash_kernel_traitsILi64ELi128ELi128ELi4ES3_EELb0ELb1ELb0ELb0ELb1ELb1ELb0ELb0EEEvNS_16Flash_fwd_paramsE'
GPGPU-Sim uArch: Shader 110 bind to kernel 1 '_ZN5flash16flash_fwd_kernelI23Flash_fwd_kernel_traitsILi64ELi128ELi128ELi4ELb0ELb0EN7cutlass6half_tE19Flash_kernel_traitsILi64ELi128ELi128ELi4ES3_EELb0ELb1ELb0ELb0ELb1ELb1ELb0ELb0EEEvNS_16Flash_fwd_paramsE'
GPGPU-Sim uArch: Shader 111 bind to kernel 1 '_ZN5flash16flash_fwd_kernelI23Flash_fwd_kernel_traitsILi64ELi128ELi128ELi4ELb0ELb0EN7cutlass6half_tE19Flash_kernel_traitsILi64ELi128ELi128ELi4ES3_EELb0ELb1ELb0ELb0ELb1ELb1ELb0ELb0EEEvNS_16Flash_fwd_paramsE'
GPGPU-Sim uArch: Shader 112 bind to kernel 1 '_ZN5flash16flash_fwd_kernelI23Flash_fwd_kernel_traitsILi64ELi128ELi128ELi4ELb0ELb0EN7cutlass6half_tE19Flash_kernel_traitsILi64ELi128ELi128ELi4ES3_EELb0ELb1ELb0ELb0ELb1ELb1ELb0ELb0EEEvNS_16Flash_fwd_paramsE'
GPGPU-Sim uArch: Shader 113 bind to kernel 1 '_ZN5flash16flash_fwd_kernelI23Flash_fwd_kernel_traitsILi64ELi128ELi128ELi4ELb0ELb0EN7cutlass6half_tE19Flash_kernel_traitsILi64ELi128ELi128ELi4ES3_EELb0ELb1ELb0ELb0ELb1ELb1ELb0ELb0EEEvNS_16Flash_fwd_paramsE'
GPGPU-Sim uArch: Shader 114 bind to kernel 1 '_ZN5flash16flash_fwd_kernelI23Flash_fwd_kernel_traitsILi64ELi128ELi128ELi4ELb0ELb0EN7cutlass6half_tE19Flash_kernel_traitsILi64ELi128ELi128ELi4ES3_EELb0ELb1ELb0ELb0ELb1ELb1ELb0ELb0EEEvNS_16Flash_fwd_paramsE'
GPGPU-Sim uArch: Shader 115 bind to kernel 1 '_ZN5flash16flash_fwd_kernelI23Flash_fwd_kernel_traitsILi64ELi128ELi128ELi4ELb0ELb0EN7cutlass6half_tE19Flash_kernel_traitsILi64ELi128ELi128ELi4ES3_EELb0ELb1ELb0ELb0ELb1ELb1ELb0ELb0EEEvNS_16Flash_fwd_paramsE'
GPGPU-Sim uArch: Shader 116 bind to kernel 1 '_ZN5flash16flash_fwd_kernelI23Flash_fwd_kernel_traitsILi64ELi128ELi128ELi4ELb0ELb0EN7cutlass6half_tE19Flash_kernel_traitsILi64ELi128ELi128ELi4ES3_EELb0ELb1ELb0ELb0ELb1ELb1ELb0ELb0EEEvNS_16Flash_fwd_paramsE'
GPGPU-Sim uArch: Shader 117 bind to kernel 1 '_ZN5flash16flash_fwd_kernelI23Flash_fwd_kernel_traitsILi64ELi128ELi128ELi4ELb0ELb0EN7cutlass6half_tE19Flash_kernel_traitsILi64ELi128ELi128ELi4ES3_EELb0ELb1ELb0ELb0ELb1ELb1ELb0ELb0EEEvNS_16Flash_fwd_paramsE'
GPGPU-Sim uArch: Shader 118 bind to kernel 1 '_ZN5flash16flash_fwd_kernelI23Flash_fwd_kernel_traitsILi64ELi128ELi128ELi4ELb0ELb0EN7cutlass6half_tE19Flash_kernel_traitsILi64ELi128ELi128ELi4ES3_EELb0ELb1ELb0ELb0ELb1ELb1ELb0ELb0EEEvNS_16Flash_fwd_paramsE'
GPGPU-Sim uArch: Shader 119 bind to kernel 1 '_ZN5flash16flash_fwd_kernelI23Flash_fwd_kernel_traitsILi64ELi128ELi128ELi4ELb0ELb0EN7cutlass6half_tE19Flash_kernel_traitsILi64ELi128ELi128ELi4ES3_EELb0ELb1ELb0ELb0ELb1ELb1ELb0ELb0EEEvNS_16Flash_fwd_paramsE'
GPGPU-Sim uArch: Shader 120 bind to kernel 1 '_ZN5flash16flash_fwd_kernelI23Flash_fwd_kernel_traitsILi64ELi128ELi128ELi4ELb0ELb0EN7cutlass6half_tE19Flash_kernel_traitsILi64ELi128ELi128ELi4ES3_EELb0ELb1ELb0ELb0ELb1ELb1ELb0ELb0EEEvNS_16Flash_fwd_paramsE'
GPGPU-Sim uArch: Shader 121 bind to kernel 1 '_ZN5flash16flash_fwd_kernelI23Flash_fwd_kernel_traitsILi64ELi128ELi128ELi4ELb0ELb0EN7cutlass6half_tE19Flash_kernel_traitsILi64ELi128ELi128ELi4ES3_EELb0ELb1ELb0ELb0ELb1ELb1ELb0ELb0EEEvNS_16Flash_fwd_paramsE'
GPGPU-Sim uArch: Shader 122 bind to kernel 1 '_ZN5flash16flash_fwd_kernelI23Flash_fwd_kernel_traitsILi64ELi128ELi128ELi4ELb0ELb0EN7cutlass6half_tE19Flash_kernel_traitsILi64ELi128ELi128ELi4ES3_EELb0ELb1ELb0ELb0ELb1ELb1ELb0ELb0EEEvNS_16Flash_fwd_paramsE'
GPGPU-Sim uArch: Shader 123 bind to kernel 1 '_ZN5flash16flash_fwd_kernelI23Flash_fwd_kernel_traitsILi64ELi128ELi128ELi4ELb0ELb0EN7cutlass6half_tE19Flash_kernel_traitsILi64ELi128ELi128ELi4ES3_EELb0ELb1ELb0ELb0ELb1ELb1ELb0ELb0EEEvNS_16Flash_fwd_paramsE'
GPGPU-Sim uArch: Shader 124 bind to kernel 1 '_ZN5flash16flash_fwd_kernelI23Flash_fwd_kernel_traitsILi64ELi128ELi128ELi4ELb0ELb0EN7cutlass6half_tE19Flash_kernel_traitsILi64ELi128ELi128ELi4ES3_EELb0ELb1ELb0ELb0ELb1ELb1ELb0ELb0EEEvNS_16Flash_fwd_paramsE'
GPGPU-Sim uArch: Shader 125 bind to kernel 1 '_ZN5flash16flash_fwd_kernelI23Flash_fwd_kernel_traitsILi64ELi128ELi128ELi4ELb0ELb0EN7cutlass6half_tE19Flash_kernel_traitsILi64ELi128ELi128ELi4ES3_EELb0ELb1ELb0ELb0ELb1ELb1ELb0ELb0EEEvNS_16Flash_fwd_paramsE'
GPGPU-Sim uArch: Shader 126 bind to kernel 1 '_ZN5flash16flash_fwd_kernelI23Flash_fwd_kernel_traitsILi64ELi128ELi128ELi4ELb0ELb0EN7cutlass6half_tE19Flash_kernel_traitsILi64ELi128ELi128ELi4ES3_EELb0ELb1ELb0ELb0ELb1ELb1ELb0ELb0EEEvNS_16Flash_fwd_paramsE'
GPGPU-Sim uArch: Shader 127 bind to kernel 1 '_ZN5flash16flash_fwd_kernelI23Flash_fwd_kernel_traitsILi64ELi128ELi128ELi4ELb0ELb0EN7cutlass6half_tE19Flash_kernel_traitsILi64ELi128ELi128ELi4ES3_EELb0ELb1ELb0ELb0ELb1ELb1ELb0ELb0EEEvNS_16Flash_fwd_paramsE'
GPGPU-Sim uArch: Shader 128 bind to kernel 1 '_ZN5flash16flash_fwd_kernelI23Flash_fwd_kernel_traitsILi64ELi128ELi128ELi4ELb0ELb0EN7cutlass6half_tE19Flash_kernel_traitsILi64ELi128ELi128ELi4ES3_EELb0ELb1ELb0ELb0ELb1ELb1ELb0ELb0EEEvNS_16Flash_fwd_paramsE'
GPGPU-Sim uArch: Shader 129 bind to kernel 1 '_ZN5flash16flash_fwd_kernelI23Flash_fwd_kernel_traitsILi64ELi128ELi128ELi4ELb0ELb0EN7cutlass6half_tE19Flash_kernel_traitsILi64ELi128ELi128ELi4ES3_EELb0ELb1ELb0ELb0ELb1ELb1ELb0ELb0EEEvNS_16Flash_fwd_paramsE'
GPGPU-Sim uArch: Shader 130 bind to kernel 1 '_ZN5flash16flash_fwd_kernelI23Flash_fwd_kernel_traitsILi64ELi128ELi128ELi4ELb0ELb0EN7cutlass6half_tE19Flash_kernel_traitsILi64ELi128ELi128ELi4ES3_EELb0ELb1ELb0ELb0ELb1ELb1ELb0ELb0EEEvNS_16Flash_fwd_paramsE'
GPGPU-Sim uArch: Shader 131 bind to kernel 1 '_ZN5flash16flash_fwd_kernelI23Flash_fwd_kernel_traitsILi64ELi128ELi128ELi4ELb0ELb0EN7cutlass6half_tE19Flash_kernel_traitsILi64ELi128ELi128ELi4ES3_EELb0ELb1ELb0ELb0ELb1ELb1ELb0ELb0EEEvNS_16Flash_fwd_paramsE'

========== Cycle Profiling Statistics (Last 10000 cycles) ==========
Total CPU time: 18301.74 ms
  ICNT Cycle (CORE):           273.71 ms (1.5%)
  Mem to ICNT (ICNT):          601.40 ms (3.3%)
  DRAM Cycle (DRAM):           2022.86 ms (11.1%)
  L2 Cache (L2):               2933.28 ms (16.0%)
  ICNT Transfer (ICNT):        2610.47 ms (14.3%)
  Core Cycle (CORE):           9417.84 ms (51.5%)
  gem5 Simulate:               0.00 ms (0.0%)
  Other Operations:            442.18 ms (2.4%)
Average time per cycle: 1.8302 ms
Progress: cycle=10000 CTA launched +264=264 completed +0=0
Progress TMA tx: started +0=0 (R +0=0, W +0=0) completed +0=0 (R +0=0, W +0=0)
Progress TMA mf: issued +0=0 (R +0=0, W +0=0) responses +0=0 (R +0=0, W +0=0)
Progress TMA bytes: issued +0=0 done +0=0
====================================================================


========== Cycle Profiling Statistics (Last 10000 cycles) ==========
Total CPU time: 68179.45 ms
  ICNT Cycle (CORE):           493.66 ms (0.7%)
  Mem to ICNT (ICNT):          1054.68 ms (1.5%)
  DRAM Cycle (DRAM):           2381.37 ms (3.5%)
  L2 Cache (L2):               2182.77 ms (3.2%)
  ICNT Transfer (ICNT):        4996.43 ms (7.3%)
  Core Cycle (CORE):           56852.69 ms (83.4%)
  gem5 Simulate:               0.00 ms (0.0%)
  Other Operations:            217.85 ms (0.3%)
Average time per cycle: 6.8179 ms
Progress: cycle=20000 CTA launched +132=396 completed +132=132
Progress TMA tx: started +0=0 (R +0=0, W +0=0) completed +0=0 (R +0=0, W +0=0)
Progress TMA mf: issued +0=0 (R +0=0, W +0=0) responses +0=0 (R +0=0, W +0=0)
Progress TMA bytes: issued +0=0 done +0=0
====================================================================


========== Cycle Profiling Statistics (Last 10000 cycles) ==========
Total CPU time: 72496.67 ms
  ICNT Cycle (CORE):           674.07 ms (0.9%)
  Mem to ICNT (ICNT):          1440.02 ms (2.0%)
  DRAM Cycle (DRAM):           3005.94 ms (4.1%)
  L2 Cache (L2):               3504.66 ms (4.8%)
  ICNT Transfer (ICNT):        5181.47 ms (7.1%)
  Core Cycle (CORE):           58457.16 ms (80.6%)
  gem5 Simulate:               0.00 ms (0.0%)
  Other Operations:            233.34 ms (0.3%)
Average time per cycle: 7.2497 ms
Progress: cycle=30000 CTA launched +171=567 completed +171=303
Progress TMA tx: started +0=0 (R +0=0, W +0=0) completed +0=0 (R +0=0, W +0=0)
Progress TMA mf: issued +0=0 (R +0=0, W +0=0) responses +0=0 (R +0=0, W +0=0)
Progress TMA bytes: issued +0=0 done +0=0
====================================================================


========== Cycle Profiling Statistics (Last 10000 cycles) ==========
Total CPU time: 77791.40 ms
  ICNT Cycle (CORE):           642.92 ms (0.8%)
  Mem to ICNT (ICNT):          1397.06 ms (1.8%)
  DRAM Cycle (DRAM):           3089.93 ms (4.0%)
  L2 Cache (L2):               3280.24 ms (4.2%)
  ICNT Transfer (ICNT):        5223.21 ms (6.7%)
  Core Cycle (CORE):           63903.58 ms (82.1%)
  gem5 Simulate:               0.00 ms (0.0%)
  Other Operations:            254.47 ms (0.3%)
Average time per cycle: 7.7791 ms
Progress: cycle=40000 CTA launched +188=755 completed +188=491
Progress TMA tx: started +0=0 (R +0=0, W +0=0) completed +0=0 (R +0=0, W +0=0)
Progress TMA mf: issued +0=0 (R +0=0, W +0=0) responses +0=0 (R +0=0, W +0=0)
Progress TMA bytes: issued +0=0 done +0=0
====================================================================


========== Cycle Profiling Statistics (Last 10000 cycles) ==========
Total CPU time: 77558.02 ms
  ICNT Cycle (CORE):           688.09 ms (0.9%)
  Mem to ICNT (ICNT):          1449.12 ms (1.9%)
  DRAM Cycle (DRAM):           3232.12 ms (4.2%)
  L2 Cache (L2):               3584.97 ms (4.6%)
  ICNT Transfer (ICNT):        5167.77 ms (6.7%)
  Core Cycle (CORE):           63177.72 ms (81.5%)
  gem5 Simulate:               0.00 ms (0.0%)
  Other Operations:            258.22 ms (0.3%)
Average time per cycle: 7.7558 ms
Progress: cycle=50000 CTA launched +209=964 completed +209=700
Progress TMA tx: started +0=0 (R +0=0, W +0=0) completed +0=0 (R +0=0, W +0=0)
Progress TMA mf: issued +0=0 (R +0=0, W +0=0) responses +0=0 (R +0=0, W +0=0)
Progress TMA bytes: issued +0=0 done +0=0
====================================================================


========== Cycle Profiling Statistics (Last 10000 cycles) ==========
Total CPU time: 79403.98 ms
  ICNT Cycle (CORE):           691.60 ms (0.9%)
  Mem to ICNT (ICNT):          1435.85 ms (1.8%)
  DRAM Cycle (DRAM):           3146.78 ms (4.0%)
  L2 Cache (L2):               3552.10 ms (4.5%)
  ICNT Transfer (ICNT):        5146.63 ms (6.5%)
  Core Cycle (CORE):           65169.16 ms (82.1%)
  gem5 Simulate:               0.00 ms (0.0%)
  Other Operations:            261.86 ms (0.3%)
Average time per cycle: 7.9404 ms
Progress: cycle=60000 CTA launched +207=1171 completed +207=907
Progress TMA tx: started +0=0 (R +0=0, W +0=0) completed +0=0 (R +0=0, W +0=0)
Progress TMA mf: issued +0=0 (R +0=0, W +0=0) responses +0=0 (R +0=0, W +0=0)
Progress TMA bytes: issued +0=0 done +0=0
====================================================================


========== Cycle Profiling Statistics (Last 10000 cycles) ==========
Total CPU time: 79036.62 ms
  ICNT Cycle (CORE):           678.70 ms (0.9%)
  Mem to ICNT (ICNT):          1414.03 ms (1.8%)
  DRAM Cycle (DRAM):           2891.48 ms (3.7%)
  L2 Cache (L2):               3393.41 ms (4.3%)
  ICNT Transfer (ICNT):        5159.41 ms (6.5%)
  Core Cycle (CORE):           65237.11 ms (82.5%)
  gem5 Simulate:               0.00 ms (0.0%)
  Other Operations:            262.48 ms (0.3%)
Average time per cycle: 7.9037 ms
Progress: cycle=70000 CTA launched +204=1375 completed +204=1111
Progress TMA tx: started +0=0 (R +0=0, W +0=0) completed +0=0 (R +0=0, W +0=0)
Progress TMA mf: issued +0=0 (R +0=0, W +0=0) responses +0=0 (R +0=0, W +0=0)
Progress TMA bytes: issued +0=0 done +0=0
====================================================================


========== Cycle Profiling Statistics (Last 10000 cycles) ==========
Total CPU time: 77478.39 ms
  ICNT Cycle (CORE):           678.89 ms (0.9%)
  Mem to ICNT (ICNT):          1398.13 ms (1.8%)
  DRAM Cycle (DRAM):           2922.39 ms (3.8%)
  L2 Cache (L2):               3493.21 ms (4.5%)
  ICNT Transfer (ICNT):        4855.21 ms (6.3%)
  Core Cycle (CORE):           63878.27 ms (82.4%)
  gem5 Simulate:               0.00 ms (0.0%)
  Other Operations:            252.29 ms (0.3%)
Average time per cycle: 7.7478 ms
Progress: cycle=80000 CTA launched +207=1582 completed +207=1318
Progress TMA tx: started +0=0 (R +0=0, W +0=0) completed +0=0 (R +0=0, W +0=0)
Progress TMA mf: issued +0=0 (R +0=0, W +0=0) responses +0=0 (R +0=0, W +0=0)
Progress TMA bytes: issued +0=0 done +0=0
====================================================================


========== Cycle Profiling Statistics (Last 10000 cycles) ==========
Total CPU time: 73733.53 ms
  ICNT Cycle (CORE):           622.69 ms (0.8%)
  Mem to ICNT (ICNT):          1302.37 ms (1.8%)
  DRAM Cycle (DRAM):           2954.16 ms (4.0%)
  L2 Cache (L2):               3262.73 ms (4.4%)
  ICNT Transfer (ICNT):        4374.16 ms (5.9%)
  Core Cycle (CORE):           60987.30 ms (82.7%)
  gem5 Simulate:               0.00 ms (0.0%)
  Other Operations:            230.12 ms (0.3%)
Average time per cycle: 7.3734 ms
Progress: cycle=90000 CTA launched +213=1795 completed +213=1531
Progress TMA tx: started +0=0 (R +0=0, W +0=0) completed +0=0 (R +0=0, W +0=0)
Progress TMA mf: issued +0=0 (R +0=0, W +0=0) responses +0=0 (R +0=0, W +0=0)
Progress TMA bytes: issued +0=0 done +0=0
====================================================================

GPGPU-Sim uArch: Shader 54 bind to kernel 1 '_ZN5flash16flash_fwd_kernelI23Flash_fwd_kernel_traitsILi64ELi128ELi128ELi4ELb0ELb0EN7cutlass6half_tE19Flash_kernel_traitsILi64ELi128ELi128ELi4ES3_EELb0ELb1ELb0ELb0ELb1ELb1ELb0ELb0EEEvNS_16Flash_fwd_paramsE'
GPGPU-Sim uArch: Shader 112 bind to kernel 1 '_ZN5flash16flash_fwd_kernelI23Flash_fwd_kernel_traitsILi64ELi128ELi128ELi4ELb0ELb0EN7cutlass6half_tE19Flash_kernel_traitsILi64ELi128ELi128ELi4ES3_EELb0ELb1ELb0ELb0ELb1ELb1ELb0ELb0EEEvNS_16Flash_fwd_paramsE'
GPGPU-Sim uArch: Shader 10 bind to kernel 1 '_ZN5flash16flash_fwd_kernelI23Flash_fwd_kernel_traitsILi64ELi128ELi128ELi4ELb0ELb0EN7cutlass6half_tE19Flash_kernel_traitsILi64ELi128ELi128ELi4ES3_EELb0ELb1ELb0ELb0ELb1ELb1ELb0ELb0EEEvNS_16Flash_fwd_paramsE'
GPGPU-Sim uArch: Shader 96 bind to kernel 1 '_ZN5flash16flash_fwd_kernelI23Flash_fwd_kernel_traitsILi64ELi128ELi128ELi4ELb0ELb0EN7cutlass6half_tE19Flash_kernel_traitsILi64ELi128ELi128ELi4ES3_EELb0ELb1ELb0ELb0ELb1ELb1ELb0ELb0EEEvNS_16Flash_fwd_paramsE'
GPGPU-Sim uArch: Shader 34 bind to kernel 1 '_ZN5flash16flash_fwd_kernelI23Flash_fwd_kernel_traitsILi64ELi128ELi128ELi4ELb0ELb0EN7cutlass6half_tE19Flash_kernel_traitsILi64ELi128ELi128ELi4ES3_EELb0ELb1ELb0ELb0ELb1ELb1ELb0ELb0EEEvNS_16Flash_fwd_paramsE'

========== Cycle Profiling Statistics (Last 10000 cycles) ==========
Total CPU time: 70559.11 ms
  ICNT Cycle (CORE):           557.12 ms (0.8%)
  Mem to ICNT (ICNT):          1183.08 ms (1.7%)
  DRAM Cycle (DRAM):           2783.54 ms (3.9%)
  L2 Cache (L2):               3014.27 ms (4.3%)
  ICNT Transfer (ICNT):        4195.59 ms (5.9%)
  Core Cycle (CORE):           58621.55 ms (83.1%)
  gem5 Simulate:               0.00 ms (0.0%)
  Other Operations:            203.96 ms (0.3%)
Average time per cycle: 7.0559 ms
Progress: cycle=100000 CTA launched +194=1989 completed +208=1739
Progress TMA tx: started +0=0 (R +0=0, W +0=0) completed +0=0 (R +0=0, W +0=0)
Progress TMA mf: issued +0=0 (R +0=0, W +0=0) responses +0=0 (R +0=0, W +0=0)
Progress TMA bytes: issued +0=0 done +0=0
====================================================================

GPGPU-Sim uArch: Shader 86 bind to kernel 1 '_ZN5flash16flash_fwd_kernelI23Flash_fwd_kernel_traitsILi64ELi128ELi128ELi4ELb0ELb0EN7cutlass6half_tE19Flash_kernel_traitsILi64ELi128ELi128ELi4ES3_EELb0ELb1ELb0ELb0ELb1ELb1ELb0ELb0EEEvNS_16Flash_fwd_paramsE'
GPGPU-Sim uArch: Shader 118 bind to kernel 1 '_ZN5flash16flash_fwd_kernelI23Flash_fwd_kernel_traitsILi64ELi128ELi128ELi4ELb0ELb0EN7cutlass6half_tE19Flash_kernel_traitsILi64ELi128ELi128ELi4ES3_EELb0ELb1ELb0ELb0ELb1ELb1ELb0ELb0EEEvNS_16Flash_fwd_paramsE'
GPGPU-Sim uArch: Shader 76 bind to kernel 1 '_ZN5flash16flash_fwd_kernelI23Flash_fwd_kernel_traitsILi64ELi128ELi128ELi4ELb0ELb0EN7cutlass6half_tE19Flash_kernel_traitsILi64ELi128ELi128ELi4ES3_EELb0ELb1ELb0ELb0ELb1ELb1ELb0ELb0EEEvNS_16Flash_fwd_paramsE'
GPGPU-Sim uArch: Shader 92 bind to kernel 1 '_ZN5flash16flash_fwd_kernelI23Flash_fwd_kernel_traitsILi64ELi128ELi128ELi4ELb0ELb0EN7cutlass6half_tE19Flash_kernel_traitsILi64ELi128ELi128ELi4ES3_EELb0ELb1ELb0ELb0ELb1ELb1ELb0ELb0EEEvNS_16Flash_fwd_paramsE'
GPGPU-Sim uArch: Shader 2 bind to kernel 1 '_ZN5flash16flash_fwd_kernelI23Flash_fwd_kernel_traitsILi64ELi128ELi128ELi4ELb0ELb0EN7cutlass6half_tE19Flash_kernel_traitsILi64ELi128ELi128ELi4ES3_EELb0ELb1ELb0ELb0ELb1ELb1ELb0ELb0EEEvNS_16Flash_fwd_paramsE'
GPGPU-Sim uArch: Shader 22 bind to kernel 1 '_ZN5flash16flash_fwd_kernelI23Flash_fwd_kernel_traitsILi64ELi128ELi128ELi4ELb0ELb0EN7cutlass6half_tE19Flash_kernel_traitsILi64ELi128ELi128ELi4ES3_EELb0ELb1ELb0ELb0ELb1ELb1ELb0ELb0EEEvNS_16Flash_fwd_paramsE'
GPGPU-Sim uArch: Shader 36 bind to kernel 1 '_ZN5flash16flash_fwd_kernelI23Flash_fwd_kernel_traitsILi64ELi128ELi128ELi4ELb0ELb0EN7cutlass6half_tE19Flash_kernel_traitsILi64ELi128ELi128ELi4ES3_EELb0ELb1ELb0ELb0ELb1ELb1ELb0ELb0EEEvNS_16Flash_fwd_paramsE'
GPGPU-Sim uArch: Shader 90 bind to kernel 1 '_ZN5flash16flash_fwd_kernelI23Flash_fwd_kernel_traitsILi64ELi128ELi128ELi4ELb0ELb0EN7cutlass6half_tE19Flash_kernel_traitsILi64ELi128ELi128ELi4ES3_EELb0ELb1ELb0ELb0ELb1ELb1ELb0ELb0EEEvNS_16Flash_fwd_paramsE'
GPGPU-Sim uArch: Shader 100 bind to kernel 1 '_ZN5flash16flash_fwd_kernelI23Flash_fwd_kernel_traitsILi64ELi128ELi128ELi4ELb0ELb0EN7cutlass6half_tE19Flash_kernel_traitsILi64ELi128ELi128ELi4ES3_EELb0ELb1ELb0ELb0ELb1ELb1ELb0ELb0EEEvNS_16Flash_fwd_paramsE'
GPGPU-Sim uArch: Shader 124 bind to kernel 1 '_ZN5flash16flash_fwd_kernelI23Flash_fwd_kernel_traitsILi64ELi128ELi128ELi4ELb0ELb0EN7cutlass6half_tE19Flash_kernel_traitsILi64ELi128ELi128ELi4ES3_EELb0ELb1ELb0ELb0ELb1ELb1ELb0ELb0EEEvNS_16Flash_fwd_paramsE'

========== Cycle Profiling Statistics (Last 10000 cycles) ==========
Total CPU time: 53373.06 ms
  ICNT Cycle (CORE):           312.11 ms (0.6%)
  Mem to ICNT (ICNT):          642.01 ms (1.2%)
  DRAM Cycle (DRAM):           1685.20 ms (3.2%)
  L2 Cache (L2):               1529.27 ms (2.9%)
  ICNT Transfer (ICNT):        3358.54 ms (6.3%)
  Core Cycle (CORE):           45646.54 ms (85.5%)
  gem5 Simulate:               0.00 ms (0.0%)
  Other Operations:            199.40 ms (0.4%)
Average time per cycle: 5.3373 ms
Progress: cycle=110000 CTA launched +59=2048 completed +212=1951
Progress TMA tx: started +0=0 (R +0=0, W +0=0) completed +0=0 (R +0=0, W +0=0)
Progress TMA mf: issued +0=0 (R +0=0, W +0=0) responses +0=0 (R +0=0, W +0=0)
Progress TMA bytes: issued +0=0 done +0=0
====================================================================

Destroy streams for kernel 1: size 0
kernel_name = _ZN5flash16flash_fwd_kernelI23Flash_fwd_kernel_traitsILi64ELi128ELi128ELi4ELb0ELb0EN7cutlass6half_tE19Flash_kernel_traitsILi64ELi128ELi128ELi4ES3_EELb0ELb1ELb0ELb0ELb1ELb1ELb0ELb0EEEvNS_16Flash_fwd_paramsE 
kernel_launch_uid = 1 
kernel_stream_id = 0
gpu_sim_cycle = 117846
gpu_sim_insn = 698208256
gpu_ipc =    5924.7515
gpu_tot_sim_cycle = 117846
gpu_tot_sim_insn = 698208256
gpu_tot_ipc =    5924.7515
gpu_tot_issued_cta = 2048
gpu_occupancy = 16.2973% 
gpu_tot_occupancy = 16.2973% 
max_total_param_size = 0
gpu_stall_dramfull = 237789
memory_sub_partition_full_breakdown:
	memory_sub_partition_full_breakdown[ICNT_TO_L2_NOT_ENOUGH_SECTOR_SLOTS] = 237789
	memory_sub_partition_full_breakdown[ICNT_TO_L2_QUEUE_FULL] = 232075
	memory_sub_partition_full_breakdown[ICNT_TO_L2_QUEUE_NEAR_FULL] = 5714
	memory_sub_partition_full_breakdown[L2_DRAM_QUEUE_FULL] = 38710
	memory_sub_partition_full_breakdown[DRAM_L2_QUEUE_FULL] = 0
	memory_sub_partition_full_breakdown[L2_ICNT_QUEUE_FULL] = 0
	memory_sub_partition_full_breakdown[L2_DATA_PORT_BUSY] = 0
	memory_sub_partition_full_breakdown[L2_FILL_PORT_BUSY] = 0
	memory_sub_partition_full_breakdown[L2_READY_BLOCKED_BY_L2_ICNT_QUEUE] = 0
gpu_stall_icnt2sh    = 0
partiton_level_parallism =      18.0738
partiton_level_parallism_total  =      18.0738
partiton_level_parallism_util =      18.4139
partiton_level_parallism_util_total  =      18.4139
L2_BW  =    2148.8307 GB/Sec
L2_BW_total  =    2148.8307 GB/Sec
gpu_total_sim_rate=897439

========= Core cache stats =========
L1I_cache:
	L1I_total_cache_accesses = 0
	L1I_total_cache_misses = 0
	L1I_total_cache_pending_hits = 0
	L1I_total_cache_reservation_fails = 0
L1D_cache:
	L1D_cache_core[0]: Access = 8448, Miss = 8448, Miss_rate = 1.000, Pending_hits = 0, Reservation_fails = 11185
	L1D_cache_core[1]: Access = 8448, Miss = 8448, Miss_rate = 1.000, Pending_hits = 0, Reservation_fails = 11270
	L1D_cache_core[2]: Access = 9504, Miss = 9504, Miss_rate = 1.000, Pending_hits = 0, Reservation_fails = 12694
	L1D_cache_core[3]: Access = 7392, Miss = 7392, Miss_rate = 1.000, Pending_hits = 0, Reservation_fails = 10033
	L1D_cache_core[4]: Access = 8448, Miss = 8448, Miss_rate = 1.000, Pending_hits = 0, Reservation_fails = 11206
	L1D_cache_core[5]: Access = 7920, Miss = 7920, Miss_rate = 1.000, Pending_hits = 0, Reservation_fails = 10549
	L1D_cache_core[6]: Access = 7920, Miss = 7920, Miss_rate = 1.000, Pending_hits = 0, Reservation_fails = 10614
	L1D_cache_core[7]: Access = 8448, Miss = 8448, Miss_rate = 1.000, Pending_hits = 0, Reservation_fails = 11334
	L1D_cache_core[8]: Access = 8448, Miss = 8448, Miss_rate = 1.000, Pending_hits = 0, Reservation_fails = 11245
	L1D_cache_core[9]: Access = 8448, Miss = 8448, Miss_rate = 1.000, Pending_hits = 0, Reservation_fails = 11371
	L1D_cache_core[10]: Access = 9504, Miss = 9504, Miss_rate = 1.000, Pending_hits = 0, Reservation_fails = 12363
	L1D_cache_core[11]: Access = 8448, Miss = 8448, Miss_rate = 1.000, Pending_hits = 0, Reservation_fails = 11464
	L1D_cache_core[12]: Access = 7920, Miss = 7920, Miss_rate = 1.000, Pending_hits = 0, Reservation_fails = 10733
	L1D_cache_core[13]: Access = 7920, Miss = 7920, Miss_rate = 1.000, Pending_hits = 0, Reservation_fails = 10670
	L1D_cache_core[14]: Access = 7920, Miss = 7920, Miss_rate = 1.000, Pending_hits = 0, Reservation_fails = 10721
	L1D_cache_core[15]: Access = 7920, Miss = 7920, Miss_rate = 1.000, Pending_hits = 0, Reservation_fails = 10658
	L1D_cache_core[16]: Access = 8448, Miss = 8448, Miss_rate = 1.000, Pending_hits = 0, Reservation_fails = 11277
	L1D_cache_core[17]: Access = 7920, Miss = 7920, Miss_rate = 1.000, Pending_hits = 0, Reservation_fails = 10683
	L1D_cache_core[18]: Access = 7920, Miss = 7920, Miss_rate = 1.000, Pending_hits = 0, Reservation_fails = 10727
	L1D_cache_core[19]: Access = 7920, Miss = 7920, Miss_rate = 1.000, Pending_hits = 0, Reservation_fails = 10533
	L1D_cache_core[20]: Access = 7920, Miss = 7920, Miss_rate = 1.000, Pending_hits = 0, Reservation_fails = 10711
	L1D_cache_core[21]: Access = 7392, Miss = 7392, Miss_rate = 1.000, Pending_hits = 0, Reservation_fails = 10030
	L1D_cache_core[22]: Access = 9504, Miss = 9504, Miss_rate = 1.000, Pending_hits = 0, Reservation_fails = 12623
	L1D_cache_core[23]: Access = 8448, Miss = 8448, Miss_rate = 1.000, Pending_hits = 0, Reservation_fails = 11458
	L1D_cache_core[24]: Access = 8448, Miss = 8448, Miss_rate = 1.000, Pending_hits = 0, Reservation_fails = 11101
	L1D_cache_core[25]: Access = 8448, Miss = 8448, Miss_rate = 1.000, Pending_hits = 0, Reservation_fails = 11216
	L1D_cache_core[26]: Access = 7920, Miss = 7920, Miss_rate = 1.000, Pending_hits = 0, Reservation_fails = 10574
	L1D_cache_core[27]: Access = 7920, Miss = 7920, Miss_rate = 1.000, Pending_hits = 0, Reservation_fails = 10615
	L1D_cache_core[28]: Access = 8448, Miss = 8448, Miss_rate = 1.000, Pending_hits = 0, Reservation_fails = 11364
	L1D_cache_core[29]: Access = 7920, Miss = 7920, Miss_rate = 1.000, Pending_hits = 0, Reservation_fails = 10415
	L1D_cache_core[30]: Access = 8448, Miss = 8448, Miss_rate = 1.000, Pending_hits = 0, Reservation_fails = 11294
	L1D_cache_core[31]: Access = 7920, Miss = 7920, Miss_rate = 1.000, Pending_hits = 0, Reservation_fails = 10347
	L1D_cache_core[32]: Access = 7920, Miss = 7920, Miss_rate = 1.000, Pending_hits = 0, Reservation_fails = 10431
	L1D_cache_core[33]: Access = 7920, Miss = 7920, Miss_rate = 1.000, Pending_hits = 0, Reservation_fails = 10560
	L1D_cache_core[34]: Access = 9504, Miss = 9504, Miss_rate = 1.000, Pending_hits = 0, Reservation_fails = 12645
	L1D_cache_core[35]: Access = 7392, Miss = 7392, Miss_rate = 1.000, Pending_hits = 0, Reservation_fails = 10075
	L1D_cache_core[36]: Access = 9504, Miss = 9504, Miss_rate = 1.000, Pending_hits = 0, Reservation_fails = 12743
	L1D_cache_core[37]: Access = 7920, Miss = 7920, Miss_rate = 1.000, Pending_hits = 0, Reservation_fails = 10650
	L1D_cache_core[38]: Access = 7920, Miss = 7920, Miss_rate = 1.000, Pending_hits = 0, Reservation_fails = 10447
	L1D_cache_core[39]: Access = 8448, Miss = 8448, Miss_rate = 1.000, Pending_hits = 0, Reservation_fails = 11344
	L1D_cache_core[40]: Access = 8448, Miss = 8448, Miss_rate = 1.000, Pending_hits = 0, Reservation_fails = 11389
	L1D_cache_core[41]: Access = 7392, Miss = 7392, Miss_rate = 1.000, Pending_hits = 0, Reservation_fails = 10075
	L1D_cache_core[42]: Access = 8448, Miss = 8448, Miss_rate = 1.000, Pending_hits = 0, Reservation_fails = 11457
	L1D_cache_core[43]: Access = 7392, Miss = 7392, Miss_rate = 1.000, Pending_hits = 0, Reservation_fails = 10061
	L1D_cache_core[44]: Access = 8448, Miss = 8448, Miss_rate = 1.000, Pending_hits = 0, Reservation_fails = 11109
	L1D_cache_core[45]: Access = 7920, Miss = 7920, Miss_rate = 1.000, Pending_hits = 0, Reservation_fails = 10540
	L1D_cache_core[46]: Access = 8448, Miss = 8448, Miss_rate = 1.000, Pending_hits = 0, Reservation_fails = 11279
	L1D_cache_core[47]: Access = 8448, Miss = 8448, Miss_rate = 1.000, Pending_hits = 0, Reservation_fails = 11169
	L1D_cache_core[48]: Access = 8448, Miss = 8448, Miss_rate = 1.000, Pending_hits = 0, Reservation_fails = 11162
	L1D_cache_core[49]: Access = 8448, Miss = 8448, Miss_rate = 1.000, Pending_hits = 0, Reservation_fails = 11071
	L1D_cache_core[50]: Access = 8448, Miss = 8448, Miss_rate = 1.000, Pending_hits = 0, Reservation_fails = 11058
	L1D_cache_core[51]: Access = 7392, Miss = 7392, Miss_rate = 1.000, Pending_hits = 0, Reservation_fails = 10212
	L1D_cache_core[52]: Access = 8448, Miss = 8448, Miss_rate = 1.000, Pending_hits = 0, Reservation_fails = 10921
	L1D_cache_core[53]: Access = 7920, Miss = 7920, Miss_rate = 1.000, Pending_hits = 0, Reservation_fails = 10691
	L1D_cache_core[54]: Access = 9504, Miss = 9504, Miss_rate = 1.000, Pending_hits = 0, Reservation_fails = 12445
	L1D_cache_core[55]: Access = 8448, Miss = 8448, Miss_rate = 1.000, Pending_hits = 0, Reservation_fails = 11240
	L1D_cache_core[56]: Access = 7920, Miss = 7920, Miss_rate = 1.000, Pending_hits = 0, Reservation_fails = 10476
	L1D_cache_core[57]: Access = 7920, Miss = 7920, Miss_rate = 1.000, Pending_hits = 0, Reservation_fails = 10548
	L1D_cache_core[58]: Access = 8448, Miss = 8448, Miss_rate = 1.000, Pending_hits = 0, Reservation_fails = 11295
	L1D_cache_core[59]: Access = 6864, Miss = 6864, Miss_rate = 1.000, Pending_hits = 0, Reservation_fails = 9393
	L1D_cache_core[60]: Access = 7920, Miss = 7920, Miss_rate = 1.000, Pending_hits = 0, Reservation_fails = 10499
	L1D_cache_core[61]: Access = 7392, Miss = 7392, Miss_rate = 1.000, Pending_hits = 0, Reservation_fails = 9941
	L1D_cache_core[62]: Access = 8448, Miss = 8448, Miss_rate = 1.000, Pending_hits = 0, Reservation_fails = 11181
	L1D_cache_core[63]: Access = 7392, Miss = 7392, Miss_rate = 1.000, Pending_hits = 0, Reservation_fails = 9928
	L1D_cache_core[64]: Access = 8448, Miss = 8448, Miss_rate = 1.000, Pending_hits = 0, Reservation_fails = 11603
	L1D_cache_core[65]: Access = 7392, Miss = 7392, Miss_rate = 1.000, Pending_hits = 0, Reservation_fails = 10014
	L1D_cache_core[66]: Access = 8448, Miss = 8448, Miss_rate = 1.000, Pending_hits = 0, Reservation_fails = 11245
	L1D_cache_core[67]: Access = 8448, Miss = 8448, Miss_rate = 1.000, Pending_hits = 0, Reservation_fails = 11097
	L1D_cache_core[68]: Access = 8448, Miss = 8448, Miss_rate = 1.000, Pending_hits = 0, Reservation_fails = 11251
	L1D_cache_core[69]: Access = 7392, Miss = 7392, Miss_rate = 1.000, Pending_hits = 0, Reservation_fails = 10000
	L1D_cache_core[70]: Access = 8448, Miss = 8448, Miss_rate = 1.000, Pending_hits = 0, Reservation_fails = 11114
	L1D_cache_core[71]: Access = 7392, Miss = 7392, Miss_rate = 1.000, Pending_hits = 0, Reservation_fails = 10144
	L1D_cache_core[72]: Access = 7392, Miss = 7392, Miss_rate = 1.000, Pending_hits = 0, Reservation_fails = 9939
	L1D_cache_core[73]: Access = 7392, Miss = 7392, Miss_rate = 1.000, Pending_hits = 0, Reservation_fails = 9839
	L1D_cache_core[74]: Access = 8448, Miss = 8448, Miss_rate = 1.000, Pending_hits = 0, Reservation_fails = 11277
	L1D_cache_core[75]: Access = 8448, Miss = 8448, Miss_rate = 1.000, Pending_hits = 0, Reservation_fails = 11147
	L1D_cache_core[76]: Access = 9504, Miss = 9504, Miss_rate = 1.000, Pending_hits = 0, Reservation_fails = 12412
	L1D_cache_core[77]: Access = 7920, Miss = 7920, Miss_rate = 1.000, Pending_hits = 0, Reservation_fails = 10634
	L1D_cache_core[78]: Access = 8448, Miss = 8448, Miss_rate = 1.000, Pending_hits = 0, Reservation_fails = 11298
	L1D_cache_core[79]: Access = 7920, Miss = 7920, Miss_rate = 1.000, Pending_hits = 0, Reservation_fails = 10368
	L1D_cache_core[80]: Access = 8448, Miss = 8448, Miss_rate = 1.000, Pending_hits = 0, Reservation_fails = 11421
	L1D_cache_core[81]: Access = 7920, Miss = 7920, Miss_rate = 1.000, Pending_hits = 0, Reservation_fails = 10509
	L1D_cache_core[82]: Access = 8448, Miss = 8448, Miss_rate = 1.000, Pending_hits = 0, Reservation_fails = 11171
	L1D_cache_core[83]: Access = 7392, Miss = 7392, Miss_rate = 1.000, Pending_hits = 0, Reservation_fails = 9979
	L1D_cache_core[84]: Access = 8448, Miss = 8448, Miss_rate = 1.000, Pending_hits = 0, Reservation_fails = 11339
	L1D_cache_core[85]: Access = 7920, Miss = 7920, Miss_rate = 1.000, Pending_hits = 0, Reservation_fails = 10698
	L1D_cache_core[86]: Access = 9504, Miss = 9504, Miss_rate = 1.000, Pending_hits = 0, Reservation_fails = 12432
	L1D_cache_core[87]: Access = 8448, Miss = 8448, Miss_rate = 1.000, Pending_hits = 0, Reservation_fails = 11616
	L1D_cache_core[88]: Access = 8448, Miss = 8448, Miss_rate = 1.000, Pending_hits = 0, Reservation_fails = 11157
	L1D_cache_core[89]: Access = 7920, Miss = 7920, Miss_rate = 1.000, Pending_hits = 0, Reservation_fails = 10677
	L1D_cache_core[90]: Access = 9504, Miss = 9504, Miss_rate = 1.000, Pending_hits = 0, Reservation_fails = 12569
	L1D_cache_core[91]: Access = 7920, Miss = 7920, Miss_rate = 1.000, Pending_hits = 0, Reservation_fails = 10742
	L1D_cache_core[92]: Access = 9504, Miss = 9504, Miss_rate = 1.000, Pending_hits = 0, Reservation_fails = 12723
	L1D_cache_core[93]: Access = 7920, Miss = 7920, Miss_rate = 1.000, Pending_hits = 0, Reservation_fails = 10709
	L1D_cache_core[94]: Access = 7920, Miss = 7920, Miss_rate = 1.000, Pending_hits = 0, Reservation_fails = 10463
	L1D_cache_core[95]: Access = 7920, Miss = 7920, Miss_rate = 1.000, Pending_hits = 0, Reservation_fails = 10628
	L1D_cache_core[96]: Access = 9504, Miss = 9504, Miss_rate = 1.000, Pending_hits = 0, Reservation_fails = 12698
	L1D_cache_core[97]: Access = 8448, Miss = 8448, Miss_rate = 1.000, Pending_hits = 0, Reservation_fails = 11431
	L1D_cache_core[98]: Access = 8448, Miss = 8448, Miss_rate = 1.000, Pending_hits = 0, Reservation_fails = 11408
	L1D_cache_core[99]: Access = 7392, Miss = 7392, Miss_rate = 1.000, Pending_hits = 0, Reservation_fails = 10026
	L1D_cache_core[100]: Access = 9504, Miss = 9504, Miss_rate = 1.000, Pending_hits = 0, Reservation_fails = 12653
	L1D_cache_core[101]: Access = 7392, Miss = 7392, Miss_rate = 1.000, Pending_hits = 0, Reservation_fails = 10043
	L1D_cache_core[102]: Access = 7392, Miss = 7392, Miss_rate = 1.000, Pending_hits = 0, Reservation_fails = 10168
	L1D_cache_core[103]: Access = 7920, Miss = 7920, Miss_rate = 1.000, Pending_hits = 0, Reservation_fails = 10612
	L1D_cache_core[104]: Access = 8448, Miss = 8448, Miss_rate = 1.000, Pending_hits = 0, Reservation_fails = 11104
	L1D_cache_core[105]: Access = 7920, Miss = 7920, Miss_rate = 1.000, Pending_hits = 0, Reservation_fails = 10468
	L1D_cache_core[106]: Access = 8448, Miss = 8448, Miss_rate = 1.000, Pending_hits = 0, Reservation_fails = 11362
	L1D_cache_core[107]: Access = 7392, Miss = 7392, Miss_rate = 1.000, Pending_hits = 0, Reservation_fails = 9875
	L1D_cache_core[108]: Access = 8448, Miss = 8448, Miss_rate = 1.000, Pending_hits = 0, Reservation_fails = 11130
	L1D_cache_core[109]: Access = 7392, Miss = 7392, Miss_rate = 1.000, Pending_hits = 0, Reservation_fails = 9754
	L1D_cache_core[110]: Access = 8448, Miss = 8448, Miss_rate = 1.000, Pending_hits = 0, Reservation_fails = 11116
	L1D_cache_core[111]: Access = 7392, Miss = 7392, Miss_rate = 1.000, Pending_hits = 0, Reservation_fails = 9939
	L1D_cache_core[112]: Access = 9504, Miss = 9504, Miss_rate = 1.000, Pending_hits = 0, Reservation_fails = 12729
	L1D_cache_core[113]: Access = 7920, Miss = 7920, Miss_rate = 1.000, Pending_hits = 0, Reservation_fails = 10540
	L1D_cache_core[114]: Access = 8448, Miss = 8448, Miss_rate = 1.000, Pending_hits = 0, Reservation_fails = 11127
	L1D_cache_core[115]: Access = 7920, Miss = 7920, Miss_rate = 1.000, Pending_hits = 0, Reservation_fails = 10447
	L1D_cache_core[116]: Access = 8448, Miss = 8448, Miss_rate = 1.000, Pending_hits = 0, Reservation_fails = 11131
	L1D_cache_core[117]: Access = 7392, Miss = 7392, Miss_rate = 1.000, Pending_hits = 0, Reservation_fails = 9995
	L1D_cache_core[118]: Access = 9504, Miss = 9504, Miss_rate = 1.000, Pending_hits = 0, Reservation_fails = 12644
	L1D_cache_core[119]: Access = 7392, Miss = 7392, Miss_rate = 1.000, Pending_hits = 0, Reservation_fails = 9738
	L1D_cache_core[120]: Access = 8448, Miss = 8448, Miss_rate = 1.000, Pending_hits = 0, Reservation_fails = 11302
	L1D_cache_core[121]: Access = 7392, Miss = 7392, Miss_rate = 1.000, Pending_hits = 0, Reservation_fails = 9921
	L1D_cache_core[122]: Access = 7920, Miss = 7920, Miss_rate = 1.000, Pending_hits = 0, Reservation_fails = 10454
	L1D_cache_core[123]: Access = 7392, Miss = 7392, Miss_rate = 1.000, Pending_hits = 0, Reservation_fails = 9862
	L1D_cache_core[124]: Access = 9504, Miss = 9504, Miss_rate = 1.000, Pending_hits = 0, Reservation_fails = 12412
	L1D_cache_core[125]: Access = 7920, Miss = 7920, Miss_rate = 1.000, Pending_hits = 0, Reservation_fails = 10417
	L1D_cache_core[126]: Access = 8448, Miss = 8448, Miss_rate = 1.000, Pending_hits = 0, Reservation_fails = 11271
	L1D_cache_core[127]: Access = 8448, Miss = 8448, Miss_rate = 1.000, Pending_hits = 0, Reservation_fails = 11237
	L1D_cache_core[128]: Access = 7920, Miss = 7920, Miss_rate = 1.000, Pending_hits = 0, Reservation_fails = 10721
	L1D_cache_core[129]: Access = 7920, Miss = 7920, Miss_rate = 1.000, Pending_hits = 0, Reservation_fails = 10400
	L1D_cache_core[130]: Access = 7920, Miss = 7920, Miss_rate = 1.000, Pending_hits = 0, Reservation_fails = 10735
	L1D_cache_core[131]: Access = 7392, Miss = 7392, Miss_rate = 1.000, Pending_hits = 0, Reservation_fails = 9984
	L1D_total_cache_accesses = 1081344
	L1D_total_cache_misses = 1081344
	L1D_total_cache_miss_rate = 1.0000
	L1D_total_cache_pending_hits = 0
	L1D_total_cache_reservation_fails = 1444182
	L1D_cache_data_port_util = 0.000
	L1D_cache_fill_port_util = 0.000
L1C_cache:
	L1C_total_cache_accesses = 0
	L1C_total_cache_misses = 0
	L1C_total_cache_pending_hits = 0
	L1C_total_cache_reservation_fails = 0
L1T_cache:
	L1T_total_cache_accesses = 0
	L1T_total_cache_misses = 0
	L1T_total_cache_pending_hits = 0
	L1T_total_cache_reservation_fails = 0

Total_core_cache_stats:
	Total_core_cache_stats_breakdown[GLOBAL_ACC_R][HIT] = 0
	Total_core_cache_stats_breakdown[GLOBAL_ACC_R][HIT_RESERVED] = 0
	Total_core_cache_stats_breakdown[GLOBAL_ACC_R][MISS] = 0
	Total_core_cache_stats_breakdown[GLOBAL_ACC_R][RESERVATION_FAIL] = 0
	Total_core_cache_stats_breakdown[GLOBAL_ACC_R][SECTOR_MISS] = 0
	Total_core_cache_stats_breakdown[GLOBAL_ACC_R][MSHR_HIT] = 0
	Total_core_cache_stats_breakdown[LOCAL_ACC_R][HIT] = 0
	Total_core_cache_stats_breakdown[LOCAL_ACC_R][HIT_RESERVED] = 0
	Total_core_cache_stats_breakdown[LOCAL_ACC_R][MISS] = 0
	Total_core_cache_stats_breakdown[LOCAL_ACC_R][RESERVATION_FAIL] = 0
	Total_core_cache_stats_breakdown[LOCAL_ACC_R][SECTOR_MISS] = 0
	Total_core_cache_stats_breakdown[LOCAL_ACC_R][MSHR_HIT] = 0
	Total_core_cache_stats_breakdown[CONST_ACC_R][HIT] = 0
	Total_core_cache_stats_breakdown[CONST_ACC_R][HIT_RESERVED] = 0
	Total_core_cache_stats_breakdown[CONST_ACC_R][MISS] = 0
	Total_core_cache_stats_breakdown[CONST_ACC_R][RESERVATION_FAIL] = 0
	Total_core_cache_stats_breakdown[CONST_ACC_R][SECTOR_MISS] = 0
	Total_core_cache_stats_breakdown[CONST_ACC_R][MSHR_HIT] = 0
	Total_core_cache_stats_breakdown[TEXTURE_ACC_R][HIT] = 0
	Total_core_cache_stats_breakdown[TEXTURE_ACC_R][HIT_RESERVED] = 0
	Total_core_cache_stats_breakdown[TEXTURE_ACC_R][MISS] = 0
	Total_core_cache_stats_breakdown[TEXTURE_ACC_R][RESERVATION_FAIL] = 0
	Total_core_cache_stats_breakdown[TEXTURE_ACC_R][SECTOR_MISS] = 0
	Total_core_cache_stats_breakdown[TEXTURE_ACC_R][MSHR_HIT] = 0
	Total_core_cache_stats_breakdown[GLOBAL_ACC_W][HIT] = 0
	Total_core_cache_stats_breakdown[GLOBAL_ACC_W][HIT_RESERVED] = 0
	Total_core_cache_stats_breakdown[GLOBAL_ACC_W][MISS] = 270336
	Total_core_cache_stats_breakdown[GLOBAL_ACC_W][RESERVATION_FAIL] = 1444182
	Total_core_cache_stats_breakdown[GLOBAL_ACC_W][SECTOR_MISS] = 811008
	Total_core_cache_stats_breakdown[GLOBAL_ACC_W][MSHR_HIT] = 0
	Total_core_cache_stats_breakdown[LOCAL_ACC_W][HIT] = 0
	Total_core_cache_stats_breakdown[LOCAL_ACC_W][HIT_RESERVED] = 0
	Total_core_cache_stats_breakdown[LOCAL_ACC_W][MISS] = 0
	Total_core_cache_stats_breakdown[LOCAL_ACC_W][RESERVATION_FAIL] = 0
	Total_core_cache_stats_breakdown[LOCAL_ACC_W][SECTOR_MISS] = 0
	Total_core_cache_stats_breakdown[LOCAL_ACC_W][MSHR_HIT] = 0
	Total_core_cache_stats_breakdown[L1_WRBK_ACC][HIT] = 0
	Total_core_cache_stats_breakdown[L1_WRBK_ACC][HIT_RESERVED] = 0
	Total_core_cache_stats_breakdown[L1_WRBK_ACC][MISS] = 0
	Total_core_cache_stats_breakdown[L1_WRBK_ACC][RESERVATION_FAIL] = 0
	Total_core_cache_stats_breakdown[L1_WRBK_ACC][SECTOR_MISS] = 0
	Total_core_cache_stats_breakdown[L1_WRBK_ACC][MSHR_HIT] = 0
	Total_core_cache_stats_breakdown[L2_WRBK_ACC][HIT] = 0
	Total_core_cache_stats_breakdown[L2_WRBK_ACC][HIT_RESERVED] = 0
	Total_core_cache_stats_breakdown[L2_WRBK_ACC][MISS] = 0
	Total_core_cache_stats_breakdown[L2_WRBK_ACC][RESERVATION_FAIL] = 0
	Total_core_cache_stats_breakdown[L2_WRBK_ACC][SECTOR_MISS] = 0
	Total_core_cache_stats_breakdown[L2_WRBK_ACC][MSHR_HIT] = 0
	Total_core_cache_stats_breakdown[INST_ACC_R][HIT] = 0
	Total_core_cache_stats_breakdown[INST_ACC_R][HIT_RESERVED] = 0
	Total_core_cache_stats_breakdown[INST_ACC_R][MISS] = 0
	Total_core_cache_stats_breakdown[INST_ACC_R][RESERVATION_FAIL] = 0
	Total_core_cache_stats_breakdown[INST_ACC_R][SECTOR_MISS] = 0
	Total_core_cache_stats_breakdown[INST_ACC_R][MSHR_HIT] = 0
	Total_core_cache_stats_breakdown[L1_WR_ALLOC_R][HIT] = 0
	Total_core_cache_stats_breakdown[L1_WR_ALLOC_R][HIT_RESERVED] = 0
	Total_core_cache_stats_breakdown[L1_WR_ALLOC_R][MISS] = 0
	Total_core_cache_stats_breakdown[L1_WR_ALLOC_R][RESERVATION_FAIL] = 0
	Total_core_cache_stats_breakdown[L1_WR_ALLOC_R][SECTOR_MISS] = 0
	Total_core_cache_stats_breakdown[L1_WR_ALLOC_R][MSHR_HIT] = 0
	Total_core_cache_stats_breakdown[L2_WR_ALLOC_R][HIT] = 0
	Total_core_cache_stats_breakdown[L2_WR_ALLOC_R][HIT_RESERVED] = 0
	Total_core_cache_stats_breakdown[L2_WR_ALLOC_R][MISS] = 0
	Total_core_cache_stats_breakdown[L2_WR_ALLOC_R][RESERVATION_FAIL] = 0
	Total_core_cache_stats_breakdown[L2_WR_ALLOC_R][SECTOR_MISS] = 0
	Total_core_cache_stats_breakdown[L2_WR_ALLOC_R][MSHR_HIT] = 0
	Total_core_cache_stats_breakdown[TMA_ACC_R][HIT] = 0
	Total_core_cache_stats_breakdown[TMA_ACC_R][HIT_RESERVED] = 0
	Total_core_cache_stats_breakdown[TMA_ACC_R][MISS] = 0
	Total_core_cache_stats_breakdown[TMA_ACC_R][RESERVATION_FAIL] = 0
	Total_core_cache_stats_breakdown[TMA_ACC_R][SECTOR_MISS] = 0
	Total_core_cache_stats_breakdown[TMA_ACC_R][MSHR_HIT] = 0
	Total_core_cache_stats_breakdown[TMA_ACC_W][HIT] = 0
	Total_core_cache_stats_breakdown[TMA_ACC_W][HIT_RESERVED] = 0
	Total_core_cache_stats_breakdown[TMA_ACC_W][MISS] = 0
	Total_core_cache_stats_breakdown[TMA_ACC_W][RESERVATION_FAIL] = 0
	Total_core_cache_stats_breakdown[TMA_ACC_W][SECTOR_MISS] = 0
	Total_core_cache_stats_breakdown[TMA_ACC_W][MSHR_HIT] = 0
	Total_core_cache_stats_breakdown[CP_ASYNC_ACC_R][HIT] = 0
	Total_core_cache_stats_breakdown[CP_ASYNC_ACC_R][HIT_RESERVED] = 0
	Total_core_cache_stats_breakdown[CP_ASYNC_ACC_R][MISS] = 0
	Total_core_cache_stats_breakdown[CP_ASYNC_ACC_R][RESERVATION_FAIL] = 0
	Total_core_cache_stats_breakdown[CP_ASYNC_ACC_R][SECTOR_MISS] = 0
	Total_core_cache_stats_breakdown[CP_ASYNC_ACC_R][MSHR_HIT] = 0
	Total_core_cache_stats_breakdown[GLOBAL_ACC_W][TOTAL_ACCESS] = 1081344

Total_core_cache_fail_stats:
	Total_core_cache_fail_stats_breakdown[GLOBAL_ACC_W][MISS_QUEUE_FULL] = 1444182
ctas_completed 2048, Shader 0 warp_id issue ditsribution:
warp_id:
0, 1, 2, 3, 4, 5, 6, 7, 
distro:
19162, 19162, 19162, 19162, 21628, 21628, 21628, 21628, 
gpgpu_n_tot_thrd_icount = 708706304
gpgpu_n_tot_w_icount = 22147072
gpgpu_n_stall_shd_mem = 1008622
gpgpu_n_mem_read_local = 0
gpgpu_n_mem_write_local = 0
gpgpu_n_mem_read_global = 1048576
gpgpu_n_mem_write_global = 1081344
gpgpu_n_mem_texture = 0
gpgpu_n_mem_const = 0
gpgpu_n_tma_tx_completed = 0
gpgpu_n_tma_read_tx_completed = 0
gpgpu_n_tma_write_tx_completed = 0
gpgpu_n_load_insn  = 0
gpgpu_n_store_insn = 2359296
gpgpu_n_shmem_insn = 10485760
gpgpu_n_sstarr_insn = 0
gpgpu_n_tex_insn = 0
gpgpu_n_const_mem_insn = 0
gpgpu_n_param_mem_insn = 8192000
gpgpu_n_shmem_bkconflict = 196608
gpgpu_n_l1cache_bkconflict = 615543
gpgpu_n_intrawarp_mshr_merge = 0
gpgpu_n_cmem_portconflict = 0
gpgpu_stall_shd_mem[c_mem][resource_stall] = 0
gpgpu_stall_shd_mem[s_mem][bk_conf] = 196608
gpgpu_stall_shd_mem[gl_mem][resource_stall] = 615543
gpgpu_stall_shd_mem[gl_mem][coal_stall] = 196471
gpgpu_stall_shd_mem[gl_mem][data_port_stall] = 0
gpu_reg_bank_conflict_stalls = 0
Warp Occupancy Distribution:
Stall:16138438	W0_Idle:4725892	W0_Scoreboard:12344366	W1:0	W2:0	W3:0	W4:0	W5:0	W6:0	W7:0	W8:335872	W9:0	W10:0	W11:0	W12:0	W13:0	W14:0	W15:0	W16:0	W17:0	W18:0	W19:0	W20:0	W21:0	W22:0	W23:0	W24:0	W25:0	W26:0	W27:0	W28:4096	W29:0	W30:0	W31:0	W32:21807104
single_issue_nums: WS0:5536768	WS1:5536768	WS2:5536768	WS3:5536768	
dual_issue_nums: WS0:0	WS1:0	WS2:0	WS3:0	
Warp Stall Breakdown:
  Selected                   22147072   20.5%
  NoInstruction               5768314    5.3%
  Barrier                     2403796    2.2%
  Membar                            0    0.0%
  WaitTMA                    13218837   12.2%
  WaitWGMMA                         0    0.0%
  Atomic                            0    0.0%
  SB_MemGlobal                 801018    0.7%
  SB_MemShared                      0    0.0%
  SB_TensorCore               3398034    3.1%
  SB_SpInt                   16125222   14.9%
  SB_Sfu                     10927868   10.1%
  SB_Tma                            0    0.0%
  SB_Other                          0    0.0%
  MathPipeThrottle           28284403   26.1%
  MioThrottle                  853961    0.8%
  PipeStallOther               755070    0.7%
  NotSelected                 3581530    3.3%
  Total warp-scheduler samples: 108265125
traffic_breakdown_coretomem[CP_ASYNC_ACC_R] = 8388608 {8:1048576,}
traffic_breakdown_coretomem[GLOBAL_ACC_W] = 43253760 {40:1081344,}
traffic_breakdown_memtocore[CP_ASYNC_ACC_R] = 167772160 {40:4194304,}
traffic_breakdown_memtocore[GLOBAL_ACC_W] = 8650752 {8:1081344,}
maxmflatency = 1278 
max_icnt2mem_latency = 928 
maxmrqlatency = 292 
max_icnt2sh_latency = 927 
averagemflatency = 402 
avg_icnt2mem_latency = 133 
avg_mrq_latency = 20 
avg_icnt2sh_latency = 19 
mrq_lat_table:610421 	38295 	48891 	1174153 	822287 	405954 	148660 	26473 	79 	0 	0 	0 	0 	0 	0 	0 	0 	0 	0 	0 	0 	0 	0 	0 	0 	0 	0 	0 	0 	0 	0 	0 	
dq_lat_table:0 	0 	0 	0 	0 	0 	0 	0 	0 	0 	0 	0 	0 	0 	0 	0 	0 	0 	0 	0 	0 	0 	0 	0 	0 	0 	0 	0 	0 	0 	0 	0 	
mf_lat_table:0 	0 	0 	0 	0 	0 	0 	0 	1038656 	41550 	1138 	0 	0 	0 	0 	0 	0 	0 	0 	0 	0 	0 	0 	0 	0 	0 	0 	0 	0 	0 	0 	0 	
icnt2mem_lat_table:112690 	862705 	25596 	10895 	9031 	95696 	522157 	472874 	7711 	10565 	0 	0 	0 	0 	0 	0 	0 	0 	0 	0 	0 	0 	0 	0 	
icnt2sh_lat_table:58300 	181412 	568260 	185756 	12333 	17323 	17831 	17383 	18655 	4091 	0 	0 	0 	0 	0 	0 	0 	0 	0 	0 	0 	0 	0 	0 	
mf_lat_pw_table:0 	0 	0 	0 	0 	0 	0 	0 	197 	0 	0 	0 	0 	0 	0 	0 	0 	0 	0 	0 	0 	0 	0 	0 	0 	0 	0 	0 	0 	0 	0 	0 	
maximum concurrent accesses to same row:
dram[0]:        12        12        12         8        12        12         8         8        12        12        16        12         8         8        12        12 
dram[1]:        12        12         9         9        12        12         8         8        12         8        12         8         8         8        12        12 
dram[2]:        12        12        12        12        12        12        12        12        12         8        12         8        12        12        16        12 
dram[3]:        12        12        12        12         8        12        12        12        12        12        12         8        12        12        12        12 
dram[4]:        12        12        12        12        12        12        12        12        12         8        12        12        12        12        12        12 
dram[5]:        16        12        12         8        12        12        12        12        12         8         8        12         8        12        12        12 
dram[6]:         8        12        12        12        12        12         8        12        12        12        12         8        12        12        16        12 
dram[7]:        16        12        12         8        12         8         8         8         8         8        12         8        12        12        12        12 
dram[8]:        12        12        12        12        12        12         8        12        12        12        12        12        12        12        12        12 
dram[9]:        16        12         8         8        12        12        12        12        12        12        12        12        12         8        12        12 
dram[10]:        12        12         8         8         8        12        12        12        12         8         8         8        12        12        12        12 
dram[11]:        12        12         8        12        12        12         8         8        16         8        12        12         8        12         8        12 
dram[12]:        12        12        12         8         8        12        12        12         8        12        12         8        12         8        12        12 
dram[13]:        12        12         8         8        12        12        12        12         8         8         8         8         8        12        12        12 
dram[14]:        12        12        16        12        12         8        12        12         8        12        12        12        12        12        16        12 
dram[15]:        12        12        12         8        12        12        12        12        12        12         8         8        12        12        12        12 
dram[16]:        12        12        12        12        12        12        12        12        12        12        12        12        12        12        12        12 
dram[17]:        12        12        12        12        12        12        12        12        12        12        12        12        12         8        12        12 
dram[18]:        12        12        12         8        16        12        12        12        12        12        12        12        12        12        12        12 
dram[19]:        12        12        12        12        12        12        12         8        12        12        12        12        12        12        12        12 
dram[20]:        12        12        12        12        16        12        12        12        12        12         8         8        12        12        12        12 
dram[21]:        12        12        12        12        12        12        12        12        12        12        16        12        12        12        12        12 
dram[22]:        12        12        12        12        12        12        12        12        12        12        12        12        12        12        12        12 
dram[23]:        12        12        12        12        12        12        12        12        12        12        12        12        12        12        16        12 
dram[24]:        12        12        12        12         8        12        12         8        12        12        12        12        12        12        12        12 
dram[25]:        12         8        12        12        12        12        16        12        12        12        12        12        12        12        12        12 
dram[26]:        12        12         8         8        16        12        12        12        12        12         8        12        12        12        12        12 
dram[27]:        12        12        12        12        16        12        12        12        12         8        12        12        12         8        12        12 
dram[28]:        12        12         8        12        12        12         8        12        12        12        12        12        12        12        12        12 
dram[29]:        12        12        12        12        12        12        12        12        12        12        16        12        12        12        12        12 
dram[30]:        12        12        12        12        12        12        12         8        12        12        16        12        12        12        12        12 
dram[31]:        12        12        12        12        12        12        12        12         8        12        16        12        16        12        16        12 
dram[32]:        12         8        12        12        12        12        12        12        12        12        16        12         8         8        16        12 
dram[33]:        12        12        12        12        12        12        12        12        12        12        12        12        12        12        12         8 
dram[34]:        12        12        12         8        12        12        12        12        12        12        12        12        12         8        16        12 
dram[35]:        12        12        12        12        12         8        12        12        12        12         8         8        12        12        12         8 
dram[36]:        12         8        12         8        12        12        12        12        12         8        12         8         8         8        16        12 
dram[37]:        16        12         8         8         8        12        12        12        12        12         8         8        12         8        12        11 
dram[38]:        12        12        12        12         8         8        12        12        12        12        12        12        12         8        16        12 
dram[39]:        12        12         8        12         8        12        12        12        12        12        12         8        12        12        16        12 
dram[40]:        12        12         8         8         8        12         8        12        12         8        12        12        12         8        12        12 
dram[41]:        16         8         9        12         8        12        12        12         8         8        12        12        12        12        12        12 
dram[42]:        12        12        12        12        12        12        12        12        12        12        12        12        12         8        16        12 
dram[43]:        12        12        12         8        12        12        12        12        16        12         8        12        12        12        12        12 
dram[44]:        12        12        12        12         8        12        12        12        12        12        12        12        12        12        12        12 
dram[45]:        16        12        12        12        12        12        12        12        12        12        10        12        16        12        12         8 
dram[46]:        12        12        12         8         8        12        12        12        12        12        12        12        12        12        16        12 
dram[47]:        12        12         8        12        12        12        12        12         8         8         8         8        12        12         8        12 
dram[48]:         8         8        12         8         8         8         8         8         8         8         8         8        12         8        12         8 
dram[49]:         8         8         8         8         8         8         8         8         8         8         8         8         8         8        12         8 
dram[50]:         8         8         8         8         8         8         8         8         8         8         8         8         8         8        12         8 
dram[51]:         8         8         8         8         8         8         8         8         8         8         8         8         8         8        12         8 
dram[52]:         8         8         8         8         8         8         8         8        12         8        12         8         8         8         8         8 
dram[53]:         8         8         8         8         8         8         8         8         8         8        12         8         8         8         8         8 
dram[54]:         8         8         8         8         8         8         8         8         8         8        12         8         8         8         8         8 
dram[55]:         8         8         8         8         8         8        12         8         8         8        12         8         8         8         8         8 
dram[56]:        12         8        12         8         8         8         8         8         8         8         8         8         8         8        12         8 
dram[57]:         8         8         8         8         8         8         8         8         8         8         8         8        12         8         8         8 
dram[58]:         8         8         8         8         8         8         8         8         8         8         8         8        12         8        12         8 
dram[59]:        12         8         8         8         8         8         8         8         8         8         8         8         8         8         8         8 
dram[60]:         8         8         8         8        12         8         8         8        12         8        12         8         8         8         8         8 
dram[61]:         8         8         8         8         8         8         8         8         8         8        12         8         8         8         8         8 
dram[62]:         8         8         8         8         8         8         8         8         8         8        12         8         8         8         8         8 
dram[63]:         4         8         8         8         8         8         8         8         8         8        12         8         8         8         8         8 
dram[64]:         8         8         8         8         8         8         8         8         8         8        12         8         8         8         8         8 
dram[65]:         8         8         8         8         8         8         8         8         8         8         8         8         8         8         8         8 
dram[66]:         8         8         8         8         8         8         8         8        12         8         8         8         8         8         8         8 
dram[67]:         8         8         8         8         8         8         8         8        12         8         8         8         8         8         8         8 
dram[68]:         8         8         8         8         8         8         8         8         8         8         8         8         8         8         8         8 
dram[69]:        12         8         8         8         8         8         8         8         8         8         8         8         8         8        12         8 
dram[70]:         8         8        12         8         8         8         8         8         8         8         8         8        12         8        12         8 
dram[71]:         8         8         8         8         8         4         8         8         8         8         8         8        12         8        12         8 
dram[72]:         8         8         8         8         8         8         8         8         8         8         8         8         8         8         8         8 
dram[73]:         8         8         8         8        12         8         8         8         8         8        12         8         8         8         8         8 
dram[74]:         8         8         8         8         8         8         8         8         8         8         8         8         8         8         8         8 
dram[75]:         4         8         8         8         8         8         8         8        12         8         8         8         8         8         8         8 
dram[76]:         8         8         8         8         8         8         8         8         8         8         8         8        12         8        12         8 
dram[77]:         8         8         8         8         8         8         8         8         8         8         8         8         8         8        12         8 
dram[78]:        12         8         8         8         8         8         8         8         8         8         8         8         8         8        12         8 
dram[79]:         8         8         8         8         8         8         8         8         8         8         8         8        12         8         8         8 
maximum service time to same row:
dram[0]:      7698      8820      7296      8421      7308      8373      7046      8294      7116      8429      7328      8375      7174      8308      7135      8442 
dram[1]:      7801      8881      7284      8423      7277      8397      7051      8339      7204      8388      7368      8400      7295      8312      7162      8439 
dram[2]:      7606      8697      7209      8305      7248      8523      7190      8423      7269      8897      7319      8346      7270      8286      7119      8388 
dram[3]:      7693      8746      7701      8327      7255      8421      7065      8395      7223      8224      7272      8327      7250      8246      7176      8389 
dram[4]:      7710      8644      7304      8301      7411      8493      7013      8414      7102      8418      7371      8364      7203      8266      7176      8358 
dram[5]:      7794      8693      7288      8365      7288      8629      7055      8357      7128      8377      7382      8395      7249      8215      7162      8298 
dram[6]:      7682      8738      7310      8436      7353      8554      7418      8351      7143      8884      7307      8309      7240      8371      7183      8246 
dram[7]:      7644      8785      7287      8744      7278      8639      7464      8404      7085      8263      7318      8440      7212      8382      9776      8432 
dram[8]:      7688     10896      7254      8350      7221      8360      7053      8324      7229      8446      7344      8377      7236      8237      7137      8359 
dram[9]:      7734      8851      7235      8429      7347      8390      7045      8344      7177      8497      7396      8413      7270      8285      7123      8411 
dram[10]:      7615      8665      7182      8349      7226      8541      7245      8436      7229      8190      7271      8341      7266      8266      7105      8417 
dram[11]:      7667      8728      7639      8313      7316      8457      7092      8412      7120      8236      7318      8355      7229      8275      7178      8383 
dram[12]:      7693      8657      7277      8283      7363      8506      7002      8345      7111      8400      7345      8328      7194      8328      7167      8248 
dram[13]:      7708      8707      7310      8378      7361      8618      7060      8358      7125      8438      7323      8375      7195      8220      7159      8349 
dram[14]:      7629      8763      7328      8560      7358      8557      7432      8382      7127      8465      7324      8361      7202      8397      7218      8472 
dram[15]:      7694      8694      7288      8795      7439      8710      7441      8343      7182      8345      7252      8902      7212      8221      7148      8443 
dram[16]:      7725      8843      7320      8433      7294      8463      7074     11755     10998      8436      7380      8377      7198      8293      7144      8466 
dram[17]:      7793      8827      7294      8439      7327      8442      7016      8296      7123      8361      7320      8356      7292      8269      7127      8420 
dram[18]:      7604      8714      7186      8312      7261      8528      7035      8425      7257      8210      7362      8341      8981      8312      7147      8358 
dram[19]:      7692      8704      7328      8329      7257      8521     11148      8470      7208      8227      7280      8327      7233      8275      7162      8408 
dram[20]:      7684      8664      7261      8370      7363      8485     12745      8351      9866      8397      7374      8379      7711      8279      7163      8415 
dram[21]:      7772      8723      7300      8482      7321      8663     12060      8362      8297      8387      7332      8362      7283      8171      7196      8306 
dram[22]:      7724      8731      7310      8719      7362      8652      7484      8365      7169      8549      7294      8304      7212      8271      7194      8457 
dram[23]:      7652      8818      7347      8870      7310      8658      7063      8414      7101      8301      7256      8297      8311      8360      7196      8418 
dram[24]:      7736      8871      7292      8344      7239      8396      7067      8516     10852      8451      7405      8453      7233      8255      9392      8445 
dram[25]:      7773      8831      7283      8412      7354      8397      7016      8982      7240      8572      7376      8438      7267      8266      7141      8416 
dram[26]:      7627      8718      7217      8334      7278      8401      7085      8425      7896      8232      7345      8392      7570      8288      7162      8398 
dram[27]:      7624      8706      7662      8334      7262      8536     10202      8337      7138      8437      7365      8375      7242      8242      7148      8425 
dram[28]:      7715      8646      8207      8290      7353      8495     13698      8428      7145      8377      7356      8393      7195      8365      7168      8261 
dram[29]:      7718      8715      7332      8430      7410      8666     12772      8431     11335      8578      7387      8436      7238      8344      7174      8339 
dram[30]:      7659      8784      7287      8579      7386      8542      7461      8342      7111      8271      7326      8349      7184      8370      7240      8383 
dram[31]:      7807      8684      7305      8739      7255      8630      7418      8336      7136      8413      7234      8268      8181      8279      7175      8413 
dram[32]:      7729      8816      8299      8395      7753      8471      7063      8346      7158      8461      7368      8368      7195      8283      7166      8480 
dram[33]:      7816      8907      7273      8436      7334      8476      7044      8334      7215      8366      7356      8428      7248      8248      7124      8445 
dram[34]:      7666      8721      7206      8335      7276      8589      7072      8489      7291      8211      7310      8381      7262      8261      7104      8417 
dram[35]:      7734      8729      7629      8376      7272      8446      7094      8420      7204      8246      7349      8424      7237      8295      7154      8435 
dram[36]:      7705      8635      7321      8355      7416      8484      7766      8448      7868      8415      7347      8404      7194      8285      7183      8350 
dram[37]:      7774      8685      7301      8379      7333      8618     11228      8370      7165      8371      7348     10007      7242      8231      7156      8286 
dram[38]:      7780      8740      7277      8439      7295      8565      7403      8322      7146      8559      7288      8298      7175      8330      7165      8323 
dram[39]:      7645      8863      7308      8746      7244      8648      7028      8394      7082      8256      7268      8301      7172      8349      7201      8443 
dram[40]:      7724      8808      7283      8412      8868      8445      7066      8342     11636      8492      7350      8854      7208      8293      7144      8398 
dram[41]:      7710      8847      7316      8405      7357      8397      7035      8322      7205      8402      7300      8431      7280      8267      7116      8407 
dram[42]:      7627      8744      7226      8314      7276      8426      7083      8448      7212     11571      7330      8360      7273      8316      7142      8419 
dram[43]:      7648      8722      7669      8352      7339      8485      7098      8344      7150      8386      7329      8408      7245      8253      7205      8429 
dram[44]:      7705      8750      7304      8296      7622      8540      7913      8368      7124      8411      7342      8445      7212      8312      7195      8313 
dram[45]:      7783      8712      7300      8403      7413      8644     11364      8350      7261      8439      7366      9998      7217      8178      7164      8382 
dram[46]:      7659      8754      7327      8572      7379      8576      7457      8374      7144      8514      7317      8370      7147      8414      7241      8500 
dram[47]:      7718      8728      7306      8744      7262      8642      7446      8348      7184      8372      7312      8282     13410      8296      7206      8430 
dram[48]:      8135      9118      8272      8998      8418      9282      8411     10478      7799      9061      8410      9332      7853      8948     11492      9066 
dram[49]:      8127      9087      7915      8944      8407      9300      7713      9006      8323      9072      8439      9128      7930      8896      8692     12110 
dram[50]:      8097     11189     10946      8925      7947      9156      8688      9557      8336      9345      8407      9120      7901      8915      7827      9050 
dram[51]:      8087      9110      8145      8975      8283      9338      8596      9562      8265      9228      7915      8953      7860      8917     11397      9042 
dram[52]:      8158      9139      8467      9288      7972      9173      7637      9039     10973      8990      9496      9919      8235      9098      8309      9167 
dram[53]:      8298      9257      8385      9327      7914      9188      7700      9013      7691      9037     10007     10826      8221      9216      7844      9164 
dram[54]:      8580      9413      8150      9235      7935     10081      8023      8978      7742      9019      9754      8862      7872      9050      8347      9194 
dram[55]:      8682      9400      7929      9336      7897      9271      7641      8957      9391      8925      7792      8865      8215      9132      8249      9066 
dram[56]:      8103      9101      7912      8976      8389      9297      8323      9207      7860      9141      8440      9342      7818      8917     11331      9033 
dram[57]:      8150      9034      7961     10579      8419      9288      7692      8980      8339      9137      8461      9141      7923      8920      8693     12577 
dram[58]:      8067      9086     11988      8944      7913      9211      8551      9192      8331      9372      8382      9397      7942      8913     11133      9037 
dram[59]:      8034      9798      8197      8945      8286      9365      8541      9319      8568      9201      7922      9018      7900      8868     11401      9054 
dram[60]:      8139      9204      8448      9261      7952      9133      7672      9014      7682      9068      7859      9939      8229      8995      8275      9167 
dram[61]:      8315      9219      8394      9366      8000      9195      7696      9012      7683      9089     10059      8958      8270      9239      7848      9174 
dram[62]:      8650      9521      8130      9326      7933      9119      8068      8986      7695      9139      9932      8911      7889      9072      8310      9192 
dram[63]:      8654      9414      7923      9181      7861      9208      8069      8974      7658      8891      7819      8863      8217      9141      8291      9113 
dram[64]:      8657     10858      8291      9129      7906      9513      7716      8989      7730      9002      7864      8921      7820      9163      8190      9250 
dram[65]:      8643      9508      7969      9004      7821      9043     12194      8966      7707      8999      7882      8951     10194      9090      8160      9146 
dram[66]:      8062      9121      8400      9300      7835      9113      7668      9557      7841      8885      7855      8867      8442      8939      8311      9192 
dram[67]:      8373      9271      8458      9292      7829      9065      7698      9113      7853      8888      9345      8874      8346      9195      7859      9096 
dram[68]:      8133      9086      7933      8975      8031      9199      8480      9207      8637      9421      8421      9154      7868      9016      7853      9040 
dram[69]:      8096      9127      7906      9016      8345      9363      8507      9242      8605      9252      7973      8963      7842      8866      7783      8888 
dram[70]:      8076      9114      7927      9111      8380      9436      8245      9083      7764      9242      8349      9285      7853      9022      7839      8938 
dram[71]:      8053      9115      7942      9266      8418      9341      7674      9844      8341      9317      8341      8985      7829     11148      7825      9588 
dram[72]:      8660      9646      8427      9157      7898      9772      9127      8976      7739      9007      7896      8952      7819      9155      8264      9260 
dram[73]:      8689      9491      7998      9013      7887      9086      8068      9012      7724      9037      7888      8926      8340      9084      8200      9164 
dram[74]:      8052      9106      8476      9346      7851      9177      7723     10069      7883      8853      7879      8892      8449      8927      8600      9191 
dram[75]:      8358      9258      8576      9334      7877      9052      7694     12227      7769      9060      9335      8952      8363      9159      7923      9115 
dram[76]:      8027      9123      7908      8950      7989      9060      8455     10285      8581      9447      8392      9152      7864      9020      7838      9176 
dram[77]:      8062      9114      7906      9047      8327      9323      8487     10061      8585      9329      7944      9020      7850      8836      8666      8976 
dram[78]:      8067      9133      7928      9243      8383      9334      8255      9082      7754      9341      8351      9303      7838      9067      7872      9052 
dram[79]:      8121      9119      9002      9137      8431      9275      8117      9059      8338      9370      8314      9184      7869     11308      7848      9603 
average row accesses per activate:
dram[0]:  4.186462  4.257854  4.119593  4.199219  4.083970  4.186596  4.096154  4.240000  4.167102  4.171916  4.123871  4.267473  4.075282  4.155928  4.220077  4.271654 
dram[1]:  4.221650  4.328457  4.128827  4.169470  4.126126  4.174084  4.187418  4.174541  4.122581  4.196830  4.098591  4.206623  4.124524  4.237845  4.162436  4.240885 
dram[2]:  4.191571  4.249022  4.115629  4.196104  4.118100  4.162092  4.232096  4.210040  4.160156  4.190225  4.103980  4.222370  4.146871  4.185473  4.250649  4.243807 
dram[3]:  4.186462  4.270341  4.147436  4.201045  4.058228  4.194993  4.182176  4.248000  4.159061  4.193122  4.115830  4.236315  4.103666  4.219895  4.179618  4.242503 
dram[4]:  4.208974  4.299472  4.121828  4.105464  4.071066  4.180865  4.154545  4.183969  4.121290  4.187088  4.161458  4.243316  4.159383  4.178988  4.192061  4.290237 
dram[5]:  4.238034  4.289855  4.054727  4.142126  4.063371  4.146944  4.222955  4.230053  4.132124  4.206349  4.159948  4.240320  4.139386  4.210183  4.236740  4.290237 
dram[6]:  4.121706  4.246415  4.072682  4.143959  4.065906  4.192105  4.176471  4.245989  4.122898  4.195251  4.192914  4.259060  4.109137  4.214099  4.225806  4.246737 
dram[7]:  4.201282  4.258823  4.072591  4.193507  4.084076  4.186596  4.097436  4.233023  4.138961  4.223107  4.195282  4.281081  4.169884  4.185473  4.208226  4.190722 
dram[8]:  4.213642  4.332000  4.165810  4.185473  4.088010  4.159269  4.195795  4.226064  4.167102  4.206349  4.157347  4.280324  4.137579  4.200521  4.203846  4.238281 
dram[9]:  4.248052  4.321381  4.108999  4.141207  4.107692  4.181102  4.172324  4.209271  4.137306  4.167979  4.166667  4.274562  4.098485  4.219895  4.123116  4.271297 
dram[10]:  4.189258  4.236979  4.071608  4.187824  4.074968  4.136364  4.208443  4.265060  4.130660  4.146405  4.097436  4.246319  4.090680  4.210183  4.205656  4.234070 
dram[11]:  4.220361  4.297619  4.109137  4.221494  4.138243  4.217218  4.197369  4.218543  4.164491  4.198676  4.134367  4.191545  4.067669  4.187013  4.184949  4.208280 
dram[12]:  4.202564  4.268676  4.099622  4.115776  4.134021  4.182415  4.150650  4.211640  4.134715  4.202381  4.166884  4.232000  4.172903  4.166667  4.246433  4.273324 
dram[13]:  4.275457  4.294195  4.020962  4.139386  4.131613  4.193421  4.181699  4.222812  4.176702  4.173228  4.143783  4.205298  4.160668  4.207301  4.171975  4.224675 
dram[14]:  4.164765  4.245111  4.066333  4.170763  4.104994  4.197889  4.172324  4.300813  4.146944  4.211921  4.209486  4.286487  4.203896  4.188067  4.190781  4.263434 
dram[15]:  4.265625  4.285526  4.048508  4.132992  4.193717  4.217218  4.166884  4.213528  4.128238  4.154047  4.180392  4.276653  4.137931  4.163871  4.158831  4.196129 
dram[16]:  4.299212  4.347129  4.219035  4.306150  4.218709  4.298245  4.266043  4.349315  4.253334  4.250335  4.256991  4.293640  4.165597  4.292943  4.268229  4.296834 
dram[17]:  4.297900  4.328457  4.256242  4.314171  4.186928  4.282638  4.254667  4.290148  4.190289  4.271505  4.199475  4.341997  4.201811  4.320375  4.287958  4.328457 
dram[18]:  4.271186  4.351604  4.206493  4.220915  4.206307  4.262383  4.276139  4.287062  4.217966  4.288228  4.261333  4.269179  4.216883  4.335128  4.269883  4.295515 
dram[19]:  4.309210  4.352075  4.242146  4.297873  4.215789  4.282638  4.254667  4.296896  4.236074  4.270889  4.216359  4.385892  4.235984  4.294667  4.293578  4.361930 
dram[20]:  4.313158  4.383580  4.169014  4.219035  4.181226  4.302294  4.285906  4.246996  4.201581  4.285714  4.255659  4.320601  4.229765  4.308411  4.267275  4.347594 
dram[21]:  4.279373  4.392713  4.130711  4.290451  4.147287  4.279570  4.265687  4.294197  4.197628  4.229028  4.236074  4.308424  4.257218  4.308824  4.263021  4.308609 
dram[22]:  4.281046  4.361930  4.195876  4.235911  4.192157  4.296896  4.233113  4.296346  4.221192  4.268456  4.240372  4.276653  4.245407  4.332886  4.240932  4.311671 
dram[23]:  4.309210  4.415197  4.210867  4.278514  4.207349  4.310298  4.254328  4.256032  4.259358  4.264430  4.202365  4.324693  4.249344  4.339166  4.299212  4.347594 
dram[24]:  4.291885  4.332447  4.234293  4.310575  4.221636  4.292848  4.286290  4.297699  4.226490  4.274562  4.274064  4.299458  4.188387  4.282868  4.251621  4.342667 
dram[25]:  4.253247  4.289855  4.278732  4.295606  4.200788  4.307588  4.270415  4.264430  4.186108  4.265772  4.227213  4.359890  4.185567  4.287234  4.294888  4.324037 
dram[26]:  4.263021  4.371812  4.264822  4.272848  4.238410  4.246666  4.260347  4.287062  4.180628  4.327869  4.205263  4.355769  4.174807  4.326174  4.292267  4.318302 
dram[27]:  4.259740  4.333333  4.266140  4.293883  4.220026  4.291498  4.271754  4.289757  4.201316  4.270889  4.205263  4.303935  4.174807  4.299066  4.300525  4.345794 
dram[28]:  4.311432  4.349800  4.155811  4.301862  4.177314  4.261044  4.278821  4.307588  4.244681  4.290148  4.291275  4.348901  4.233987  4.274172  4.309210  4.336000 
dram[29]:  4.217224  4.332447  4.190722  4.277778  4.164935  4.255348  4.247340  4.298649  4.241012  4.274562  4.287248  4.357143  4.231372  4.297333  4.257477  4.341789 
dram[30]:  4.251621  4.313907  4.236979  4.291224  4.170573  4.237017  4.254328  4.363136  4.216931  4.268456  4.248670  4.307065  4.257895  4.293883  4.279738  4.375504 
dram[31]:  4.268229  4.301189  4.222078  4.323056  4.176011  4.248663  4.263017  4.311141  4.229748  4.231691  4.230159  4.337893  4.249344  4.289894  4.275457  4.369128 
dram[32]:  4.285340  4.281209  4.164525  4.163660  4.153048  4.189723  4.233422  4.220451  4.140078  4.148825  4.185864  4.248663  4.122941  4.154242  4.220361  4.277267 
dram[33]:  4.291338  4.275953  4.110406  4.161499  4.103713  4.186842  4.198684  4.209271  4.160365  4.160995  4.115533  4.248996  4.160051  4.188067  4.174300  4.259162 
dram[34]:  4.181354  4.278947  4.161746  4.152956  4.119537  4.149740  4.161458  4.224138  4.162760  4.216755  4.130491  4.271871  4.099496  4.225131  4.193342  4.260813 
dram[35]:  4.205656  4.327127  4.168597  4.181347  4.158442  4.160574  4.137306  4.194993  4.120000  4.205843  4.151751  4.237650  4.108723  4.230971  4.149367  4.224675 
dram[36]:  4.167513  4.268676  4.062500  4.151671  4.093112  4.175622  4.172324  4.217218  4.129534  4.194188  4.172324  4.256376  4.128499  4.208605  4.263021  4.305555 
dram[37]:  4.227097  4.261780  4.054794  4.126276  4.090561  4.197628  4.226191  4.235373  4.193421  4.181579  4.096031  4.279352  4.121828  4.225131  4.186701  4.228868 
dram[38]:  4.191816  4.302510  4.068750  4.102792  4.116817  4.214286  4.201051  4.215139  4.152344  4.181579  4.143969  4.225033  4.147059  4.190661  4.213642  4.266404 
dram[39]:  4.247730  4.318302  4.078848  4.139565  4.134193  4.100386  4.185864  4.253351  4.140078  4.180026  4.192660  4.243316  4.160462  4.245407  4.210526  4.257854 
dram[40]:  4.205391  4.232468  4.119593  4.194805  4.119537  4.194993  4.207124  4.224734  4.083120  4.165138  4.165365  4.236000  4.138677  4.169032  4.176021  4.231470 
dram[41]:  4.206675  4.240885  4.105196  4.166883  4.123394  4.207397  4.209763  4.226365  4.116129  4.178712  4.161039  4.232000  4.123096  4.200260  4.174300  4.270341 
dram[42]:  4.159898  4.312997  4.186047  4.155727  4.150064  4.196053  4.142672  4.221486  4.139896  4.215425  4.135834  4.225033  4.141222  4.236220  4.187980  4.304636 
dram[43]:  4.216216  4.311258  4.154044  4.199219  4.155642  4.164491  4.186108  4.204756  4.134715  4.212766  4.154345  4.248996  4.129606  4.242105  4.178344  4.202842 
dram[44]:  4.170051  4.316556  4.093199  4.160875  4.077509  4.153646  4.212401  4.242667  4.143043  4.205298  4.209486  4.298103  4.149616  4.229358  4.189258  4.281579 
dram[45]:  4.230968  4.303831  4.084065  4.156812  4.136774  4.189225  4.191601  4.222812  4.161880  4.219123  4.174935  4.273585  4.153453  4.219608  4.190781  4.217899 
dram[46]:  4.214653  4.303831  4.058677  4.127877  4.103580  4.163186  4.181937  4.292287  4.165796  4.170604  4.180628  4.209549  4.114213  4.209909  4.224516  4.241199 
dram[47]:  4.238034  4.306878  4.098113  4.146154  4.102433  4.175622  4.169491  4.257718  4.191853  4.197889  4.113111  4.236315  4.169884  4.237222  4.169211  4.234375 
dram[48]:  3.901720  3.896806  3.839806  3.858191  3.766265  3.809291  3.750000  3.822660  3.779126  3.834158  3.768116  3.815725  3.870968  3.877805  3.904177  3.947631 
dram[49]:  3.923457  3.887255  3.872549  3.860636  3.704492  3.747596  3.768116  3.815725  3.750000  3.794621  3.783981  3.813268  3.856436  3.851485  3.923457  3.923267 
dram[50]:  3.913793  3.877751  3.884521  3.908189  3.741627  3.762712  3.765701  3.803921  3.745192  3.792683  3.760870  3.829630  3.828010  3.865672  3.916256  3.884804 
dram[51]:  3.882641  3.894349  3.863081  3.889163  3.754808  3.771845  3.763285  3.822660  3.749398  3.799511  3.772397  3.817734  3.835381  3.856436  3.923457  3.891892 
dram[52]:  3.758216  3.809069  3.748235  3.765403  3.839506  3.858209  3.896725  3.923664  3.855721  3.894207  3.855721  3.911392  3.794686  3.789855  3.813397  3.824519 
dram[53]:  3.740654  3.806683  3.786223  3.833333  3.792683  3.827161  3.936387  3.933673  3.858209  3.855362  3.956522  3.931298  3.747017  3.791768  3.800000  3.833735 
dram[54]:  3.758216  3.806683  3.780952  3.785203  3.801956  3.877500  3.857855  3.894207  3.872500  3.901515  3.884712  3.881910  3.771635  3.814634  3.784360  3.818182 
dram[55]:  3.764706  3.815789  3.763593  3.785203  3.811275  3.875000  3.855721  3.884422  3.896725  3.889169  3.846154  3.855362  3.731591  3.805353  3.790974  3.795238 
dram[56]:  3.940447  3.935484  3.844660  3.863081  3.757211  3.747596  3.741007  3.810811  3.765701  3.827161  3.741007  3.778589  3.875622  3.861042  3.885086  3.884804 
dram[57]:  3.940447  3.903941  3.884521  3.851219  3.680751  3.756627  3.768116  3.829630  3.759036  3.785366  3.750000  3.803921  3.885287  3.880299  3.885086  3.856448 
dram[58]:  3.911330  3.923267  3.867971  3.862745  3.739234  3.787805  3.761446  3.839109  3.769976  3.799511  3.779126  3.785366  3.917085  3.924242  3.897059  3.875306 
dram[59]:  3.899263  3.920792  3.846715  3.886699  3.772947  3.815725  3.781554  3.875000  3.779126  3.788321  3.781554  3.839109  3.880597  3.866005  3.942928  3.911111 
dram[60]:  3.731935  3.797619  3.728972  3.774347  3.830049  3.877500  3.894207  3.933673  3.884712  3.908861  3.914141  3.951407  3.767386  3.805825  3.822542  3.842995 
dram[61]:  3.751756  3.824940  3.777251  3.817308  3.820639  3.865337  3.921519  3.906329  3.872818  3.867500  3.911616  3.921320  3.760766  3.812652  3.790974  3.833735 
dram[62]:  3.769412  3.815789  3.776722  3.763033  3.844059  3.865337  3.886935  3.865000  3.843673  3.898990  3.855721  3.891688  3.799031  3.840295  3.764151  3.770686 
dram[63]:  3.729604  3.788599  3.757076  3.791866  3.818182  3.862843  3.877500  3.894207  3.860349  3.864662  3.904282  3.874687  3.749403  3.802920  3.809069  3.815789 
dram[64]:  3.758216  3.815789  3.786058  3.787440  3.799511  3.831683  3.839506  3.865337  3.904282  3.869674  3.887218  3.894207  3.785203  3.858536  3.766510  3.809069 
dram[65]:  3.747073  3.781991  3.770335  3.813107  3.795122  3.815271  3.856079  3.853234  3.877193  3.893939  3.862843  3.923858  3.776191  3.809639  3.790974  3.795238 
dram[66]:  3.793839  3.784360  3.730496  3.808252  3.841975  3.851117  3.872818  3.923858  3.872500  3.889169  3.872500  3.879397  3.800959  3.816867  3.806683  3.801909 
dram[67]:  3.731935  3.770686  3.763158  3.805825  3.827586  3.846154  3.858209  3.896725  3.865337  3.857855  3.872500  3.894207  3.771971  3.796651  3.797619  3.810552 
dram[68]:  3.962594  3.896806  3.881188  3.842752  3.732697  3.806373  3.759615  3.804401  3.781554  3.799511  3.776699  3.820197  3.877451  3.867647  3.889976  3.908642 
dram[69]:  3.947761  3.935484  3.819512  3.828431  3.730310  3.781022  3.786408  3.801956  3.765701  3.790244  3.754217  3.810811  3.865854  3.891626  3.875610  3.901478 
dram[70]:  3.940447  3.913580  3.850123  3.871287  3.757211  3.788321  3.752404  3.813268  3.769976  3.829630  3.750000  3.771845  3.882064  3.858191  3.916256  3.884804 
dram[71]:  3.913793  3.933002  3.888337  3.861728  3.723809  3.727273  3.779661  3.815725  3.738609  3.801471  3.790754  3.799511  3.870416  3.908189  3.925926  3.925743 
dram[72]:  3.782506  3.831731  3.721698  3.785542  3.827586  3.865337  3.825123  3.891960  3.860349  3.869674  3.848635  3.874687  3.810096  3.854015  3.777778  3.788599 
dram[73]:  3.791469  3.790974  3.763723  3.810680  3.861042  3.839109  3.853598  3.886935  3.881910  3.857500  3.853234  3.894207  3.805755  3.832930  3.818182  3.829327 
dram[74]:  3.755868  3.790974  3.721698  3.792270  3.830049  3.887218  3.841584  3.908861  3.834158  3.852868  3.862843  3.889169  3.814904  3.798561  3.768322  3.792857 
dram[75]:  3.714617  3.775414  3.772182  3.799031  3.865672  3.839109  3.836634  3.913924  3.875000  3.884422  3.862843  3.884422  3.760664  3.785203  3.777251  3.806220 
dram[76]:  3.960100  3.913580  3.831296  3.871287  3.746412  3.783455  3.752404  3.774272  3.765701  3.808824  3.792683  3.794621  3.925558  3.860636  3.889976  3.889435 
dram[77]:  3.918519  3.911111  3.831296  3.875931  3.737470  3.783455  3.793187  3.815725  3.745192  3.781022  3.772397  3.810811  3.865854  3.872549  3.928218  3.911111 
dram[78]:  3.947761  3.913580  3.866667  3.859259  3.763855  3.774818  3.768116  3.790244  3.788321  3.846154  3.738609  3.781022  3.879607  3.877150  3.906634  3.894349 
dram[79]:  3.942928  3.940299  3.850123  3.849754  3.737470  3.781554  3.779661  3.820197  3.763285  3.829630  3.781554  3.825123  3.879902  3.920398  3.897059  3.906404 
average row locality = 3275213/796274 = 4.113173
number of total memory accesses made:
dram[0]:         0         0         0         0         0         0         0         0         0         0         0         0         0         0         0         0 
dram[1]:         0         0         0         0         0         0         0         0         0         0         0         0         0         0         0         0 
dram[2]:         0         0         0         0         0         0         0         0         0         0         0         0         0         0         0         0 
dram[3]:         0         0         0         0         0         0         0         0         0         0         0         0         0         0         0         0 
dram[4]:         0         0         0         0         0         0         0         0         0         0         0         0         0         0         0         0 
dram[5]:         0         0         0         0         0         0         0         0         0         0         0         0         0         0         0         0 
dram[6]:         0         0         0         0         0         0         0         0         0         0         0         0         0         0         0         0 
dram[7]:         0         0         0         0         0         0         0         0         0         0         0         0         0         0         0         0 
dram[8]:         0         0         0         0         0         0         0         0         0         0         0         0         0         0         0         0 
dram[9]:         0         0         0         0         0         0         0         0         0         0         0         0         0         0         0         0 
dram[10]:         0         0         0         0         0         0         0         0         0         0         0         0         0         0         0         0 
dram[11]:         0         0         0         0         0         0         0         0         0         0         0         0         0         0         0         0 
dram[12]:         0         0         0         0         0         0         0         0         0         0         0         0         0         0         0         0 
dram[13]:         0         0         0         0         0         0         0         0         0         0         0         0         0         0         0         0 
dram[14]:         0         0         0         0         0         0         0         0         0         0         0         0         0         0         0         0 
dram[15]:         0         0         0         0         0         0         0         0         0         0         0         0         0         0         0         0 
dram[16]:         0         0         0         0         0         0         0         0         0         0         0         0         0         0         0         0 
dram[17]:         0         0         0         0         0         0         0         0         0         0         0         0         0         0         0         0 
dram[18]:         0         0         0         0         0         0         0         0         0         0         0         0         0         0         0         0 
dram[19]:         0         0         0         0         0         0         0         0         0         0         0         0         0         0         0         0 
dram[20]:         0         0         0         0         0         0         0         0         0         0         0         0         0         0         0         0 
dram[21]:         0         0         0         0         0         0         0         0         0         0         0         0         0         0         0         0 
dram[22]:         0         0         0         0         0         0         0         0         0         0         0         0         0         0         0         0 
dram[23]:         0         0         0         0         0         0         0         0         0         0         0         0         0         0         0         0 
dram[24]:         0         0         0         0         0         0         0         0         0         0         0         0         0         0         0         0 
dram[25]:         0         0         0         0         0         0         0         0         0         0         0         0         0         0         0         0 
dram[26]:         0         0         0         0         0         0         0         0         0         0         0         0         0         0         0         0 
dram[27]:         0         0         0         0         0         0         0         0         0         0         0         0         0         0         0         0 
dram[28]:         0         0         0         0         0         0         0         0         0         0         0         0         0         0         0         0 
dram[29]:         0         0         0         0         0         0         0         0         0         0         0         0         0         0         0         0 
dram[30]:         0         0         0         0         0         0         0         0         0         0         0         0         0         0         0         0 
dram[31]:         0         0         0         0         0         0         0         0         0         0         0         0         0         0         0         0 
dram[32]:         0         0         0         0         0         0         0         0         0         0         0         0         0         0         0         0 
dram[33]:         0         0         0         0         0         0         0         0         0         0         0         0         0         0         0         0 
dram[34]:         0         0         0         0         0         0         0         0         0         0         0         0         0         0         0         0 
dram[35]:         0         0         0         0         0         0         0         0         0         0         0         0         0         0         0         0 
dram[36]:         0         0         0         0         0         0         0         0         0         0         0         0         0         0         0         0 
dram[37]:         0         0         0         0         0         0         0         0         0         0         0         0         0         0         0         0 
dram[38]:         0         0         0         0         0         0         0         0         0         0         0         0         0         0         0         0 
dram[39]:         0         0         0         0         0         0         0         0         0         0         0         0         0         0         0         0 
dram[40]:         0         0         0         0         0         0         0         0         0         0         0         0         0         0         0         0 
dram[41]:         0         0         0         0         0         0         0         0         0         0         0         0         0         0         0         0 
dram[42]:         0         0         0         0         0         0         0         0         0         0         0         0         0         0         0         0 
dram[43]:         0         0         0         0         0         0         0         0         0         0         0         0         0         0         0         0 
dram[44]:         0         0         0         0         0         0         0         0         0         0         0         0         0         0         0         0 
dram[45]:         0         0         0         0         0         0         0         0         0         0         0         0         0         0         0         0 
dram[46]:         0         0         0         0         0         0         0         0         0         0         0         0         0         0         0         0 
dram[47]:         0         0         0         0         0         0         0         0         0         0         0         0         0         0         0         0 
dram[48]:         0         0         0         0         0         0         0         0         0         0         0         0         0         0         0         0 
dram[49]:         0         0         0         0         0         0         0         0         0         0         0         0         0         0         0         0 
dram[50]:         0         0         0         0         0         0         0         0         0         0         0         0         0         0         0         0 
dram[51]:         0         0         0         0         0         0         0         0         0         0         0         0         0         0         0         0 
dram[52]:         0         0         0         0         0         0         0         0         0         0         0         0         0         0         0         0 
dram[53]:         0         0         0         0         0         0         0         0         0         0         0         0         0         0         0         0 
dram[54]:         0         0         0         0         0         0         0         0         0         0         0         0         0         0         0         0 
dram[55]:         0         0         0         0         0         0         0         0         0         0         0         0         0         0         0         0 
dram[56]:         0         0         0         0         0         0         0         0         0         0         0         0         0         0         0         0 
dram[57]:         0         0         0         0         0         0         0         0         0         0         0         0         0         0         0         0 
dram[58]:         0         0         0         0         0         0         0         0         0         0         0         0         0         0         0         0 
dram[59]:         0         0         0         0         0         0         0         0         0         0         0         0         0         0         0         0 
dram[60]:         0         0         0         0         0         0         0         0         0         0         0         0         0         0         0         0 
dram[61]:         0         0         0         0         0         0         0         0         0         0         0         0         0         0         0         0 
dram[62]:         0         0         0         0         0         0         0         0         0         0         0         0         0         0         0         0 
dram[63]:         0         0         0         0         0         0         0         0         0         0         0         0         0         0         0         0 
dram[64]:         0         0         0         0         0         0         0         0         0         0         0         0         0         0         0         0 
dram[65]:         0         0         0         0         0         0         0         0         0         0         0         0         0         0         0         0 
dram[66]:         0         0         0         0         0         0         0         0         0         0         0         0         0         0         0         0 
dram[67]:         0         0         0         0         0         0         0         0         0         0         0         0         0         0         0         0 
dram[68]:         0         0         0         0         0         0         0         0         0         0         0         0         0         0         0         0 
dram[69]:         0         0         0         0         0         0         0         0         0         0         0         0         0         0         0         0 
dram[70]:         0         0         0         0         0         0         0         0         0         0         0         0         0         0         0         0 
dram[71]:         0         0         0         0         0         0         0         0         0         0         0         0         0         0         0         0 
dram[72]:         0         0         0         0         0         0         0         0         0         0         0         0         0         0         0         0 
dram[73]:         0         0         0         0         0         0         0         0         0         0         0         0         0         0         0         0 
dram[74]:         0         0         0         0         0         0         0         0         0         0         0         0         0         0         0         0 
dram[75]:         0         0         0         0         0         0         0         0         0         0         0         0         0         0         0         0 
dram[76]:         0         0         0         0         0         0         0         0         0         0         0         0         0         0         0         0 
dram[77]:         0         0         0         0         0         0         0         0         0         0         0         0         0         0         0         0 
dram[78]:         0         0         0         0         0         0         0         0         0         0         0         0         0         0         0         0 
dram[79]:         0         0         0         0         0         0         0         0         0         0         0         0         0         0         0         0 
total accesses: 0
min_bank_accesses = 0!
min_chip_accesses = 0!
number of total read accesses:
dram[0]:      3120      3120      3088      3088      3040      3040      3040      3040      3040      3040      3040      3040      3088      3088      3120      3120 
dram[1]:      3120      3120      3088      3088      3040      3040      3040      3040      3040      3040      3040      3040      3088      3088      3120      3120 
dram[2]:      3120      3120      3088      3088      3040      3040      3040      3040      3040      3040      3040      3040      3088      3088      3120      3120 
dram[3]:      3120      3120      3088      3088      3040      3040      3040      3040      3040      3040      3040      3040      3088      3088      3120      3120 
dram[4]:      3120      3120      3088      3088      3040      3040      3040      3040      3040      3040      3040      3040      3088      3088      3120      3120 
dram[5]:      3120      3120      3088      3088      3040      3040      3040      3040      3040      3040      3040      3040      3088      3088      3120      3120 
dram[6]:      3120      3120      3088      3088      3040      3040      3040      3040      3040      3040      3040      3040      3088      3088      3120      3120 
dram[7]:      3120      3120      3088      3088      3040      3040      3040      3040      3040      3040      3040      3040      3088      3088      3120      3120 
dram[8]:      3120      3120      3088      3088      3040      3040      3040      3040      3040      3040      3040      3040      3088      3088      3120      3120 
dram[9]:      3120      3120      3088      3088      3040      3040      3040      3040      3040      3040      3040      3040      3088      3088      3120      3120 
dram[10]:      3120      3120      3088      3088      3040      3040      3040      3040      3040      3040      3040      3040      3088      3088      3120      3120 
dram[11]:      3120      3120      3088      3088      3040      3040      3040      3040      3040      3040      3040      3040      3088      3088      3120      3120 
dram[12]:      3120      3120      3088      3088      3040      3040      3040      3040      3040      3040      3040      3040      3088      3088      3120      3120 
dram[13]:      3120      3120      3088      3088      3040      3040      3040      3040      3040      3040      3040      3040      3088      3088      3120      3120 
dram[14]:      3120      3120      3088      3088      3040      3040      3040      3040      3040      3040      3040      3040      3088      3088      3120      3120 
dram[15]:      3120      3120      3088      3088      3040      3040      3040      3040      3040      3040      3040      3040      3088      3088      3120      3120 
dram[16]:      3120      3120      3088      3088      3040      3040      3040      3040      3040      3040      3040      3040      3088      3088      3120      3120 
dram[17]:      3120      3120      3088      3088      3040      3040      3040      3040      3040      3040      3040      3040      3088      3088      3120      3120 
dram[18]:      3120      3120      3088      3088      3040      3040      3040      3040      3040      3040      3040      3040      3088      3088      3120      3120 
dram[19]:      3120      3120      3088      3088      3040      3040      3040      3040      3040      3040      3040      3040      3088      3088      3120      3120 
dram[20]:      3120      3120      3088      3088      3040      3040      3040      3040      3040      3040      3040      3040      3088      3088      3120      3120 
dram[21]:      3120      3120      3088      3088      3040      3040      3040      3040      3040      3040      3040      3040      3096      3088      3120      3120 
dram[22]:      3120      3120      3088      3088      3040      3040      3040      3040      3040      3040      3040      3040      3088      3088      3120      3120 
dram[23]:      3120      3120      3088      3088      3040      3040      3040      3040      3040      3040      3040      3040      3088      3088      3120      3120 
dram[24]:      3120      3120      3088      3088      3040      3040      3040      3040      3040      3040      3040      3040      3088      3088      3120      3120 
dram[25]:      3120      3120      3088      3088      3040      3040      3040      3040      3040      3040      3040      3040      3088      3088      3120      3120 
dram[26]:      3120      3120      3088      3088      3040      3040      3040      3040      3040      3040      3040      3040      3088      3088      3120      3120 
dram[27]:      3120      3120      3088      3088      3040      3040      3040      3040      3040      3040      3040      3040      3088      3088      3120      3120 
dram[28]:      3120      3120      3088      3088      3040      3040      3040      3040      3040      3040      3040      3040      3088      3088      3120      3120 
dram[29]:      3120      3120      3088      3088      3040      3040      3040      3040      3040      3040      3040      3040      3088      3088      3120      3120 
dram[30]:      3120      3120      3088      3088      3040      3040      3040      3040      3040      3040      3040      3040      3088      3088      3120      3120 
dram[31]:      3120      3120      3088      3088      3040      3040      3040      3040      3040      3040      3040      3040      3088      3088      3120      3120 
dram[32]:      3120      3120      3088      3088      3040      3040      3040      3040      3040      3040      3040      3040      3092      3092      3120      3120 
dram[33]:      3120      3120      3088      3088      3040      3040      3040      3040      3040      3040      3040      3040      3092      3092      3120      3120 
dram[34]:      3120      3120      3088      3088      3040      3040      3040      3040      3040      3040      3040      3040      3092      3092      3120      3120 
dram[35]:      3120      3120      3088      3088      3040      3040      3040      3040      3040      3040      3040      3040      3092      3092      3120      3120 
dram[36]:      3120      3120      3088      3088      3040      3040      3040      3040      3040      3040      3040      3040      3092      3092      3120      3120 
dram[37]:      3120      3120      3088      3088      3040      3040      3040      3040      3040      3040      3040      3040      3096      3092      3120      3120 
dram[38]:      3120      3120      3088      3088      3040      3040      3040      3040      3040      3040      3040      3040      3092      3092      3120      3120 
dram[39]:      3120      3120      3088      3088      3040      3040      3040      3040      3040      3040      3040      3040      3092      3092      3120      3120 
dram[40]:      3120      3120      3088      3088      3040      3040      3040      3040      3040      3040      3040      3040      3092      3092      3120      3120 
dram[41]:      3120      3120      3088      3088      3040      3040      3040      3040      3040      3040      3040      3040      3092      3092      3120      3120 
dram[42]:      3120      3120      3088      3088      3040      3040      3040      3040      3040      3040      3040      3040      3092      3092      3120      3120 
dram[43]:      3120      3120      3088      3088      3040      3040      3040      3040      3040      3040      3040      3040      3092      3092      3120      3120 
dram[44]:      3120      3120      3088      3088      3040      3040      3040      3040      3040      3040      3040      3040      3092      3092      3120      3120 
dram[45]:      3120      3120      3088      3088      3040      3040      3040      3040      3040      3040      3040      3040      3096      3092      3120      3120 
dram[46]:      3120      3120      3088      3088      3040      3040      3040      3040      3040      3040      3040      3040      3092      3092      3120      3120 
dram[47]:      3120      3120      3088      3088      3040      3040      3040      3040      3040      3040      3040      3040      3092      3092      3120      3120 
dram[48]:      1560      1560      1552      1552      1520      1520      1520      1520      1520      1520      1520      1520      1532      1532      1560      1560 
dram[49]:      1560      1560      1552      1552      1520      1520      1520      1520      1520      1520      1520      1520      1532      1532      1560      1560 
dram[50]:      1560      1560      1552      1552      1520      1520      1520      1520      1520      1520      1520      1520      1532      1532      1560      1560 
dram[51]:      1560      1560      1552      1552      1520      1520      1520      1520      1520      1520      1520      1520      1532      1532      1560      1560 
dram[52]:      1560      1560      1552      1552      1520      1520      1520      1520      1520      1520      1520      1520      1532      1532      1560      1560 
dram[53]:      1560      1560      1552      1552      1520      1520      1520      1520      1520      1520      1520      1520      1532      1532      1560      1560 
dram[54]:      1560      1560      1552      1552      1520      1520      1520      1520      1520      1520      1520      1520      1532      1532      1560      1560 
dram[55]:      1560      1560      1552      1552      1520      1520      1520      1520      1520      1520      1520      1520      1532      1532      1560      1560 
dram[56]:      1560      1560      1552      1552      1520      1520      1520      1520      1520      1520      1520      1520      1532      1532      1560      1560 
dram[57]:      1560      1560      1552      1552      1520      1520      1520      1520      1520      1520      1520      1520      1532      1532      1560      1560 
dram[58]:      1560      1560      1552      1552      1520      1520      1520      1520      1520      1520      1520      1520      1532      1532      1560      1560 
dram[59]:      1560      1560      1552      1552      1520      1520      1520      1520      1520      1520      1520      1520      1532      1532      1560      1560 
dram[60]:      1560      1560      1552      1552      1520      1520      1520      1520      1520      1520      1520      1520      1532      1532      1560      1560 
dram[61]:      1560      1560      1552      1552      1520      1520      1520      1520      1520      1520      1520      1520      1532      1532      1560      1560 
dram[62]:      1560      1560      1552      1552      1520      1520      1520      1520      1520      1520      1520      1520      1532      1532      1560      1560 
dram[63]:      1560      1560      1552      1552      1520      1520      1520      1520      1520      1520      1520      1520      1532      1532      1560      1560 
dram[64]:      1560      1560      1536      1536      1520      1520      1520      1520      1520      1520      1520      1520      1552      1552      1560      1560 
dram[65]:      1560      1560      1536      1536      1520      1520      1520      1520      1520      1520      1520      1520      1552      1552      1560      1560 
dram[66]:      1560      1560      1536      1536      1520      1520      1520      1520      1520      1520      1520      1520      1552      1552      1560      1560 
dram[67]:      1560      1560      1536      1536      1520      1520      1520      1520      1520      1520      1520      1520      1552      1552      1560      1560 
dram[68]:      1560      1560      1536      1536      1520      1520      1520      1520      1520      1520      1520      1520      1552      1552      1560      1560 
dram[69]:      1560      1560      1536      1536      1520      1520      1520      1520      1520      1520      1520      1520      1552      1552      1560      1560 
dram[70]:      1560      1560      1536      1536      1520      1520      1520      1520      1520      1520      1520      1520      1552      1552      1560      1560 
dram[71]:      1560      1560      1536      1536      1520      1520      1520      1520      1520      1520      1520      1520      1552      1552      1560      1560 
dram[72]:      1560      1560      1536      1536      1520      1520      1520      1520      1520      1520      1520      1520      1552      1552      1560      1560 
dram[73]:      1560      1560      1536      1536      1520      1520      1520      1520      1520      1520      1520      1520      1552      1552      1560      1560 
dram[74]:      1560      1560      1536      1536      1520      1520      1520      1520      1520      1520      1520      1520      1552      1552      1560      1560 
dram[75]:      1560      1560      1536      1536      1520      1520      1520      1520      1520      1520      1520      1520      1552      1552      1560      1560 
dram[76]:      1560      1560      1536      1536      1520      1520      1520      1520      1520      1520      1520      1520      1552      1552      1560      1560 
dram[77]:      1560      1560      1536      1536      1520      1520      1520      1520      1520      1520      1520      1520      1552      1552      1560      1560 
dram[78]:      1560      1560      1536      1536      1520      1520      1520      1520      1520      1520      1520      1520      1552      1552      1560      1560 
dram[79]:      1560      1560      1536      1536      1520      1520      1520      1520      1520      1520      1520      1520      1552      1552      1560      1560 
total dram reads = 3145744
bank skew: 3120/1520 = 2.05
chip skew: 49164/24568 = 2.00
number of total write accesses:
dram[0]:       632       532       600       548       680       584       620       560       608       556       624       540       640       548       636       540 
dram[1]:       624       540       596       540       664       596       620       564       620       548       644       544       632       548       640       548 
dram[2]:       648       556       604       572       672       576       604       588       620       528       628       524       636       556       612       540 
dram[3]:       632       536       588       520       664       576       604       584       600       520       632       532       632       544       644       536 
dram[4]:       652       556       640       572       672       600       636       576       616       552       624       536       592       536       616       528 
dram[5]:       624       544       688       588       664       596       644       564       600       560       636       544       596       548       620       528 
dram[6]:       660       548       648       544       672       584       620       544       588       560       620       532       600       560       620       532 
dram[7]:       628       552       664       564       664       584       624       556       588       560       644       512       608       556       616       528 
dram[8]:       616       516       612       556       660       584       612       552       608       560       628       544       640       552       636       540 
dram[9]:       604       536       616       552       656       584       624       552       616       544       640       544       632       544       648       556 
dram[10]:       624       536       612       580       668       580       600       584       612       528       624       528       640       548       608       544 
dram[11]:       620       516       600       532       652       576       600       580       600       520       640       532       632       544       644       532 
dram[12]:       632       548       652       588       672       588       624       576       608       548       624       536       584       548       616       528 
dram[13]:       620       540       692       596       648       588       636       576       604       560       636       540       596       556       620       532 
dram[14]:       664       544       644       544       664       568       624       536       596       560       620       528       596       564       612       532 
dram[15]:       624       548       668       576       656       576       624       548       588       568       632       516       608       556       612       528 
dram[16]:       624       544       592       532       648       580       604       540       600       540       628       532       628       544       632       548 
dram[17]:       620       540       604       556       652       568       604       556       612       552       640       536       640       540       624       540 
dram[18]:       624       540       604       564       644       576       600       564       612       516       624       528       636       532       620       544 
dram[19]:       620       524       612       576       656       568       604       576       616       516       624       524       644       532       624       536 
dram[20]:       632       548       672       592       668       592       612       564       596       560       624       508       608       556       612       528 
dram[21]:       632       540       668       588       680       576       620       568       584       544       616       524       592       540       616       532 
dram[22]:       620       536       672       576       668       576       624       540       588       560       612       516       588       560       616       524 
dram[23]:       620       536       668       552       664       564       620       540       584       548       632       520       600       544       624       528 
dram[24]:       636       552       588       528       640       564       596       544       604       544       628       532       632       548       632       548 
dram[25]:       620       544       604       552       644       556       600       548       616       552       640       536       640       544       628       544 
dram[26]:       616       548       596       552       640       580       604       564       616       512       624       524       640       540       620       544 
dram[27]:       640       520       600       564       652       560       604       572       612       516       624       528       640       528       628       540 
dram[28]:       644       552       664       588       656       572       608       556       608       556       628       504       604       556       620       528 
dram[29]:       644       552       656       584       668       572       616       564       580       544       616       528       596       540       616       528 
dram[30]:       632       548       664       556       652       568       620       528       592       560       620       520       592       564       616       524 
dram[31]:       632       544       652       548       652       552       612       532       580       552       632       524       600       552       620       540 
dram[32]:       616       552       608       572       648       560       608       552       608       552       632       552       644       560       620       540 
dram[33]:       600       536       604       532       660       568       604       552       604       556       664       536       628       548       644       536 
dram[34]:       616       528       616       572       660       588       624       580       628       524       628       536       652       544       620       524 
dram[35]:       608       536       604       560       648       588       616       576       612       508       644       536       632       528       632       532 
dram[36]:       656       548       648       568       676       584       624       576       592       540       624       524       612       544       616       540 
dram[37]:       624       544       672       588       668       584       620       580       588       552       636       524       608       544       616       528 
dram[38]:       632       548       668       580       668       584       628       536       596       552       620       532       604       556       616       524 
dram[39]:       620       544       684       580       656       584       632       532       608       564       636       536       596       572       640       532 
dram[40]:       624       556       600       568       660       576       596       548       612       552       636       548       644       556       616       536 
dram[41]:       628       548       604       532       672       580       604       536       600       560       656       536       628       552       644       536 
dram[42]:       632       528       608       564       672       596       616       572       624       520       628       532       652       544       620       520 
dram[43]:       624       540       592       548       656       600       616       572       608       512       652       536       632       528       640       532 
dram[44]:       664       556       648       580       676       600       612       568       584       540       620       528       612       540       624       536 
dram[45]:       636       552       668       584       664       592       616       576       592       548       632       524       608       544       612       528 
dram[46]:       636       552       652       560       676       596       620       528       604       552       616       536       600       548       616       532 
dram[47]:       624       544       680       584       656       584       632       528       600       568       640       532       592       564       628       528 
dram[48]:       112       104       120       104       172       152       160       128       148       116       160       132       112        92       116        92 
dram[49]:       116       104       112       108       188       156       160       132       160       128       156       128       104        96       116       100 
dram[50]:       116       104       116        92       176       136       156       128       152       140       148       124       104        88       120       100 
dram[51]:       112       100       112       108       168       136       152       128       144       136       152       120       116       104       116        96 
dram[52]:       164       144       164       148       140       124       108        88       120       104       120       100       156       148       136       124 
dram[53]:       164       140       168       140       140       120       108        88       124       104       108       100       152       136       144       124 
dram[54]:       164       140       144       136       140       124       108       104       116       100       120       100       148       128       148       144 
dram[55]:       160       140       160       136       140       120       120       104       108        96       120       104       156       128       144       136 
dram[56]:       112       104       128       112       172       156       160       124       156       120       160       132       104        96       116       100 
dram[57]:       112       100       116       108       192       156       160       124       160       128       160       128       104        96       116       100 
dram[58]:       112       100       120        96       172       132       164       124       148       136       148       128       108        88       120       100 
dram[59]:       108        96       116       104       168       132       152       120       148       148       152       124       112       104       116        96 
dram[60]:       164       140       176       148       140       124       104        88       120        96       120       100       156       144       136       124 
dram[61]:       168       140       168       144       140       120       116        92       132       108       116       100       160       140       144       124 
dram[62]:       168       140       152       144       132       120       108       104       116        96       120       100       148       124       144       140 
dram[63]:       160       140       164       132       136       116       124       104       112        88       120       104       156       124       144       140 
dram[64]:       164       140       156       128       136       112       140       120       120        96       124       104       136       120       148       144 
dram[65]:       160       144       160       140       144       116       136       116       108        88       116       104       136       116       144       136 
dram[66]:       164       148       168       132       144       128       132       104       116        96       116        96       132       128       140       132 
dram[67]:       164       140       148       128       136       120       124       108       120       108       116       104       144       140       140       116 
dram[68]:       116       104       128       112       176       132       176       144       152       136       144       124       120       104       124        92 
dram[69]:       108       104       120       104       172       136       160       140       156       136       152       124       132       112       116        96 
dram[70]:       112       100       124       112       172       148       164       128       148       124       160       136       112       104       120       100 
dram[71]:       116       100       124       112       176       152       164       132       156       124       152       136       124        92       120       104 
dram[72]:       160       136       168       140       136       120       132       116       112        96       124       104       132       128       152       140 
dram[73]:       160       144       164       136       144       124       132       108       100        92       116       104       140       124       144       132 
dram[74]:       160       144       168       136       140       124       128        96       116       100       116        96       140       128       136       132 
dram[75]:       164       148       148       132       136       124       120       104       120       104       116       104       140       136       136       124 
dram[76]:       112       100       124       112       184       140       164       140       156       136       140       128       120       108       124        92 
dram[77]:       108        96       124       104       184       140       156       132       152       136       152       124       132       112       108        96 
dram[78]:       108       100       120       108       168       156       160       136       148       120       156       136       108       104       120       100 
dram[79]:       116        96       124       108       184       152       164       124       152       124       152       132       124        96       120       104 
total dram writes = 517876
bank skew: 692/88 = 7.86
chip skew: 9544/1996 = 4.78
average mf latency per bank:
dram[0]:        111       113       113       117       120       123       116       119       114       116       115       121       115       113       114       117
dram[1]:        109       113       114       118       123       125       116       117       114       120       116       120       114       115       113       115
dram[2]:        110       110       116       115       122       124       116       116       115       118       116       123       114       114       115       115
dram[3]:        108       113       115       118       121       125       116       116       116       121       116       122       114       117       114       116
dram[4]:        108       111       113       117       120       123       117       117       115       116       115       122       112       115       113       117
dram[5]:        109       113       111       116       123       124       116       116       115       118       115       120       112       116       114       116
dram[6]:        110       110       114       116       122       123       115       119       115       116       116       123       112       114       114       116
dram[7]:        110       112       112       117       121       125       114       117       115       117       115       123       111       117       116       116
dram[8]:        112       114       113       117       121       125       115       118       114       117       116       121       115       114       114       117
dram[9]:        111       113       113       116       124       126       115       118       114       119       116       120       116       114       112       115
dram[10]:        111       112       114       115       122       123       116       117       114       120       117       123       114       114       115       116
dram[11]:        109       114       115       117       122       125       117       116       117       121       117       121       114       116       114       116
dram[12]:        109       112       113       118       120       124       117       118       115       116       115       122       113       115       115       117
dram[13]:        110       112       111       114       122       124       116       116       115       118       115       120       111       115       113       116
dram[14]:        110       111       113       117       122       124       115       119       115       117       115       123       113       115       114       116
dram[15]:        109       113       113       115       123       125       115       118       115       116       116       123       112       117       115       117
dram[16]:        110       112       114       116       123       124       114       118       113       120       117       121       116       114       114       116
dram[17]:        111       111       112       116       122       125       115       118       113       119       115       121       114       116       115       116
dram[18]:        109       114       115       116       123       127       116       116       116       119       116       122       116       114       115       116
dram[19]:        112       113       114       117       122       125       115       117       115       120       116       124       115       115       114       117
dram[20]:        108       114       113       118       123       127       118       115       117       118       116       123       110       117       114       116
dram[21]:        111       111       111       115       120       125       116       116       116       117       116       123       112       115       113       116
dram[22]:        109       113       112       114       122       124       113       117       115       116       116       123       112       115       115       116
dram[23]:        113       114       111       120       121       124       115       120       116       119       114       123       113       117       114       116
dram[24]:        109       112       114       117       123       124       114       118       114       119       116       120       116       115       114       115
dram[25]:        111       111       113       117       122       125       115       120       114       117       115       121       115       117       114       116
dram[26]:        110       114       115       116       124       126       116       115       115       120       117       123       116       113       114       115
dram[27]:        110       112       116       115       122       125       115       116       115       120       117       123       115       116       115       117
dram[28]:        108       114       113       117       123       127       117       117       116       117       115       123       111       115       114       116
dram[29]:        110       111       114       115       121       124       116       117       116       117       117       123       112       115       114       117
dram[30]:        110       112       112       115       122       123       114       119       114       117       115       123       113       116       115       117
dram[31]:        113       113       114       117       122       125       114       120       116       117       115       122       113       117       116       116
dram[32]:        111       111       114       115       123       123       116       118       114       118       116       122       113       113       114       115
dram[33]:        109       112       114       117       122       126       114       117       115       118       115       121       116       117       114       117
dram[34]:        112       114       116       116       121       125       113       115       115       119       116       121       115       113       116       118
dram[35]:        111       114       114       117       123       125       114       114       116       121       116       120       114       115       113       116
dram[36]:        109       110       114       115       122       123       116       116       116       118       116       123       111       115       113       115
dram[37]:        109       113       113       117       123       126       115       113       116       116       115       121       112       118       114       116
dram[38]:        110       113       112       115       120       125       113       118       116       118       115       123       112       115       115       118
dram[39]:        111       112       110       115       123       126       115       117       114       116       114       121       113       115       114       116
dram[40]:        110       110       113       115       122       123       114       118       113       119       116       122       113       114       114       115
dram[41]:        109       112       114       114       121       126       114       116       114       117       116       122       116       114       114       116
dram[42]:        111       114       116       117       120       124       114       116       114       120       115       121       117       113       115       118
dram[43]:        110       114       115       118       123       124       115       114       117       120       116       120       114       115       113       116
dram[44]:        109       111       114       115       122       123       116       116       118       117       116       124       111       115       114       115
dram[45]:        108       113       113       116       121       125       115       115       116       117       116       121       111       118       114       116
dram[46]:        110       112       112       116       120       124       114       118       116       117       114       123       112       116       115       118
dram[47]:        111       113       111       115       122       125       114       117       115       115       115       122       112       115       114       116
dram[48]:        121       122       123       122       133       134       123       124       125       127       124       128       127       126       125       127
dram[49]:        119       121       124       124       132       133       123       123       123       125       124       128       128       127       125       127
dram[50]:        121       121       124       124       131       134       123       124       126       125       126       128       128       126       126       127
dram[51]:        122       122       123       124       132       134       122       123       125       126       125       128       126       126       127       127
dram[52]:        116       119       121       123       133       135       126       127       125       130       129       132       119       124       124       124
dram[53]:        119       119       119       123       133       136       126       127       125       127       129       131       120       123       124       124
dram[54]:        117       122       121       120       134       135       126       125       124       127       128       132       123       124       123       123
dram[55]:        120       120       119       123       134       136       124       126       126       126       127       132       122       125       124       123
dram[56]:        121       121       121       122       132       133       121       123       123       126       124       128       127       126       125       127
dram[57]:        121       121       123       123       131       133       122       125       123       125       124       130       127       125       125       127
dram[58]:        121       122       123       123       135       136       121       123       126       127       127       128       129       126       126       126
dram[59]:        122       123       124       125       133       136       124       124       126       126       125       128       127       127       127       127
dram[60]:        116       119       119       122       134       136       126       126       127       127       128       132       121       125       125       123
dram[61]:        117       118       120       124       133       135       125       128       123       129       128       130       120       123       123       123
dram[62]:        116       121       121       122       134       136       125       126       125       128       128       132       122       126       123       123
dram[63]:        119       119       118       123       133       136       125       125       126       128       128       134       121       124       124       124
dram[64]:        117       119       124       126       134       136       125       127       124       129       127       131       123       121       123       122
dram[65]:        118       118       124       126       133       135       127       128       127       130       129       131       123       122       125       123
dram[66]:        117       118       125       127       133       135       126       127       124       130       129       132       123       122       124       124
dram[67]:        119       120       124       128       134       135       127       128       126       129       128       132       120       122       125       125
dram[68]:        120       120       127       127       133       135       123       124       125       126       125       130       121       125       124       128
dram[69]:        121       122       127       130       132       134       126       125       124       123       125       129       121       125       125       127
dram[70]:        120       124       128       129       132       135       122       125       125       124       124       129       123       124       126       126
dram[71]:        122       120       127       129       132       133       124       127       125       123       125       128       122       125       125       126
dram[72]:        118       120       123       127       134       136       124       128       125       130       128       130       123       121       123       123
dram[73]:        118       118       123       126       133       135       126       127       127       128       129       131       124       121       124       123
dram[74]:        118       120       126       126       133       134       125       129       126       129       129       132       123       121       125       123
dram[75]:        118       120       125       130       134       135       127       128       128       127       128       131       121       121       125       125
dram[76]:        121       122       127       129       132       135       125       124       125       124       125       129       121       126       124       127
dram[77]:        121       122       128       130       131       133       127       125       124       123       125       128       122       123       126       127
dram[78]:        119       122       128       130       132       133       122       125       124       126       124       129       123       125       125       127
dram[79]:        121       121       126       127       131       133       125       126       125       124       125       131       121       124       125       126
maximum mf latency per bank:
dram[0]:       1128      1169       874      1022       912       836      1023      1122       997      1052       904      1020      1147      1042       993       958
dram[1]:       1109      1159       987       971       968       948      1053       973      1011      1105      1041       926      1081       961       890       939
dram[2]:       1089      1043      1113      1012      1015      1105      1027       982      1075      1020      1024      1024      1134       964       867      1129
dram[3]:        980      1047       998      1154       937       897       913       891       908      1153       966      1033      1089      1018       889      1139
dram[4]:       1017       948      1022      1140      1009      1124      1137       966       996       964      1102      1113       990       948      1016      1010
dram[5]:       1021      1044       906      1049      1004       936      1046       882       972      1000      1020      1066       961       958       918      1022
dram[6]:       1164      1045       957       955      1152       990      1104       894      1070       844      1027      1232       958      1059       891       874
dram[7]:       1139      1103       910      1156      1127      1011       890       914      1110      1052       823      1270       941      1113      1078       861
dram[8]:       1124      1052       897      1050       912      1096      1092      1120      1000      1087       928      1019      1146       869       938       957
dram[9]:       1123      1043       980      1082       999      1068       909       878       968      1028      1017      1062      1078       894       867       953
dram[10]:       1128      1002      1052       902       869      1135      1027       992       977      1103      1022      1034      1132       821       952       971
dram[11]:       1116      1172       996      1148       946       966       986       921      1118      1169       992      1022      1093      1037      1132      1017
dram[12]:        949      1160       963      1142       924      1001      1135       960       940       873      1136       940      1014       952       946      1008
dram[13]:       1137      1174       798      1009      1014       944      1040       909       972       968      1012      1071       905       943       929       898
dram[14]:       1094      1051       880       945      1165       994      1099       973       947      1003       846      1278       987      1070       858       880
dram[15]:       1131      1034       918       988       987       968       943       915      1065      1012      1023      1125       912      1091       960      1032
dram[16]:       1143      1179      1003       979      1017      1024       845      1018       896      1122       951       995      1154       868      1009       901
dram[17]:       1101      1031       843       913       869       943       936       899       927      1121       906       989      1068      1088       864       963
dram[18]:        994      1170       949       913      1017      1059      1035       906      1140      1166       997      1166      1109      1044       992      1133
dram[19]:       1123      1063       960      1085       929       964      1068      1062      1036      1162      1072      1027      1093       935      1026       994
dram[20]:        923      1157       889      1169      1030       991      1064       877       985      1016       875      1095       873      1063       890       898
dram[21]:       1149      1033       839      1011       954       979      1074      1041       985       931      1035      1077      1034       848       934      1001
dram[22]:       1097      1059       903       901      1024       969       944      1172      1095      1014       843      1193       912       936       956      1012
dram[23]:       1102      1165       858      1165      1156      1122      1072       956      1097      1055       825      1263      1087      1079      1013       915
dram[24]:       1129      1011       843       942      1014       984       916       987       925      1113      1039       830      1129      1006      1013      1022
dram[25]:       1109      1057       869      1097       992      1107       934      1024       854      1020      1033      1082      1081      1097       883       970
dram[26]:        924      1177      1067       921       929       947      1045       879       992       971       984      1013      1119       818       958      1000
dram[27]:       1150      1004      1006      1099       885       985      1081      1106       916      1150       979      1017      1153      1090      1035      1022
dram[28]:        873      1055       820      1170      1038      1119      1079       889       991       818      1031      1069       868      1034       955       951
dram[29]:       1161      1044       827      1027       989       946      1083       985       985       876       989      1066      1092       865       951      1039
dram[30]:       1071      1064      1044       900      1137      1008       888      1162       917      1028      1024      1254      1008       946       950      1007
dram[31]:       1128      1180      1089      1024      1034      1149       919       909      1096       885      1003      1128      1096      1086       981       954
dram[32]:       1147      1125       886      1059      1001       856       924      1034       920      1035       956      1009      1083       809       919       955
dram[33]:       1127      1152      1076       902       964      1064       916       982       907       986      1017      1012      1145      1103       864       970
dram[34]:       1084      1066      1075      1026       886      1122      1139      1100      1104      1146      1012      1003      1151       909       897      1016
dram[35]:       1135      1041       978      1147      1005       944      1045      1032      1110      1033      1081       927      1082       868       909       922
dram[36]:       1037       970       931      1030      1159       969      1064       936       988      1000       986      1242       864      1134       956       918
dram[37]:       1136      1038       945      1165       860      1105       937       841       973      1002      1033       975      1140      1043       916      1030
dram[38]:       1108      1133       935       919       984      1043      1092       949      1096      1059      1141      1121      1010      1088       963      1015
dram[39]:       1104      1172       894      1033      1026      1005      1084       931      1000       962       973      1202       950       962      1076       931
dram[40]:       1122      1138       931      1068       847      1115       934      1145       935      1111       879       955      1100       822       839       948
dram[41]:       1029      1021       956       915      1018      1062       844       941       969       945       976      1028      1136       986       856      1009
dram[42]:       1086      1022      1079       939       902      1098      1144      1043       934      1012      1022      1019      1146       879       971       985
dram[43]:       1086      1177      1078      1156      1005      1000      1074       864      1061      1001       988       920      1025       857      1124       927
dram[44]:       1036      1066       922      1040      1036      1122      1083       981      1021       874       994      1189       767      1047       927       962
dram[45]:       1149      1164       944      1164      1140      1086       959       829       988       953       889      1026       889      1050       930      1045
dram[46]:       1097      1159       901      1079      1004      1112      1165       951      1058      1005      1096      1254      1006       934       903      1015
dram[47]:       1150      1185       908       978      1019      1095      1042      1078      1012       991       963      1069       909       949       983       989
dram[48]:       1016       992       743       847       901       833       786       785       818       771       663       919      1005       729       867       816
dram[49]:        947       673       785       826       895       937       929       685       808       726       713       771       995       877       758       924
dram[50]:        932       683      1082       755       839       759       806       785       978       760       854       664      1023       631      1000       811
dram[51]:        940       947       852       712       911       850       948       868       899       843       754       775       825       816       889       783
dram[52]:        815       930       779      1032       935       985       761       658       809       962       904       941       599       941       765       815
dram[53]:        992      1066       702      1040       726       929       809       751       820       696      1044       929       633       827       769       877
dram[54]:       1023       984       894       846       838       927       706       733       697       802      1009      1003       953       759       759       963
dram[55]:       1027       763       771      1047       841       887       917       704       837       873       704      1017       956       898       912       755
dram[56]:       1011       798       729       853       754       982       688       684       874       801       720       761      1006       639       825       793
dram[57]:        895       652       848       651       917       769       937       691       886       741       701       898      1029       811       868       911
dram[58]:        955       875       838       695       868       872       801       745       961       925       854       702      1019       651       843       766
dram[59]:        964       941      1081       774       907       942       908       739       913       996       735       671      1038       828      1001       778
dram[60]:        841      1013       699       863       936       943       762       760       825       770       998       974       605       993       835       827
dram[61]:       1025      1011       844      1038       695       901       672       805       708       833       891       860       762       836       726       574
dram[62]:       1015      1037       743       840       697       998       704       775       672       806      1039      1005       966       762       773       768
dram[63]:       1038       929       914       856       665       912       883       708       745       818      1002      1007       796       848       814       967
dram[64]:       1015      1043       684       671       685       819       585       981       713       956       719       866       965       672       813       830
dram[65]:       1001       862       656       759       665       699       937       800       809       930      1036       907       961       779       803       699
dram[66]:        915      1027       837       950       760      1036       934       765       798       855       902       954       848       804       837      1032
dram[67]:        947      1037       898       844       692       844       801       845       911       988       938       866       738       844       859      1044
dram[68]:        853       618       668       856       999       844       893       694       918       968       842      1110       733       853       727       928
dram[69]:        903       995       778       911       866       860       858       655       882       892       995       866       969       718       777       945
dram[70]:        745       856       835       857      1011      1005       716       641       990       748       718       973       965       856       835       870
dram[71]:        891       958       738       847       878       715       925       798      1035       704       722       991       755       812       856       783
dram[72]:        932      1042       886       794       657       772       707       980       715       917       712       861       871       769       781       692
dram[73]:       1018       861       870       845       677       925       942       688       946       931       903       907       958       765       815       744
dram[74]:        845      1014       991       838       775       776       691       874       817       845       900       827       916       774       942       853
dram[75]:       1009      1048       749       850       689       743       815       870      1070       947       822       891       939       810       830       904
dram[76]:        834       937       662       841       916       992       869       633       876       711       694       842       738       857       730       843
dram[77]:        743       863       816       825       998       694       873       722       880       886       897       886       975       697       762       939
dram[78]:        697       985       737       752       930       744       711       713       746       852       710       999       978       866       821       864
dram[79]:        867       661       739       826       920       723       883       740      1005       803       700       914       900       687       799       892
Memory Partition 0: 
Cache L2_bank_000:
MSHR contents

Cache L2_bank_001:
MSHR contents

In Dram Latency Queue (total = 0): 
DRAM[0]: 16 bks, busW=8 BL=4 CL=12, tRRD=3 tCCD=1, tRCD=12 tRAS=28 tRP=12 tRC=40
n_cmd=205601 n_nop=131847 n_act=12337 n_pre=12321 n_ref_event=0 n_req=51514 n_rd=49152 n_rd_L2_A=0 n_write=0 n_wr_bk=9448 bw_util=0.57
n_activity=156741 dram_eff=0.7477
bk0: 3120a 172878i bk1: 3120a 174575i bk2: 3088a 173606i bk3: 3088a 174790i bk4: 3040a 173044i bk5: 3040a 173923i bk6: 3040a 173979i bk7: 3040a 174696i bk8: 3040a 172455i bk9: 3040a 174519i bk10: 3040a 173237i bk11: 3040a 174617i bk12: 3088a 171788i bk13: 3088a 174255i bk14: 3120a 173319i bk15: 3120a 174929i 

------------------------------------------------------------------------

Row_Buffer_Locality = 0.760512
Row_Buffer_Locality_read = 0.793660
Row_Buffer_Locality_write = 0.070703
Bank_Level_Parallism = 3.759583
Bank_Level_Parallism_Col = 2.628790
Bank_Level_Parallism_Ready = 1.436280
write_to_read_ratio_blp_rw_average = 0.271786
GrpLevelPara = 1.925003 

BW Util details:
bwutil = 0.570036 
total_CMD = 205601 
util_bw = 58600 
Wasted_Col = 75008 
Wasted_Row = 15483 
Idle = 56510 

BW Util Bottlenecks: 
RCDc_limit = 69626 
RCDWRc_limit = 12739 
WTRc_limit = 17301 
RTWc_limit = 47351 
CCDLc_limit = 41061 
rwq = 0 
CCDLc_limit_alone = 36967 
WTRc_limit_alone = 16164 
RTWc_limit_alone = 44394 

Commands details: 
total_CMD = 205601 
n_nop = 131847 
Read = 49152 
Write = 0 
L2_Alloc = 0 
L2_WB = 9448 
n_act = 12337 
n_pre = 12321 
n_ref = 0 
n_req = 51514 
total_req = 58600 

Dual Bus Interface Util: 
issued_total_row = 24658 
issued_total_col = 58600 
Row_Bus_Util =  0.119931 
CoL_Bus_Util = 0.285018 
Either_Row_CoL_Bus_Util = 0.358724 
Issued_on_Two_Bus_Simul_Util = 0.046225 
issued_two_Eff = 0.128861 
queue_avg = 9.530128 


dram_util_bins: 0 0 0 0 0 0 0 0 0 0
dram_eff_bins: 0 0 0 0 0 0 0 0 0 0
mrqq: max=113 avg=9.53013
Memory Partition 1: 
Cache L2_bank_002:
MSHR contents

Cache L2_bank_003:
MSHR contents

In Dram Latency Queue (total = 0): 
DRAM[1]: 16 bks, busW=8 BL=4 CL=12, tRRD=3 tCCD=1, tRCD=12 tRAS=28 tRP=12 tRC=40
n_cmd=205601 n_nop=131912 n_act=12323 n_pre=12307 n_ref_event=0 n_req=51519 n_rd=49152 n_rd_L2_A=0 n_write=0 n_wr_bk=9468 bw_util=0.5702
n_activity=157372 dram_eff=0.745
bk0: 3120a 173192i bk1: 3120a 175342i bk2: 3088a 172369i bk3: 3088a 172815i bk4: 3040a 173647i bk5: 3040a 173296i bk6: 3040a 174469i bk7: 3040a 174153i bk8: 3040a 173981i bk9: 3040a 174479i bk10: 3040a 173558i bk11: 3040a 175275i bk12: 3088a 173159i bk13: 3088a 174528i bk14: 3120a 172455i bk15: 3120a 174507i 

------------------------------------------------------------------------

Row_Buffer_Locality = 0.760807
Row_Buffer_Locality_read = 0.794312
Row_Buffer_Locality_write = 0.065061
Bank_Level_Parallism = 3.730992
Bank_Level_Parallism_Col = 2.613686
Bank_Level_Parallism_Ready = 1.446196
write_to_read_ratio_blp_rw_average = 0.274016
GrpLevelPara = 1.928948 

BW Util details:
bwutil = 0.570231 
total_CMD = 205601 
util_bw = 58620 
Wasted_Col = 75819 
Wasted_Row = 15631 
Idle = 55531 

BW Util Bottlenecks: 
RCDc_limit = 69505 
RCDWRc_limit = 12850 
WTRc_limit = 18458 
RTWc_limit = 46347 
CCDLc_limit = 40442 
rwq = 0 
CCDLc_limit_alone = 36163 
WTRc_limit_alone = 17195 
RTWc_limit_alone = 43331 

Commands details: 
total_CMD = 205601 
n_nop = 131912 
Read = 49152 
Write = 0 
L2_Alloc = 0 
L2_WB = 9468 
n_act = 12323 
n_pre = 12307 
n_ref = 0 
n_req = 51519 
total_req = 58620 

Dual Bus Interface Util: 
issued_total_row = 24630 
issued_total_col = 58620 
Row_Bus_Util =  0.119795 
CoL_Bus_Util = 0.285115 
Either_Row_CoL_Bus_Util = 0.358408 
Issued_on_Two_Bus_Simul_Util = 0.046503 
issued_two_Eff = 0.129748 
queue_avg = 9.555658 


dram_util_bins: 0 0 0 0 0 0 0 0 0 0
dram_eff_bins: 0 0 0 0 0 0 0 0 0 0
mrqq: max=101 avg=9.55566
Memory Partition 2: 
Cache L2_bank_004:
MSHR contents

Cache L2_bank_005:
MSHR contents

In Dram Latency Queue (total = 0): 
DRAM[2]: 16 bks, busW=8 BL=4 CL=12, tRRD=3 tCCD=1, tRCD=12 tRAS=28 tRP=12 tRC=40
n_cmd=205601 n_nop=131819 n_act=12308 n_pre=12292 n_ref_event=0 n_req=51518 n_rd=49152 n_rd_L2_A=0 n_write=0 n_wr_bk=9464 bw_util=0.5702
n_activity=156886 dram_eff=0.7472
bk0: 3120a 173041i bk1: 3120a 173931i bk2: 3088a 172560i bk3: 3088a 174387i bk4: 3040a 172081i bk5: 3040a 172883i bk6: 3040a 173813i bk7: 3040a 174072i bk8: 3040a 172760i bk9: 3040a 174390i bk10: 3040a 172904i bk11: 3040a 175167i bk12: 3088a 172595i bk13: 3088a 174178i bk14: 3120a 172723i bk15: 3120a 174008i 

------------------------------------------------------------------------

Row_Buffer_Locality = 0.761093
Row_Buffer_Locality_read = 0.794271
Row_Buffer_Locality_write = 0.071851
Bank_Level_Parallism = 3.781478
Bank_Level_Parallism_Col = 2.663541
Bank_Level_Parallism_Ready = 1.481200
write_to_read_ratio_blp_rw_average = 0.270145
GrpLevelPara = 1.938542 

BW Util details:
bwutil = 0.570192 
total_CMD = 205601 
util_bw = 58616 
Wasted_Col = 75118 
Wasted_Row = 15848 
Idle = 56019 

BW Util Bottlenecks: 
RCDc_limit = 69651 
RCDWRc_limit = 12454 
WTRc_limit = 18171 
RTWc_limit = 47783 
CCDLc_limit = 40616 
rwq = 0 
CCDLc_limit_alone = 36353 
WTRc_limit_alone = 16965 
RTWc_limit_alone = 44726 

Commands details: 
total_CMD = 205601 
n_nop = 131819 
Read = 49152 
Write = 0 
L2_Alloc = 0 
L2_WB = 9464 
n_act = 12308 
n_pre = 12292 
n_ref = 0 
n_req = 51518 
total_req = 58616 

Dual Bus Interface Util: 
issued_total_row = 24600 
issued_total_col = 58616 
Row_Bus_Util =  0.119649 
CoL_Bus_Util = 0.285096 
Either_Row_CoL_Bus_Util = 0.358860 
Issued_on_Two_Bus_Simul_Util = 0.045885 
issued_two_Eff = 0.127863 
queue_avg = 9.692769 


dram_util_bins: 0 0 0 0 0 0 0 0 0 0
dram_eff_bins: 0 0 0 0 0 0 0 0 0 0
mrqq: max=128 avg=9.69277
Memory Partition 3: 
Cache L2_bank_006:
MSHR contents

Cache L2_bank_007:
MSHR contents

In Dram Latency Queue (total = 0): 
DRAM[3]: 16 bks, busW=8 BL=4 CL=12, tRRD=3 tCCD=1, tRCD=12 tRAS=28 tRP=12 tRC=40
n_cmd=205601 n_nop=132129 n_act=12308 n_pre=12293 n_ref_event=0 n_req=51488 n_rd=49152 n_rd_L2_A=0 n_write=0 n_wr_bk=9340 bw_util=0.569
n_activity=156900 dram_eff=0.7456
bk0: 3120a 172771i bk1: 3120a 173574i bk2: 3088a 173037i bk3: 3088a 173953i bk4: 3040a 172673i bk5: 3040a 173976i bk6: 3040a 173717i bk7: 3040a 174512i bk8: 3040a 175247i bk9: 3040a 175297i bk10: 3040a 172975i bk11: 3040a 175266i bk12: 3088a 173559i bk13: 3088a 174144i bk14: 3120a 173385i bk15: 3120a 174644i 

------------------------------------------------------------------------

Row_Buffer_Locality = 0.760935
Row_Buffer_Locality_read = 0.794006
Row_Buffer_Locality_write = 0.065068
Bank_Level_Parallism = 3.744429
Bank_Level_Parallism_Col = 2.621996
Bank_Level_Parallism_Ready = 1.446642
write_to_read_ratio_blp_rw_average = 0.269625
GrpLevelPara = 1.919665 

BW Util details:
bwutil = 0.568986 
total_CMD = 205601 
util_bw = 58492 
Wasted_Col = 75083 
Wasted_Row = 15546 
Idle = 56480 

BW Util Bottlenecks: 
RCDc_limit = 69345 
RCDWRc_limit = 12302 
WTRc_limit = 17105 
RTWc_limit = 46830 
CCDLc_limit = 40777 
rwq = 0 
CCDLc_limit_alone = 36508 
WTRc_limit_alone = 15926 
RTWc_limit_alone = 43740 

Commands details: 
total_CMD = 205601 
n_nop = 132129 
Read = 49152 
Write = 0 
L2_Alloc = 0 
L2_WB = 9340 
n_act = 12308 
n_pre = 12293 
n_ref = 0 
n_req = 51488 
total_req = 58492 

Dual Bus Interface Util: 
issued_total_row = 24601 
issued_total_col = 58492 
Row_Bus_Util =  0.119654 
CoL_Bus_Util = 0.284493 
Either_Row_CoL_Bus_Util = 0.357352 
Issued_on_Two_Bus_Simul_Util = 0.046795 
issued_two_Eff = 0.130948 
queue_avg = 9.602910 


dram_util_bins: 0 0 0 0 0 0 0 0 0 0
dram_eff_bins: 0 0 0 0 0 0 0 0 0 0
mrqq: max=122 avg=9.60291
Memory Partition 4: 
Cache L2_bank_008:
MSHR contents

Cache L2_bank_009:
MSHR contents

In Dram Latency Queue (total = 0): 
DRAM[4]: 16 bks, busW=8 BL=4 CL=12, tRRD=3 tCCD=1, tRCD=12 tRAS=28 tRP=12 tRC=40
n_cmd=205601 n_nop=131895 n_act=12333 n_pre=12317 n_ref_event=0 n_req=51528 n_rd=49152 n_rd_L2_A=0 n_write=0 n_wr_bk=9504 bw_util=0.5706
n_activity=157474 dram_eff=0.745
bk0: 3120a 172753i bk1: 3120a 174788i bk2: 3088a 173186i bk3: 3088a 173031i bk4: 3040a 172229i bk5: 3040a 174203i bk6: 3040a 173742i bk7: 3040a 173904i bk8: 3040a 173281i bk9: 3040a 174163i bk10: 3040a 173466i bk11: 3040a 174475i bk12: 3088a 172288i bk13: 3088a 174028i bk14: 3120a 173172i bk15: 3120a 174654i 

------------------------------------------------------------------------

Row_Buffer_Locality = 0.760654
Row_Buffer_Locality_read = 0.794149
Row_Buffer_Locality_write = 0.067761
Bank_Level_Parallism = 3.750215
Bank_Level_Parallism_Col = 2.631959
Bank_Level_Parallism_Ready = 1.440927
write_to_read_ratio_blp_rw_average = 0.272567
GrpLevelPara = 1.926728 

BW Util details:
bwutil = 0.570581 
total_CMD = 205601 
util_bw = 58656 
Wasted_Col = 75912 
Wasted_Row = 15765 
Idle = 55268 

BW Util Bottlenecks: 
RCDc_limit = 69696 
RCDWRc_limit = 12731 
WTRc_limit = 17382 
RTWc_limit = 49067 
CCDLc_limit = 40767 
rwq = 0 
CCDLc_limit_alone = 36481 
WTRc_limit_alone = 16196 
RTWc_limit_alone = 45967 

Commands details: 
total_CMD = 205601 
n_nop = 131895 
Read = 49152 
Write = 0 
L2_Alloc = 0 
L2_WB = 9504 
n_act = 12333 
n_pre = 12317 
n_ref = 0 
n_req = 51528 
total_req = 58656 

Dual Bus Interface Util: 
issued_total_row = 24650 
issued_total_col = 58656 
Row_Bus_Util =  0.119892 
CoL_Bus_Util = 0.285290 
Either_Row_CoL_Bus_Util = 0.358490 
Issued_on_Two_Bus_Simul_Util = 0.046692 
issued_two_Eff = 0.130247 
queue_avg = 9.551598 


dram_util_bins: 0 0 0 0 0 0 0 0 0 0
dram_eff_bins: 0 0 0 0 0 0 0 0 0 0
mrqq: max=128 avg=9.5516
Memory Partition 5: 
Cache L2_bank_010:
MSHR contents

Cache L2_bank_011:
MSHR contents

In Dram Latency Queue (total = 0): 
DRAM[5]: 16 bks, busW=8 BL=4 CL=12, tRRD=3 tCCD=1, tRCD=12 tRAS=28 tRP=12 tRC=40
n_cmd=205601 n_nop=131835 n_act=12310 n_pre=12294 n_ref_event=0 n_req=51538 n_rd=49152 n_rd_L2_A=0 n_write=0 n_wr_bk=9544 bw_util=0.571
n_activity=157615 dram_eff=0.7448
bk0: 3120a 173997i bk1: 3120a 174538i bk2: 3088a 171612i bk3: 3088a 173471i bk4: 3040a 173178i bk5: 3040a 173909i bk6: 3040a 172996i bk7: 3040a 174752i bk8: 3040a 173670i bk9: 3040a 174218i bk10: 3040a 173015i bk11: 3040a 175146i bk12: 3088a 173222i bk13: 3088a 174012i bk14: 3120a 173463i bk15: 3120a 174603i 

------------------------------------------------------------------------

Row_Buffer_Locality = 0.761147
Row_Buffer_Locality_read = 0.794739
Row_Buffer_Locality_write = 0.069153
Bank_Level_Parallism = 3.744718
Bank_Level_Parallism_Col = 2.633652
Bank_Level_Parallism_Ready = 1.449111
write_to_read_ratio_blp_rw_average = 0.278153
GrpLevelPara = 1.933585 

BW Util details:
bwutil = 0.570970 
total_CMD = 205601 
util_bw = 58696 
Wasted_Col = 75638 
Wasted_Row = 15571 
Idle = 55696 

BW Util Bottlenecks: 
RCDc_limit = 69427 
RCDWRc_limit = 12824 
WTRc_limit = 17558 
RTWc_limit = 48583 
CCDLc_limit = 41023 
rwq = 0 
CCDLc_limit_alone = 36839 
WTRc_limit_alone = 16409 
RTWc_limit_alone = 45548 

Commands details: 
total_CMD = 205601 
n_nop = 131835 
Read = 49152 
Write = 0 
L2_Alloc = 0 
L2_WB = 9544 
n_act = 12310 
n_pre = 12294 
n_ref = 0 
n_req = 51538 
total_req = 58696 

Dual Bus Interface Util: 
issued_total_row = 24604 
issued_total_col = 58696 
Row_Bus_Util =  0.119669 
CoL_Bus_Util = 0.285485 
Either_Row_CoL_Bus_Util = 0.358782 
Issued_on_Two_Bus_Simul_Util = 0.046371 
issued_two_Eff = 0.129247 
queue_avg = 9.466885 


dram_util_bins: 0 0 0 0 0 0 0 0 0 0
dram_eff_bins: 0 0 0 0 0 0 0 0 0 0
mrqq: max=120 avg=9.46688
Memory Partition 6: 
Cache L2_bank_012:
MSHR contents

Cache L2_bank_013:
MSHR contents

In Dram Latency Queue (total = 1): 
Ready @ 117969 -   mf: uid=18185787, sid4294967295:w4294967295, part=6, addr=0xc07724c00, store, size=128, L2_WRBK  status = IN_PARTITION_DRAM_LATENCY_QUEUE (117715), 
DRAM[6]: 16 bks, busW=8 BL=4 CL=12, tRRD=3 tCCD=1, tRCD=12 tRAS=28 tRP=12 tRC=40
n_cmd=205601 n_nop=131935 n_act=12335 n_pre=12319 n_ref_event=0 n_req=51510 n_rd=49152 n_rd_L2_A=0 n_write=0 n_wr_bk=9432 bw_util=0.5699
n_activity=156596 dram_eff=0.7482
bk0: 3120a 172626i bk1: 3120a 173901i bk2: 3088a 172482i bk3: 3088a 173633i bk4: 3040a 171569i bk5: 3040a 174219i bk6: 3040a 173961i bk7: 3040a 174721i bk8: 3040a 173316i bk9: 3040a 174505i bk10: 3040a 173375i bk11: 3040a 174858i bk12: 3088a 172764i bk13: 3088a 174695i bk14: 3120a 173231i bk15: 3120a 175409i 

------------------------------------------------------------------------

Row_Buffer_Locality = 0.760532
Row_Buffer_Locality_read = 0.794047
Row_Buffer_Locality_write = 0.061917
Bank_Level_Parallism = 3.764815
Bank_Level_Parallism_Col = 2.630378
Bank_Level_Parallism_Ready = 1.456285
write_to_read_ratio_blp_rw_average = 0.271538
GrpLevelPara = 1.930748 

BW Util details:
bwutil = 0.569880 
total_CMD = 205601 
util_bw = 58584 
Wasted_Col = 75395 
Wasted_Row = 15261 
Idle = 56361 

BW Util Bottlenecks: 
RCDc_limit = 69555 
RCDWRc_limit = 12524 
WTRc_limit = 18453 
RTWc_limit = 47177 
CCDLc_limit = 40695 
rwq = 0 
CCDLc_limit_alone = 36275 
WTRc_limit_alone = 17146 
RTWc_limit_alone = 44064 

Commands details: 
total_CMD = 205601 
n_nop = 131935 
Read = 49152 
Write = 0 
L2_Alloc = 0 
L2_WB = 9432 
n_act = 12335 
n_pre = 12319 
n_ref = 0 
n_req = 51510 
total_req = 58584 

Dual Bus Interface Util: 
issued_total_row = 24654 
issued_total_col = 58584 
Row_Bus_Util =  0.119912 
CoL_Bus_Util = 0.284940 
Either_Row_CoL_Bus_Util = 0.358296 
Issued_on_Two_Bus_Simul_Util = 0.046556 
issued_two_Eff = 0.129938 
queue_avg = 9.561286 


dram_util_bins: 0 0 0 0 0 0 0 0 0 0
dram_eff_bins: 0 0 0 0 0 0 0 0 0 0
mrqq: max=127 avg=9.56129
Memory Partition 7: 
Cache L2_bank_014:
MSHR contents

Cache L2_bank_015:
MSHR contents

In Dram Latency Queue (total = 0): 
DRAM[7]: 16 bks, busW=8 BL=4 CL=12, tRRD=3 tCCD=1, tRCD=12 tRAS=28 tRP=12 tRC=40
n_cmd=205601 n_nop=131985 n_act=12319 n_pre=12303 n_ref_event=0 n_req=51514 n_rd=49152 n_rd_L2_A=0 n_write=0 n_wr_bk=9448 bw_util=0.57
n_activity=156401 dram_eff=0.7494
bk0: 3120a 173027i bk1: 3120a 174062i bk2: 3088a 171816i bk3: 3088a 174021i bk4: 3040a 173233i bk5: 3040a 173498i bk6: 3040a 173267i bk7: 3040a 174854i bk8: 3040a 173547i bk9: 3040a 174320i bk10: 3040a 173204i bk11: 3040a 175864i bk12: 3088a 172857i bk13: 3088a 174030i bk14: 3120a 173338i bk15: 3120a 174640i 

------------------------------------------------------------------------

Row_Buffer_Locality = 0.760861
Row_Buffer_Locality_read = 0.793844
Row_Buffer_Locality_write = 0.074513
Bank_Level_Parallism = 3.762770
Bank_Level_Parallism_Col = 2.629478
Bank_Level_Parallism_Ready = 1.452850
write_to_read_ratio_blp_rw_average = 0.270990
GrpLevelPara = 1.911309 

BW Util details:
bwutil = 0.570036 
total_CMD = 205601 
util_bw = 58600 
Wasted_Col = 75357 
Wasted_Row = 15282 
Idle = 56362 

BW Util Bottlenecks: 
RCDc_limit = 69629 
RCDWRc_limit = 12361 
WTRc_limit = 17554 
RTWc_limit = 46867 
CCDLc_limit = 40846 
rwq = 0 
CCDLc_limit_alone = 36517 
WTRc_limit_alone = 16336 
RTWc_limit_alone = 43756 

Commands details: 
total_CMD = 205601 
n_nop = 131985 
Read = 49152 
Write = 0 
L2_Alloc = 0 
L2_WB = 9448 
n_act = 12319 
n_pre = 12303 
n_ref = 0 
n_req = 51514 
total_req = 58600 

Dual Bus Interface Util: 
issued_total_row = 24622 
issued_total_col = 58600 
Row_Bus_Util =  0.119756 
CoL_Bus_Util = 0.285018 
Either_Row_CoL_Bus_Util = 0.358053 
Issued_on_Two_Bus_Simul_Util = 0.046722 
issued_two_Eff = 0.130488 
queue_avg = 9.784486 


dram_util_bins: 0 0 0 0 0 0 0 0 0 0
dram_eff_bins: 0 0 0 0 0 0 0 0 0 0
mrqq: max=117 avg=9.78449
Memory Partition 8: 
Cache L2_bank_016:
MSHR contents

Cache L2_bank_017:
MSHR contents

In Dram Latency Queue (total = 0): 
DRAM[8]: 16 bks, busW=8 BL=4 CL=12, tRRD=3 tCCD=1, tRCD=12 tRAS=28 tRP=12 tRC=40
n_cmd=205601 n_nop=131907 n_act=12273 n_pre=12257 n_ref_event=0 n_req=51506 n_rd=49152 n_rd_L2_A=0 n_write=0 n_wr_bk=9416 bw_util=0.5697
n_activity=157393 dram_eff=0.7442
bk0: 3120a 174205i bk1: 3120a 174475i bk2: 3088a 173033i bk3: 3088a 173505i bk4: 3040a 174160i bk5: 3040a 174426i bk6: 3040a 174906i bk7: 3040a 174701i bk8: 3040a 173697i bk9: 3040a 174899i bk10: 3040a 173742i bk11: 3040a 175180i bk12: 3088a 173115i bk13: 3088a 173672i bk14: 3120a 173187i bk15: 3120a 174376i 

------------------------------------------------------------------------

Row_Buffer_Locality = 0.761717
Row_Buffer_Locality_read = 0.794637
Row_Buffer_Locality_write = 0.074342
Bank_Level_Parallism = 3.704583
Bank_Level_Parallism_Col = 2.595213
Bank_Level_Parallism_Ready = 1.455949
write_to_read_ratio_blp_rw_average = 0.266984
GrpLevelPara = 1.906196 

BW Util details:
bwutil = 0.569725 
total_CMD = 205601 
util_bw = 58568 
Wasted_Col = 75554 
Wasted_Row = 15920 
Idle = 55559 

BW Util Bottlenecks: 
RCDc_limit = 69614 
RCDWRc_limit = 12540 
WTRc_limit = 18239 
RTWc_limit = 44511 
CCDLc_limit = 40265 
rwq = 0 
CCDLc_limit_alone = 36101 
WTRc_limit_alone = 16894 
RTWc_limit_alone = 41692 

Commands details: 
total_CMD = 205601 
n_nop = 131907 
Read = 49152 
Write = 0 
L2_Alloc = 0 
L2_WB = 9416 
n_act = 12273 
n_pre = 12257 
n_ref = 0 
n_req = 51506 
total_req = 58568 

Dual Bus Interface Util: 
issued_total_row = 24530 
issued_total_col = 58568 
Row_Bus_Util =  0.119309 
CoL_Bus_Util = 0.284862 
Either_Row_CoL_Bus_Util = 0.358432 
Issued_on_Two_Bus_Simul_Util = 0.045739 
issued_two_Eff = 0.127609 
queue_avg = 9.518081 


dram_util_bins: 0 0 0 0 0 0 0 0 0 0
dram_eff_bins: 0 0 0 0 0 0 0 0 0 0
mrqq: max=120 avg=9.51808
Memory Partition 9: 
Cache L2_bank_018:
MSHR contents

Cache L2_bank_019:
MSHR contents

In Dram Latency Queue (total = 0): 
DRAM[9]: 16 bks, busW=8 BL=4 CL=12, tRRD=3 tCCD=1, tRCD=12 tRAS=28 tRP=12 tRC=40
n_cmd=205601 n_nop=131986 n_act=12314 n_pre=12298 n_ref_event=0 n_req=51514 n_rd=49152 n_rd_L2_A=0 n_write=0 n_wr_bk=9448 bw_util=0.57
n_activity=157607 dram_eff=0.7436
bk0: 3120a 173331i bk1: 3120a 174374i bk2: 3088a 173319i bk3: 3088a 173078i bk4: 3040a 172649i bk5: 3040a 174015i bk6: 3040a 173495i bk7: 3040a 174182i bk8: 3040a 173940i bk9: 3040a 174936i bk10: 3040a 173566i bk11: 3040a 175647i bk12: 3088a 172148i bk13: 3088a 174464i bk14: 3120a 171949i bk15: 3120a 174667i 

------------------------------------------------------------------------

Row_Buffer_Locality = 0.760958
Row_Buffer_Locality_read = 0.794434
Row_Buffer_Locality_write = 0.064352
Bank_Level_Parallism = 3.734922
Bank_Level_Parallism_Col = 2.621022
Bank_Level_Parallism_Ready = 1.454130
write_to_read_ratio_blp_rw_average = 0.275440
GrpLevelPara = 1.926982 

BW Util details:
bwutil = 0.570036 
total_CMD = 205601 
util_bw = 58600 
Wasted_Col = 75649 
Wasted_Row = 16054 
Idle = 55298 

BW Util Bottlenecks: 
RCDc_limit = 69265 
RCDWRc_limit = 12686 
WTRc_limit = 17445 
RTWc_limit = 47246 
CCDLc_limit = 40550 
rwq = 0 
CCDLc_limit_alone = 36467 
WTRc_limit_alone = 16355 
RTWc_limit_alone = 44253 

Commands details: 
total_CMD = 205601 
n_nop = 131986 
Read = 49152 
Write = 0 
L2_Alloc = 0 
L2_WB = 9448 
n_act = 12314 
n_pre = 12298 
n_ref = 0 
n_req = 51514 
total_req = 58600 

Dual Bus Interface Util: 
issued_total_row = 24612 
issued_total_col = 58600 
Row_Bus_Util =  0.119708 
CoL_Bus_Util = 0.285018 
Either_Row_CoL_Bus_Util = 0.358048 
Issued_on_Two_Bus_Simul_Util = 0.046678 
issued_two_Eff = 0.130367 
queue_avg = 9.605313 


dram_util_bins: 0 0 0 0 0 0 0 0 0 0
dram_eff_bins: 0 0 0 0 0 0 0 0 0 0
mrqq: max=116 avg=9.60531
Memory Partition 10: 
Cache L2_bank_020:
MSHR contents

Cache L2_bank_021:
MSHR contents

In Dram Latency Queue (total = 1): 
Ready @ 117846 -   mf: uid=18185781, sid4294967295:w4294967295, part=10, addr=0xc065ebb80, store, size=128, L2_WRBK  status = IN_PARTITION_DRAM_LATENCY_QUEUE (117592), 
DRAM[10]: 16 bks, busW=8 BL=4 CL=12, tRRD=3 tCCD=1, tRCD=12 tRAS=28 tRP=12 tRC=40
n_cmd=205601 n_nop=132048 n_act=12352 n_pre=12336 n_ref_event=0 n_req=51506 n_rd=49152 n_rd_L2_A=0 n_write=0 n_wr_bk=9416 bw_util=0.5697
n_activity=156943 dram_eff=0.7464
bk0: 3120a 172708i bk1: 3120a 174098i bk2: 3088a 172915i bk3: 3088a 174167i bk4: 3040a 171862i bk5: 3040a 173207i bk6: 3040a 173278i bk7: 3040a 174802i bk8: 3040a 172884i bk9: 3040a 174783i bk10: 3040a 172252i bk11: 3040a 175559i bk12: 3088a 171318i bk13: 3088a 174345i bk14: 3120a 172320i bk15: 3120a 173760i 

------------------------------------------------------------------------

Row_Buffer_Locality = 0.760183
Row_Buffer_Locality_read = 0.793437
Row_Buffer_Locality_write = 0.065845
Bank_Level_Parallism = 3.790110
Bank_Level_Parallism_Col = 2.656139
Bank_Level_Parallism_Ready = 1.457485
write_to_read_ratio_blp_rw_average = 0.274209
GrpLevelPara = 1.930060 

BW Util details:
bwutil = 0.569725 
total_CMD = 205601 
util_bw = 58568 
Wasted_Col = 75352 
Wasted_Row = 15644 
Idle = 56037 

BW Util Bottlenecks: 
RCDc_limit = 69324 
RCDWRc_limit = 12365 
WTRc_limit = 17776 
RTWc_limit = 47831 
CCDLc_limit = 41580 
rwq = 0 
CCDLc_limit_alone = 37157 
WTRc_limit_alone = 16359 
RTWc_limit_alone = 44825 

Commands details: 
total_CMD = 205601 
n_nop = 132048 
Read = 49152 
Write = 0 
L2_Alloc = 0 
L2_WB = 9416 
n_act = 12352 
n_pre = 12336 
n_ref = 0 
n_req = 51506 
total_req = 58568 

Dual Bus Interface Util: 
issued_total_row = 24688 
issued_total_col = 58568 
Row_Bus_Util =  0.120077 
CoL_Bus_Util = 0.284862 
Either_Row_CoL_Bus_Util = 0.357746 
Issued_on_Two_Bus_Simul_Util = 0.047193 
issued_two_Eff = 0.131918 
queue_avg = 9.858298 


dram_util_bins: 0 0 0 0 0 0 0 0 0 0
dram_eff_bins: 0 0 0 0 0 0 0 0 0 0
mrqq: max=125 avg=9.8583
Memory Partition 11: 
Cache L2_bank_022:
MSHR contents

Cache L2_bank_023:
MSHR contents

In Dram Latency Queue (total = 0): 
DRAM[11]: 16 bks, busW=8 BL=4 CL=12, tRRD=3 tCCD=1, tRCD=12 tRAS=28 tRP=12 tRC=40
n_cmd=205601 n_nop=132113 n_act=12304 n_pre=12288 n_ref_event=0 n_req=51482 n_rd=49152 n_rd_L2_A=0 n_write=0 n_wr_bk=9320 bw_util=0.5688
n_activity=157509 dram_eff=0.7425
bk0: 3120a 173794i bk1: 3120a 174876i bk2: 3088a 172436i bk3: 3088a 173125i bk4: 3040a 172916i bk5: 3040a 173580i bk6: 3040a 174941i bk7: 3040a 174170i bk8: 3040a 174242i bk9: 3040a 175249i bk10: 3040a 172650i bk11: 3040a 175044i bk12: 3088a 172597i bk13: 3088a 173809i bk14: 3120a 171911i bk15: 3120a 174163i 

------------------------------------------------------------------------

Row_Buffer_Locality = 0.761004
Row_Buffer_Locality_read = 0.793966
Row_Buffer_Locality_write = 0.065665
Bank_Level_Parallism = 3.738508
Bank_Level_Parallism_Col = 2.621057
Bank_Level_Parallism_Ready = 1.439407
write_to_read_ratio_blp_rw_average = 0.273207
GrpLevelPara = 1.913041 

BW Util details:
bwutil = 0.568791 
total_CMD = 205601 
util_bw = 58472 
Wasted_Col = 75830 
Wasted_Row = 15917 
Idle = 55382 

BW Util Bottlenecks: 
RCDc_limit = 70047 
RCDWRc_limit = 12296 
WTRc_limit = 16636 
RTWc_limit = 47513 
CCDLc_limit = 41193 
rwq = 0 
CCDLc_limit_alone = 36795 
WTRc_limit_alone = 15446 
RTWc_limit_alone = 44305 

Commands details: 
total_CMD = 205601 
n_nop = 132113 
Read = 49152 
Write = 0 
L2_Alloc = 0 
L2_WB = 9320 
n_act = 12304 
n_pre = 12288 
n_ref = 0 
n_req = 51482 
total_req = 58472 

Dual Bus Interface Util: 
issued_total_row = 24592 
issued_total_col = 58472 
Row_Bus_Util =  0.119610 
CoL_Bus_Util = 0.284396 
Either_Row_CoL_Bus_Util = 0.357430 
Issued_on_Two_Bus_Simul_Util = 0.046576 
issued_two_Eff = 0.130307 
queue_avg = 9.690045 


dram_util_bins: 0 0 0 0 0 0 0 0 0 0
dram_eff_bins: 0 0 0 0 0 0 0 0 0 0
mrqq: max=117 avg=9.69005
Memory Partition 12: 
Cache L2_bank_024:
MSHR contents

Cache L2_bank_025:
MSHR contents

In Dram Latency Queue (total = 0): 
DRAM[12]: 16 bks, busW=8 BL=4 CL=12, tRRD=3 tCCD=1, tRCD=12 tRAS=28 tRP=12 tRC=40
n_cmd=205601 n_nop=131972 n_act=12312 n_pre=12296 n_ref_event=0 n_req=51520 n_rd=49152 n_rd_L2_A=0 n_write=0 n_wr_bk=9472 bw_util=0.5703
n_activity=157253 dram_eff=0.7456
bk0: 3120a 173495i bk1: 3120a 175093i bk2: 3088a 172790i bk3: 3088a 173353i bk4: 3040a 172742i bk5: 3040a 174504i bk6: 3040a 174017i bk7: 3040a 175192i bk8: 3040a 173204i bk9: 3040a 174205i bk10: 3040a 172975i bk11: 3040a 175155i bk12: 3088a 173516i bk13: 3088a 173533i bk14: 3120a 173518i bk15: 3120a 174716i 

------------------------------------------------------------------------

Row_Buffer_Locality = 0.761025
Row_Buffer_Locality_read = 0.794210
Row_Buffer_Locality_write = 0.072213
Bank_Level_Parallism = 3.727073
Bank_Level_Parallism_Col = 2.604175
Bank_Level_Parallism_Ready = 1.441747
write_to_read_ratio_blp_rw_average = 0.270617
GrpLevelPara = 1.906085 

BW Util details:
bwutil = 0.570270 
total_CMD = 205601 
util_bw = 58624 
Wasted_Col = 75810 
Wasted_Row = 15584 
Idle = 55583 

BW Util Bottlenecks: 
RCDc_limit = 69639 
RCDWRc_limit = 12528 
WTRc_limit = 18384 
RTWc_limit = 46636 
CCDLc_limit = 40824 
rwq = 0 
CCDLc_limit_alone = 36564 
WTRc_limit_alone = 17092 
RTWc_limit_alone = 43668 

Commands details: 
total_CMD = 205601 
n_nop = 131972 
Read = 49152 
Write = 0 
L2_Alloc = 0 
L2_WB = 9472 
n_act = 12312 
n_pre = 12296 
n_ref = 0 
n_req = 51520 
total_req = 58624 

Dual Bus Interface Util: 
issued_total_row = 24608 
issued_total_col = 58624 
Row_Bus_Util =  0.119688 
CoL_Bus_Util = 0.285135 
Either_Row_CoL_Bus_Util = 0.358116 
Issued_on_Two_Bus_Simul_Util = 0.046707 
issued_two_Eff = 0.130424 
queue_avg = 9.774821 


dram_util_bins: 0 0 0 0 0 0 0 0 0 0
dram_eff_bins: 0 0 0 0 0 0 0 0 0 0
mrqq: max=128 avg=9.77482
Memory Partition 13: 
Cache L2_bank_026:
MSHR contents

Cache L2_bank_027:
MSHR contents

In Dram Latency Queue (total = 0): 
DRAM[13]: 16 bks, busW=8 BL=4 CL=12, tRRD=3 tCCD=1, tRCD=12 tRAS=28 tRP=12 tRC=40
n_cmd=205601 n_nop=131766 n_act=12324 n_pre=12308 n_ref_event=0 n_req=51537 n_rd=49152 n_rd_L2_A=0 n_write=0 n_wr_bk=9540 bw_util=0.5709
n_activity=157391 dram_eff=0.7458
bk0: 3120a 174632i bk1: 3120a 174659i bk2: 3088a 171850i bk3: 3088a 172725i bk4: 3040a 172282i bk5: 3040a 174283i bk6: 3040a 173551i bk7: 3040a 175298i bk8: 3040a 173046i bk9: 3040a 173707i bk10: 3040a 172947i bk11: 3040a 174876i bk12: 3088a 172816i bk13: 3088a 174355i bk14: 3120a 172767i bk15: 3120a 174329i 

------------------------------------------------------------------------

Row_Buffer_Locality = 0.760871
Row_Buffer_Locality_read = 0.794250
Row_Buffer_Locality_write = 0.072956
Bank_Level_Parallism = 3.759699
Bank_Level_Parallism_Col = 2.652079
Bank_Level_Parallism_Ready = 1.456127
write_to_read_ratio_blp_rw_average = 0.277208
GrpLevelPara = 1.940642 

BW Util details:
bwutil = 0.570931 
total_CMD = 205601 
util_bw = 58692 
Wasted_Col = 75285 
Wasted_Row = 15777 
Idle = 55847 

BW Util Bottlenecks: 
RCDc_limit = 69461 
RCDWRc_limit = 12615 
WTRc_limit = 17602 
RTWc_limit = 48808 
CCDLc_limit = 40488 
rwq = 0 
CCDLc_limit_alone = 36237 
WTRc_limit_alone = 16458 
RTWc_limit_alone = 45701 

Commands details: 
total_CMD = 205601 
n_nop = 131766 
Read = 49152 
Write = 0 
L2_Alloc = 0 
L2_WB = 9540 
n_act = 12324 
n_pre = 12308 
n_ref = 0 
n_req = 51537 
total_req = 58692 

Dual Bus Interface Util: 
issued_total_row = 24632 
issued_total_col = 58692 
Row_Bus_Util =  0.119805 
CoL_Bus_Util = 0.285466 
Either_Row_CoL_Bus_Util = 0.359118 
Issued_on_Two_Bus_Simul_Util = 0.046152 
issued_two_Eff = 0.128516 
queue_avg = 9.529088 


dram_util_bins: 0 0 0 0 0 0 0 0 0 0
dram_eff_bins: 0 0 0 0 0 0 0 0 0 0
mrqq: max=113 avg=9.52909
Memory Partition 14: 
Cache L2_bank_028:
MSHR contents

Cache L2_bank_029:
MSHR contents

In Dram Latency Queue (total = 0): 
DRAM[14]: 16 bks, busW=8 BL=4 CL=12, tRRD=3 tCCD=1, tRCD=12 tRAS=28 tRP=12 tRC=40
n_cmd=205601 n_nop=132044 n_act=12279 n_pre=12263 n_ref_event=0 n_req=51501 n_rd=49152 n_rd_L2_A=0 n_write=0 n_wr_bk=9396 bw_util=0.5695
n_activity=156402 dram_eff=0.7487
bk0: 3120a 172294i bk1: 3120a 174109i bk2: 3088a 171977i bk3: 3088a 173550i bk4: 3040a 172405i bk5: 3040a 175222i bk6: 3040a 174142i bk7: 3040a 175435i bk8: 3040a 174449i bk9: 3040a 175333i bk10: 3040a 174396i bk11: 3040a 174709i bk12: 3088a 173527i bk13: 3088a 173733i bk14: 3120a 173380i bk15: 3120a 175274i 

------------------------------------------------------------------------

Row_Buffer_Locality = 0.761577
Row_Buffer_Locality_read = 0.794841
Row_Buffer_Locality_write = 0.065560
Bank_Level_Parallism = 3.743773
Bank_Level_Parallism_Col = 2.614097
Bank_Level_Parallism_Ready = 1.452859
write_to_read_ratio_blp_rw_average = 0.265531
GrpLevelPara = 1.918568 

BW Util details:
bwutil = 0.569530 
total_CMD = 205601 
util_bw = 58548 
Wasted_Col = 74717 
Wasted_Row = 15564 
Idle = 56772 

BW Util Bottlenecks: 
RCDc_limit = 68932 
RCDWRc_limit = 12452 
WTRc_limit = 18274 
RTWc_limit = 45079 
CCDLc_limit = 40278 
rwq = 0 
CCDLc_limit_alone = 36025 
WTRc_limit_alone = 16840 
RTWc_limit_alone = 42260 

Commands details: 
total_CMD = 205601 
n_nop = 132044 
Read = 49152 
Write = 0 
L2_Alloc = 0 
L2_WB = 9396 
n_act = 12279 
n_pre = 12263 
n_ref = 0 
n_req = 51501 
total_req = 58548 

Dual Bus Interface Util: 
issued_total_row = 24542 
issued_total_col = 58548 
Row_Bus_Util =  0.119367 
CoL_Bus_Util = 0.284765 
Either_Row_CoL_Bus_Util = 0.357766 
Issued_on_Two_Bus_Simul_Util = 0.046367 
issued_two_Eff = 0.129600 
queue_avg = 9.537595 


dram_util_bins: 0 0 0 0 0 0 0 0 0 0
dram_eff_bins: 0 0 0 0 0 0 0 0 0 0
mrqq: max=125 avg=9.53759
Memory Partition 15: 
Cache L2_bank_030:
MSHR contents

Cache L2_bank_031:
MSHR contents

In Dram Latency Queue (total = 1): 
Ready @ 117973 -   mf: uid=18185789, sid4294967295:w4294967295, part=15, addr=0xc06c93b80, store, size=128, L2_WRBK  status = IN_PARTITION_DRAM_LATENCY_QUEUE (117719), 
DRAM[15]: 16 bks, busW=8 BL=4 CL=12, tRRD=3 tCCD=1, tRCD=12 tRAS=28 tRP=12 tRC=40
n_cmd=205601 n_nop=131981 n_act=12318 n_pre=12302 n_ref_event=0 n_req=51509 n_rd=49152 n_rd_L2_A=0 n_write=0 n_wr_bk=9428 bw_util=0.5698
n_activity=156575 dram_eff=0.7483
bk0: 3120a 174956i bk1: 3120a 174653i bk2: 3088a 172016i bk3: 3088a 173439i bk4: 3040a 172713i bk5: 3040a 173120i bk6: 3040a 173441i bk7: 3040a 174774i bk8: 3040a 173307i bk9: 3040a 173830i bk10: 3040a 172664i bk11: 3040a 174179i bk12: 3088a 173044i bk13: 3088a 173793i bk14: 3120a 172840i bk15: 3120a 173974i 

------------------------------------------------------------------------

Row_Buffer_Locality = 0.760857
Row_Buffer_Locality_read = 0.793966
Row_Buffer_Locality_write = 0.070429
Bank_Level_Parallism = 3.776596
Bank_Level_Parallism_Col = 2.646064
Bank_Level_Parallism_Ready = 1.462342
write_to_read_ratio_blp_rw_average = 0.267836
GrpLevelPara = 1.926788 

BW Util details:
bwutil = 0.569842 
total_CMD = 205601 
util_bw = 58580 
Wasted_Col = 75323 
Wasted_Row = 15539 
Idle = 56159 

BW Util Bottlenecks: 
RCDc_limit = 69761 
RCDWRc_limit = 12357 
WTRc_limit = 17137 
RTWc_limit = 48302 
CCDLc_limit = 40741 
rwq = 0 
CCDLc_limit_alone = 36536 
WTRc_limit_alone = 16019 
RTWc_limit_alone = 45215 

Commands details: 
total_CMD = 205601 
n_nop = 131981 
Read = 49152 
Write = 0 
L2_Alloc = 0 
L2_WB = 9428 
n_act = 12318 
n_pre = 12302 
n_ref = 0 
n_req = 51509 
total_req = 58580 

Dual Bus Interface Util: 
issued_total_row = 24620 
issued_total_col = 58580 
Row_Bus_Util =  0.119746 
CoL_Bus_Util = 0.284921 
Either_Row_CoL_Bus_Util = 0.358072 
Issued_on_Two_Bus_Simul_Util = 0.046595 
issued_two_Eff = 0.130128 
queue_avg = 9.776718 


dram_util_bins: 0 0 0 0 0 0 0 0 0 0
dram_eff_bins: 0 0 0 0 0 0 0 0 0 0
mrqq: max=117 avg=9.77672
Memory Partition 16: 
Cache L2_bank_032:
MSHR contents

Cache L2_bank_033:
MSHR contents

In Dram Latency Queue (total = 0): 
DRAM[16]: 16 bks, busW=8 BL=4 CL=12, tRRD=3 tCCD=1, tRCD=12 tRAS=28 tRP=12 tRC=40
n_cmd=205601 n_nop=132248 n_act=12047 n_pre=12031 n_ref_event=0 n_req=51481 n_rd=49152 n_rd_L2_A=0 n_write=0 n_wr_bk=9316 bw_util=0.5688
n_activity=156923 dram_eff=0.7452
bk0: 3120a 173569i bk1: 3120a 175674i bk2: 3088a 174080i bk3: 3088a 174864i bk4: 3040a 174564i bk5: 3040a 174536i bk6: 3040a 174622i bk7: 3040a 174901i bk8: 3040a 174986i bk9: 3040a 174574i bk10: 3040a 172518i bk11: 3040a 175835i bk12: 3088a 172969i bk13: 3088a 174267i bk14: 3120a 174039i bk15: 3120a 174801i 

------------------------------------------------------------------------

Row_Buffer_Locality = 0.765991
Row_Buffer_Locality_read = 0.799683
Row_Buffer_Locality_write = 0.054959
Bank_Level_Parallism = 3.675686
Bank_Level_Parallism_Col = 2.603321
Bank_Level_Parallism_Ready = 1.448844
write_to_read_ratio_blp_rw_average = 0.275437
GrpLevelPara = 1.914150 

BW Util details:
bwutil = 0.568752 
total_CMD = 205601 
util_bw = 58468 
Wasted_Col = 75091 
Wasted_Row = 16154 
Idle = 55888 

BW Util Bottlenecks: 
RCDc_limit = 68194 
RCDWRc_limit = 12687 
WTRc_limit = 16903 
RTWc_limit = 46820 
CCDLc_limit = 40493 
rwq = 0 
CCDLc_limit_alone = 36540 
WTRc_limit_alone = 15739 
RTWc_limit_alone = 44031 

Commands details: 
total_CMD = 205601 
n_nop = 132248 
Read = 49152 
Write = 0 
L2_Alloc = 0 
L2_WB = 9316 
n_act = 12047 
n_pre = 12031 
n_ref = 0 
n_req = 51481 
total_req = 58468 

Dual Bus Interface Util: 
issued_total_row = 24078 
issued_total_col = 58468 
Row_Bus_Util =  0.117110 
CoL_Bus_Util = 0.284376 
Either_Row_CoL_Bus_Util = 0.356774 
Issued_on_Two_Bus_Simul_Util = 0.044713 
issued_two_Eff = 0.125325 
queue_avg = 9.686407 


dram_util_bins: 0 0 0 0 0 0 0 0 0 0
dram_eff_bins: 0 0 0 0 0 0 0 0 0 0
mrqq: max=102 avg=9.68641
Memory Partition 17: 
Cache L2_bank_034:
MSHR contents

Cache L2_bank_035:
MSHR contents

In Dram Latency Queue (total = 0): 
DRAM[17]: 16 bks, busW=8 BL=4 CL=12, tRRD=3 tCCD=1, tRCD=12 tRAS=28 tRP=12 tRC=40
n_cmd=205601 n_nop=132185 n_act=12056 n_pre=12040 n_ref_event=0 n_req=51498 n_rd=49152 n_rd_L2_A=0 n_write=0 n_wr_bk=9384 bw_util=0.5694
n_activity=157248 dram_eff=0.7445
bk0: 3120a 174834i bk1: 3120a 174577i bk2: 3088a 174134i bk3: 3088a 174817i bk4: 3040a 173701i bk5: 3040a 174832i bk6: 3040a 174810i bk7: 3040a 174633i bk8: 3040a 173632i bk9: 3040a 176175i bk10: 3040a 174106i bk11: 3040a 175207i bk12: 3088a 173113i bk13: 3088a 175247i bk14: 3120a 174319i bk15: 3120a 175486i 

------------------------------------------------------------------------

Row_Buffer_Locality = 0.765894
Row_Buffer_Locality_read = 0.799398
Row_Buffer_Locality_write = 0.063939
Bank_Level_Parallism = 3.657426
Bank_Level_Parallism_Col = 2.569057
Bank_Level_Parallism_Ready = 1.449843
write_to_read_ratio_blp_rw_average = 0.267369
GrpLevelPara = 1.899444 

BW Util details:
bwutil = 0.569414 
total_CMD = 205601 
util_bw = 58536 
Wasted_Col = 75802 
Wasted_Row = 15355 
Idle = 55908 

BW Util Bottlenecks: 
RCDc_limit = 68553 
RCDWRc_limit = 12607 
WTRc_limit = 17697 
RTWc_limit = 44242 
CCDLc_limit = 40453 
rwq = 0 
CCDLc_limit_alone = 36626 
WTRc_limit_alone = 16560 
RTWc_limit_alone = 41552 

Commands details: 
total_CMD = 205601 
n_nop = 132185 
Read = 49152 
Write = 0 
L2_Alloc = 0 
L2_WB = 9384 
n_act = 12056 
n_pre = 12040 
n_ref = 0 
n_req = 51498 
total_req = 58536 

Dual Bus Interface Util: 
issued_total_row = 24096 
issued_total_col = 58536 
Row_Bus_Util =  0.117198 
CoL_Bus_Util = 0.284707 
Either_Row_CoL_Bus_Util = 0.357080 
Issued_on_Two_Bus_Simul_Util = 0.044825 
issued_two_Eff = 0.125531 
queue_avg = 9.589185 


dram_util_bins: 0 0 0 0 0 0 0 0 0 0
dram_eff_bins: 0 0 0 0 0 0 0 0 0 0
mrqq: max=114 avg=9.58918
Memory Partition 18: 
Cache L2_bank_036:
MSHR contents

Cache L2_bank_037:
MSHR contents

In Dram Latency Queue (total = 0): 
DRAM[18]: 16 bks, busW=8 BL=4 CL=12, tRRD=3 tCCD=1, tRCD=12 tRAS=28 tRP=12 tRC=40
n_cmd=205601 n_nop=132354 n_act=12073 n_pre=12057 n_ref_event=0 n_req=51484 n_rd=49152 n_rd_L2_A=0 n_write=0 n_wr_bk=9328 bw_util=0.5689
n_activity=157349 dram_eff=0.7433
bk0: 3120a 174296i bk1: 3120a 175519i bk2: 3088a 173595i bk3: 3088a 174580i bk4: 3040a 173508i bk5: 3040a 174519i bk6: 3040a 174309i bk7: 3040a 174799i bk8: 3040a 174350i bk9: 3040a 176132i bk10: 3040a 173345i bk11: 3040a 174529i bk12: 3088a 174246i bk13: 3088a 174777i bk14: 3120a 173857i bk15: 3120a 174704i 

------------------------------------------------------------------------

Row_Buffer_Locality = 0.765500
Row_Buffer_Locality_read = 0.799133
Row_Buffer_Locality_write = 0.056604
Bank_Level_Parallism = 3.679188
Bank_Level_Parallism_Col = 2.593322
Bank_Level_Parallism_Ready = 1.451488
write_to_read_ratio_blp_rw_average = 0.270879
GrpLevelPara = 1.911529 

BW Util details:
bwutil = 0.568869 
total_CMD = 205601 
util_bw = 58480 
Wasted_Col = 75819 
Wasted_Row = 15200 
Idle = 56102 

BW Util Bottlenecks: 
RCDc_limit = 68470 
RCDWRc_limit = 12601 
WTRc_limit = 16909 
RTWc_limit = 47410 
CCDLc_limit = 41205 
rwq = 0 
CCDLc_limit_alone = 37169 
WTRc_limit_alone = 15757 
RTWc_limit_alone = 44526 

Commands details: 
total_CMD = 205601 
n_nop = 132354 
Read = 49152 
Write = 0 
L2_Alloc = 0 
L2_WB = 9328 
n_act = 12073 
n_pre = 12057 
n_ref = 0 
n_req = 51484 
total_req = 58480 

Dual Bus Interface Util: 
issued_total_row = 24130 
issued_total_col = 58480 
Row_Bus_Util =  0.117363 
CoL_Bus_Util = 0.284434 
Either_Row_CoL_Bus_Util = 0.356258 
Issued_on_Two_Bus_Simul_Util = 0.045540 
issued_two_Eff = 0.127828 
queue_avg = 9.650036 


dram_util_bins: 0 0 0 0 0 0 0 0 0 0
dram_eff_bins: 0 0 0 0 0 0 0 0 0 0
mrqq: max=128 avg=9.65004
Memory Partition 19: 
Cache L2_bank_038:
MSHR contents

Cache L2_bank_039:
MSHR contents

In Dram Latency Queue (total = 0): 
DRAM[19]: 16 bks, busW=8 BL=4 CL=12, tRRD=3 tCCD=1, tRCD=12 tRAS=28 tRP=12 tRC=40
n_cmd=205601 n_nop=132294 n_act=12020 n_pre=12004 n_ref_event=0 n_req=51490 n_rd=49152 n_rd_L2_A=0 n_write=0 n_wr_bk=9352 bw_util=0.5691
n_activity=157318 dram_eff=0.7438
bk0: 3120a 174419i bk1: 3120a 175756i bk2: 3088a 173592i bk3: 3088a 174631i bk4: 3040a 172108i bk5: 3040a 174556i bk6: 3040a 174638i bk7: 3040a 175486i bk8: 3040a 173851i bk9: 3040a 174386i bk10: 3040a 174375i bk11: 3040a 176080i bk12: 3088a 173278i bk13: 3088a 174504i bk14: 3120a 173580i bk15: 3120a 174479i 

------------------------------------------------------------------------

Row_Buffer_Locality = 0.766557
Row_Buffer_Locality_read = 0.800090
Row_Buffer_Locality_write = 0.061591
Bank_Level_Parallism = 3.679838
Bank_Level_Parallism_Col = 2.612142
Bank_Level_Parallism_Ready = 1.459216
write_to_read_ratio_blp_rw_average = 0.271165
GrpLevelPara = 1.918831 

BW Util details:
bwutil = 0.569102 
total_CMD = 205601 
util_bw = 58504 
Wasted_Col = 75269 
Wasted_Row = 16067 
Idle = 55761 

BW Util Bottlenecks: 
RCDc_limit = 68738 
RCDWRc_limit = 12661 
WTRc_limit = 16587 
RTWc_limit = 47570 
CCDLc_limit = 40621 
rwq = 0 
CCDLc_limit_alone = 36836 
WTRc_limit_alone = 15603 
RTWc_limit_alone = 44769 

Commands details: 
total_CMD = 205601 
n_nop = 132294 
Read = 49152 
Write = 0 
L2_Alloc = 0 
L2_WB = 9352 
n_act = 12020 
n_pre = 12004 
n_ref = 0 
n_req = 51490 
total_req = 58504 

Dual Bus Interface Util: 
issued_total_row = 24024 
issued_total_col = 58504 
Row_Bus_Util =  0.116848 
CoL_Bus_Util = 0.284551 
Either_Row_CoL_Bus_Util = 0.356550 
Issued_on_Two_Bus_Simul_Util = 0.044849 
issued_two_Eff = 0.125786 
queue_avg = 9.787122 


dram_util_bins: 0 0 0 0 0 0 0 0 0 0
dram_eff_bins: 0 0 0 0 0 0 0 0 0 0
mrqq: max=116 avg=9.78712
Memory Partition 20: 
Cache L2_bank_040:
MSHR contents

Cache L2_bank_041:
MSHR contents

In Dram Latency Queue (total = 0): 
DRAM[20]: 16 bks, busW=8 BL=4 CL=12, tRRD=3 tCCD=1, tRCD=12 tRAS=28 tRP=12 tRC=40
n_cmd=205601 n_nop=132169 n_act=12068 n_pre=12052 n_ref_event=0 n_req=51520 n_rd=49152 n_rd_L2_A=0 n_write=0 n_wr_bk=9472 bw_util=0.5703
n_activity=157416 dram_eff=0.7448
bk0: 3120a 174182i bk1: 3120a 174982i bk2: 3088a 171968i bk3: 3088a 174591i bk4: 3040a 173728i bk5: 3040a 174980i bk6: 3040a 174782i bk7: 3040a 175112i bk8: 3040a 174478i bk9: 3040a 175415i bk10: 3040a 174973i bk11: 3040a 175196i bk12: 3088a 174101i bk13: 3088a 174433i bk14: 3120a 172963i bk15: 3120a 175277i 

------------------------------------------------------------------------

Row_Buffer_Locality = 0.765761
Row_Buffer_Locality_read = 0.799581
Row_Buffer_Locality_write = 0.063767
Bank_Level_Parallism = 3.666647
Bank_Level_Parallism_Col = 2.591749
Bank_Level_Parallism_Ready = 1.459658
write_to_read_ratio_blp_rw_average = 0.267306
GrpLevelPara = 1.907392 

BW Util details:
bwutil = 0.570270 
total_CMD = 205601 
util_bw = 58624 
Wasted_Col = 75345 
Wasted_Row = 16025 
Idle = 55607 

BW Util Bottlenecks: 
RCDc_limit = 68237 
RCDWRc_limit = 12555 
WTRc_limit = 17091 
RTWc_limit = 45243 
CCDLc_limit = 41261 
rwq = 0 
CCDLc_limit_alone = 37097 
WTRc_limit_alone = 15923 
RTWc_limit_alone = 42247 

Commands details: 
total_CMD = 205601 
n_nop = 132169 
Read = 49152 
Write = 0 
L2_Alloc = 0 
L2_WB = 9472 
n_act = 12068 
n_pre = 12052 
n_ref = 0 
n_req = 51520 
total_req = 58624 

Dual Bus Interface Util: 
issued_total_row = 24120 
issued_total_col = 58624 
Row_Bus_Util =  0.117315 
CoL_Bus_Util = 0.285135 
Either_Row_CoL_Bus_Util = 0.357158 
Issued_on_Two_Bus_Simul_Util = 0.045292 
issued_two_Eff = 0.126811 
queue_avg = 9.887077 


dram_util_bins: 0 0 0 0 0 0 0 0 0 0
dram_eff_bins: 0 0 0 0 0 0 0 0 0 0
mrqq: max=128 avg=9.88708
Memory Partition 21: 
Cache L2_bank_042:
MSHR contents

Cache L2_bank_043:
MSHR contents

In Dram Latency Queue (total = 0): 
DRAM[21]: 16 bks, busW=8 BL=4 CL=12, tRRD=3 tCCD=1, tRCD=12 tRAS=28 tRP=12 tRC=40
n_cmd=205601 n_nop=132087 n_act=12090 n_pre=12074 n_ref_event=0 n_req=51515 n_rd=49160 n_rd_L2_A=0 n_write=0 n_wr_bk=9420 bw_util=0.5698
n_activity=157497 dram_eff=0.7439
bk0: 3120a 173950i bk1: 3120a 175332i bk2: 3088a 172276i bk3: 3088a 174902i bk4: 3040a 173467i bk5: 3040a 174332i bk6: 3040a 174087i bk7: 3040a 174885i bk8: 3040a 174528i bk9: 3040a 175440i bk10: 3040a 173942i bk11: 3040a 176103i bk12: 3096a 173640i bk13: 3088a 175022i bk14: 3120a 172216i bk15: 3120a 174793i 

------------------------------------------------------------------------

Row_Buffer_Locality = 0.765311
Row_Buffer_Locality_read = 0.799329
Row_Buffer_Locality_write = 0.055202
Bank_Level_Parallism = 3.691037
Bank_Level_Parallism_Col = 2.614421
Bank_Level_Parallism_Ready = 1.448054
write_to_read_ratio_blp_rw_average = 0.276682
GrpLevelPara = 1.928348 

BW Util details:
bwutil = 0.569842 
total_CMD = 205601 
util_bw = 58580 
Wasted_Col = 75419 
Wasted_Row = 15611 
Idle = 55991 

BW Util Bottlenecks: 
RCDc_limit = 67912 
RCDWRc_limit = 12718 
WTRc_limit = 16846 
RTWc_limit = 48518 
CCDLc_limit = 40930 
rwq = 0 
CCDLc_limit_alone = 36940 
WTRc_limit_alone = 15804 
RTWc_limit_alone = 45570 

Commands details: 
total_CMD = 205601 
n_nop = 132087 
Read = 49160 
Write = 0 
L2_Alloc = 0 
L2_WB = 9420 
n_act = 12090 
n_pre = 12074 
n_ref = 0 
n_req = 51515 
total_req = 58580 

Dual Bus Interface Util: 
issued_total_row = 24164 
issued_total_col = 58580 
Row_Bus_Util =  0.117529 
CoL_Bus_Util = 0.284921 
Either_Row_CoL_Bus_Util = 0.357557 
Issued_on_Two_Bus_Simul_Util = 0.044893 
issued_two_Eff = 0.125554 
queue_avg = 9.807920 


dram_util_bins: 0 0 0 0 0 0 0 0 0 0
dram_eff_bins: 0 0 0 0 0 0 0 0 0 0
mrqq: max=123 avg=9.80792
Memory Partition 22: 
Cache L2_bank_044:
MSHR contents

Cache L2_bank_045:
MSHR contents

In Dram Latency Queue (total = 1): 
Ready @ 117967 -   mf: uid=18185786, sid4294967295:w4294967295, part=22, addr=0xc07725c00, store, size=128, L2_WRBK  status = IN_PARTITION_DRAM_LATENCY_QUEUE (117713), 
DRAM[22]: 16 bks, busW=8 BL=4 CL=12, tRRD=3 tCCD=1, tRCD=12 tRAS=28 tRP=12 tRC=40
n_cmd=205601 n_nop=132426 n_act=12077 n_pre=12061 n_ref_event=0 n_req=51496 n_rd=49152 n_rd_L2_A=0 n_write=0 n_wr_bk=9376 bw_util=0.5693
n_activity=156303 dram_eff=0.7489
bk0: 3120a 173650i bk1: 3120a 175448i bk2: 3088a 172442i bk3: 3088a 174470i bk4: 3040a 172719i bk5: 3040a 175053i bk6: 3040a 173213i bk7: 3040a 174544i bk8: 3040a 173540i bk9: 3040a 174915i bk10: 3040a 173956i bk11: 3040a 174971i bk12: 3088a 172972i bk13: 3088a 175075i bk14: 3120a 172576i bk15: 3120a 175241i 

------------------------------------------------------------------------

Row_Buffer_Locality = 0.765477
Row_Buffer_Locality_read = 0.798930
Row_Buffer_Locality_write = 0.063993
Bank_Level_Parallism = 3.747774
Bank_Level_Parallism_Col = 2.660511
Bank_Level_Parallism_Ready = 1.473773
write_to_read_ratio_blp_rw_average = 0.270266
GrpLevelPara = 1.933911 

BW Util details:
bwutil = 0.569336 
total_CMD = 205601 
util_bw = 58528 
Wasted_Col = 74331 
Wasted_Row = 15583 
Idle = 57159 

BW Util Bottlenecks: 
RCDc_limit = 67990 
RCDWRc_limit = 12323 
WTRc_limit = 17049 
RTWc_limit = 47361 
CCDLc_limit = 40869 
rwq = 0 
CCDLc_limit_alone = 36618 
WTRc_limit_alone = 15884 
RTWc_limit_alone = 44275 

Commands details: 
total_CMD = 205601 
n_nop = 132426 
Read = 49152 
Write = 0 
L2_Alloc = 0 
L2_WB = 9376 
n_act = 12077 
n_pre = 12061 
n_ref = 0 
n_req = 51496 
total_req = 58528 

Dual Bus Interface Util: 
issued_total_row = 24138 
issued_total_col = 58528 
Row_Bus_Util =  0.117402 
CoL_Bus_Util = 0.284668 
Either_Row_CoL_Bus_Util = 0.355908 
Issued_on_Two_Bus_Simul_Util = 0.046162 
issued_two_Eff = 0.129703 
queue_avg = 9.659301 


dram_util_bins: 0 0 0 0 0 0 0 0 0 0
dram_eff_bins: 0 0 0 0 0 0 0 0 0 0
mrqq: max=125 avg=9.6593
Memory Partition 23: 
Cache L2_bank_046:
MSHR contents

Cache L2_bank_047:
MSHR contents

In Dram Latency Queue (total = 0): 
DRAM[23]: 16 bks, busW=8 BL=4 CL=12, tRRD=3 tCCD=1, tRCD=12 tRAS=28 tRP=12 tRC=40
n_cmd=205601 n_nop=132326 n_act=12023 n_pre=12007 n_ref_event=0 n_req=51488 n_rd=49152 n_rd_L2_A=0 n_write=0 n_wr_bk=9344 bw_util=0.569
n_activity=156469 dram_eff=0.7477
bk0: 3120a 174826i bk1: 3120a 175600i bk2: 3088a 173743i bk3: 3088a 175070i bk4: 3040a 173859i bk5: 3040a 175553i bk6: 3040a 174499i bk7: 3040a 175383i bk8: 3040a 174359i bk9: 3040a 175197i bk10: 3040a 174733i bk11: 3040a 175920i bk12: 3088a 173770i bk13: 3088a 175398i bk14: 3120a 174436i bk15: 3120a 175444i 

------------------------------------------------------------------------

Row_Buffer_Locality = 0.766489
Row_Buffer_Locality_read = 0.799866
Row_Buffer_Locality_write = 0.064212
Bank_Level_Parallism = 3.653833
Bank_Level_Parallism_Col = 2.566548
Bank_Level_Parallism_Ready = 1.433876
write_to_read_ratio_blp_rw_average = 0.260885
GrpLevelPara = 1.907412 

BW Util details:
bwutil = 0.569024 
total_CMD = 205601 
util_bw = 58496 
Wasted_Col = 74559 
Wasted_Row = 15642 
Idle = 56904 

BW Util Bottlenecks: 
RCDc_limit = 67997 
RCDWRc_limit = 12499 
WTRc_limit = 18000 
RTWc_limit = 43304 
CCDLc_limit = 40090 
rwq = 0 
CCDLc_limit_alone = 36317 
WTRc_limit_alone = 16765 
RTWc_limit_alone = 40766 

Commands details: 
total_CMD = 205601 
n_nop = 132326 
Read = 49152 
Write = 0 
L2_Alloc = 0 
L2_WB = 9344 
n_act = 12023 
n_pre = 12007 
n_ref = 0 
n_req = 51488 
total_req = 58496 

Dual Bus Interface Util: 
issued_total_row = 24030 
issued_total_col = 58496 
Row_Bus_Util =  0.116877 
CoL_Bus_Util = 0.284512 
Either_Row_CoL_Bus_Util = 0.356394 
Issued_on_Two_Bus_Simul_Util = 0.044995 
issued_two_Eff = 0.126250 
queue_avg = 9.791494 


dram_util_bins: 0 0 0 0 0 0 0 0 0 0
dram_eff_bins: 0 0 0 0 0 0 0 0 0 0
mrqq: max=119 avg=9.79149
Memory Partition 24: 
Cache L2_bank_048:
MSHR contents

Cache L2_bank_049:
MSHR contents

In Dram Latency Queue (total = 0): 
DRAM[24]: 16 bks, busW=8 BL=4 CL=12, tRRD=3 tCCD=1, tRCD=12 tRAS=28 tRP=12 tRC=40
n_cmd=205601 n_nop=132273 n_act=12042 n_pre=12026 n_ref_event=0 n_req=51481 n_rd=49152 n_rd_L2_A=0 n_write=0 n_wr_bk=9316 bw_util=0.5688
n_activity=156966 dram_eff=0.745
bk0: 3120a 174279i bk1: 3120a 174970i bk2: 3088a 173965i bk3: 3088a 174991i bk4: 3040a 174189i bk5: 3040a 174945i bk6: 3040a 174557i bk7: 3040a 175043i bk8: 3040a 173815i bk9: 3040a 174995i bk10: 3040a 174389i bk11: 3040a 176090i bk12: 3088a 173693i bk13: 3088a 174314i bk14: 3120a 174987i bk15: 3120a 174543i 

------------------------------------------------------------------------

Row_Buffer_Locality = 0.766088
Row_Buffer_Locality_read = 0.799642
Row_Buffer_Locality_write = 0.057965
Bank_Level_Parallism = 3.662848
Bank_Level_Parallism_Col = 2.583664
Bank_Level_Parallism_Ready = 1.445560
write_to_read_ratio_blp_rw_average = 0.262876
GrpLevelPara = 1.915884 

BW Util details:
bwutil = 0.568752 
total_CMD = 205601 
util_bw = 58468 
Wasted_Col = 74979 
Wasted_Row = 15981 
Idle = 56173 

BW Util Bottlenecks: 
RCDc_limit = 68182 
RCDWRc_limit = 12681 
WTRc_limit = 17456 
RTWc_limit = 44513 
CCDLc_limit = 40490 
rwq = 0 
CCDLc_limit_alone = 36529 
WTRc_limit_alone = 16278 
RTWc_limit_alone = 41730 

Commands details: 
total_CMD = 205601 
n_nop = 132273 
Read = 49152 
Write = 0 
L2_Alloc = 0 
L2_WB = 9316 
n_act = 12042 
n_pre = 12026 
n_ref = 0 
n_req = 51481 
total_req = 58468 

Dual Bus Interface Util: 
issued_total_row = 24068 
issued_total_col = 58468 
Row_Bus_Util =  0.117062 
CoL_Bus_Util = 0.284376 
Either_Row_CoL_Bus_Util = 0.356652 
Issued_on_Two_Bus_Simul_Util = 0.044786 
issued_two_Eff = 0.125573 
queue_avg = 9.788493 


dram_util_bins: 0 0 0 0 0 0 0 0 0 0
dram_eff_bins: 0 0 0 0 0 0 0 0 0 0
mrqq: max=123 avg=9.78849
Memory Partition 25: 
Cache L2_bank_050:
MSHR contents

Cache L2_bank_051:
MSHR contents

In Dram Latency Queue (total = 0): 
DRAM[25]: 16 bks, busW=8 BL=4 CL=12, tRRD=3 tCCD=1, tRCD=12 tRAS=28 tRP=12 tRC=40
n_cmd=205601 n_nop=132220 n_act=12066 n_pre=12050 n_ref_event=0 n_req=51494 n_rd=49152 n_rd_L2_A=0 n_write=0 n_wr_bk=9368 bw_util=0.5693
n_activity=156938 dram_eff=0.7458
bk0: 3120a 173739i bk1: 3120a 174576i bk2: 3088a 174912i bk3: 3088a 175099i bk4: 3040a 173688i bk5: 3040a 175242i bk6: 3040a 174356i bk7: 3040a 175225i bk8: 3040a 173574i bk9: 3040a 175829i bk10: 3040a 174024i bk11: 3040a 176177i bk12: 3088a 172799i bk13: 3088a 175615i bk14: 3120a 174136i bk15: 3120a 175199i 

------------------------------------------------------------------------

Row_Buffer_Locality = 0.765681
Row_Buffer_Locality_read = 0.799154
Row_Buffer_Locality_write = 0.063194
Bank_Level_Parallism = 3.659650
Bank_Level_Parallism_Col = 2.586140
Bank_Level_Parallism_Ready = 1.458185
write_to_read_ratio_blp_rw_average = 0.263249
GrpLevelPara = 1.897291 

BW Util details:
bwutil = 0.569258 
total_CMD = 205601 
util_bw = 58520 
Wasted_Col = 74888 
Wasted_Row = 16038 
Idle = 56155 

BW Util Bottlenecks: 
RCDc_limit = 68210 
RCDWRc_limit = 12345 
WTRc_limit = 17899 
RTWc_limit = 42913 
CCDLc_limit = 40636 
rwq = 0 
CCDLc_limit_alone = 36703 
WTRc_limit_alone = 16701 
RTWc_limit_alone = 40178 

Commands details: 
total_CMD = 205601 
n_nop = 132220 
Read = 49152 
Write = 0 
L2_Alloc = 0 
L2_WB = 9368 
n_act = 12066 
n_pre = 12050 
n_ref = 0 
n_req = 51494 
total_req = 58520 

Dual Bus Interface Util: 
issued_total_row = 24116 
issued_total_col = 58520 
Row_Bus_Util =  0.117295 
CoL_Bus_Util = 0.284629 
Either_Row_CoL_Bus_Util = 0.356910 
Issued_on_Two_Bus_Simul_Util = 0.045014 
issued_two_Eff = 0.126123 
queue_avg = 9.775196 


dram_util_bins: 0 0 0 0 0 0 0 0 0 0
dram_eff_bins: 0 0 0 0 0 0 0 0 0 0
mrqq: max=118 avg=9.7752
Memory Partition 26: 
Cache L2_bank_052:
MSHR contents

Cache L2_bank_053:
MSHR contents

In Dram Latency Queue (total = 0): 
DRAM[26]: 16 bks, busW=8 BL=4 CL=12, tRRD=3 tCCD=1, tRCD=12 tRAS=28 tRP=12 tRC=40
n_cmd=205601 n_nop=132472 n_act=12047 n_pre=12031 n_ref_event=0 n_req=51482 n_rd=49152 n_rd_L2_A=0 n_write=0 n_wr_bk=9320 bw_util=0.5688
n_activity=157136 dram_eff=0.7442
bk0: 3120a 173503i bk1: 3120a 174432i bk2: 3088a 174695i bk3: 3088a 175215i bk4: 3040a 174637i bk5: 3040a 174173i bk6: 3040a 174790i bk7: 3040a 174909i bk8: 3040a 173433i bk9: 3040a 175701i bk10: 3040a 174002i bk11: 3040a 175498i bk12: 3088a 173775i bk13: 3088a 174954i bk14: 3120a 173544i bk15: 3120a 174872i 

------------------------------------------------------------------------

Row_Buffer_Locality = 0.765996
Row_Buffer_Locality_read = 0.799459
Row_Buffer_Locality_write = 0.060086
Bank_Level_Parallism = 3.669307
Bank_Level_Parallism_Col = 2.590344
Bank_Level_Parallism_Ready = 1.445016
write_to_read_ratio_blp_rw_average = 0.271010
GrpLevelPara = 1.912024 

BW Util details:
bwutil = 0.568791 
total_CMD = 205601 
util_bw = 58472 
Wasted_Col = 75586 
Wasted_Row = 15552 
Idle = 55991 

BW Util Bottlenecks: 
RCDc_limit = 68334 
RCDWRc_limit = 12531 
WTRc_limit = 16477 
RTWc_limit = 47212 
CCDLc_limit = 41461 
rwq = 0 
CCDLc_limit_alone = 37373 
WTRc_limit_alone = 15385 
RTWc_limit_alone = 44216 

Commands details: 
total_CMD = 205601 
n_nop = 132472 
Read = 49152 
Write = 0 
L2_Alloc = 0 
L2_WB = 9320 
n_act = 12047 
n_pre = 12031 
n_ref = 0 
n_req = 51482 
total_req = 58472 

Dual Bus Interface Util: 
issued_total_row = 24078 
issued_total_col = 58472 
Row_Bus_Util =  0.117110 
CoL_Bus_Util = 0.284396 
Either_Row_CoL_Bus_Util = 0.355684 
Issued_on_Two_Bus_Simul_Util = 0.045822 
issued_two_Eff = 0.128827 
queue_avg = 9.769835 


dram_util_bins: 0 0 0 0 0 0 0 0 0 0
dram_eff_bins: 0 0 0 0 0 0 0 0 0 0
mrqq: max=111 avg=9.76984
Memory Partition 27: 
Cache L2_bank_054:
MSHR contents

Cache L2_bank_055:
MSHR contents

In Dram Latency Queue (total = 0): 
DRAM[27]: 16 bks, busW=8 BL=4 CL=12, tRRD=3 tCCD=1, tRCD=12 tRAS=28 tRP=12 tRC=40
n_cmd=205601 n_nop=132255 n_act=12057 n_pre=12041 n_ref_event=0 n_req=51484 n_rd=49152 n_rd_L2_A=0 n_write=0 n_wr_bk=9328 bw_util=0.5689
n_activity=157449 dram_eff=0.7428
bk0: 3120a 174039i bk1: 3120a 174641i bk2: 3088a 174012i bk3: 3088a 174938i bk4: 3040a 173519i bk5: 3040a 174408i bk6: 3040a 174542i bk7: 3040a 174640i bk8: 3040a 173838i bk9: 3040a 175107i bk10: 3040a 175011i bk11: 3040a 176204i bk12: 3088a 173290i bk13: 3088a 175742i bk14: 3120a 173725i bk15: 3120a 174836i 

------------------------------------------------------------------------

Row_Buffer_Locality = 0.765811
Row_Buffer_Locality_read = 0.799255
Row_Buffer_Locality_write = 0.060892
Bank_Level_Parallism = 3.664227
Bank_Level_Parallism_Col = 2.583212
Bank_Level_Parallism_Ready = 1.443040
write_to_read_ratio_blp_rw_average = 0.269192
GrpLevelPara = 1.909557 

BW Util details:
bwutil = 0.568869 
total_CMD = 205601 
util_bw = 58480 
Wasted_Col = 75488 
Wasted_Row = 15752 
Idle = 55881 

BW Util Bottlenecks: 
RCDc_limit = 68593 
RCDWRc_limit = 12559 
WTRc_limit = 16914 
RTWc_limit = 46383 
CCDLc_limit = 40227 
rwq = 0 
CCDLc_limit_alone = 36419 
WTRc_limit_alone = 15862 
RTWc_limit_alone = 43627 

Commands details: 
total_CMD = 205601 
n_nop = 132255 
Read = 49152 
Write = 0 
L2_Alloc = 0 
L2_WB = 9328 
n_act = 12057 
n_pre = 12041 
n_ref = 0 
n_req = 51484 
total_req = 58480 

Dual Bus Interface Util: 
issued_total_row = 24098 
issued_total_col = 58480 
Row_Bus_Util =  0.117208 
CoL_Bus_Util = 0.284434 
Either_Row_CoL_Bus_Util = 0.356740 
Issued_on_Two_Bus_Simul_Util = 0.044903 
issued_two_Eff = 0.125869 
queue_avg = 9.719389 


dram_util_bins: 0 0 0 0 0 0 0 0 0 0
dram_eff_bins: 0 0 0 0 0 0 0 0 0 0
mrqq: max=119 avg=9.71939
Memory Partition 28: 
Cache L2_bank_056:
MSHR contents

Cache L2_bank_057:
MSHR contents

In Dram Latency Queue (total = 1): 
Ready @ 117948 -   mf: uid=18185784, sid4294967295:w4294967295, part=28, addr=0xc0773cc00, store, size=128, L2_WRBK  status = IN_PARTITION_DRAM_LATENCY_QUEUE (117694), 
DRAM[28]: 16 bks, busW=8 BL=4 CL=12, tRRD=3 tCCD=1, tRCD=12 tRAS=28 tRP=12 tRC=40
n_cmd=205601 n_nop=132166 n_act=12039 n_pre=12023 n_ref_event=0 n_req=51513 n_rd=49152 n_rd_L2_A=0 n_write=0 n_wr_bk=9444 bw_util=0.57
n_activity=157274 dram_eff=0.7451
bk0: 3120a 174058i bk1: 3120a 174560i bk2: 3088a 173343i bk3: 3088a 173981i bk4: 3040a 173274i bk5: 3040a 174824i bk6: 3040a 174521i bk7: 3040a 175052i bk8: 3040a 174245i bk9: 3040a 174869i bk10: 3040a 174402i bk11: 3040a 176961i bk12: 3088a 173199i bk13: 3088a 174589i bk14: 3120a 173756i bk15: 3120a 174685i 

------------------------------------------------------------------------

Row_Buffer_Locality = 0.766292
Row_Buffer_Locality_read = 0.800049
Row_Buffer_Locality_write = 0.063532
Bank_Level_Parallism = 3.681540
Bank_Level_Parallism_Col = 2.604686
Bank_Level_Parallism_Ready = 1.451567
write_to_read_ratio_blp_rw_average = 0.268413
GrpLevelPara = 1.920264 

BW Util details:
bwutil = 0.569997 
total_CMD = 205601 
util_bw = 58596 
Wasted_Col = 74826 
Wasted_Row = 16192 
Idle = 55987 

BW Util Bottlenecks: 
RCDc_limit = 68322 
RCDWRc_limit = 12509 
WTRc_limit = 16700 
RTWc_limit = 46284 
CCDLc_limit = 41267 
rwq = 0 
CCDLc_limit_alone = 37273 
WTRc_limit_alone = 15508 
RTWc_limit_alone = 43482 

Commands details: 
total_CMD = 205601 
n_nop = 132166 
Read = 49152 
Write = 0 
L2_Alloc = 0 
L2_WB = 9444 
n_act = 12039 
n_pre = 12023 
n_ref = 0 
n_req = 51513 
total_req = 58596 

Dual Bus Interface Util: 
issued_total_row = 24062 
issued_total_col = 58596 
Row_Bus_Util =  0.117033 
CoL_Bus_Util = 0.284999 
Either_Row_CoL_Bus_Util = 0.357172 
Issued_on_Two_Bus_Simul_Util = 0.044859 
issued_two_Eff = 0.125594 
queue_avg = 9.875706 


dram_util_bins: 0 0 0 0 0 0 0 0 0 0
dram_eff_bins: 0 0 0 0 0 0 0 0 0 0
mrqq: max=128 avg=9.87571
Memory Partition 29: 
Cache L2_bank_058:
MSHR contents

Cache L2_bank_059:
MSHR contents

In Dram Latency Queue (total = 1): 
Ready @ 117941 -   mf: uid=18185782, sid4294967295:w4294967295, part=29, addr=0xc06c80b80, store, size=128, L2_WRBK  status = IN_PARTITION_DRAM_LATENCY_QUEUE (117687), 
DRAM[29]: 16 bks, busW=8 BL=4 CL=12, tRRD=3 tCCD=1, tRCD=12 tRAS=28 tRP=12 tRC=40
n_cmd=205601 n_nop=132252 n_act=12072 n_pre=12056 n_ref_event=0 n_req=51503 n_rd=49152 n_rd_L2_A=0 n_write=0 n_wr_bk=9404 bw_util=0.5696
n_activity=157518 dram_eff=0.7435
bk0: 3120a 173781i bk1: 3120a 175264i bk2: 3088a 173036i bk3: 3088a 174840i bk4: 3040a 173882i bk5: 3040a 174524i bk6: 3040a 174062i bk7: 3040a 175188i bk8: 3040a 174626i bk9: 3040a 175423i bk10: 3040a 174246i bk11: 3040a 176095i bk12: 3088a 174204i bk13: 3088a 175318i bk14: 3120a 173842i bk15: 3120a 175396i 

------------------------------------------------------------------------

Row_Buffer_Locality = 0.765606
Row_Buffer_Locality_read = 0.799642
Row_Buffer_Locality_write = 0.054020
Bank_Level_Parallism = 3.656105
Bank_Level_Parallism_Col = 2.579411
Bank_Level_Parallism_Ready = 1.428906
write_to_read_ratio_blp_rw_average = 0.268681
GrpLevelPara = 1.915007 

BW Util details:
bwutil = 0.569608 
total_CMD = 205601 
util_bw = 58556 
Wasted_Col = 75296 
Wasted_Row = 15868 
Idle = 55881 

BW Util Bottlenecks: 
RCDc_limit = 68164 
RCDWRc_limit = 12715 
WTRc_limit = 16944 
RTWc_limit = 46777 
CCDLc_limit = 40730 
rwq = 0 
CCDLc_limit_alone = 36597 
WTRc_limit_alone = 15726 
RTWc_limit_alone = 43862 

Commands details: 
total_CMD = 205601 
n_nop = 132252 
Read = 49152 
Write = 0 
L2_Alloc = 0 
L2_WB = 9404 
n_act = 12072 
n_pre = 12056 
n_ref = 0 
n_req = 51503 
total_req = 58556 

Dual Bus Interface Util: 
issued_total_row = 24128 
issued_total_col = 58556 
Row_Bus_Util =  0.117354 
CoL_Bus_Util = 0.284804 
Either_Row_CoL_Bus_Util = 0.356754 
Issued_on_Two_Bus_Simul_Util = 0.045403 
issued_two_Eff = 0.127268 
queue_avg = 9.730453 


dram_util_bins: 0 0 0 0 0 0 0 0 0 0
dram_eff_bins: 0 0 0 0 0 0 0 0 0 0
mrqq: max=121 avg=9.73045
Memory Partition 30: 
Cache L2_bank_060:
MSHR contents

Cache L2_bank_061:
MSHR contents

In Dram Latency Queue (total = 0): 
DRAM[30]: 16 bks, busW=8 BL=4 CL=12, tRRD=3 tCCD=1, tRCD=12 tRAS=28 tRP=12 tRC=40
n_cmd=205601 n_nop=132272 n_act=12052 n_pre=12036 n_ref_event=0 n_req=51491 n_rd=49152 n_rd_L2_A=0 n_write=0 n_wr_bk=9356 bw_util=0.5691
n_activity=156839 dram_eff=0.7461
bk0: 3120a 173562i bk1: 3120a 174934i bk2: 3088a 173593i bk3: 3088a 175280i bk4: 3040a 173182i bk5: 3040a 175107i bk6: 3040a 174327i bk7: 3040a 176700i bk8: 3040a 174766i bk9: 3040a 175160i bk10: 3040a 174612i bk11: 3040a 175272i bk12: 3088a 174632i bk13: 3088a 174441i bk14: 3120a 173278i bk15: 3120a 175403i 

------------------------------------------------------------------------

Row_Buffer_Locality = 0.765940
Row_Buffer_Locality_read = 0.799377
Row_Buffer_Locality_write = 0.063275
Bank_Level_Parallism = 3.667357
Bank_Level_Parallism_Col = 2.588807
Bank_Level_Parallism_Ready = 1.429822
write_to_read_ratio_blp_rw_average = 0.269307
GrpLevelPara = 1.920797 

BW Util details:
bwutil = 0.569141 
total_CMD = 205601 
util_bw = 58508 
Wasted_Col = 74966 
Wasted_Row = 15641 
Idle = 56486 

BW Util Bottlenecks: 
RCDc_limit = 68300 
RCDWRc_limit = 12417 
WTRc_limit = 16497 
RTWc_limit = 46842 
CCDLc_limit = 40860 
rwq = 0 
CCDLc_limit_alone = 36822 
WTRc_limit_alone = 15434 
RTWc_limit_alone = 43867 

Commands details: 
total_CMD = 205601 
n_nop = 132272 
Read = 49152 
Write = 0 
L2_Alloc = 0 
L2_WB = 9356 
n_act = 12052 
n_pre = 12036 
n_ref = 0 
n_req = 51491 
total_req = 58508 

Dual Bus Interface Util: 
issued_total_row = 24088 
issued_total_col = 58508 
Row_Bus_Util =  0.117159 
CoL_Bus_Util = 0.284571 
Either_Row_CoL_Bus_Util = 0.356657 
Issued_on_Two_Bus_Simul_Util = 0.045073 
issued_two_Eff = 0.126376 
queue_avg = 9.710011 


dram_util_bins: 0 0 0 0 0 0 0 0 0 0
dram_eff_bins: 0 0 0 0 0 0 0 0 0 0
mrqq: max=123 avg=9.71001
Memory Partition 31: 
Cache L2_bank_062:
MSHR contents

Cache L2_bank_063:
MSHR contents

In Dram Latency Queue (total = 0): 
DRAM[31]: 16 bks, busW=8 BL=4 CL=12, tRRD=3 tCCD=1, tRCD=12 tRAS=28 tRP=12 tRC=40
n_cmd=205601 n_nop=132273 n_act=12057 n_pre=12041 n_ref_event=0 n_req=51483 n_rd=49152 n_rd_L2_A=0 n_write=0 n_wr_bk=9324 bw_util=0.5688
n_activity=156721 dram_eff=0.7462
bk0: 3120a 173291i bk1: 3120a 174960i bk2: 3088a 174333i bk3: 3088a 174635i bk4: 3040a 173066i bk5: 3040a 174141i bk6: 3040a 174094i bk7: 3040a 175291i bk8: 3040a 174229i bk9: 3040a 174795i bk10: 3040a 174696i bk11: 3040a 175771i bk12: 3088a 173931i bk13: 3088a 175751i bk14: 3120a 174433i bk15: 3120a 176183i 

------------------------------------------------------------------------

Row_Buffer_Locality = 0.765806
Row_Buffer_Locality_read = 0.799276
Row_Buffer_Locality_write = 0.060060
Bank_Level_Parallism = 3.662519
Bank_Level_Parallism_Col = 2.584097
Bank_Level_Parallism_Ready = 1.451057
write_to_read_ratio_blp_rw_average = 0.270182
GrpLevelPara = 1.916358 

BW Util details:
bwutil = 0.568830 
total_CMD = 205601 
util_bw = 58476 
Wasted_Col = 75150 
Wasted_Row = 15861 
Idle = 56114 

BW Util Bottlenecks: 
RCDc_limit = 68772 
RCDWRc_limit = 12474 
WTRc_limit = 16935 
RTWc_limit = 45544 
CCDLc_limit = 40251 
rwq = 0 
CCDLc_limit_alone = 36283 
WTRc_limit_alone = 15843 
RTWc_limit_alone = 42668 

Commands details: 
total_CMD = 205601 
n_nop = 132273 
Read = 49152 
Write = 0 
L2_Alloc = 0 
L2_WB = 9324 
n_act = 12057 
n_pre = 12041 
n_ref = 0 
n_req = 51483 
total_req = 58476 

Dual Bus Interface Util: 
issued_total_row = 24098 
issued_total_col = 58476 
Row_Bus_Util =  0.117208 
CoL_Bus_Util = 0.284415 
Either_Row_CoL_Bus_Util = 0.356652 
Issued_on_Two_Bus_Simul_Util = 0.044971 
issued_two_Eff = 0.126091 
queue_avg = 9.924358 


dram_util_bins: 0 0 0 0 0 0 0 0 0 0
dram_eff_bins: 0 0 0 0 0 0 0 0 0 0
mrqq: max=117 avg=9.92436
Memory Partition 32: 
Cache L2_bank_064:
MSHR contents

Cache L2_bank_065:
MSHR contents

In Dram Latency Queue (total = 0): 
DRAM[32]: 16 bks, busW=8 BL=4 CL=12, tRRD=3 tCCD=1, tRCD=12 tRAS=28 tRP=12 tRC=40
n_cmd=205601 n_nop=132072 n_act=12269 n_pre=12253 n_ref_event=0 n_req=51516 n_rd=49160 n_rd_L2_A=0 n_write=0 n_wr_bk=9424 bw_util=0.5699
n_activity=156767 dram_eff=0.7474
bk0: 3120a 173669i bk1: 3120a 175175i bk2: 3088a 173515i bk3: 3088a 173895i bk4: 3040a 172927i bk5: 3040a 174026i bk6: 3040a 174380i bk7: 3040a 175350i bk8: 3040a 174321i bk9: 3040a 174217i bk10: 3040a 173642i bk11: 3040a 175173i bk12: 3092a 173592i bk13: 3092a 173886i bk14: 3120a 173292i bk15: 3120a 175223i 

------------------------------------------------------------------------

Row_Buffer_Locality = 0.761841
Row_Buffer_Locality_read = 0.794894
Row_Buffer_Locality_write = 0.072156
Bank_Level_Parallism = 3.719824
Bank_Level_Parallism_Col = 2.603009
Bank_Level_Parallism_Ready = 1.444968
write_to_read_ratio_blp_rw_average = 0.270729
GrpLevelPara = 1.920106 

BW Util details:
bwutil = 0.569880 
total_CMD = 205601 
util_bw = 58584 
Wasted_Col = 75106 
Wasted_Row = 15470 
Idle = 56441 

BW Util Bottlenecks: 
RCDc_limit = 68616 
RCDWRc_limit = 12545 
WTRc_limit = 18126 
RTWc_limit = 45641 
CCDLc_limit = 40620 
rwq = 0 
CCDLc_limit_alone = 36620 
WTRc_limit_alone = 16863 
RTWc_limit_alone = 42904 

Commands details: 
total_CMD = 205601 
n_nop = 132072 
Read = 49160 
Write = 0 
L2_Alloc = 0 
L2_WB = 9424 
n_act = 12269 
n_pre = 12253 
n_ref = 0 
n_req = 51516 
total_req = 58584 

Dual Bus Interface Util: 
issued_total_row = 24522 
issued_total_col = 58584 
Row_Bus_Util =  0.119270 
CoL_Bus_Util = 0.284940 
Either_Row_CoL_Bus_Util = 0.357630 
Issued_on_Two_Bus_Simul_Util = 0.046581 
issued_two_Eff = 0.130248 
queue_avg = 9.481919 


dram_util_bins: 0 0 0 0 0 0 0 0 0 0
dram_eff_bins: 0 0 0 0 0 0 0 0 0 0
mrqq: max=111 avg=9.48192
Memory Partition 33: 
Cache L2_bank_066:
MSHR contents

Cache L2_bank_067:
MSHR contents

In Dram Latency Queue (total = 0): 
DRAM[33]: 16 bks, busW=8 BL=4 CL=12, tRRD=3 tCCD=1, tRCD=12 tRAS=28 tRP=12 tRC=40
n_cmd=205601 n_nop=132029 n_act=12300 n_pre=12284 n_ref_event=0 n_req=51503 n_rd=49160 n_rd_L2_A=0 n_write=0 n_wr_bk=9372 bw_util=0.5694
n_activity=157642 dram_eff=0.7426
bk0: 3120a 173485i bk1: 3120a 175098i bk2: 3088a 174012i bk3: 3088a 173854i bk4: 3040a 172933i bk5: 3040a 174092i bk6: 3040a 174504i bk7: 3040a 174881i bk8: 3040a 173771i bk9: 3040a 174408i bk10: 3040a 172913i bk11: 3040a 174950i bk12: 3092a 172601i bk13: 3092a 175699i bk14: 3120a 173052i bk15: 3120a 174487i 

------------------------------------------------------------------------

Row_Buffer_Locality = 0.761179
Row_Buffer_Locality_read = 0.794060
Row_Buffer_Locality_write = 0.071276
Bank_Level_Parallism = 3.708081
Bank_Level_Parallism_Col = 2.590743
Bank_Level_Parallism_Ready = 1.452180
write_to_read_ratio_blp_rw_average = 0.266543
GrpLevelPara = 1.902954 

BW Util details:
bwutil = 0.569375 
total_CMD = 205601 
util_bw = 58532 
Wasted_Col = 75621 
Wasted_Row = 15892 
Idle = 55556 

BW Util Bottlenecks: 
RCDc_limit = 69274 
RCDWRc_limit = 12441 
WTRc_limit = 18102 
RTWc_limit = 44622 
CCDLc_limit = 40495 
rwq = 0 
CCDLc_limit_alone = 36601 
WTRc_limit_alone = 16880 
RTWc_limit_alone = 41950 

Commands details: 
total_CMD = 205601 
n_nop = 132029 
Read = 49160 
Write = 0 
L2_Alloc = 0 
L2_WB = 9372 
n_act = 12300 
n_pre = 12284 
n_ref = 0 
n_req = 51503 
total_req = 58532 

Dual Bus Interface Util: 
issued_total_row = 24584 
issued_total_col = 58532 
Row_Bus_Util =  0.119571 
CoL_Bus_Util = 0.284687 
Either_Row_CoL_Bus_Util = 0.357839 
Issued_on_Two_Bus_Simul_Util = 0.046420 
issued_two_Eff = 0.129723 
queue_avg = 9.467109 


dram_util_bins: 0 0 0 0 0 0 0 0 0 0
dram_eff_bins: 0 0 0 0 0 0 0 0 0 0
mrqq: max=106 avg=9.46711
Memory Partition 34: 
Cache L2_bank_068:
MSHR contents

Cache L2_bank_069:
MSHR contents

In Dram Latency Queue (total = 0): 
DRAM[34]: 16 bks, busW=8 BL=4 CL=12, tRRD=3 tCCD=1, tRCD=12 tRAS=28 tRP=12 tRC=40
n_cmd=205601 n_nop=132001 n_act=12307 n_pre=12291 n_ref_event=0 n_req=51520 n_rd=49160 n_rd_L2_A=0 n_write=0 n_wr_bk=9440 bw_util=0.57
n_activity=157469 dram_eff=0.7443
bk0: 3120a 172827i bk1: 3120a 174947i bk2: 3088a 172935i bk3: 3088a 173688i bk4: 3040a 172406i bk5: 3040a 174000i bk6: 3040a 173424i bk7: 3040a 174604i bk8: 3040a 173662i bk9: 3040a 175206i bk10: 3040a 173350i bk11: 3040a 175200i bk12: 3092a 172796i bk13: 3092a 174341i bk14: 3120a 173739i bk15: 3120a 174689i 

------------------------------------------------------------------------

Row_Buffer_Locality = 0.761122
Row_Buffer_Locality_read = 0.794284
Row_Buffer_Locality_write = 0.070339
Bank_Level_Parallism = 3.726776
Bank_Level_Parallism_Col = 2.611755
Bank_Level_Parallism_Ready = 1.450648
write_to_read_ratio_blp_rw_average = 0.272669
GrpLevelPara = 1.914637 

BW Util details:
bwutil = 0.570036 
total_CMD = 205601 
util_bw = 58600 
Wasted_Col = 75652 
Wasted_Row = 15830 
Idle = 55519 

BW Util Bottlenecks: 
RCDc_limit = 69131 
RCDWRc_limit = 12220 
WTRc_limit = 17431 
RTWc_limit = 46357 
CCDLc_limit = 40612 
rwq = 0 
CCDLc_limit_alone = 36612 
WTRc_limit_alone = 16258 
RTWc_limit_alone = 43530 

Commands details: 
total_CMD = 205601 
n_nop = 132001 
Read = 49160 
Write = 0 
L2_Alloc = 0 
L2_WB = 9440 
n_act = 12307 
n_pre = 12291 
n_ref = 0 
n_req = 51520 
total_req = 58600 

Dual Bus Interface Util: 
issued_total_row = 24598 
issued_total_col = 58600 
Row_Bus_Util =  0.119639 
CoL_Bus_Util = 0.285018 
Either_Row_CoL_Bus_Util = 0.357975 
Issued_on_Two_Bus_Simul_Util = 0.046683 
issued_two_Eff = 0.130408 
queue_avg = 9.645897 


dram_util_bins: 0 0 0 0 0 0 0 0 0 0
dram_eff_bins: 0 0 0 0 0 0 0 0 0 0
mrqq: max=124 avg=9.6459
Memory Partition 35: 
Cache L2_bank_070:
MSHR contents

Cache L2_bank_071:
MSHR contents

In Dram Latency Queue (total = 0): 
DRAM[35]: 16 bks, busW=8 BL=4 CL=12, tRRD=3 tCCD=1, tRCD=12 tRAS=28 tRP=12 tRC=40
n_cmd=205601 n_nop=132020 n_act=12307 n_pre=12291 n_ref_event=0 n_req=51500 n_rd=49160 n_rd_L2_A=0 n_write=0 n_wr_bk=9360 bw_util=0.5693
n_activity=156886 dram_eff=0.746
bk0: 3120a 173700i bk1: 3120a 173930i bk2: 3088a 174552i bk3: 3088a 173987i bk4: 3040a 172444i bk5: 3040a 173317i bk6: 3040a 173536i bk7: 3040a 174554i bk8: 3040a 173764i bk9: 3040a 174166i bk10: 3040a 173246i bk11: 3040a 174204i bk12: 3092a 172903i bk13: 3092a 173654i bk14: 3120a 172212i bk15: 3120a 174474i 

------------------------------------------------------------------------

Row_Buffer_Locality = 0.761029
Row_Buffer_Locality_read = 0.794040
Row_Buffer_Locality_write = 0.067521
Bank_Level_Parallism = 3.760651
Bank_Level_Parallism_Col = 2.638415
Bank_Level_Parallism_Ready = 1.469019
write_to_read_ratio_blp_rw_average = 0.271845
GrpLevelPara = 1.934969 

BW Util details:
bwutil = 0.569258 
total_CMD = 205601 
util_bw = 58520 
Wasted_Col = 75380 
Wasted_Row = 15668 
Idle = 56033 

BW Util Bottlenecks: 
RCDc_limit = 69156 
RCDWRc_limit = 12404 
WTRc_limit = 18464 
RTWc_limit = 46951 
CCDLc_limit = 40563 
rwq = 0 
CCDLc_limit_alone = 36494 
WTRc_limit_alone = 17254 
RTWc_limit_alone = 44092 

Commands details: 
total_CMD = 205601 
n_nop = 132020 
Read = 49160 
Write = 0 
L2_Alloc = 0 
L2_WB = 9360 
n_act = 12307 
n_pre = 12291 
n_ref = 0 
n_req = 51500 
total_req = 58520 

Dual Bus Interface Util: 
issued_total_row = 24598 
issued_total_col = 58520 
Row_Bus_Util =  0.119639 
CoL_Bus_Util = 0.284629 
Either_Row_CoL_Bus_Util = 0.357882 
Issued_on_Two_Bus_Simul_Util = 0.046386 
issued_two_Eff = 0.129612 
queue_avg = 9.529803 


dram_util_bins: 0 0 0 0 0 0 0 0 0 0
dram_eff_bins: 0 0 0 0 0 0 0 0 0 0
mrqq: max=121 avg=9.5298
Memory Partition 36: 
Cache L2_bank_072:
MSHR contents

Cache L2_bank_073:
MSHR contents

In Dram Latency Queue (total = 0): 
DRAM[36]: 16 bks, busW=8 BL=4 CL=12, tRRD=3 tCCD=1, tRCD=12 tRAS=28 tRP=12 tRC=40
n_cmd=205601 n_nop=131940 n_act=12314 n_pre=12298 n_ref_event=0 n_req=51528 n_rd=49160 n_rd_L2_A=0 n_write=0 n_wr_bk=9472 bw_util=0.5703
n_activity=157453 dram_eff=0.7448
bk0: 3120a 173895i bk1: 3120a 173955i bk2: 3088a 171259i bk3: 3088a 173732i bk4: 3040a 172470i bk5: 3040a 173988i bk6: 3040a 172966i bk7: 3040a 174739i bk8: 3040a 173016i bk9: 3040a 175081i bk10: 3040a 173257i bk11: 3040a 175506i bk12: 3092a 172810i bk13: 3092a 173925i bk14: 3120a 173392i bk15: 3120a 174694i 

------------------------------------------------------------------------

Row_Buffer_Locality = 0.761023
Row_Buffer_Locality_read = 0.794426
Row_Buffer_Locality_write = 0.067568
Bank_Level_Parallism = 3.758446
Bank_Level_Parallism_Col = 2.633281
Bank_Level_Parallism_Ready = 1.456679
write_to_read_ratio_blp_rw_average = 0.274810
GrpLevelPara = 1.927733 

BW Util details:
bwutil = 0.570347 
total_CMD = 205601 
util_bw = 58632 
Wasted_Col = 75551 
Wasted_Row = 15469 
Idle = 55949 

BW Util Bottlenecks: 
RCDc_limit = 68959 
RCDWRc_limit = 12577 
WTRc_limit = 17714 
RTWc_limit = 47999 
CCDLc_limit = 40689 
rwq = 0 
CCDLc_limit_alone = 36635 
WTRc_limit_alone = 16582 
RTWc_limit_alone = 45077 

Commands details: 
total_CMD = 205601 
n_nop = 131940 
Read = 49160 
Write = 0 
L2_Alloc = 0 
L2_WB = 9472 
n_act = 12314 
n_pre = 12298 
n_ref = 0 
n_req = 51528 
total_req = 58632 

Dual Bus Interface Util: 
issued_total_row = 24612 
issued_total_col = 58632 
Row_Bus_Util =  0.119708 
CoL_Bus_Util = 0.285174 
Either_Row_CoL_Bus_Util = 0.358272 
Issued_on_Two_Bus_Simul_Util = 0.046610 
issued_two_Eff = 0.130096 
queue_avg = 9.594414 


dram_util_bins: 0 0 0 0 0 0 0 0 0 0
dram_eff_bins: 0 0 0 0 0 0 0 0 0 0
mrqq: max=128 avg=9.59441
Memory Partition 37: 
Cache L2_bank_074:
MSHR contents

Cache L2_bank_075:
MSHR contents

In Dram Latency Queue (total = 0): 
DRAM[37]: 16 bks, busW=8 BL=4 CL=12, tRRD=3 tCCD=1, tRCD=12 tRAS=28 tRP=12 tRC=40
n_cmd=205601 n_nop=131797 n_act=12322 n_pre=12306 n_ref_event=0 n_req=51533 n_rd=49164 n_rd_L2_A=0 n_write=0 n_wr_bk=9476 bw_util=0.5704
n_activity=156893 dram_eff=0.7475
bk0: 3120a 173297i bk1: 3120a 174166i bk2: 3088a 171993i bk3: 3088a 173138i bk4: 3040a 173427i bk5: 3040a 173564i bk6: 3040a 173988i bk7: 3040a 174997i bk8: 3040a 173388i bk9: 3040a 174974i bk10: 3040a 173139i bk11: 3040a 175678i bk12: 3096a 172827i bk13: 3092a 174508i bk14: 3120a 173522i bk15: 3120a 174808i 

------------------------------------------------------------------------

Row_Buffer_Locality = 0.760891
Row_Buffer_Locality_read = 0.794097
Row_Buffer_Locality_write = 0.071760
Bank_Level_Parallism = 3.741269
Bank_Level_Parallism_Col = 2.613960
Bank_Level_Parallism_Ready = 1.440433
write_to_read_ratio_blp_rw_average = 0.275307
GrpLevelPara = 1.916875 

BW Util details:
bwutil = 0.570425 
total_CMD = 205601 
util_bw = 58640 
Wasted_Col = 75914 
Wasted_Row = 15057 
Idle = 55990 

BW Util Bottlenecks: 
RCDc_limit = 69462 
RCDWRc_limit = 12628 
WTRc_limit = 18271 
RTWc_limit = 47346 
CCDLc_limit = 40982 
rwq = 0 
CCDLc_limit_alone = 36716 
WTRc_limit_alone = 16884 
RTWc_limit_alone = 44467 

Commands details: 
total_CMD = 205601 
n_nop = 131797 
Read = 49164 
Write = 0 
L2_Alloc = 0 
L2_WB = 9476 
n_act = 12322 
n_pre = 12306 
n_ref = 0 
n_req = 51533 
total_req = 58640 

Dual Bus Interface Util: 
issued_total_row = 24628 
issued_total_col = 58640 
Row_Bus_Util =  0.119785 
CoL_Bus_Util = 0.285213 
Either_Row_CoL_Bus_Util = 0.358967 
Issued_on_Two_Bus_Simul_Util = 0.046031 
issued_two_Eff = 0.128232 
queue_avg = 9.481797 


dram_util_bins: 0 0 0 0 0 0 0 0 0 0
dram_eff_bins: 0 0 0 0 0 0 0 0 0 0
mrqq: max=119 avg=9.4818
Memory Partition 38: 
Cache L2_bank_076:
MSHR contents

Cache L2_bank_077:
MSHR contents

In Dram Latency Queue (total = 0): 
DRAM[38]: 16 bks, busW=8 BL=4 CL=12, tRRD=3 tCCD=1, tRCD=12 tRAS=28 tRP=12 tRC=40
n_cmd=205601 n_nop=132026 n_act=12318 n_pre=12302 n_ref_event=0 n_req=51521 n_rd=49160 n_rd_L2_A=0 n_write=0 n_wr_bk=9444 bw_util=0.5701
n_activity=157196 dram_eff=0.7456
bk0: 3120a 173178i bk1: 3120a 174237i bk2: 3088a 171873i bk3: 3088a 173482i bk4: 3040a 172598i bk5: 3040a 174296i bk6: 3040a 173708i bk7: 3040a 175259i bk8: 3040a 174460i bk9: 3040a 174459i bk10: 3040a 173267i bk11: 3040a 174483i bk12: 3092a 172769i bk13: 3092a 174599i bk14: 3120a 173144i bk15: 3120a 175027i 

------------------------------------------------------------------------

Row_Buffer_Locality = 0.760913
Row_Buffer_Locality_read = 0.793694
Row_Buffer_Locality_write = 0.078357
Bank_Level_Parallism = 3.743681
Bank_Level_Parallism_Col = 2.617718
Bank_Level_Parallism_Ready = 1.464542
write_to_read_ratio_blp_rw_average = 0.272477
GrpLevelPara = 1.922880 

BW Util details:
bwutil = 0.570075 
total_CMD = 205601 
util_bw = 58604 
Wasted_Col = 75787 
Wasted_Row = 15274 
Idle = 55936 

BW Util Bottlenecks: 
RCDc_limit = 69589 
RCDWRc_limit = 12505 
WTRc_limit = 18357 
RTWc_limit = 45937 
CCDLc_limit = 40552 
rwq = 0 
CCDLc_limit_alone = 36399 
WTRc_limit_alone = 16989 
RTWc_limit_alone = 43152 

Commands details: 
total_CMD = 205601 
n_nop = 132026 
Read = 49160 
Write = 0 
L2_Alloc = 0 
L2_WB = 9444 
n_act = 12318 
n_pre = 12302 
n_ref = 0 
n_req = 51521 
total_req = 58604 

Dual Bus Interface Util: 
issued_total_row = 24620 
issued_total_col = 58604 
Row_Bus_Util =  0.119746 
CoL_Bus_Util = 0.285038 
Either_Row_CoL_Bus_Util = 0.357853 
Issued_on_Two_Bus_Simul_Util = 0.046931 
issued_two_Eff = 0.131145 
queue_avg = 9.549681 


dram_util_bins: 0 0 0 0 0 0 0 0 0 0
dram_eff_bins: 0 0 0 0 0 0 0 0 0 0
mrqq: max=126 avg=9.54968
Memory Partition 39: 
Cache L2_bank_078:
MSHR contents

Cache L2_bank_079:
MSHR contents

In Dram Latency Queue (total = 0): 
DRAM[39]: 16 bks, busW=8 BL=4 CL=12, tRRD=3 tCCD=1, tRCD=12 tRAS=28 tRP=12 tRC=40
n_cmd=205601 n_nop=131998 n_act=12294 n_pre=12278 n_ref_event=0 n_req=51539 n_rd=49160 n_rd_L2_A=0 n_write=0 n_wr_bk=9512 bw_util=0.5707
n_activity=156913 dram_eff=0.7478
bk0: 3120a 174355i bk1: 3120a 174895i bk2: 3088a 172935i bk3: 3088a 173578i bk4: 3040a 173137i bk5: 3040a 173934i bk6: 3040a 174711i bk7: 3040a 174757i bk8: 3040a 173544i bk9: 3040a 175064i bk10: 3040a 172949i bk11: 3040a 175324i bk12: 3092a 172504i bk13: 3092a 174436i bk14: 3120a 172964i bk15: 3120a 175037i 

------------------------------------------------------------------------

Row_Buffer_Locality = 0.761462
Row_Buffer_Locality_read = 0.794752
Row_Buffer_Locality_write = 0.073560
Bank_Level_Parallism = 3.725953
Bank_Level_Parallism_Col = 2.609106
Bank_Level_Parallism_Ready = 1.448118
write_to_read_ratio_blp_rw_average = 0.273789
GrpLevelPara = 1.929462 

BW Util details:
bwutil = 0.570737 
total_CMD = 205601 
util_bw = 58672 
Wasted_Col = 75359 
Wasted_Row = 15469 
Idle = 56101 

BW Util Bottlenecks: 
RCDc_limit = 69130 
RCDWRc_limit = 12494 
WTRc_limit = 17712 
RTWc_limit = 46572 
CCDLc_limit = 40468 
rwq = 0 
CCDLc_limit_alone = 36461 
WTRc_limit_alone = 16506 
RTWc_limit_alone = 43771 

Commands details: 
total_CMD = 205601 
n_nop = 131998 
Read = 49160 
Write = 0 
L2_Alloc = 0 
L2_WB = 9512 
n_act = 12294 
n_pre = 12278 
n_ref = 0 
n_req = 51539 
total_req = 58672 

Dual Bus Interface Util: 
issued_total_row = 24572 
issued_total_col = 58672 
Row_Bus_Util =  0.119513 
CoL_Bus_Util = 0.285368 
Either_Row_CoL_Bus_Util = 0.357989 
Issued_on_Two_Bus_Simul_Util = 0.046892 
issued_two_Eff = 0.130987 
queue_avg = 9.362158 


dram_util_bins: 0 0 0 0 0 0 0 0 0 0
dram_eff_bins: 0 0 0 0 0 0 0 0 0 0
mrqq: max=117 avg=9.36216
Memory Partition 40: 
Cache L2_bank_080:
MSHR contents

Cache L2_bank_081:
MSHR contents

In Dram Latency Queue (total = 0): 
DRAM[40]: 16 bks, busW=8 BL=4 CL=12, tRRD=3 tCCD=1, tRCD=12 tRAS=28 tRP=12 tRC=40
n_cmd=205601 n_nop=131852 n_act=12329 n_pre=12313 n_ref_event=0 n_req=51517 n_rd=49160 n_rd_L2_A=0 n_write=0 n_wr_bk=9427 bw_util=0.5699
n_activity=157469 dram_eff=0.7441
bk0: 3120a 172716i bk1: 3120a 174568i bk2: 3088a 173214i bk3: 3088a 174297i bk4: 3040a 172255i bk5: 3040a 174386i bk6: 3040a 174334i bk7: 3040a 174280i bk8: 3040a 173425i bk9: 3040a 173797i bk10: 3040a 172745i bk11: 3040a 174969i bk12: 3092a 173484i bk13: 3092a 173939i bk14: 3120a 172656i bk15: 3120a 174855i 

------------------------------------------------------------------------

Row_Buffer_Locality = 0.760681
Row_Buffer_Locality_read = 0.794020
Row_Buffer_Locality_write = 0.065337
Bank_Level_Parallism = 3.733647
Bank_Level_Parallism_Col = 2.608002
Bank_Level_Parallism_Ready = 1.438152
write_to_read_ratio_blp_rw_average = 0.274160
GrpLevelPara = 1.921212 

BW Util details:
bwutil = 0.569910 
total_CMD = 205601 
util_bw = 58587 
Wasted_Col = 76117 
Wasted_Row = 15608 
Idle = 55289 

BW Util Bottlenecks: 
RCDc_limit = 69864 
RCDWRc_limit = 12699 
WTRc_limit = 17083 
RTWc_limit = 47888 
CCDLc_limit = 40634 
rwq = 0 
CCDLc_limit_alone = 36271 
WTRc_limit_alone = 15825 
RTWc_limit_alone = 44783 

Commands details: 
total_CMD = 205601 
n_nop = 131852 
Read = 49160 
Write = 0 
L2_Alloc = 0 
L2_WB = 9427 
n_act = 12329 
n_pre = 12313 
n_ref = 0 
n_req = 51517 
total_req = 58587 

Dual Bus Interface Util: 
issued_total_row = 24642 
issued_total_col = 58587 
Row_Bus_Util =  0.119854 
CoL_Bus_Util = 0.284955 
Either_Row_CoL_Bus_Util = 0.358700 
Issued_on_Two_Bus_Simul_Util = 0.046109 
issued_two_Eff = 0.128544 
queue_avg = 9.690775 


dram_util_bins: 0 0 0 0 0 0 0 0 0 0
dram_eff_bins: 0 0 0 0 0 0 0 0 0 0
mrqq: max=109 avg=9.69077
Memory Partition 41: 
Cache L2_bank_082:
MSHR contents

Cache L2_bank_083:
MSHR contents

In Dram Latency Queue (total = 0): 
DRAM[41]: 16 bks, busW=8 BL=4 CL=12, tRRD=3 tCCD=1, tRCD=12 tRAS=28 tRP=12 tRC=40
n_cmd=205601 n_nop=131938 n_act=12314 n_pre=12298 n_ref_event=0 n_req=51514 n_rd=49160 n_rd_L2_A=0 n_write=0 n_wr_bk=9416 bw_util=0.5698
n_activity=158151 dram_eff=0.7408
bk0: 3120a 173631i bk1: 3120a 174665i bk2: 3088a 173367i bk3: 3088a 174166i bk4: 3040a 172990i bk5: 3040a 173801i bk6: 3040a 174513i bk7: 3040a 174635i bk8: 3040a 173060i bk9: 3040a 174659i bk10: 3040a 173378i bk11: 3040a 174406i bk12: 3092a 173200i bk13: 3092a 174225i bk14: 3120a 172411i bk15: 3120a 174325i 

------------------------------------------------------------------------

Row_Buffer_Locality = 0.760958
Row_Buffer_Locality_read = 0.794243
Row_Buffer_Locality_write = 0.065845
Bank_Level_Parallism = 3.727741
Bank_Level_Parallism_Col = 2.619616
Bank_Level_Parallism_Ready = 1.463398
write_to_read_ratio_blp_rw_average = 0.268276
GrpLevelPara = 1.915806 

BW Util details:
bwutil = 0.569803 
total_CMD = 205601 
util_bw = 58576 
Wasted_Col = 75536 
Wasted_Row = 16032 
Idle = 55457 

BW Util Bottlenecks: 
RCDc_limit = 69435 
RCDWRc_limit = 12825 
WTRc_limit = 17844 
RTWc_limit = 45646 
CCDLc_limit = 41206 
rwq = 0 
CCDLc_limit_alone = 37269 
WTRc_limit_alone = 16650 
RTWc_limit_alone = 42903 

Commands details: 
total_CMD = 205601 
n_nop = 131938 
Read = 49160 
Write = 0 
L2_Alloc = 0 
L2_WB = 9416 
n_act = 12314 
n_pre = 12298 
n_ref = 0 
n_req = 51514 
total_req = 58576 

Dual Bus Interface Util: 
issued_total_row = 24612 
issued_total_col = 58576 
Row_Bus_Util =  0.119708 
CoL_Bus_Util = 0.284901 
Either_Row_CoL_Bus_Util = 0.358281 
Issued_on_Two_Bus_Simul_Util = 0.046328 
issued_two_Eff = 0.129305 
queue_avg = 9.640508 


dram_util_bins: 0 0 0 0 0 0 0 0 0 0
dram_eff_bins: 0 0 0 0 0 0 0 0 0 0
mrqq: max=118 avg=9.64051
Memory Partition 42: 
Cache L2_bank_084:
MSHR contents

Cache L2_bank_085:
MSHR contents

In Dram Latency Queue (total = 0): 
DRAM[42]: 16 bks, busW=8 BL=4 CL=12, tRRD=3 tCCD=1, tRCD=12 tRAS=28 tRP=12 tRC=40
n_cmd=205601 n_nop=132030 n_act=12284 n_pre=12268 n_ref_event=0 n_req=51517 n_rd=49160 n_rd_L2_A=0 n_write=0 n_wr_bk=9428 bw_util=0.5699
n_activity=156759 dram_eff=0.7475
bk0: 3120a 172131i bk1: 3120a 174485i bk2: 3088a 174023i bk3: 3088a 173432i bk4: 3040a 173128i bk5: 3040a 174089i bk6: 3040a 174239i bk7: 3040a 174173i bk8: 3040a 173182i bk9: 3040a 174304i bk10: 3040a 173001i bk11: 3040a 175220i bk12: 3092a 172994i bk13: 3092a 174077i bk14: 3120a 172578i bk15: 3120a 175000i 

------------------------------------------------------------------------

Row_Buffer_Locality = 0.761554
Row_Buffer_Locality_read = 0.794711
Row_Buffer_Locality_write = 0.070004
Bank_Level_Parallism = 3.753902
Bank_Level_Parallism_Col = 2.640863
Bank_Level_Parallism_Ready = 1.451441
write_to_read_ratio_blp_rw_average = 0.273035
GrpLevelPara = 1.925250 

BW Util details:
bwutil = 0.569919 
total_CMD = 205601 
util_bw = 58588 
Wasted_Col = 75069 
Wasted_Row = 15808 
Idle = 56136 

BW Util Bottlenecks: 
RCDc_limit = 69496 
RCDWRc_limit = 12407 
WTRc_limit = 16961 
RTWc_limit = 48302 
CCDLc_limit = 40570 
rwq = 0 
CCDLc_limit_alone = 36318 
WTRc_limit_alone = 15859 
RTWc_limit_alone = 45152 

Commands details: 
total_CMD = 205601 
n_nop = 132030 
Read = 49160 
Write = 0 
L2_Alloc = 0 
L2_WB = 9428 
n_act = 12284 
n_pre = 12268 
n_ref = 0 
n_req = 51517 
total_req = 58588 

Dual Bus Interface Util: 
issued_total_row = 24552 
issued_total_col = 58588 
Row_Bus_Util =  0.119416 
CoL_Bus_Util = 0.284960 
Either_Row_CoL_Bus_Util = 0.357834 
Issued_on_Two_Bus_Simul_Util = 0.046542 
issued_two_Eff = 0.130065 
queue_avg = 9.722648 


dram_util_bins: 0 0 0 0 0 0 0 0 0 0
dram_eff_bins: 0 0 0 0 0 0 0 0 0 0
mrqq: max=127 avg=9.72265
Memory Partition 43: 
Cache L2_bank_086:
MSHR contents

Cache L2_bank_087:
MSHR contents

In Dram Latency Queue (total = 0): 
DRAM[43]: 16 bks, busW=8 BL=4 CL=12, tRRD=3 tCCD=1, tRCD=12 tRAS=28 tRP=12 tRC=40
n_cmd=205601 n_nop=131995 n_act=12284 n_pre=12268 n_ref_event=0 n_req=51507 n_rd=49160 n_rd_L2_A=0 n_write=0 n_wr_bk=9388 bw_util=0.5695
n_activity=157000 dram_eff=0.7458
bk0: 3120a 173138i bk1: 3120a 174305i bk2: 3088a 173435i bk3: 3088a 173689i bk4: 3040a 172086i bk5: 3040a 173658i bk6: 3040a 173774i bk7: 3040a 173740i bk8: 3040a 174749i bk9: 3040a 175224i bk10: 3040a 173225i bk11: 3040a 174491i bk12: 3092a 172478i bk13: 3092a 174037i bk14: 3120a 172836i bk15: 3120a 173849i 

------------------------------------------------------------------------

Row_Buffer_Locality = 0.761508
Row_Buffer_Locality_read = 0.794426
Row_Buffer_Locality_write = 0.072007
Bank_Level_Parallism = 3.755653
Bank_Level_Parallism_Col = 2.637448
Bank_Level_Parallism_Ready = 1.451886
write_to_read_ratio_blp_rw_average = 0.273298
GrpLevelPara = 1.935084 

BW Util details:
bwutil = 0.569530 
total_CMD = 205601 
util_bw = 58548 
Wasted_Col = 75554 
Wasted_Row = 15648 
Idle = 55851 

BW Util Bottlenecks: 
RCDc_limit = 69427 
RCDWRc_limit = 12268 
WTRc_limit = 17390 
RTWc_limit = 48158 
CCDLc_limit = 40835 
rwq = 0 
CCDLc_limit_alone = 36773 
WTRc_limit_alone = 16270 
RTWc_limit_alone = 45216 

Commands details: 
total_CMD = 205601 
n_nop = 131995 
Read = 49160 
Write = 0 
L2_Alloc = 0 
L2_WB = 9388 
n_act = 12284 
n_pre = 12268 
n_ref = 0 
n_req = 51507 
total_req = 58548 

Dual Bus Interface Util: 
issued_total_row = 24552 
issued_total_col = 58548 
Row_Bus_Util =  0.119416 
CoL_Bus_Util = 0.284765 
Either_Row_CoL_Bus_Util = 0.358004 
Issued_on_Two_Bus_Simul_Util = 0.046177 
issued_two_Eff = 0.128984 
queue_avg = 9.733761 


dram_util_bins: 0 0 0 0 0 0 0 0 0 0
dram_eff_bins: 0 0 0 0 0 0 0 0 0 0
mrqq: max=109 avg=9.73376
Memory Partition 44: 
Cache L2_bank_088:
MSHR contents

Cache L2_bank_089:
MSHR contents

In Dram Latency Queue (total = 1): 
Ready @ 117944 -   mf: uid=18185783, sid4294967295:w4294967295, part=44, addr=0xc06c8ab80, store, size=128, L2_WRBK  status = IN_PARTITION_DRAM_LATENCY_QUEUE (117690), 
DRAM[44]: 16 bks, busW=8 BL=4 CL=12, tRRD=3 tCCD=1, tRCD=12 tRAS=28 tRP=12 tRC=40
n_cmd=205601 n_nop=131920 n_act=12285 n_pre=12269 n_ref_event=0 n_req=51532 n_rd=49160 n_rd_L2_A=0 n_write=0 n_wr_bk=9488 bw_util=0.5705
n_activity=157361 dram_eff=0.7454
bk0: 3120a 172672i bk1: 3120a 174993i bk2: 3088a 172063i bk3: 3088a 173197i bk4: 3040a 171943i bk5: 3040a 174339i bk6: 3040a 173264i bk7: 3040a 174791i bk8: 3040a 173575i bk9: 3040a 174676i bk10: 3040a 174563i bk11: 3040a 175382i bk12: 3092a 173449i bk13: 3092a 174073i bk14: 3120a 172909i bk15: 3120a 174964i 

------------------------------------------------------------------------

Row_Buffer_Locality = 0.761604
Row_Buffer_Locality_read = 0.794955
Row_Buffer_Locality_write = 0.070405
Bank_Level_Parallism = 3.740911
Bank_Level_Parallism_Col = 2.630526
Bank_Level_Parallism_Ready = 1.450075
write_to_read_ratio_blp_rw_average = 0.271888
GrpLevelPara = 1.933808 

BW Util details:
bwutil = 0.570503 
total_CMD = 205601 
util_bw = 58648 
Wasted_Col = 75207 
Wasted_Row = 15920 
Idle = 55826 

BW Util Bottlenecks: 
RCDc_limit = 69583 
RCDWRc_limit = 12528 
WTRc_limit = 16672 
RTWc_limit = 48133 
CCDLc_limit = 40489 
rwq = 0 
CCDLc_limit_alone = 36240 
WTRc_limit_alone = 15431 
RTWc_limit_alone = 45125 

Commands details: 
total_CMD = 205601 
n_nop = 131920 
Read = 49160 
Write = 0 
L2_Alloc = 0 
L2_WB = 9488 
n_act = 12285 
n_pre = 12269 
n_ref = 0 
n_req = 51532 
total_req = 58648 

Dual Bus Interface Util: 
issued_total_row = 24554 
issued_total_col = 58648 
Row_Bus_Util =  0.119425 
CoL_Bus_Util = 0.285252 
Either_Row_CoL_Bus_Util = 0.358369 
Issued_on_Two_Bus_Simul_Util = 0.046308 
issued_two_Eff = 0.129219 
queue_avg = 9.657862 


dram_util_bins: 0 0 0 0 0 0 0 0 0 0
dram_eff_bins: 0 0 0 0 0 0 0 0 0 0
mrqq: max=128 avg=9.65786
Memory Partition 45: 
Cache L2_bank_090:
MSHR contents

Cache L2_bank_091:
MSHR contents

In Dram Latency Queue (total = 0): 
DRAM[45]: 16 bks, busW=8 BL=4 CL=12, tRRD=3 tCCD=1, tRCD=12 tRAS=28 tRP=12 tRC=40
n_cmd=205601 n_nop=131977 n_act=12285 n_pre=12269 n_ref_event=0 n_req=51533 n_rd=49164 n_rd_L2_A=0 n_write=0 n_wr_bk=9476 bw_util=0.5704
n_activity=156995 dram_eff=0.747
bk0: 3120a 174007i bk1: 3120a 174980i bk2: 3088a 172633i bk3: 3088a 173597i bk4: 3040a 173375i bk5: 3040a 173372i bk6: 3040a 174161i bk7: 3040a 174632i bk8: 3040a 174054i bk9: 3040a 175325i bk10: 3040a 174722i bk11: 3040a 175764i bk12: 3096a 173828i bk13: 3092a 173128i bk14: 3120a 172998i bk15: 3120a 174725i 

------------------------------------------------------------------------

Row_Buffer_Locality = 0.761609
Row_Buffer_Locality_read = 0.794647
Row_Buffer_Locality_write = 0.075981
Bank_Level_Parallism = 3.710749
Bank_Level_Parallism_Col = 2.584141
Bank_Level_Parallism_Ready = 1.425955
write_to_read_ratio_blp_rw_average = 0.270866
GrpLevelPara = 1.907618 

BW Util details:
bwutil = 0.570425 
total_CMD = 205601 
util_bw = 58640 
Wasted_Col = 75842 
Wasted_Row = 15312 
Idle = 55807 

BW Util Bottlenecks: 
RCDc_limit = 69298 
RCDWRc_limit = 12568 
WTRc_limit = 18070 
RTWc_limit = 45955 
CCDLc_limit = 41108 
rwq = 0 
CCDLc_limit_alone = 36929 
WTRc_limit_alone = 16819 
RTWc_limit_alone = 43027 

Commands details: 
total_CMD = 205601 
n_nop = 131977 
Read = 49164 
Write = 0 
L2_Alloc = 0 
L2_WB = 9476 
n_act = 12285 
n_pre = 12269 
n_ref = 0 
n_req = 51533 
total_req = 58640 

Dual Bus Interface Util: 
issued_total_row = 24554 
issued_total_col = 58640 
Row_Bus_Util =  0.119425 
CoL_Bus_Util = 0.285213 
Either_Row_CoL_Bus_Util = 0.358092 
Issued_on_Two_Bus_Simul_Util = 0.046546 
issued_two_Eff = 0.129985 
queue_avg = 9.506700 


dram_util_bins: 0 0 0 0 0 0 0 0 0 0
dram_eff_bins: 0 0 0 0 0 0 0 0 0 0
mrqq: max=128 avg=9.5067
Memory Partition 46: 
Cache L2_bank_092:
MSHR contents

Cache L2_bank_093:
MSHR contents

In Dram Latency Queue (total = 0): 
DRAM[46]: 16 bks, busW=8 BL=4 CL=12, tRRD=3 tCCD=1, tRCD=12 tRAS=28 tRP=12 tRC=40
n_cmd=205601 n_nop=131916 n_act=12312 n_pre=12296 n_ref_event=0 n_req=51516 n_rd=49160 n_rd_L2_A=0 n_write=0 n_wr_bk=9424 bw_util=0.5699
n_activity=157183 dram_eff=0.7454
bk0: 3120a 172577i bk1: 3120a 175523i bk2: 3088a 171031i bk3: 3088a 173060i bk4: 3040a 172996i bk5: 3040a 173684i bk6: 3040a 173892i bk7: 3040a 175286i bk8: 3040a 174321i bk9: 3040a 174852i bk10: 3040a 173882i bk11: 3040a 174236i bk12: 3092a 172794i bk13: 3092a 174559i bk14: 3120a 174111i bk15: 3120a 173987i 

------------------------------------------------------------------------

Row_Buffer_Locality = 0.761006
Row_Buffer_Locality_read = 0.794223
Row_Buffer_Locality_write = 0.067912
Bank_Level_Parallism = 3.739870
Bank_Level_Parallism_Col = 2.614939
Bank_Level_Parallism_Ready = 1.459255
write_to_read_ratio_blp_rw_average = 0.269709
GrpLevelPara = 1.912674 

BW Util details:
bwutil = 0.569880 
total_CMD = 205601 
util_bw = 58584 
Wasted_Col = 75914 
Wasted_Row = 15331 
Idle = 55772 

BW Util Bottlenecks: 
RCDc_limit = 69710 
RCDWRc_limit = 12475 
WTRc_limit = 18019 
RTWc_limit = 46548 
CCDLc_limit = 40785 
rwq = 0 
CCDLc_limit_alone = 36668 
WTRc_limit_alone = 16727 
RTWc_limit_alone = 43723 

Commands details: 
total_CMD = 205601 
n_nop = 131916 
Read = 49160 
Write = 0 
L2_Alloc = 0 
L2_WB = 9424 
n_act = 12312 
n_pre = 12296 
n_ref = 0 
n_req = 51516 
total_req = 58584 

Dual Bus Interface Util: 
issued_total_row = 24608 
issued_total_col = 58584 
Row_Bus_Util =  0.119688 
CoL_Bus_Util = 0.284940 
Either_Row_CoL_Bus_Util = 0.358388 
Issued_on_Two_Bus_Simul_Util = 0.046240 
issued_two_Eff = 0.129022 
queue_avg = 9.523616 


dram_util_bins: 0 0 0 0 0 0 0 0 0 0
dram_eff_bins: 0 0 0 0 0 0 0 0 0 0
mrqq: max=128 avg=9.52362
Memory Partition 47: 
Cache L2_bank_094:
MSHR contents

Cache L2_bank_095:
MSHR contents

In Dram Latency Queue (total = 0): 
DRAM[47]: 16 bks, busW=8 BL=4 CL=12, tRRD=3 tCCD=1, tRCD=12 tRAS=28 tRP=12 tRC=40
n_cmd=205601 n_nop=131934 n_act=12300 n_pre=12284 n_ref_event=0 n_req=51531 n_rd=49160 n_rd_L2_A=0 n_write=0 n_wr_bk=9480 bw_util=0.5704
n_activity=156609 dram_eff=0.7489
bk0: 3120a 172261i bk1: 3120a 174830i bk2: 3088a 171950i bk3: 3088a 173302i bk4: 3040a 173354i bk5: 3040a 174898i bk6: 3040a 174328i bk7: 3040a 175236i bk8: 3040a 174139i bk9: 3040a 175125i bk10: 3040a 172585i bk11: 3040a 174524i bk12: 3092a 173319i bk13: 3092a 174299i bk14: 3120a 172817i bk15: 3120a 173964i 

------------------------------------------------------------------------

Row_Buffer_Locality = 0.761309
Row_Buffer_Locality_read = 0.794487
Row_Buffer_Locality_write = 0.073387
Bank_Level_Parallism = 3.751750
Bank_Level_Parallism_Col = 2.636309
Bank_Level_Parallism_Ready = 1.453325
write_to_read_ratio_blp_rw_average = 0.274502
GrpLevelPara = 1.930955 

BW Util details:
bwutil = 0.570425 
total_CMD = 205601 
util_bw = 58640 
Wasted_Col = 75001 
Wasted_Row = 15680 
Idle = 56280 

BW Util Bottlenecks: 
RCDc_limit = 68935 
RCDWRc_limit = 12634 
WTRc_limit = 17897 
RTWc_limit = 46971 
CCDLc_limit = 40766 
rwq = 0 
CCDLc_limit_alone = 36780 
WTRc_limit_alone = 16718 
RTWc_limit_alone = 44164 

Commands details: 
total_CMD = 205601 
n_nop = 131934 
Read = 49160 
Write = 0 
L2_Alloc = 0 
L2_WB = 9480 
n_act = 12300 
n_pre = 12284 
n_ref = 0 
n_req = 51531 
total_req = 58640 

Dual Bus Interface Util: 
issued_total_row = 24584 
issued_total_col = 58640 
Row_Bus_Util =  0.119571 
CoL_Bus_Util = 0.285213 
Either_Row_CoL_Bus_Util = 0.358301 
Issued_on_Two_Bus_Simul_Util = 0.046483 
issued_two_Eff = 0.129732 
queue_avg = 9.540493 


dram_util_bins: 0 0 0 0 0 0 0 0 0 0
dram_eff_bins: 0 0 0 0 0 0 0 0 0 0
mrqq: max=116 avg=9.54049
Memory Partition 48: 
Cache L2_bank_096:
MSHR contents

Cache L2_bank_097:
MSHR contents

In Dram Latency Queue (total = 0): 
DRAM[48]: 16 bks, busW=8 BL=4 CL=12, tRRD=3 tCCD=1, tRCD=12 tRAS=28 tRP=12 tRC=40
n_cmd=205601 n_nop=168633 n_act=6530 n_pre=6514 n_ref_event=0 n_req=25073 n_rd=24568 n_rd_L2_A=0 n_write=0 n_wr_bk=2020 bw_util=0.2586
n_activity=135442 dram_eff=0.3926
bk0: 1560a 192361i bk1: 1560a 192624i bk2: 1552a 192371i bk3: 1552a 192580i bk4: 1520a 192594i bk5: 1520a 192669i bk6: 1520a 192225i bk7: 1520a 192849i bk8: 1520a 192553i bk9: 1520a 193041i bk10: 1520a 192384i bk11: 1520a 192803i bk12: 1532a 192666i bk13: 1532a 192729i bk14: 1560a 192688i bk15: 1560a 192820i 

------------------------------------------------------------------------

Row_Buffer_Locality = 0.739560
Row_Buffer_Locality_read = 0.754559
Row_Buffer_Locality_write = 0.009901
Bank_Level_Parallism = 2.037773
Bank_Level_Parallism_Col = 1.598907
Bank_Level_Parallism_Ready = 1.206785
write_to_read_ratio_blp_rw_average = 0.108245
GrpLevelPara = 1.374911 

BW Util details:
bwutil = 0.258637 
total_CMD = 205601 
util_bw = 26588 
Wasted_Col = 59339 
Wasted_Row = 28282 
Idle = 91392 

BW Util Bottlenecks: 
RCDc_limit = 55274 
RCDWRc_limit = 3738 
WTRc_limit = 3260 
RTWc_limit = 6603 
CCDLc_limit = 19432 
rwq = 0 
CCDLc_limit_alone = 18611 
WTRc_limit_alone = 3002 
RTWc_limit_alone = 6040 

Commands details: 
total_CMD = 205601 
n_nop = 168633 
Read = 24568 
Write = 0 
L2_Alloc = 0 
L2_WB = 2020 
n_act = 6530 
n_pre = 6514 
n_ref = 0 
n_req = 25073 
total_req = 26588 

Dual Bus Interface Util: 
issued_total_row = 13044 
issued_total_col = 26588 
Row_Bus_Util =  0.063443 
CoL_Bus_Util = 0.129318 
Either_Row_CoL_Bus_Util = 0.179805 
Issued_on_Two_Bus_Simul_Util = 0.012957 
issued_two_Eff = 0.072062 
queue_avg = 3.365042 


dram_util_bins: 0 0 0 0 0 0 0 0 0 0
dram_eff_bins: 0 0 0 0 0 0 0 0 0 0
mrqq: max=110 avg=3.36504
Memory Partition 49: 
Cache L2_bank_098:
MSHR contents

Cache L2_bank_099:
MSHR contents

In Dram Latency Queue (total = 0): 
DRAM[49]: 16 bks, busW=8 BL=4 CL=12, tRRD=3 tCCD=1, tRCD=12 tRAS=28 tRP=12 tRC=40
n_cmd=205601 n_nop=168603 n_act=6551 n_pre=6535 n_ref_event=0 n_req=25084 n_rd=24568 n_rd_L2_A=0 n_write=0 n_wr_bk=2064 bw_util=0.2591
n_activity=135503 dram_eff=0.3931
bk0: 1560a 192534i bk1: 1560a 192619i bk2: 1552a 192737i bk3: 1552a 192626i bk4: 1520a 192233i bk5: 1520a 192408i bk6: 1520a 192567i bk7: 1520a 192774i bk8: 1520a 192515i bk9: 1520a 192662i bk10: 1520a 192540i bk11: 1520a 192695i bk12: 1532a 192835i bk13: 1532a 192680i bk14: 1560a 192656i bk15: 1560a 192786i 

------------------------------------------------------------------------

Row_Buffer_Locality = 0.738837
Row_Buffer_Locality_read = 0.754070
Row_Buffer_Locality_write = 0.013566
Bank_Level_Parallism = 2.035663
Bank_Level_Parallism_Col = 1.589750
Bank_Level_Parallism_Ready = 1.189058
write_to_read_ratio_blp_rw_average = 0.109322
GrpLevelPara = 1.369964 

BW Util details:
bwutil = 0.259065 
total_CMD = 205601 
util_bw = 26632 
Wasted_Col = 59909 
Wasted_Row = 27836 
Idle = 91224 

BW Util Bottlenecks: 
RCDc_limit = 55528 
RCDWRc_limit = 3777 
WTRc_limit = 3202 
RTWc_limit = 6820 
CCDLc_limit = 19615 
rwq = 0 
CCDLc_limit_alone = 18714 
WTRc_limit_alone = 2889 
RTWc_limit_alone = 6232 

Commands details: 
total_CMD = 205601 
n_nop = 168603 
Read = 24568 
Write = 0 
L2_Alloc = 0 
L2_WB = 2064 
n_act = 6551 
n_pre = 6535 
n_ref = 0 
n_req = 25084 
total_req = 26632 

Dual Bus Interface Util: 
issued_total_row = 13086 
issued_total_col = 26632 
Row_Bus_Util =  0.063648 
CoL_Bus_Util = 0.129532 
Either_Row_CoL_Bus_Util = 0.179950 
Issued_on_Two_Bus_Simul_Util = 0.013230 
issued_two_Eff = 0.073517 
queue_avg = 3.380475 


dram_util_bins: 0 0 0 0 0 0 0 0 0 0
dram_eff_bins: 0 0 0 0 0 0 0 0 0 0
mrqq: max=108 avg=3.38047
Memory Partition 50: 
Cache L2_bank_100:
MSHR contents

Cache L2_bank_101:
MSHR contents

In Dram Latency Queue (total = 0): 
DRAM[50]: 16 bks, busW=8 BL=4 CL=12, tRRD=3 tCCD=1, tRCD=12 tRAS=28 tRP=12 tRC=40
n_cmd=205601 n_nop=168726 n_act=6546 n_pre=6530 n_ref_event=0 n_req=25068 n_rd=24568 n_rd_L2_A=0 n_write=0 n_wr_bk=2000 bw_util=0.2584
n_activity=135590 dram_eff=0.3919
bk0: 1560a 192603i bk1: 1560a 192620i bk2: 1552a 192473i bk3: 1552a 192847i bk4: 1520a 192354i bk5: 1520a 192574i bk6: 1520a 192531i bk7: 1520a 192627i bk8: 1520a 192422i bk9: 1520a 192729i bk10: 1520a 192950i bk11: 1520a 192954i bk12: 1532a 192520i bk13: 1532a 192935i bk14: 1560a 192627i bk15: 1560a 192507i 

------------------------------------------------------------------------

Row_Buffer_Locality = 0.738870
Row_Buffer_Locality_read = 0.753745
Row_Buffer_Locality_write = 0.008000
Bank_Level_Parallism = 2.026074
Bank_Level_Parallism_Col = 1.588337
Bank_Level_Parallism_Ready = 1.196289
write_to_read_ratio_blp_rw_average = 0.108652
GrpLevelPara = 1.358732 

BW Util details:
bwutil = 0.258442 
total_CMD = 205601 
util_bw = 26568 
Wasted_Col = 59898 
Wasted_Row = 28244 
Idle = 90891 

BW Util Bottlenecks: 
RCDc_limit = 55394 
RCDWRc_limit = 3790 
WTRc_limit = 2883 
RTWc_limit = 6895 
CCDLc_limit = 20103 
rwq = 0 
CCDLc_limit_alone = 19161 
WTRc_limit_alone = 2597 
RTWc_limit_alone = 6239 

Commands details: 
total_CMD = 205601 
n_nop = 168726 
Read = 24568 
Write = 0 
L2_Alloc = 0 
L2_WB = 2000 
n_act = 6546 
n_pre = 6530 
n_ref = 0 
n_req = 25068 
total_req = 26568 

Dual Bus Interface Util: 
issued_total_row = 13076 
issued_total_col = 26568 
Row_Bus_Util =  0.063599 
CoL_Bus_Util = 0.129221 
Either_Row_CoL_Bus_Util = 0.179352 
Issued_on_Two_Bus_Simul_Util = 0.013468 
issued_two_Eff = 0.075092 
queue_avg = 3.315548 


dram_util_bins: 0 0 0 0 0 0 0 0 0 0
dram_eff_bins: 0 0 0 0 0 0 0 0 0 0
mrqq: max=108 avg=3.31555
Memory Partition 51: 
Cache L2_bank_102:
MSHR contents

Cache L2_bank_103:
MSHR contents

In Dram Latency Queue (total = 0): 
DRAM[51]: 16 bks, busW=8 BL=4 CL=12, tRRD=3 tCCD=1, tRCD=12 tRAS=28 tRP=12 tRC=40
n_cmd=205601 n_nop=168727 n_act=6544 n_pre=6529 n_ref_event=0 n_req=25068 n_rd=24568 n_rd_L2_A=0 n_write=0 n_wr_bk=1996 bw_util=0.2584
n_activity=135429 dram_eff=0.3923
bk0: 1560a 192719i bk1: 1560a 192692i bk2: 1552a 192543i bk3: 1552a 192788i bk4: 1520a 192521i bk5: 1520a 192983i bk6: 1520a 192488i bk7: 1520a 192827i bk8: 1520a 192654i bk9: 1520a 192790i bk10: 1520a 192786i bk11: 1520a 192774i bk12: 1532a 192756i bk13: 1532a 192836i bk14: 1560a 192566i bk15: 1560a 192565i 

------------------------------------------------------------------------

Row_Buffer_Locality = 0.738910
Row_Buffer_Locality_read = 0.753500
Row_Buffer_Locality_write = 0.022000
Bank_Level_Parallism = 2.023975
Bank_Level_Parallism_Col = 1.579984
Bank_Level_Parallism_Ready = 1.180658
write_to_read_ratio_blp_rw_average = 0.105805
GrpLevelPara = 1.363276 

BW Util details:
bwutil = 0.258403 
total_CMD = 205601 
util_bw = 26564 
Wasted_Col = 59726 
Wasted_Row = 28037 
Idle = 91274 

BW Util Bottlenecks: 
RCDc_limit = 55561 
RCDWRc_limit = 3645 
WTRc_limit = 3043 
RTWc_limit = 6385 
CCDLc_limit = 19785 
rwq = 0 
CCDLc_limit_alone = 18956 
WTRc_limit_alone = 2734 
RTWc_limit_alone = 5865 

Commands details: 
total_CMD = 205601 
n_nop = 168727 
Read = 24568 
Write = 0 
L2_Alloc = 0 
L2_WB = 1996 
n_act = 6544 
n_pre = 6529 
n_ref = 0 
n_req = 25068 
total_req = 26564 

Dual Bus Interface Util: 
issued_total_row = 13073 
issued_total_col = 26564 
Row_Bus_Util =  0.063584 
CoL_Bus_Util = 0.129202 
Either_Row_CoL_Bus_Util = 0.179347 
Issued_on_Two_Bus_Simul_Util = 0.013439 
issued_two_Eff = 0.074931 
queue_avg = 3.348204 


dram_util_bins: 0 0 0 0 0 0 0 0 0 0
dram_eff_bins: 0 0 0 0 0 0 0 0 0 0
mrqq: max=108 avg=3.3482
Memory Partition 52: 
Cache L2_bank_104:
MSHR contents

Cache L2_bank_105:
MSHR contents

In Dram Latency Queue (total = 0): 
DRAM[52]: 16 bks, busW=8 BL=4 CL=12, tRRD=3 tCCD=1, tRCD=12 tRAS=28 tRP=12 tRC=40
n_cmd=205601 n_nop=168663 n_act=6547 n_pre=6531 n_ref_event=0 n_req=25090 n_rd=24568 n_rd_L2_A=0 n_write=0 n_wr_bk=2088 bw_util=0.2593
n_activity=134917 dram_eff=0.3951
bk0: 1560a 192212i bk1: 1560a 192605i bk2: 1552a 192093i bk3: 1552a 192202i bk4: 1520a 192450i bk5: 1520a 192787i bk6: 1520a 193063i bk7: 1520a 193194i bk8: 1520a 192800i bk9: 1520a 193008i bk10: 1520a 192383i bk11: 1520a 192931i bk12: 1532a 192483i bk13: 1532a 192502i bk14: 1560a 192487i bk15: 1560a 192637i 

------------------------------------------------------------------------

Row_Buffer_Locality = 0.739059
Row_Buffer_Locality_read = 0.754233
Row_Buffer_Locality_write = 0.024904
Bank_Level_Parallism = 2.053265
Bank_Level_Parallism_Col = 1.606376
Bank_Level_Parallism_Ready = 1.206633
write_to_read_ratio_blp_rw_average = 0.111839
GrpLevelPara = 1.372392 

BW Util details:
bwutil = 0.259298 
total_CMD = 205601 
util_bw = 26656 
Wasted_Col = 59412 
Wasted_Row = 27346 
Idle = 92187 

BW Util Bottlenecks: 
RCDc_limit = 55120 
RCDWRc_limit = 3700 
WTRc_limit = 3031 
RTWc_limit = 7172 
CCDLc_limit = 19857 
rwq = 0 
CCDLc_limit_alone = 18976 
WTRc_limit_alone = 2740 
RTWc_limit_alone = 6582 

Commands details: 
total_CMD = 205601 
n_nop = 168663 
Read = 24568 
Write = 0 
L2_Alloc = 0 
L2_WB = 2088 
n_act = 6547 
n_pre = 6531 
n_ref = 0 
n_req = 25090 
total_req = 26656 

Dual Bus Interface Util: 
issued_total_row = 13078 
issued_total_col = 26656 
Row_Bus_Util =  0.063609 
CoL_Bus_Util = 0.129649 
Either_Row_CoL_Bus_Util = 0.179659 
Issued_on_Two_Bus_Simul_Util = 0.013599 
issued_two_Eff = 0.075694 
queue_avg = 3.310694 


dram_util_bins: 0 0 0 0 0 0 0 0 0 0
dram_eff_bins: 0 0 0 0 0 0 0 0 0 0
mrqq: max=110 avg=3.31069
Memory Partition 53: 
Cache L2_bank_106:
MSHR contents

Cache L2_bank_107:
MSHR contents

In Dram Latency Queue (total = 0): 
DRAM[53]: 16 bks, busW=8 BL=4 CL=12, tRRD=3 tCCD=1, tRCD=12 tRAS=28 tRP=12 tRC=40
n_cmd=205601 n_nop=168638 n_act=6536 n_pre=6520 n_ref_event=0 n_req=25083 n_rd=24568 n_rd_L2_A=0 n_write=0 n_wr_bk=2060 bw_util=0.259
n_activity=135315 dram_eff=0.3936
bk0: 1560a 192184i bk1: 1560a 192655i bk2: 1552a 192406i bk3: 1552a 192607i bk4: 1520a 192380i bk5: 1520a 192637i bk6: 1520a 193194i bk7: 1520a 193311i bk8: 1520a 192638i bk9: 1520a 193127i bk10: 1520a 193120i bk11: 1520a 193140i bk12: 1532a 192161i bk13: 1532a 192614i bk14: 1560a 192331i bk15: 1560a 192460i 

------------------------------------------------------------------------

Row_Buffer_Locality = 0.739425
Row_Buffer_Locality_read = 0.754640
Row_Buffer_Locality_write = 0.013592
Bank_Level_Parallism = 2.025275
Bank_Level_Parallism_Col = 1.581550
Bank_Level_Parallism_Ready = 1.194194
write_to_read_ratio_blp_rw_average = 0.109709
GrpLevelPara = 1.365550 

BW Util details:
bwutil = 0.259026 
total_CMD = 205601 
util_bw = 26628 
Wasted_Col = 60200 
Wasted_Row = 27593 
Idle = 91180 

BW Util Bottlenecks: 
RCDc_limit = 55707 
RCDWRc_limit = 3821 
WTRc_limit = 3241 
RTWc_limit = 6990 
CCDLc_limit = 19891 
rwq = 0 
CCDLc_limit_alone = 18982 
WTRc_limit_alone = 2892 
RTWc_limit_alone = 6430 

Commands details: 
total_CMD = 205601 
n_nop = 168638 
Read = 24568 
Write = 0 
L2_Alloc = 0 
L2_WB = 2060 
n_act = 6536 
n_pre = 6520 
n_ref = 0 
n_req = 25083 
total_req = 26628 

Dual Bus Interface Util: 
issued_total_row = 13056 
issued_total_col = 26628 
Row_Bus_Util =  0.063502 
CoL_Bus_Util = 0.129513 
Either_Row_CoL_Bus_Util = 0.179780 
Issued_on_Two_Bus_Simul_Util = 0.013234 
issued_two_Eff = 0.073614 
queue_avg = 3.328671 


dram_util_bins: 0 0 0 0 0 0 0 0 0 0
dram_eff_bins: 0 0 0 0 0 0 0 0 0 0
mrqq: max=111 avg=3.32867
Memory Partition 54: 
Cache L2_bank_108:
MSHR contents

Cache L2_bank_109:
MSHR contents

In Dram Latency Queue (total = 1): 
Ready @ 117966 -   mf: uid=18185785, sid4294967295:w4294967295, part=54, addr=0xc0808cd80, store, size=128, L2_WRBK  status = IN_PARTITION_DRAM_LATENCY_QUEUE (117712), 
DRAM[54]: 16 bks, busW=8 BL=4 CL=12, tRRD=3 tCCD=1, tRCD=12 tRAS=28 tRP=12 tRC=40
n_cmd=205601 n_nop=168596 n_act=6550 n_pre=6534 n_ref_event=0 n_req=25084 n_rd=24568 n_rd_L2_A=0 n_write=0 n_wr_bk=2064 bw_util=0.2591
n_activity=134417 dram_eff=0.3963
bk0: 1560a 192249i bk1: 1560a 192208i bk2: 1552a 192220i bk3: 1552a 192529i bk4: 1520a 192397i bk5: 1520a 193000i bk6: 1520a 192702i bk7: 1520a 192695i bk8: 1520a 192719i bk9: 1520a 192790i bk10: 1520a 192654i bk11: 1520a 192954i bk12: 1532a 192453i bk13: 1532a 192719i bk14: 1560a 192312i bk15: 1560a 192700i 

------------------------------------------------------------------------

Row_Buffer_Locality = 0.738877
Row_Buffer_Locality_read = 0.754070
Row_Buffer_Locality_write = 0.015504
Bank_Level_Parallism = 2.049913
Bank_Level_Parallism_Col = 1.596679
Bank_Level_Parallism_Ready = 1.187969
write_to_read_ratio_blp_rw_average = 0.111351
GrpLevelPara = 1.366224 

BW Util details:
bwutil = 0.259065 
total_CMD = 205601 
util_bw = 26632 
Wasted_Col = 59810 
Wasted_Row = 27416 
Idle = 91743 

BW Util Bottlenecks: 
RCDc_limit = 55401 
RCDWRc_limit = 3744 
WTRc_limit = 3111 
RTWc_limit = 7453 
CCDLc_limit = 20145 
rwq = 0 
CCDLc_limit_alone = 19176 
WTRc_limit_alone = 2813 
RTWc_limit_alone = 6782 

Commands details: 
total_CMD = 205601 
n_nop = 168596 
Read = 24568 
Write = 0 
L2_Alloc = 0 
L2_WB = 2064 
n_act = 6550 
n_pre = 6534 
n_ref = 0 
n_req = 25084 
total_req = 26632 

Dual Bus Interface Util: 
issued_total_row = 13084 
issued_total_col = 26632 
Row_Bus_Util =  0.063638 
CoL_Bus_Util = 0.129532 
Either_Row_CoL_Bus_Util = 0.179985 
Issued_on_Two_Bus_Simul_Util = 0.013186 
issued_two_Eff = 0.073260 
queue_avg = 3.244970 


dram_util_bins: 0 0 0 0 0 0 0 0 0 0
dram_eff_bins: 0 0 0 0 0 0 0 0 0 0
mrqq: max=96 avg=3.24497
Memory Partition 55: 
Cache L2_bank_110:
MSHR contents

Cache L2_bank_111:
MSHR contents

In Dram Latency Queue (total = 0): 
DRAM[55]: 16 bks, busW=8 BL=4 CL=12, tRRD=3 tCCD=1, tRCD=12 tRAS=28 tRP=12 tRC=40
n_cmd=205601 n_nop=168524 n_act=6564 n_pre=6548 n_ref_event=0 n_req=25086 n_rd=24568 n_rd_L2_A=0 n_write=0 n_wr_bk=2072 bw_util=0.2591
n_activity=134577 dram_eff=0.3959
bk0: 1560a 192075i bk1: 1560a 192706i bk2: 1552a 192218i bk3: 1552a 192650i bk4: 1520a 192625i bk5: 1520a 192602i bk6: 1520a 192551i bk7: 1520a 192779i bk8: 1520a 192670i bk9: 1520a 192978i bk10: 1520a 192291i bk11: 1520a 192976i bk12: 1532a 192443i bk13: 1532a 192773i bk14: 1560a 191980i bk15: 1560a 192300i 

------------------------------------------------------------------------

Row_Buffer_Locality = 0.738340
Row_Buffer_Locality_read = 0.753419
Row_Buffer_Locality_write = 0.023166
Bank_Level_Parallism = 2.061424
Bank_Level_Parallism_Col = 1.607651
Bank_Level_Parallism_Ready = 1.190841
write_to_read_ratio_blp_rw_average = 0.112555
GrpLevelPara = 1.373603 

BW Util details:
bwutil = 0.259143 
total_CMD = 205601 
util_bw = 26640 
Wasted_Col = 59510 
Wasted_Row = 27405 
Idle = 92046 

BW Util Bottlenecks: 
RCDc_limit = 55381 
RCDWRc_limit = 3746 
WTRc_limit = 2979 
RTWc_limit = 7706 
CCDLc_limit = 20037 
rwq = 0 
CCDLc_limit_alone = 19069 
WTRc_limit_alone = 2705 
RTWc_limit_alone = 7012 

Commands details: 
total_CMD = 205601 
n_nop = 168524 
Read = 24568 
Write = 0 
L2_Alloc = 0 
L2_WB = 2072 
n_act = 6564 
n_pre = 6548 
n_ref = 0 
n_req = 25086 
total_req = 26640 

Dual Bus Interface Util: 
issued_total_row = 13112 
issued_total_col = 26640 
Row_Bus_Util =  0.063774 
CoL_Bus_Util = 0.129571 
Either_Row_CoL_Bus_Util = 0.180335 
Issued_on_Two_Bus_Simul_Util = 0.013011 
issued_two_Eff = 0.072147 
queue_avg = 3.329118 


dram_util_bins: 0 0 0 0 0 0 0 0 0 0
dram_eff_bins: 0 0 0 0 0 0 0 0 0 0
mrqq: max=107 avg=3.32912
Memory Partition 56: 
Cache L2_bank_112:
MSHR contents

Cache L2_bank_113:
MSHR contents

In Dram Latency Queue (total = 0): 
DRAM[56]: 16 bks, busW=8 BL=4 CL=12, tRRD=3 tCCD=1, tRCD=12 tRAS=28 tRP=12 tRC=40
n_cmd=205601 n_nop=168604 n_act=6552 n_pre=6536 n_ref_event=0 n_req=25081 n_rd=24568 n_rd_L2_A=0 n_write=0 n_wr_bk=2050 bw_util=0.2589
n_activity=135186 dram_eff=0.3938
bk0: 1560a 192645i bk1: 1560a 192529i bk2: 1552a 192100i bk3: 1552a 192613i bk4: 1520a 192373i bk5: 1520a 192530i bk6: 1520a 192324i bk7: 1520a 192550i bk8: 1520a 192436i bk9: 1520a 192881i bk10: 1520a 192234i bk11: 1520a 192778i bk12: 1532a 192735i bk13: 1532a 192717i bk14: 1560a 192492i bk15: 1560a 192710i 

------------------------------------------------------------------------

Row_Buffer_Locality = 0.738766
Row_Buffer_Locality_read = 0.753663
Row_Buffer_Locality_write = 0.025341
Bank_Level_Parallism = 2.046777
Bank_Level_Parallism_Col = 1.613659
Bank_Level_Parallism_Ready = 1.214216
write_to_read_ratio_blp_rw_average = 0.111804
GrpLevelPara = 1.379260 

BW Util details:
bwutil = 0.258929 
total_CMD = 205601 
util_bw = 26618 
Wasted_Col = 59430 
Wasted_Row = 28302 
Idle = 91251 

BW Util Bottlenecks: 
RCDc_limit = 55206 
RCDWRc_limit = 3721 
WTRc_limit = 3205 
RTWc_limit = 7253 
CCDLc_limit = 19670 
rwq = 0 
CCDLc_limit_alone = 18806 
WTRc_limit_alone = 2905 
RTWc_limit_alone = 6689 

Commands details: 
total_CMD = 205601 
n_nop = 168604 
Read = 24568 
Write = 0 
L2_Alloc = 0 
L2_WB = 2050 
n_act = 6552 
n_pre = 6536 
n_ref = 0 
n_req = 25081 
total_req = 26618 

Dual Bus Interface Util: 
issued_total_row = 13088 
issued_total_col = 26618 
Row_Bus_Util =  0.063657 
CoL_Bus_Util = 0.129464 
Either_Row_CoL_Bus_Util = 0.179946 
Issued_on_Two_Bus_Simul_Util = 0.013176 
issued_two_Eff = 0.073222 
queue_avg = 3.323938 


dram_util_bins: 0 0 0 0 0 0 0 0 0 0
dram_eff_bins: 0 0 0 0 0 0 0 0 0 0
mrqq: max=108 avg=3.32394
Memory Partition 57: 
Cache L2_bank_114:
MSHR contents

Cache L2_bank_115:
MSHR contents

In Dram Latency Queue (total = 0): 
DRAM[57]: 16 bks, busW=8 BL=4 CL=12, tRRD=3 tCCD=1, tRCD=12 tRAS=28 tRP=12 tRC=40
n_cmd=205601 n_nop=168638 n_act=6557 n_pre=6541 n_ref_event=0 n_req=25083 n_rd=24568 n_rd_L2_A=0 n_write=0 n_wr_bk=2060 bw_util=0.259
n_activity=134551 dram_eff=0.3958
bk0: 1560a 192491i bk1: 1560a 192497i bk2: 1552a 192544i bk3: 1552a 192629i bk4: 1520a 191789i bk5: 1520a 192513i bk6: 1520a 192252i bk7: 1520a 192999i bk8: 1520a 192398i bk9: 1520a 192653i bk10: 1520a 192430i bk11: 1520a 192747i bk12: 1532a 192808i bk13: 1532a 192452i bk14: 1560a 192325i bk15: 1560a 192658i 

------------------------------------------------------------------------

Row_Buffer_Locality = 0.738588
Row_Buffer_Locality_read = 0.753745
Row_Buffer_Locality_write = 0.015534
Bank_Level_Parallism = 2.060629
Bank_Level_Parallism_Col = 1.606656
Bank_Level_Parallism_Ready = 1.194419
write_to_read_ratio_blp_rw_average = 0.114940
GrpLevelPara = 1.372568 

BW Util details:
bwutil = 0.259026 
total_CMD = 205601 
util_bw = 26628 
Wasted_Col = 59543 
Wasted_Row = 27636 
Idle = 91794 

BW Util Bottlenecks: 
RCDc_limit = 55297 
RCDWRc_limit = 3801 
WTRc_limit = 3173 
RTWc_limit = 7482 
CCDLc_limit = 19862 
rwq = 0 
CCDLc_limit_alone = 18979 
WTRc_limit_alone = 2864 
RTWc_limit_alone = 6908 

Commands details: 
total_CMD = 205601 
n_nop = 168638 
Read = 24568 
Write = 0 
L2_Alloc = 0 
L2_WB = 2060 
n_act = 6557 
n_pre = 6541 
n_ref = 0 
n_req = 25083 
total_req = 26628 

Dual Bus Interface Util: 
issued_total_row = 13098 
issued_total_col = 26628 
Row_Bus_Util =  0.063706 
CoL_Bus_Util = 0.129513 
Either_Row_CoL_Bus_Util = 0.179780 
Issued_on_Two_Bus_Simul_Util = 0.013439 
issued_two_Eff = 0.074750 
queue_avg = 3.350815 


dram_util_bins: 0 0 0 0 0 0 0 0 0 0
dram_eff_bins: 0 0 0 0 0 0 0 0 0 0
mrqq: max=115 avg=3.35082
Memory Partition 58: 
Cache L2_bank_116:
MSHR contents

Cache L2_bank_117:
MSHR contents

In Dram Latency Queue (total = 0): 
DRAM[58]: 16 bks, busW=8 BL=4 CL=12, tRRD=3 tCCD=1, tRCD=12 tRAS=28 tRP=12 tRC=40
n_cmd=205601 n_nop=168785 n_act=6528 n_pre=6513 n_ref_event=0 n_req=25067 n_rd=24568 n_rd_L2_A=0 n_write=0 n_wr_bk=1992 bw_util=0.2584
n_activity=134683 dram_eff=0.3944
bk0: 1560a 192552i bk1: 1560a 192690i bk2: 1552a 192299i bk3: 1552a 192661i bk4: 1520a 192332i bk5: 1520a 192612i bk6: 1520a 192713i bk7: 1520a 192816i bk8: 1520a 192690i bk9: 1520a 192563i bk10: 1520a 192720i bk11: 1520a 192671i bk12: 1532a 192853i bk13: 1532a 193132i bk14: 1560a 192412i bk15: 1560a 192567i 

------------------------------------------------------------------------

Row_Buffer_Locality = 0.739538
Row_Buffer_Locality_read = 0.754274
Row_Buffer_Locality_write = 0.014028
Bank_Level_Parallism = 2.037873
Bank_Level_Parallism_Col = 1.592116
Bank_Level_Parallism_Ready = 1.191642
write_to_read_ratio_blp_rw_average = 0.109114
GrpLevelPara = 1.368487 

BW Util details:
bwutil = 0.258364 
total_CMD = 205601 
util_bw = 26560 
Wasted_Col = 59641 
Wasted_Row = 27839 
Idle = 91561 

BW Util Bottlenecks: 
RCDc_limit = 55319 
RCDWRc_limit = 3681 
WTRc_limit = 2983 
RTWc_limit = 7122 
CCDLc_limit = 19624 
rwq = 0 
CCDLc_limit_alone = 18748 
WTRc_limit_alone = 2696 
RTWc_limit_alone = 6533 

Commands details: 
total_CMD = 205601 
n_nop = 168785 
Read = 24568 
Write = 0 
L2_Alloc = 0 
L2_WB = 1992 
n_act = 6528 
n_pre = 6513 
n_ref = 0 
n_req = 25067 
total_req = 26560 

Dual Bus Interface Util: 
issued_total_row = 13041 
issued_total_col = 26560 
Row_Bus_Util =  0.063429 
CoL_Bus_Util = 0.129182 
Either_Row_CoL_Bus_Util = 0.179065 
Issued_on_Two_Bus_Simul_Util = 0.013546 
issued_two_Eff = 0.075646 
queue_avg = 3.281759 


dram_util_bins: 0 0 0 0 0 0 0 0 0 0
dram_eff_bins: 0 0 0 0 0 0 0 0 0 0
mrqq: max=103 avg=3.28176
Memory Partition 59: 
Cache L2_bank_118:
MSHR contents

Cache L2_bank_119:
MSHR contents

In Dram Latency Queue (total = 0): 
DRAM[59]: 16 bks, busW=8 BL=4 CL=12, tRRD=3 tCCD=1, tRCD=12 tRAS=28 tRP=12 tRC=40
n_cmd=205601 n_nop=168760 n_act=6513 n_pre=6497 n_ref_event=0 n_req=25067 n_rd=24568 n_rd_L2_A=0 n_write=0 n_wr_bk=1996 bw_util=0.2584
n_activity=135677 dram_eff=0.3916
bk0: 1560a 192518i bk1: 1560a 192758i bk2: 1552a 192556i bk3: 1552a 192424i bk4: 1520a 192394i bk5: 1520a 192742i bk6: 1520a 192646i bk7: 1520a 192915i bk8: 1520a 192702i bk9: 1520a 192613i bk10: 1520a 192422i bk11: 1520a 192794i bk12: 1532a 192767i bk13: 1532a 192714i bk14: 1560a 192541i bk15: 1560a 192803i 

------------------------------------------------------------------------

Row_Buffer_Locality = 0.740176
Row_Buffer_Locality_read = 0.754884
Row_Buffer_Locality_write = 0.016032
Bank_Level_Parallism = 2.031845
Bank_Level_Parallism_Col = 1.596233
Bank_Level_Parallism_Ready = 1.207951
write_to_read_ratio_blp_rw_average = 0.107700
GrpLevelPara = 1.374627 

BW Util details:
bwutil = 0.258403 
total_CMD = 205601 
util_bw = 26564 
Wasted_Col = 59865 
Wasted_Row = 27937 
Idle = 91235 

BW Util Bottlenecks: 
RCDc_limit = 55405 
RCDWRc_limit = 3701 
WTRc_limit = 3261 
RTWc_limit = 7217 
CCDLc_limit = 19638 
rwq = 0 
CCDLc_limit_alone = 18660 
WTRc_limit_alone = 2912 
RTWc_limit_alone = 6588 

Commands details: 
total_CMD = 205601 
n_nop = 168760 
Read = 24568 
Write = 0 
L2_Alloc = 0 
L2_WB = 1996 
n_act = 6513 
n_pre = 6497 
n_ref = 0 
n_req = 25067 
total_req = 26564 

Dual Bus Interface Util: 
issued_total_row = 13010 
issued_total_col = 26564 
Row_Bus_Util =  0.063278 
CoL_Bus_Util = 0.129202 
Either_Row_CoL_Bus_Util = 0.179187 
Issued_on_Two_Bus_Simul_Util = 0.013293 
issued_two_Eff = 0.074184 
queue_avg = 3.369512 


dram_util_bins: 0 0 0 0 0 0 0 0 0 0
dram_eff_bins: 0 0 0 0 0 0 0 0 0 0
mrqq: max=114 avg=3.36951
Memory Partition 60: 
Cache L2_bank_120:
MSHR contents

Cache L2_bank_121:
MSHR contents

In Dram Latency Queue (total = 0): 
DRAM[60]: 16 bks, busW=8 BL=4 CL=12, tRRD=3 tCCD=1, tRCD=12 tRAS=28 tRP=12 tRC=40
n_cmd=205601 n_nop=168591 n_act=6534 n_pre=6518 n_ref_event=0 n_req=25088 n_rd=24568 n_rd_L2_A=0 n_write=0 n_wr_bk=2080 bw_util=0.2592
n_activity=135379 dram_eff=0.3937
bk0: 1560a 192061i bk1: 1560a 192303i bk2: 1552a 192233i bk3: 1552a 192278i bk4: 1520a 192526i bk5: 1520a 192854i bk6: 1520a 192996i bk7: 1520a 193204i bk8: 1520a 192732i bk9: 1520a 192968i bk10: 1520a 192775i bk11: 1520a 193178i bk12: 1532a 192259i bk13: 1532a 192532i bk14: 1560a 192498i bk15: 1560a 192722i 

------------------------------------------------------------------------

Row_Buffer_Locality = 0.739557
Row_Buffer_Locality_read = 0.754681
Row_Buffer_Locality_write = 0.025000
Bank_Level_Parallism = 2.036825
Bank_Level_Parallism_Col = 1.592692
Bank_Level_Parallism_Ready = 1.201291
write_to_read_ratio_blp_rw_average = 0.110880
GrpLevelPara = 1.362976 

BW Util details:
bwutil = 0.259221 
total_CMD = 205601 
util_bw = 26648 
Wasted_Col = 59857 
Wasted_Row = 27685 
Idle = 91411 

BW Util Bottlenecks: 
RCDc_limit = 55497 
RCDWRc_limit = 3782 
WTRc_limit = 3122 
RTWc_limit = 7023 
CCDLc_limit = 19963 
rwq = 0 
CCDLc_limit_alone = 19054 
WTRc_limit_alone = 2807 
RTWc_limit_alone = 6429 

Commands details: 
total_CMD = 205601 
n_nop = 168591 
Read = 24568 
Write = 0 
L2_Alloc = 0 
L2_WB = 2080 
n_act = 6534 
n_pre = 6518 
n_ref = 0 
n_req = 25088 
total_req = 26648 

Dual Bus Interface Util: 
issued_total_row = 13052 
issued_total_col = 26648 
Row_Bus_Util =  0.063482 
CoL_Bus_Util = 0.129610 
Either_Row_CoL_Bus_Util = 0.180009 
Issued_on_Two_Bus_Simul_Util = 0.013084 
issued_two_Eff = 0.072683 
queue_avg = 3.344463 


dram_util_bins: 0 0 0 0 0 0 0 0 0 0
dram_eff_bins: 0 0 0 0 0 0 0 0 0 0
mrqq: max=101 avg=3.34446
Memory Partition 61: 
Cache L2_bank_122:
MSHR contents

Cache L2_bank_123:
MSHR contents

In Dram Latency Queue (total = 0): 
DRAM[61]: 16 bks, busW=8 BL=4 CL=12, tRRD=3 tCCD=1, tRCD=12 tRAS=28 tRP=12 tRC=40
n_cmd=205601 n_nop=168511 n_act=6536 n_pre=6520 n_ref_event=0 n_req=25096 n_rd=24568 n_rd_L2_A=0 n_write=0 n_wr_bk=2112 bw_util=0.2595
n_activity=136006 dram_eff=0.3923
bk0: 1560a 192256i bk1: 1560a 192357i bk2: 1552a 192308i bk3: 1552a 192735i bk4: 1520a 192628i bk5: 1520a 192719i bk6: 1520a 192967i bk7: 1520a 192977i bk8: 1520a 192754i bk9: 1520a 192718i bk10: 1520a 192851i bk11: 1520a 192944i bk12: 1532a 192263i bk13: 1532a 192642i bk14: 1560a 192358i bk15: 1560a 192702i 

------------------------------------------------------------------------

Row_Buffer_Locality = 0.739560
Row_Buffer_Locality_read = 0.755088
Row_Buffer_Locality_write = 0.017045
Bank_Level_Parallism = 2.028411
Bank_Level_Parallism_Col = 1.595271
Bank_Level_Parallism_Ready = 1.206259
write_to_read_ratio_blp_rw_average = 0.114051
GrpLevelPara = 1.367779 

BW Util details:
bwutil = 0.259532 
total_CMD = 205601 
util_bw = 26680 
Wasted_Col = 59908 
Wasted_Row = 28050 
Idle = 90963 

BW Util Bottlenecks: 
RCDc_limit = 55349 
RCDWRc_limit = 3959 
WTRc_limit = 2979 
RTWc_limit = 6985 
CCDLc_limit = 20107 
rwq = 0 
CCDLc_limit_alone = 19224 
WTRc_limit_alone = 2687 
RTWc_limit_alone = 6394 

Commands details: 
total_CMD = 205601 
n_nop = 168511 
Read = 24568 
Write = 0 
L2_Alloc = 0 
L2_WB = 2112 
n_act = 6536 
n_pre = 6520 
n_ref = 0 
n_req = 25096 
total_req = 26680 

Dual Bus Interface Util: 
issued_total_row = 13056 
issued_total_col = 26680 
Row_Bus_Util =  0.063502 
CoL_Bus_Util = 0.129766 
Either_Row_CoL_Bus_Util = 0.180398 
Issued_on_Two_Bus_Simul_Util = 0.012870 
issued_two_Eff = 0.071340 
queue_avg = 3.253724 


dram_util_bins: 0 0 0 0 0 0 0 0 0 0
dram_eff_bins: 0 0 0 0 0 0 0 0 0 0
mrqq: max=109 avg=3.25372
Memory Partition 62: 
Cache L2_bank_124:
MSHR contents

Cache L2_bank_125:
MSHR contents

In Dram Latency Queue (total = 0): 
DRAM[62]: 16 bks, busW=8 BL=4 CL=12, tRRD=3 tCCD=1, tRCD=12 tRAS=28 tRP=12 tRC=40
n_cmd=205601 n_nop=168685 n_act=6554 n_pre=6538 n_ref_event=0 n_req=25082 n_rd=24568 n_rd_L2_A=0 n_write=0 n_wr_bk=2056 bw_util=0.259
n_activity=134648 dram_eff=0.3955
bk0: 1560a 192193i bk1: 1560a 192412i bk2: 1552a 192334i bk3: 1552a 192539i bk4: 1520a 192511i bk5: 1520a 192837i bk6: 1520a 193097i bk7: 1520a 192629i bk8: 1520a 192477i bk9: 1520a 192798i bk10: 1520a 192905i bk11: 1520a 193089i bk12: 1532a 192514i bk13: 1532a 192811i bk14: 1560a 192253i bk15: 1560a 192485i 

------------------------------------------------------------------------

Row_Buffer_Locality = 0.738697
Row_Buffer_Locality_read = 0.753908
Row_Buffer_Locality_write = 0.011673
Bank_Level_Parallism = 2.041548
Bank_Level_Parallism_Col = 1.595142
Bank_Level_Parallism_Ready = 1.198467
write_to_read_ratio_blp_rw_average = 0.106177
GrpLevelPara = 1.370591 

BW Util details:
bwutil = 0.258987 
total_CMD = 205601 
util_bw = 26624 
Wasted_Col = 59638 
Wasted_Row = 27776 
Idle = 91563 

BW Util Bottlenecks: 
RCDc_limit = 55339 
RCDWRc_limit = 3773 
WTRc_limit = 3199 
RTWc_limit = 6875 
CCDLc_limit = 19860 
rwq = 0 
CCDLc_limit_alone = 19004 
WTRc_limit_alone = 2886 
RTWc_limit_alone = 6332 

Commands details: 
total_CMD = 205601 
n_nop = 168685 
Read = 24568 
Write = 0 
L2_Alloc = 0 
L2_WB = 2056 
n_act = 6554 
n_pre = 6538 
n_ref = 0 
n_req = 25082 
total_req = 26624 

Dual Bus Interface Util: 
issued_total_row = 13092 
issued_total_col = 26624 
Row_Bus_Util =  0.063677 
CoL_Bus_Util = 0.129494 
Either_Row_CoL_Bus_Util = 0.179552 
Issued_on_Two_Bus_Simul_Util = 0.013619 
issued_two_Eff = 0.075848 
queue_avg = 3.349463 


dram_util_bins: 0 0 0 0 0 0 0 0 0 0
dram_eff_bins: 0 0 0 0 0 0 0 0 0 0
mrqq: max=112 avg=3.34946
Memory Partition 63: 
Cache L2_bank_126:
MSHR contents

Cache L2_bank_127:
MSHR contents

In Dram Latency Queue (total = 1): 
Ready @ 117972 -   mf: uid=18185788, sid4294967295:w4294967295, part=63, addr=0xc0809cd80, store, size=128, L2_WRBK  status = IN_PARTITION_DRAM_LATENCY_QUEUE (117718), 
DRAM[63]: 16 bks, busW=8 BL=4 CL=12, tRRD=3 tCCD=1, tRCD=12 tRAS=28 tRP=12 tRC=40
n_cmd=205601 n_nop=168620 n_act=6560 n_pre=6544 n_ref_event=0 n_req=25084 n_rd=24568 n_rd_L2_A=0 n_write=0 n_wr_bk=2064 bw_util=0.2591
n_activity=134503 dram_eff=0.396
bk0: 1560a 191966i bk1: 1560a 192209i bk2: 1552a 192129i bk3: 1552a 192560i bk4: 1520a 192552i bk5: 1520a 192620i bk6: 1520a 192746i bk7: 1520a 192778i bk8: 1520a 192737i bk9: 1520a 192888i bk10: 1520a 192830i bk11: 1520a 192952i bk12: 1532a 192367i bk13: 1532a 192436i bk14: 1560a 192327i bk15: 1560a 192424i 

------------------------------------------------------------------------

Row_Buffer_Locality = 0.738479
Row_Buffer_Locality_read = 0.753663
Row_Buffer_Locality_write = 0.015504
Bank_Level_Parallism = 2.059441
Bank_Level_Parallism_Col = 1.607353
Bank_Level_Parallism_Ready = 1.205918
write_to_read_ratio_blp_rw_average = 0.110005
GrpLevelPara = 1.372547 

BW Util details:
bwutil = 0.259065 
total_CMD = 205601 
util_bw = 26632 
Wasted_Col = 59583 
Wasted_Row = 27495 
Idle = 91891 

BW Util Bottlenecks: 
RCDc_limit = 55515 
RCDWRc_limit = 3702 
WTRc_limit = 3194 
RTWc_limit = 7278 
CCDLc_limit = 19915 
rwq = 0 
CCDLc_limit_alone = 18892 
WTRc_limit_alone = 2855 
RTWc_limit_alone = 6594 

Commands details: 
total_CMD = 205601 
n_nop = 168620 
Read = 24568 
Write = 0 
L2_Alloc = 0 
L2_WB = 2064 
n_act = 6560 
n_pre = 6544 
n_ref = 0 
n_req = 25084 
total_req = 26632 

Dual Bus Interface Util: 
issued_total_row = 13104 
issued_total_col = 26632 
Row_Bus_Util =  0.063735 
CoL_Bus_Util = 0.129532 
Either_Row_CoL_Bus_Util = 0.179868 
Issued_on_Two_Bus_Simul_Util = 0.013400 
issued_two_Eff = 0.074498 
queue_avg = 3.311370 


dram_util_bins: 0 0 0 0 0 0 0 0 0 0
dram_eff_bins: 0 0 0 0 0 0 0 0 0 0
mrqq: max=104 avg=3.31137
Memory Partition 64: 
Cache L2_bank_128:
MSHR contents

Cache L2_bank_129:
MSHR contents

In Dram Latency Queue (total = 0): 
DRAM[64]: 16 bks, busW=8 BL=4 CL=12, tRRD=3 tCCD=1, tRCD=12 tRAS=28 tRP=12 tRC=40
n_cmd=205601 n_nop=168576 n_act=6557 n_pre=6541 n_ref_event=0 n_req=25098 n_rd=24576 n_rd_L2_A=0 n_write=0 n_wr_bk=2088 bw_util=0.2594
n_activity=134797 dram_eff=0.3956
bk0: 1560a 192305i bk1: 1560a 192429i bk2: 1536a 192512i bk3: 1536a 192541i bk4: 1520a 192496i bk5: 1520a 192920i bk6: 1520a 192476i bk7: 1520a 192789i bk8: 1520a 192898i bk9: 1520a 192736i bk10: 1520a 192481i bk11: 1520a 193022i bk12: 1552a 192524i bk13: 1552a 192962i bk14: 1560a 192091i bk15: 1560a 192363i 

------------------------------------------------------------------------

Row_Buffer_Locality = 0.738744
Row_Buffer_Locality_read = 0.753906
Row_Buffer_Locality_write = 0.024904
Bank_Level_Parallism = 2.035859
Bank_Level_Parallism_Col = 1.585130
Bank_Level_Parallism_Ready = 1.170755
write_to_read_ratio_blp_rw_average = 0.111972
GrpLevelPara = 1.364812 

BW Util details:
bwutil = 0.259376 
total_CMD = 205601 
util_bw = 26664 
Wasted_Col = 60198 
Wasted_Row = 27669 
Idle = 91070 

BW Util Bottlenecks: 
RCDc_limit = 55700 
RCDWRc_limit = 3807 
WTRc_limit = 3102 
RTWc_limit = 7653 
CCDLc_limit = 20006 
rwq = 0 
CCDLc_limit_alone = 18966 
WTRc_limit_alone = 2786 
RTWc_limit_alone = 6929 

Commands details: 
total_CMD = 205601 
n_nop = 168576 
Read = 24576 
Write = 0 
L2_Alloc = 0 
L2_WB = 2088 
n_act = 6557 
n_pre = 6541 
n_ref = 0 
n_req = 25098 
total_req = 26664 

Dual Bus Interface Util: 
issued_total_row = 13098 
issued_total_col = 26664 
Row_Bus_Util =  0.063706 
CoL_Bus_Util = 0.129688 
Either_Row_CoL_Bus_Util = 0.180082 
Issued_on_Two_Bus_Simul_Util = 0.013312 
issued_two_Eff = 0.073923 
queue_avg = 3.308102 


dram_util_bins: 0 0 0 0 0 0 0 0 0 0
dram_eff_bins: 0 0 0 0 0 0 0 0 0 0
mrqq: max=102 avg=3.3081
Memory Partition 65: 
Cache L2_bank_130:
MSHR contents

Cache L2_bank_131:
MSHR contents

In Dram Latency Queue (total = 0): 
DRAM[65]: 16 bks, busW=8 BL=4 CL=12, tRRD=3 tCCD=1, tRCD=12 tRAS=28 tRP=12 tRC=40
n_cmd=205601 n_nop=168541 n_act=6566 n_pre=6550 n_ref_event=0 n_req=25092 n_rd=24576 n_rd_L2_A=0 n_write=0 n_wr_bk=2064 bw_util=0.2591
n_activity=135653 dram_eff=0.3928
bk0: 1560a 191921i bk1: 1560a 192497i bk2: 1536a 192453i bk3: 1536a 192770i bk4: 1520a 192557i bk5: 1520a 192880i bk6: 1520a 192703i bk7: 1520a 192722i bk8: 1520a 192911i bk9: 1520a 192762i bk10: 1520a 192725i bk11: 1520a 193185i bk12: 1552a 192212i bk13: 1552a 192887i bk14: 1560a 192292i bk15: 1560a 192560i 

------------------------------------------------------------------------

Row_Buffer_Locality = 0.738323
Row_Buffer_Locality_read = 0.753499
Row_Buffer_Locality_write = 0.015504
Bank_Level_Parallism = 2.020362
Bank_Level_Parallism_Col = 1.576128
Bank_Level_Parallism_Ready = 1.171359
write_to_read_ratio_blp_rw_average = 0.112784
GrpLevelPara = 1.358079 

BW Util details:
bwutil = 0.259143 
total_CMD = 205601 
util_bw = 26640 
Wasted_Col = 60439 
Wasted_Row = 28084 
Idle = 90438 

BW Util Bottlenecks: 
RCDc_limit = 55918 
RCDWRc_limit = 3838 
WTRc_limit = 3029 
RTWc_limit = 7225 
CCDLc_limit = 19828 
rwq = 0 
CCDLc_limit_alone = 18918 
WTRc_limit_alone = 2768 
RTWc_limit_alone = 6576 

Commands details: 
total_CMD = 205601 
n_nop = 168541 
Read = 24576 
Write = 0 
L2_Alloc = 0 
L2_WB = 2064 
n_act = 6566 
n_pre = 6550 
n_ref = 0 
n_req = 25092 
total_req = 26640 

Dual Bus Interface Util: 
issued_total_row = 13116 
issued_total_col = 26640 
Row_Bus_Util =  0.063793 
CoL_Bus_Util = 0.129571 
Either_Row_CoL_Bus_Util = 0.180252 
Issued_on_Two_Bus_Simul_Util = 0.013113 
issued_two_Eff = 0.072747 
queue_avg = 3.381584 


dram_util_bins: 0 0 0 0 0 0 0 0 0 0
dram_eff_bins: 0 0 0 0 0 0 0 0 0 0
mrqq: max=125 avg=3.38158
Memory Partition 66: 
Cache L2_bank_132:
MSHR contents

Cache L2_bank_133:
MSHR contents

In Dram Latency Queue (total = 0): 
DRAM[66]: 16 bks, busW=8 BL=4 CL=12, tRRD=3 tCCD=1, tRCD=12 tRAS=28 tRP=12 tRC=40
n_cmd=205601 n_nop=168524 n_act=6547 n_pre=6531 n_ref_event=0 n_req=25095 n_rd=24576 n_rd_L2_A=0 n_write=0 n_wr_bk=2076 bw_util=0.2593
n_activity=134430 dram_eff=0.3965
bk0: 1560a 192354i bk1: 1560a 192486i bk2: 1536a 192234i bk3: 1536a 192706i bk4: 1520a 192354i bk5: 1520a 192545i bk6: 1520a 192771i bk7: 1520a 193140i bk8: 1520a 192557i bk9: 1520a 192847i bk10: 1520a 192754i bk11: 1520a 192844i bk12: 1552a 192343i bk13: 1552a 192477i bk14: 1560a 192354i bk15: 1560a 192303i 

------------------------------------------------------------------------

Row_Buffer_Locality = 0.739111
Row_Buffer_Locality_read = 0.754517
Row_Buffer_Locality_write = 0.009634
Bank_Level_Parallism = 2.048557
Bank_Level_Parallism_Col = 1.598408
Bank_Level_Parallism_Ready = 1.200660
write_to_read_ratio_blp_rw_average = 0.112927
GrpLevelPara = 1.369390 

BW Util details:
bwutil = 0.259259 
total_CMD = 205601 
util_bw = 26652 
Wasted_Col = 59697 
Wasted_Row = 27703 
Idle = 91549 

BW Util Bottlenecks: 
RCDc_limit = 55328 
RCDWRc_limit = 3860 
WTRc_limit = 3167 
RTWc_limit = 7298 
CCDLc_limit = 19984 
rwq = 0 
CCDLc_limit_alone = 19002 
WTRc_limit_alone = 2812 
RTWc_limit_alone = 6671 

Commands details: 
total_CMD = 205601 
n_nop = 168524 
Read = 24576 
Write = 0 
L2_Alloc = 0 
L2_WB = 2076 
n_act = 6547 
n_pre = 6531 
n_ref = 0 
n_req = 25095 
total_req = 26652 

Dual Bus Interface Util: 
issued_total_row = 13078 
issued_total_col = 26652 
Row_Bus_Util =  0.063609 
CoL_Bus_Util = 0.129630 
Either_Row_CoL_Bus_Util = 0.180335 
Issued_on_Two_Bus_Simul_Util = 0.012904 
issued_two_Eff = 0.071554 
queue_avg = 3.300670 


dram_util_bins: 0 0 0 0 0 0 0 0 0 0
dram_eff_bins: 0 0 0 0 0 0 0 0 0 0
mrqq: max=108 avg=3.30067
Memory Partition 67: 
Cache L2_bank_134:
MSHR contents

Cache L2_bank_135:
MSHR contents

In Dram Latency Queue (total = 0): 
DRAM[67]: 16 bks, busW=8 BL=4 CL=12, tRRD=3 tCCD=1, tRCD=12 tRAS=28 tRP=12 tRC=40
n_cmd=205601 n_nop=168620 n_act=6565 n_pre=6549 n_ref_event=0 n_req=25090 n_rd=24576 n_rd_L2_A=0 n_write=0 n_wr_bk=2056 bw_util=0.2591
n_activity=134341 dram_eff=0.3965
bk0: 1560a 191942i bk1: 1560a 192364i bk2: 1536a 192352i bk3: 1536a 192932i bk4: 1520a 192409i bk5: 1520a 192617i bk6: 1520a 192683i bk7: 1520a 192975i bk8: 1520a 192963i bk9: 1520a 192452i bk10: 1520a 192640i bk11: 1520a 192744i bk12: 1552a 192181i bk13: 1552a 192409i bk14: 1560a 192226i bk15: 1560a 192575i 

------------------------------------------------------------------------

Row_Buffer_Locality = 0.738342
Row_Buffer_Locality_read = 0.753418
Row_Buffer_Locality_write = 0.017510
Bank_Level_Parallism = 2.051929
Bank_Level_Parallism_Col = 1.589579
Bank_Level_Parallism_Ready = 1.188570
write_to_read_ratio_blp_rw_average = 0.112968
GrpLevelPara = 1.366808 

BW Util details:
bwutil = 0.259065 
total_CMD = 205601 
util_bw = 26632 
Wasted_Col = 60002 
Wasted_Row = 27523 
Idle = 91444 

BW Util Bottlenecks: 
RCDc_limit = 55560 
RCDWRc_limit = 3731 
WTRc_limit = 3063 
RTWc_limit = 7376 
CCDLc_limit = 20091 
rwq = 0 
CCDLc_limit_alone = 19194 
WTRc_limit_alone = 2746 
RTWc_limit_alone = 6796 

Commands details: 
total_CMD = 205601 
n_nop = 168620 
Read = 24576 
Write = 0 
L2_Alloc = 0 
L2_WB = 2056 
n_act = 6565 
n_pre = 6549 
n_ref = 0 
n_req = 25090 
total_req = 26632 

Dual Bus Interface Util: 
issued_total_row = 13114 
issued_total_col = 26632 
Row_Bus_Util =  0.063784 
CoL_Bus_Util = 0.129532 
Either_Row_CoL_Bus_Util = 0.179868 
Issued_on_Two_Bus_Simul_Util = 0.013448 
issued_two_Eff = 0.074768 
queue_avg = 3.366754 


dram_util_bins: 0 0 0 0 0 0 0 0 0 0
dram_eff_bins: 0 0 0 0 0 0 0 0 0 0
mrqq: max=107 avg=3.36675
Memory Partition 68: 
Cache L2_bank_136:
MSHR contents

Cache L2_bank_137:
MSHR contents

In Dram Latency Queue (total = 0): 
DRAM[68]: 16 bks, busW=8 BL=4 CL=12, tRRD=3 tCCD=1, tRCD=12 tRAS=28 tRP=12 tRC=40
n_cmd=205601 n_nop=168588 n_act=6540 n_pre=6524 n_ref_event=0 n_req=25097 n_rd=24576 n_rd_L2_A=0 n_write=0 n_wr_bk=2084 bw_util=0.2593
n_activity=135417 dram_eff=0.3937
bk0: 1560a 192686i bk1: 1560a 192647i bk2: 1536a 192310i bk3: 1536a 192549i bk4: 1520a 192074i bk5: 1520a 192777i bk6: 1520a 192271i bk7: 1520a 192660i bk8: 1520a 192376i bk9: 1520a 192785i bk10: 1520a 192478i bk11: 1520a 193109i bk12: 1552a 192240i bk13: 1552a 192672i bk14: 1560a 192442i bk15: 1560a 192535i 

------------------------------------------------------------------------

Row_Buffer_Locality = 0.739411
Row_Buffer_Locality_read = 0.754801
Row_Buffer_Locality_write = 0.013436
Bank_Level_Parallism = 2.039163
Bank_Level_Parallism_Col = 1.604564
Bank_Level_Parallism_Ready = 1.209115
write_to_read_ratio_blp_rw_average = 0.110383
GrpLevelPara = 1.375348 

BW Util details:
bwutil = 0.259337 
total_CMD = 205601 
util_bw = 26660 
Wasted_Col = 59845 
Wasted_Row = 28298 
Idle = 90798 

BW Util Bottlenecks: 
RCDc_limit = 55435 
RCDWRc_limit = 3821 
WTRc_limit = 3099 
RTWc_limit = 7368 
CCDLc_limit = 19656 
rwq = 0 
CCDLc_limit_alone = 18822 
WTRc_limit_alone = 2831 
RTWc_limit_alone = 6802 

Commands details: 
total_CMD = 205601 
n_nop = 168588 
Read = 24576 
Write = 0 
L2_Alloc = 0 
L2_WB = 2084 
n_act = 6540 
n_pre = 6524 
n_ref = 0 
n_req = 25097 
total_req = 26660 

Dual Bus Interface Util: 
issued_total_row = 13064 
issued_total_col = 26660 
Row_Bus_Util =  0.063541 
CoL_Bus_Util = 0.129669 
Either_Row_CoL_Bus_Util = 0.180023 
Issued_on_Two_Bus_Simul_Util = 0.013186 
issued_two_Eff = 0.073245 
queue_avg = 3.342868 


dram_util_bins: 0 0 0 0 0 0 0 0 0 0
dram_eff_bins: 0 0 0 0 0 0 0 0 0 0
mrqq: max=101 avg=3.34287
Memory Partition 69: 
Cache L2_bank_138:
MSHR contents

Cache L2_bank_139:
MSHR contents

In Dram Latency Queue (total = 0): 
DRAM[69]: 16 bks, busW=8 BL=4 CL=12, tRRD=3 tCCD=1, tRCD=12 tRAS=28 tRP=12 tRC=40
n_cmd=205601 n_nop=168549 n_act=6552 n_pre=6536 n_ref_event=0 n_req=25093 n_rd=24576 n_rd_L2_A=0 n_write=0 n_wr_bk=2068 bw_util=0.2592
n_activity=135899 dram_eff=0.3921
bk0: 1560a 192474i bk1: 1560a 192562i bk2: 1536a 192352i bk3: 1536a 192448i bk4: 1520a 192132i bk5: 1520a 192297i bk6: 1520a 192636i bk7: 1520a 192650i bk8: 1520a 192405i bk9: 1520a 192770i bk10: 1520a 192483i bk11: 1520a 192686i bk12: 1552a 192406i bk13: 1552a 192704i bk14: 1560a 192658i bk15: 1560a 192577i 

------------------------------------------------------------------------

Row_Buffer_Locality = 0.738891
Row_Buffer_Locality_read = 0.754191
Row_Buffer_Locality_write = 0.011605
Bank_Level_Parallism = 2.047549
Bank_Level_Parallism_Col = 1.599543
Bank_Level_Parallism_Ready = 1.211792
write_to_read_ratio_blp_rw_average = 0.111209
GrpLevelPara = 1.369706 

BW Util details:
bwutil = 0.259182 
total_CMD = 205601 
util_bw = 26644 
Wasted_Col = 60047 
Wasted_Row = 27821 
Idle = 91089 

BW Util Bottlenecks: 
RCDc_limit = 55456 
RCDWRc_limit = 3807 
WTRc_limit = 3172 
RTWc_limit = 7469 
CCDLc_limit = 19958 
rwq = 0 
CCDLc_limit_alone = 18999 
WTRc_limit_alone = 2880 
RTWc_limit_alone = 6802 

Commands details: 
total_CMD = 205601 
n_nop = 168549 
Read = 24576 
Write = 0 
L2_Alloc = 0 
L2_WB = 2068 
n_act = 6552 
n_pre = 6536 
n_ref = 0 
n_req = 25093 
total_req = 26644 

Dual Bus Interface Util: 
issued_total_row = 13088 
issued_total_col = 26644 
Row_Bus_Util =  0.063657 
CoL_Bus_Util = 0.129591 
Either_Row_CoL_Bus_Util = 0.180213 
Issued_on_Two_Bus_Simul_Util = 0.013035 
issued_two_Eff = 0.072331 
queue_avg = 3.358379 


dram_util_bins: 0 0 0 0 0 0 0 0 0 0
dram_eff_bins: 0 0 0 0 0 0 0 0 0 0
mrqq: max=98 avg=3.35838
Memory Partition 70: 
Cache L2_bank_140:
MSHR contents

Cache L2_bank_141:
MSHR contents

In Dram Latency Queue (total = 0): 
DRAM[70]: 16 bks, busW=8 BL=4 CL=12, tRRD=3 tCCD=1, tRCD=12 tRAS=28 tRP=12 tRC=40
n_cmd=205601 n_nop=168609 n_act=6545 n_pre=6529 n_ref_event=0 n_req=25092 n_rd=24576 n_rd_L2_A=0 n_write=0 n_wr_bk=2064 bw_util=0.2591
n_activity=134770 dram_eff=0.3953
bk0: 1560a 192698i bk1: 1560a 192718i bk2: 1536a 192536i bk3: 1536a 192696i bk4: 1520a 192402i bk5: 1520a 192378i bk6: 1520a 192616i bk7: 1520a 192756i bk8: 1520a 192681i bk9: 1520a 192894i bk10: 1520a 192416i bk11: 1520a 192789i bk12: 1552a 192390i bk13: 1552a 192385i bk14: 1560a 192404i bk15: 1560a 192687i 

------------------------------------------------------------------------

Row_Buffer_Locality = 0.739160
Row_Buffer_Locality_read = 0.754272
Row_Buffer_Locality_write = 0.019380
Bank_Level_Parallism = 2.048512
Bank_Level_Parallism_Col = 1.596134
Bank_Level_Parallism_Ready = 1.191404
write_to_read_ratio_blp_rw_average = 0.113383
GrpLevelPara = 1.372707 

BW Util details:
bwutil = 0.259143 
total_CMD = 205601 
util_bw = 26640 
Wasted_Col = 59905 
Wasted_Row = 27324 
Idle = 91732 

BW Util Bottlenecks: 
RCDc_limit = 55318 
RCDWRc_limit = 3769 
WTRc_limit = 3192 
RTWc_limit = 7415 
CCDLc_limit = 19842 
rwq = 0 
CCDLc_limit_alone = 18963 
WTRc_limit_alone = 2883 
RTWc_limit_alone = 6845 

Commands details: 
total_CMD = 205601 
n_nop = 168609 
Read = 24576 
Write = 0 
L2_Alloc = 0 
L2_WB = 2064 
n_act = 6545 
n_pre = 6529 
n_ref = 0 
n_req = 25092 
total_req = 26640 

Dual Bus Interface Util: 
issued_total_row = 13074 
issued_total_col = 26640 
Row_Bus_Util =  0.063589 
CoL_Bus_Util = 0.129571 
Either_Row_CoL_Bus_Util = 0.179921 
Issued_on_Two_Bus_Simul_Util = 0.013239 
issued_two_Eff = 0.073583 
queue_avg = 3.279011 


dram_util_bins: 0 0 0 0 0 0 0 0 0 0
dram_eff_bins: 0 0 0 0 0 0 0 0 0 0
mrqq: max=105 avg=3.27901
Memory Partition 71: 
Cache L2_bank_142:
MSHR contents

Cache L2_bank_143:
MSHR contents

In Dram Latency Queue (total = 0): 
DRAM[71]: 16 bks, busW=8 BL=4 CL=12, tRRD=3 tCCD=1, tRCD=12 tRAS=28 tRP=12 tRC=40
n_cmd=205601 n_nop=168600 n_act=6541 n_pre=6525 n_ref_event=0 n_req=25097 n_rd=24576 n_rd_L2_A=0 n_write=0 n_wr_bk=2084 bw_util=0.2593
n_activity=134231 dram_eff=0.3972
bk0: 1560a 192637i bk1: 1560a 192691i bk2: 1536a 192715i bk3: 1536a 192861i bk4: 1520a 192129i bk5: 1520a 192633i bk6: 1520a 192650i bk7: 1520a 192672i bk8: 1520a 192316i bk9: 1520a 192855i bk10: 1520a 192448i bk11: 1520a 192669i bk12: 1552a 192267i bk13: 1552a 192969i bk14: 1560a 192541i bk15: 1560a 192619i 

------------------------------------------------------------------------

Row_Buffer_Locality = 0.739371
Row_Buffer_Locality_read = 0.754598
Row_Buffer_Locality_write = 0.021113
Bank_Level_Parallism = 2.044255
Bank_Level_Parallism_Col = 1.599358
Bank_Level_Parallism_Ready = 1.200338
write_to_read_ratio_blp_rw_average = 0.115000
GrpLevelPara = 1.369868 

BW Util details:
bwutil = 0.259337 
total_CMD = 205601 
util_bw = 26660 
Wasted_Col = 59836 
Wasted_Row = 27502 
Idle = 91603 

BW Util Bottlenecks: 
RCDc_limit = 55290 
RCDWRc_limit = 3783 
WTRc_limit = 3274 
RTWc_limit = 7484 
CCDLc_limit = 20095 
rwq = 0 
CCDLc_limit_alone = 19171 
WTRc_limit_alone = 3013 
RTWc_limit_alone = 6821 

Commands details: 
total_CMD = 205601 
n_nop = 168600 
Read = 24576 
Write = 0 
L2_Alloc = 0 
L2_WB = 2084 
n_act = 6541 
n_pre = 6525 
n_ref = 0 
n_req = 25097 
total_req = 26660 

Dual Bus Interface Util: 
issued_total_row = 13066 
issued_total_col = 26660 
Row_Bus_Util =  0.063550 
CoL_Bus_Util = 0.129669 
Either_Row_CoL_Bus_Util = 0.179965 
Issued_on_Two_Bus_Simul_Util = 0.013254 
issued_two_Eff = 0.073647 
queue_avg = 3.393184 


dram_util_bins: 0 0 0 0 0 0 0 0 0 0
dram_eff_bins: 0 0 0 0 0 0 0 0 0 0
mrqq: max=110 avg=3.39318
Memory Partition 72: 
Cache L2_bank_144:
MSHR contents

Cache L2_bank_145:
MSHR contents

In Dram Latency Queue (total = 0): 
DRAM[72]: 16 bks, busW=8 BL=4 CL=12, tRRD=3 tCCD=1, tRCD=12 tRAS=28 tRP=12 tRC=40
n_cmd=205601 n_nop=168561 n_act=6562 n_pre=6546 n_ref_event=0 n_req=25100 n_rd=24576 n_rd_L2_A=0 n_write=0 n_wr_bk=2096 bw_util=0.2595
n_activity=134895 dram_eff=0.3954
bk0: 1560a 192219i bk1: 1560a 192812i bk2: 1536a 192443i bk3: 1536a 192479i bk4: 1520a 192659i bk5: 1520a 192943i bk6: 1520a 192362i bk7: 1520a 192964i bk8: 1520a 192837i bk9: 1520a 192911i bk10: 1520a 192478i bk11: 1520a 193132i bk12: 1552a 192394i bk13: 1552a 192761i bk14: 1560a 192316i bk15: 1560a 192483i 

------------------------------------------------------------------------

Row_Buffer_Locality = 0.738566
Row_Buffer_Locality_read = 0.753988
Row_Buffer_Locality_write = 0.015267
Bank_Level_Parallism = 2.032757
Bank_Level_Parallism_Col = 1.581961
Bank_Level_Parallism_Ready = 1.193311
write_to_read_ratio_blp_rw_average = 0.112150
GrpLevelPara = 1.359728 

BW Util details:
bwutil = 0.259454 
total_CMD = 205601 
util_bw = 26672 
Wasted_Col = 60314 
Wasted_Row = 27402 
Idle = 91213 

BW Util Bottlenecks: 
RCDc_limit = 55474 
RCDWRc_limit = 3884 
WTRc_limit = 3153 
RTWc_limit = 7124 
CCDLc_limit = 19997 
rwq = 0 
CCDLc_limit_alone = 19091 
WTRc_limit_alone = 2864 
RTWc_limit_alone = 6507 

Commands details: 
total_CMD = 205601 
n_nop = 168561 
Read = 24576 
Write = 0 
L2_Alloc = 0 
L2_WB = 2096 
n_act = 6562 
n_pre = 6546 
n_ref = 0 
n_req = 25100 
total_req = 26672 

Dual Bus Interface Util: 
issued_total_row = 13108 
issued_total_col = 26672 
Row_Bus_Util =  0.063755 
CoL_Bus_Util = 0.129727 
Either_Row_CoL_Bus_Util = 0.180155 
Issued_on_Two_Bus_Simul_Util = 0.013327 
issued_two_Eff = 0.073974 
queue_avg = 3.307751 


dram_util_bins: 0 0 0 0 0 0 0 0 0 0
dram_eff_bins: 0 0 0 0 0 0 0 0 0 0
mrqq: max=112 avg=3.30775
Memory Partition 73: 
Cache L2_bank_146:
MSHR contents

Cache L2_bank_147:
MSHR contents

In Dram Latency Queue (total = 0): 
DRAM[73]: 16 bks, busW=8 BL=4 CL=12, tRRD=3 tCCD=1, tRCD=12 tRAS=28 tRP=12 tRC=40
n_cmd=205601 n_nop=168567 n_act=6543 n_pre=6527 n_ref_event=0 n_req=25092 n_rd=24576 n_rd_L2_A=0 n_write=0 n_wr_bk=2064 bw_util=0.2591
n_activity=134748 dram_eff=0.3954
bk0: 1560a 192340i bk1: 1560a 192479i bk2: 1536a 192524i bk3: 1536a 192898i bk4: 1520a 192737i bk5: 1520a 192560i bk6: 1520a 192530i bk7: 1520a 192931i bk8: 1520a 192820i bk9: 1520a 192824i bk10: 1520a 192633i bk11: 1520a 192735i bk12: 1552a 192235i bk13: 1552a 192759i bk14: 1560a 192613i bk15: 1560a 192634i 

------------------------------------------------------------------------

Row_Buffer_Locality = 0.739240
Row_Buffer_Locality_read = 0.754517
Row_Buffer_Locality_write = 0.011628
Bank_Level_Parallism = 2.050130
Bank_Level_Parallism_Col = 1.596912
Bank_Level_Parallism_Ready = 1.187237
write_to_read_ratio_blp_rw_average = 0.110459
GrpLevelPara = 1.366964 

BW Util details:
bwutil = 0.259143 
total_CMD = 205601 
util_bw = 26640 
Wasted_Col = 59338 
Wasted_Row = 27408 
Idle = 92215 

BW Util Bottlenecks: 
RCDc_limit = 55117 
RCDWRc_limit = 3836 
WTRc_limit = 3026 
RTWc_limit = 7252 
CCDLc_limit = 19962 
rwq = 0 
CCDLc_limit_alone = 18975 
WTRc_limit_alone = 2731 
RTWc_limit_alone = 6560 

Commands details: 
total_CMD = 205601 
n_nop = 168567 
Read = 24576 
Write = 0 
L2_Alloc = 0 
L2_WB = 2064 
n_act = 6543 
n_pre = 6527 
n_ref = 0 
n_req = 25092 
total_req = 26640 

Dual Bus Interface Util: 
issued_total_row = 13070 
issued_total_col = 26640 
Row_Bus_Util =  0.063570 
CoL_Bus_Util = 0.129571 
Either_Row_CoL_Bus_Util = 0.180126 
Issued_on_Two_Bus_Simul_Util = 0.013016 
issued_two_Eff = 0.072258 
queue_avg = 3.361389 


dram_util_bins: 0 0 0 0 0 0 0 0 0 0
dram_eff_bins: 0 0 0 0 0 0 0 0 0 0
mrqq: max=112 avg=3.36139
Memory Partition 74: 
Cache L2_bank_148:
MSHR contents

Cache L2_bank_149:
MSHR contents

In Dram Latency Queue (total = 0): 
DRAM[74]: 16 bks, busW=8 BL=4 CL=12, tRRD=3 tCCD=1, tRCD=12 tRAS=28 tRP=12 tRC=40
n_cmd=205601 n_nop=168562 n_act=6568 n_pre=6552 n_ref_event=0 n_req=25091 n_rd=24576 n_rd_L2_A=0 n_write=0 n_wr_bk=2060 bw_util=0.2591
n_activity=134906 dram_eff=0.3949
bk0: 1560a 192251i bk1: 1560a 192420i bk2: 1536a 192142i bk3: 1536a 192581i bk4: 1520a 192547i bk5: 1520a 192534i bk6: 1520a 192718i bk7: 1520a 193145i bk8: 1520a 192894i bk9: 1520a 192728i bk10: 1520a 192799i bk11: 1520a 192921i bk12: 1552a 192145i bk13: 1552a 192478i bk14: 1560a 192215i bk15: 1560a 192352i 

------------------------------------------------------------------------

Row_Buffer_Locality = 0.738233
Row_Buffer_Locality_read = 0.753337
Row_Buffer_Locality_write = 0.017476
Bank_Level_Parallism = 2.047663
Bank_Level_Parallism_Col = 1.594382
Bank_Level_Parallism_Ready = 1.193122
write_to_read_ratio_blp_rw_average = 0.111991
GrpLevelPara = 1.368677 

BW Util details:
bwutil = 0.259104 
total_CMD = 205601 
util_bw = 26636 
Wasted_Col = 60098 
Wasted_Row = 27463 
Idle = 91404 

BW Util Bottlenecks: 
RCDc_limit = 55506 
RCDWRc_limit = 3836 
WTRc_limit = 2970 
RTWc_limit = 7408 
CCDLc_limit = 19885 
rwq = 0 
CCDLc_limit_alone = 18989 
WTRc_limit_alone = 2673 
RTWc_limit_alone = 6809 

Commands details: 
total_CMD = 205601 
n_nop = 168562 
Read = 24576 
Write = 0 
L2_Alloc = 0 
L2_WB = 2060 
n_act = 6568 
n_pre = 6552 
n_ref = 0 
n_req = 25091 
total_req = 26636 

Dual Bus Interface Util: 
issued_total_row = 13120 
issued_total_col = 26636 
Row_Bus_Util =  0.063813 
CoL_Bus_Util = 0.129552 
Either_Row_CoL_Bus_Util = 0.180150 
Issued_on_Two_Bus_Simul_Util = 0.013215 
issued_two_Eff = 0.073355 
queue_avg = 3.333914 


dram_util_bins: 0 0 0 0 0 0 0 0 0 0
dram_eff_bins: 0 0 0 0 0 0 0 0 0 0
mrqq: max=110 avg=3.33391
Memory Partition 75: 
Cache L2_bank_150:
MSHR contents

Cache L2_bank_151:
MSHR contents

In Dram Latency Queue (total = 0): 
DRAM[75]: 16 bks, busW=8 BL=4 CL=12, tRRD=3 tCCD=1, tRCD=12 tRAS=28 tRP=12 tRC=40
n_cmd=205601 n_nop=168582 n_act=6567 n_pre=6551 n_ref_event=0 n_req=25090 n_rd=24576 n_rd_L2_A=0 n_write=0 n_wr_bk=2056 bw_util=0.2591
n_activity=134066 dram_eff=0.3973
bk0: 1560a 191916i bk1: 1560a 192163i bk2: 1536a 192583i bk3: 1536a 192753i bk4: 1520a 192544i bk5: 1520a 192341i bk6: 1520a 192592i bk7: 1520a 193039i bk8: 1520a 192642i bk9: 1520a 192852i bk10: 1520a 192780i bk11: 1520a 192808i bk12: 1552a 192222i bk13: 1552a 192699i bk14: 1560a 192212i bk15: 1560a 192712i 

------------------------------------------------------------------------

Row_Buffer_Locality = 0.738262
Row_Buffer_Locality_read = 0.753337
Row_Buffer_Locality_write = 0.017510
Bank_Level_Parallism = 2.053802
Bank_Level_Parallism_Col = 1.598490
Bank_Level_Parallism_Ready = 1.184214
write_to_read_ratio_blp_rw_average = 0.112461
GrpLevelPara = 1.371218 

BW Util details:
bwutil = 0.259065 
total_CMD = 205601 
util_bw = 26632 
Wasted_Col = 59592 
Wasted_Row = 27637 
Idle = 91740 

BW Util Bottlenecks: 
RCDc_limit = 55469 
RCDWRc_limit = 3747 
WTRc_limit = 2917 
RTWc_limit = 7406 
CCDLc_limit = 19826 
rwq = 0 
CCDLc_limit_alone = 18927 
WTRc_limit_alone = 2611 
RTWc_limit_alone = 6813 

Commands details: 
total_CMD = 205601 
n_nop = 168582 
Read = 24576 
Write = 0 
L2_Alloc = 0 
L2_WB = 2056 
n_act = 6567 
n_pre = 6551 
n_ref = 0 
n_req = 25090 
total_req = 26632 

Dual Bus Interface Util: 
issued_total_row = 13118 
issued_total_col = 26632 
Row_Bus_Util =  0.063803 
CoL_Bus_Util = 0.129532 
Either_Row_CoL_Bus_Util = 0.180053 
Issued_on_Two_Bus_Simul_Util = 0.013283 
issued_two_Eff = 0.073773 
queue_avg = 3.283802 


dram_util_bins: 0 0 0 0 0 0 0 0 0 0
dram_eff_bins: 0 0 0 0 0 0 0 0 0 0
mrqq: max=103 avg=3.2838
Memory Partition 76: 
Cache L2_bank_152:
MSHR contents

Cache L2_bank_153:
MSHR contents

In Dram Latency Queue (total = 0): 
DRAM[76]: 16 bks, busW=8 BL=4 CL=12, tRRD=3 tCCD=1, tRCD=12 tRAS=28 tRP=12 tRC=40
n_cmd=205601 n_nop=168566 n_act=6545 n_pre=6529 n_ref_event=0 n_req=25096 n_rd=24576 n_rd_L2_A=0 n_write=0 n_wr_bk=2080 bw_util=0.2593
n_activity=134855 dram_eff=0.3953
bk0: 1560a 192478i bk1: 1560a 192692i bk2: 1536a 192200i bk3: 1536a 192607i bk4: 1520a 191792i bk5: 1520a 192648i bk6: 1520a 192303i bk7: 1520a 192396i bk8: 1520a 192348i bk9: 1520a 192433i bk10: 1520a 192544i bk11: 1520a 192899i bk12: 1552a 192522i bk13: 1552a 192705i bk14: 1560a 192403i bk15: 1560a 192786i 

------------------------------------------------------------------------

Row_Buffer_Locality = 0.739201
Row_Buffer_Locality_read = 0.754476
Row_Buffer_Locality_write = 0.017308
Bank_Level_Parallism = 2.062501
Bank_Level_Parallism_Col = 1.612651
Bank_Level_Parallism_Ready = 1.218938
write_to_read_ratio_blp_rw_average = 0.113995
GrpLevelPara = 1.371988 

BW Util details:
bwutil = 0.259298 
total_CMD = 205601 
util_bw = 26656 
Wasted_Col = 59800 
Wasted_Row = 27462 
Idle = 91683 

BW Util Bottlenecks: 
RCDc_limit = 55216 
RCDWRc_limit = 3817 
WTRc_limit = 3091 
RTWc_limit = 7781 
CCDLc_limit = 20170 
rwq = 0 
CCDLc_limit_alone = 19339 
WTRc_limit_alone = 2874 
RTWc_limit_alone = 7167 

Commands details: 
total_CMD = 205601 
n_nop = 168566 
Read = 24576 
Write = 0 
L2_Alloc = 0 
L2_WB = 2080 
n_act = 6545 
n_pre = 6529 
n_ref = 0 
n_req = 25096 
total_req = 26656 

Dual Bus Interface Util: 
issued_total_row = 13074 
issued_total_col = 26656 
Row_Bus_Util =  0.063589 
CoL_Bus_Util = 0.129649 
Either_Row_CoL_Bus_Util = 0.180130 
Issued_on_Two_Bus_Simul_Util = 0.013108 
issued_two_Eff = 0.072769 
queue_avg = 3.402722 


dram_util_bins: 0 0 0 0 0 0 0 0 0 0
dram_eff_bins: 0 0 0 0 0 0 0 0 0 0
mrqq: max=111 avg=3.40272
Memory Partition 77: 
Cache L2_bank_154:
MSHR contents

Cache L2_bank_155:
MSHR contents

In Dram Latency Queue (total = 0): 
DRAM[77]: 16 bks, busW=8 BL=4 CL=12, tRRD=3 tCCD=1, tRCD=12 tRAS=28 tRP=12 tRC=40
n_cmd=205601 n_nop=168615 n_act=6544 n_pre=6528 n_ref_event=0 n_req=25090 n_rd=24576 n_rd_L2_A=0 n_write=0 n_wr_bk=2056 bw_util=0.2591
n_activity=135463 dram_eff=0.3932
bk0: 1560a 192530i bk1: 1560a 192652i bk2: 1536a 192544i bk3: 1536a 192780i bk4: 1520a 192171i bk5: 1520a 192501i bk6: 1520a 192578i bk7: 1520a 192984i bk8: 1520a 192210i bk9: 1520a 192595i bk10: 1520a 192460i bk11: 1520a 192644i bk12: 1552a 192458i bk13: 1552a 192427i bk14: 1560a 192716i bk15: 1560a 192890i 

------------------------------------------------------------------------

Row_Buffer_Locality = 0.739179
Row_Buffer_Locality_read = 0.754313
Row_Buffer_Locality_write = 0.015564
Bank_Level_Parallism = 2.040644
Bank_Level_Parallism_Col = 1.597897
Bank_Level_Parallism_Ready = 1.204341
write_to_read_ratio_blp_rw_average = 0.110925
GrpLevelPara = 1.361490 

BW Util details:
bwutil = 0.259065 
total_CMD = 205601 
util_bw = 26632 
Wasted_Col = 59850 
Wasted_Row = 27975 
Idle = 91144 

BW Util Bottlenecks: 
RCDc_limit = 55368 
RCDWRc_limit = 3799 
WTRc_limit = 3215 
RTWc_limit = 7116 
CCDLc_limit = 19939 
rwq = 0 
CCDLc_limit_alone = 18988 
WTRc_limit_alone = 2935 
RTWc_limit_alone = 6445 

Commands details: 
total_CMD = 205601 
n_nop = 168615 
Read = 24576 
Write = 0 
L2_Alloc = 0 
L2_WB = 2056 
n_act = 6544 
n_pre = 6528 
n_ref = 0 
n_req = 25090 
total_req = 26632 

Dual Bus Interface Util: 
issued_total_row = 13072 
issued_total_col = 26632 
Row_Bus_Util =  0.063579 
CoL_Bus_Util = 0.129532 
Either_Row_CoL_Bus_Util = 0.179892 
Issued_on_Two_Bus_Simul_Util = 0.013220 
issued_two_Eff = 0.073487 
queue_avg = 3.310524 


dram_util_bins: 0 0 0 0 0 0 0 0 0 0
dram_eff_bins: 0 0 0 0 0 0 0 0 0 0
mrqq: max=99 avg=3.31052
Memory Partition 78: 
Cache L2_bank_156:
MSHR contents

Cache L2_bank_157:
MSHR contents

In Dram Latency Queue (total = 0): 
DRAM[78]: 16 bks, busW=8 BL=4 CL=12, tRRD=3 tCCD=1, tRCD=12 tRAS=28 tRP=12 tRC=40
n_cmd=205601 n_nop=168595 n_act=6539 n_pre=6523 n_ref_event=0 n_req=25088 n_rd=24576 n_rd_L2_A=0 n_write=0 n_wr_bk=2048 bw_util=0.259
n_activity=136069 dram_eff=0.3913
bk0: 1560a 192639i bk1: 1560a 192693i bk2: 1536a 192530i bk3: 1536a 192812i bk4: 1520a 192383i bk5: 1520a 192376i bk6: 1520a 192507i bk7: 1520a 192696i bk8: 1520a 192721i bk9: 1520a 192761i bk10: 1520a 192331i bk11: 1520a 192668i bk12: 1552a 192513i bk13: 1552a 192489i bk14: 1560a 192579i bk15: 1560a 192836i 

------------------------------------------------------------------------

Row_Buffer_Locality = 0.739357
Row_Buffer_Locality_read = 0.754435
Row_Buffer_Locality_write = 0.015625
Bank_Level_Parallism = 2.036046
Bank_Level_Parallism_Col = 1.603662
Bank_Level_Parallism_Ready = 1.214844
write_to_read_ratio_blp_rw_average = 0.106127
GrpLevelPara = 1.370456 

BW Util details:
bwutil = 0.258987 
total_CMD = 205601 
util_bw = 26624 
Wasted_Col = 59669 
Wasted_Row = 28228 
Idle = 91080 

BW Util Bottlenecks: 
RCDc_limit = 55428 
RCDWRc_limit = 3800 
WTRc_limit = 3227 
RTWc_limit = 6813 
CCDLc_limit = 19837 
rwq = 0 
CCDLc_limit_alone = 18915 
WTRc_limit_alone = 2945 
RTWc_limit_alone = 6173 

Commands details: 
total_CMD = 205601 
n_nop = 168595 
Read = 24576 
Write = 0 
L2_Alloc = 0 
L2_WB = 2048 
n_act = 6539 
n_pre = 6523 
n_ref = 0 
n_req = 25088 
total_req = 26624 

Dual Bus Interface Util: 
issued_total_row = 13062 
issued_total_col = 26624 
Row_Bus_Util =  0.063531 
CoL_Bus_Util = 0.129494 
Either_Row_CoL_Bus_Util = 0.179989 
Issued_on_Two_Bus_Simul_Util = 0.013035 
issued_two_Eff = 0.072421 
queue_avg = 3.351988 


dram_util_bins: 0 0 0 0 0 0 0 0 0 0
dram_eff_bins: 0 0 0 0 0 0 0 0 0 0
mrqq: max=103 avg=3.35199
Memory Partition 79: 
Cache L2_bank_158:
MSHR contents

Cache L2_bank_159:
MSHR contents

In Dram Latency Queue (total = 0): 
DRAM[79]: 16 bks, busW=8 BL=4 CL=12, tRRD=3 tCCD=1, tRCD=12 tRAS=28 tRP=12 tRC=40
n_cmd=205601 n_nop=168601 n_act=6529 n_pre=6513 n_ref_event=0 n_req=25094 n_rd=24576 n_rd_L2_A=0 n_write=0 n_wr_bk=2072 bw_util=0.2592
n_activity=134939 dram_eff=0.395
bk0: 1560a 192508i bk1: 1560a 192874i bk2: 1536a 192506i bk3: 1536a 192432i bk4: 1520a 191799i bk5: 1520a 192439i bk6: 1520a 192447i bk7: 1520a 192809i bk8: 1520a 192541i bk9: 1520a 192685i bk10: 1520a 192555i bk11: 1520a 192524i bk12: 1552a 192297i bk13: 1552a 192795i bk14: 1560a 192446i bk15: 1560a 192649i 

------------------------------------------------------------------------

Row_Buffer_Locality = 0.739818
Row_Buffer_Locality_read = 0.754964
Row_Buffer_Locality_write = 0.021236
Bank_Level_Parallism = 2.047286
Bank_Level_Parallism_Col = 1.612901
Bank_Level_Parallism_Ready = 1.212811
write_to_read_ratio_blp_rw_average = 0.111073
GrpLevelPara = 1.373915 

BW Util details:
bwutil = 0.259221 
total_CMD = 205601 
util_bw = 26648 
Wasted_Col = 59536 
Wasted_Row = 28311 
Idle = 91106 

BW Util Bottlenecks: 
RCDc_limit = 55125 
RCDWRc_limit = 3789 
WTRc_limit = 3301 
RTWc_limit = 7464 
CCDLc_limit = 19839 
rwq = 0 
CCDLc_limit_alone = 18828 
WTRc_limit_alone = 2971 
RTWc_limit_alone = 6783 

Commands details: 
total_CMD = 205601 
n_nop = 168601 
Read = 24576 
Write = 0 
L2_Alloc = 0 
L2_WB = 2072 
n_act = 6529 
n_pre = 6513 
n_ref = 0 
n_req = 25094 
total_req = 26648 

Dual Bus Interface Util: 
issued_total_row = 13042 
issued_total_col = 26648 
Row_Bus_Util =  0.063434 
CoL_Bus_Util = 0.129610 
Either_Row_CoL_Bus_Util = 0.179960 
Issued_on_Two_Bus_Simul_Util = 0.013084 
issued_two_Eff = 0.072703 
queue_avg = 3.307683 


dram_util_bins: 0 0 0 0 0 0 0 0 0 0
dram_eff_bins: 0 0 0 0 0 0 0 0 0 0
mrqq: max=102 avg=3.30768

========= L2 cache stats =========
L2_cache_bank[0]: Access = 41232, Miss = 33032, Miss_rate = 0.801, Pending_hits = 0, Reservation_fails = 0
L2_cache_bank[1]: Access = 41232, Miss = 33032, Miss_rate = 0.801, Pending_hits = 0, Reservation_fails = 0
L2_cache_bank[2]: Access = 41232, Miss = 33032, Miss_rate = 0.801, Pending_hits = 0, Reservation_fails = 0
L2_cache_bank[3]: Access = 41232, Miss = 33032, Miss_rate = 0.801, Pending_hits = 0, Reservation_fails = 0
L2_cache_bank[4]: Access = 41232, Miss = 33032, Miss_rate = 0.801, Pending_hits = 0, Reservation_fails = 0
L2_cache_bank[5]: Access = 41232, Miss = 33032, Miss_rate = 0.801, Pending_hits = 0, Reservation_fails = 0
L2_cache_bank[6]: Access = 41232, Miss = 33032, Miss_rate = 0.801, Pending_hits = 0, Reservation_fails = 0
L2_cache_bank[7]: Access = 41232, Miss = 33032, Miss_rate = 0.801, Pending_hits = 0, Reservation_fails = 0
L2_cache_bank[8]: Access = 41232, Miss = 33032, Miss_rate = 0.801, Pending_hits = 0, Reservation_fails = 0
L2_cache_bank[9]: Access = 41232, Miss = 33032, Miss_rate = 0.801, Pending_hits = 0, Reservation_fails = 0
L2_cache_bank[10]: Access = 41232, Miss = 33032, Miss_rate = 0.801, Pending_hits = 0, Reservation_fails = 0
L2_cache_bank[11]: Access = 41232, Miss = 33032, Miss_rate = 0.801, Pending_hits = 0, Reservation_fails = 0
L2_cache_bank[12]: Access = 41232, Miss = 33032, Miss_rate = 0.801, Pending_hits = 0, Reservation_fails = 0
L2_cache_bank[13]: Access = 41232, Miss = 33032, Miss_rate = 0.801, Pending_hits = 0, Reservation_fails = 0
L2_cache_bank[14]: Access = 41232, Miss = 33032, Miss_rate = 0.801, Pending_hits = 0, Reservation_fails = 0
L2_cache_bank[15]: Access = 41232, Miss = 33032, Miss_rate = 0.801, Pending_hits = 0, Reservation_fails = 0
L2_cache_bank[16]: Access = 41232, Miss = 33032, Miss_rate = 0.801, Pending_hits = 0, Reservation_fails = 0
L2_cache_bank[17]: Access = 41232, Miss = 33032, Miss_rate = 0.801, Pending_hits = 0, Reservation_fails = 0
L2_cache_bank[18]: Access = 41232, Miss = 33032, Miss_rate = 0.801, Pending_hits = 0, Reservation_fails = 0
L2_cache_bank[19]: Access = 41232, Miss = 33032, Miss_rate = 0.801, Pending_hits = 0, Reservation_fails = 0
L2_cache_bank[20]: Access = 41232, Miss = 33032, Miss_rate = 0.801, Pending_hits = 0, Reservation_fails = 0
L2_cache_bank[21]: Access = 41232, Miss = 33032, Miss_rate = 0.801, Pending_hits = 0, Reservation_fails = 0
L2_cache_bank[22]: Access = 41232, Miss = 33032, Miss_rate = 0.801, Pending_hits = 0, Reservation_fails = 0
L2_cache_bank[23]: Access = 41232, Miss = 33032, Miss_rate = 0.801, Pending_hits = 0, Reservation_fails = 0
L2_cache_bank[24]: Access = 41232, Miss = 33032, Miss_rate = 0.801, Pending_hits = 0, Reservation_fails = 0
L2_cache_bank[25]: Access = 41232, Miss = 33032, Miss_rate = 0.801, Pending_hits = 0, Reservation_fails = 0
L2_cache_bank[26]: Access = 41232, Miss = 33032, Miss_rate = 0.801, Pending_hits = 0, Reservation_fails = 0
L2_cache_bank[27]: Access = 41232, Miss = 33032, Miss_rate = 0.801, Pending_hits = 0, Reservation_fails = 0
L2_cache_bank[28]: Access = 41232, Miss = 33032, Miss_rate = 0.801, Pending_hits = 0, Reservation_fails = 0
L2_cache_bank[29]: Access = 41232, Miss = 33032, Miss_rate = 0.801, Pending_hits = 0, Reservation_fails = 0
L2_cache_bank[30]: Access = 41232, Miss = 33032, Miss_rate = 0.801, Pending_hits = 0, Reservation_fails = 0
L2_cache_bank[31]: Access = 41232, Miss = 33032, Miss_rate = 0.801, Pending_hits = 0, Reservation_fails = 0
L2_cache_bank[32]: Access = 41188, Miss = 33024, Miss_rate = 0.802, Pending_hits = 0, Reservation_fails = 0
L2_cache_bank[33]: Access = 41188, Miss = 33024, Miss_rate = 0.802, Pending_hits = 0, Reservation_fails = 0
L2_cache_bank[34]: Access = 41188, Miss = 33024, Miss_rate = 0.802, Pending_hits = 0, Reservation_fails = 0
L2_cache_bank[35]: Access = 41188, Miss = 33024, Miss_rate = 0.802, Pending_hits = 0, Reservation_fails = 0
L2_cache_bank[36]: Access = 41188, Miss = 33024, Miss_rate = 0.802, Pending_hits = 0, Reservation_fails = 0
L2_cache_bank[37]: Access = 41188, Miss = 33024, Miss_rate = 0.802, Pending_hits = 0, Reservation_fails = 0
L2_cache_bank[38]: Access = 41188, Miss = 33024, Miss_rate = 0.802, Pending_hits = 0, Reservation_fails = 0
L2_cache_bank[39]: Access = 41188, Miss = 33024, Miss_rate = 0.802, Pending_hits = 0, Reservation_fails = 0
L2_cache_bank[40]: Access = 41188, Miss = 33024, Miss_rate = 0.802, Pending_hits = 0, Reservation_fails = 0
L2_cache_bank[41]: Access = 41188, Miss = 33024, Miss_rate = 0.802, Pending_hits = 0, Reservation_fails = 0
L2_cache_bank[42]: Access = 41188, Miss = 33024, Miss_rate = 0.802, Pending_hits = 0, Reservation_fails = 0
L2_cache_bank[43]: Access = 41188, Miss = 33032, Miss_rate = 0.802, Pending_hits = 0, Reservation_fails = 0
L2_cache_bank[44]: Access = 41188, Miss = 33024, Miss_rate = 0.802, Pending_hits = 0, Reservation_fails = 0
L2_cache_bank[45]: Access = 41188, Miss = 33024, Miss_rate = 0.802, Pending_hits = 0, Reservation_fails = 0
L2_cache_bank[46]: Access = 41188, Miss = 33024, Miss_rate = 0.802, Pending_hits = 0, Reservation_fails = 0
L2_cache_bank[47]: Access = 41188, Miss = 33024, Miss_rate = 0.802, Pending_hits = 0, Reservation_fails = 0
L2_cache_bank[48]: Access = 41188, Miss = 33024, Miss_rate = 0.802, Pending_hits = 0, Reservation_fails = 0
L2_cache_bank[49]: Access = 41188, Miss = 33024, Miss_rate = 0.802, Pending_hits = 0, Reservation_fails = 0
L2_cache_bank[50]: Access = 41188, Miss = 33024, Miss_rate = 0.802, Pending_hits = 0, Reservation_fails = 0
L2_cache_bank[51]: Access = 41188, Miss = 33024, Miss_rate = 0.802, Pending_hits = 0, Reservation_fails = 0
L2_cache_bank[52]: Access = 41188, Miss = 33024, Miss_rate = 0.802, Pending_hits = 0, Reservation_fails = 0
L2_cache_bank[53]: Access = 41188, Miss = 33024, Miss_rate = 0.802, Pending_hits = 0, Reservation_fails = 0
L2_cache_bank[54]: Access = 41188, Miss = 33024, Miss_rate = 0.802, Pending_hits = 0, Reservation_fails = 0
L2_cache_bank[55]: Access = 41188, Miss = 33024, Miss_rate = 0.802, Pending_hits = 0, Reservation_fails = 0
L2_cache_bank[56]: Access = 41188, Miss = 33024, Miss_rate = 0.802, Pending_hits = 0, Reservation_fails = 0
L2_cache_bank[57]: Access = 41188, Miss = 33024, Miss_rate = 0.802, Pending_hits = 0, Reservation_fails = 0
L2_cache_bank[58]: Access = 41188, Miss = 33024, Miss_rate = 0.802, Pending_hits = 0, Reservation_fails = 0
L2_cache_bank[59]: Access = 41188, Miss = 33024, Miss_rate = 0.802, Pending_hits = 0, Reservation_fails = 0
L2_cache_bank[60]: Access = 41188, Miss = 33024, Miss_rate = 0.802, Pending_hits = 0, Reservation_fails = 0
L2_cache_bank[61]: Access = 41188, Miss = 33024, Miss_rate = 0.802, Pending_hits = 0, Reservation_fails = 0
L2_cache_bank[62]: Access = 41188, Miss = 33024, Miss_rate = 0.802, Pending_hits = 0, Reservation_fails = 0
L2_cache_bank[63]: Access = 41188, Miss = 33024, Miss_rate = 0.802, Pending_hits = 0, Reservation_fails = 0
L2_cache_bank[64]: Access = 41220, Miss = 33024, Miss_rate = 0.801, Pending_hits = 0, Reservation_fails = 0
L2_cache_bank[65]: Access = 41220, Miss = 33024, Miss_rate = 0.801, Pending_hits = 0, Reservation_fails = 0
L2_cache_bank[66]: Access = 41220, Miss = 33024, Miss_rate = 0.801, Pending_hits = 0, Reservation_fails = 0
L2_cache_bank[67]: Access = 41220, Miss = 33024, Miss_rate = 0.801, Pending_hits = 0, Reservation_fails = 0
L2_cache_bank[68]: Access = 41220, Miss = 33024, Miss_rate = 0.801, Pending_hits = 0, Reservation_fails = 0
L2_cache_bank[69]: Access = 41220, Miss = 33024, Miss_rate = 0.801, Pending_hits = 0, Reservation_fails = 0
L2_cache_bank[70]: Access = 41220, Miss = 33024, Miss_rate = 0.801, Pending_hits = 0, Reservation_fails = 0
L2_cache_bank[71]: Access = 41220, Miss = 33024, Miss_rate = 0.801, Pending_hits = 0, Reservation_fails = 0
L2_cache_bank[72]: Access = 41220, Miss = 33024, Miss_rate = 0.801, Pending_hits = 0, Reservation_fails = 0
L2_cache_bank[73]: Access = 41220, Miss = 33024, Miss_rate = 0.801, Pending_hits = 0, Reservation_fails = 0
L2_cache_bank[74]: Access = 41220, Miss = 33024, Miss_rate = 0.801, Pending_hits = 0, Reservation_fails = 0
L2_cache_bank[75]: Access = 41220, Miss = 33028, Miss_rate = 0.801, Pending_hits = 0, Reservation_fails = 0
L2_cache_bank[76]: Access = 41220, Miss = 33024, Miss_rate = 0.801, Pending_hits = 0, Reservation_fails = 0
L2_cache_bank[77]: Access = 41220, Miss = 33024, Miss_rate = 0.801, Pending_hits = 0, Reservation_fails = 0
L2_cache_bank[78]: Access = 41220, Miss = 33024, Miss_rate = 0.801, Pending_hits = 0, Reservation_fails = 0
L2_cache_bank[79]: Access = 41220, Miss = 33024, Miss_rate = 0.801, Pending_hits = 0, Reservation_fails = 0
L2_cache_bank[80]: Access = 41220, Miss = 33024, Miss_rate = 0.801, Pending_hits = 0, Reservation_fails = 0
L2_cache_bank[81]: Access = 41220, Miss = 33024, Miss_rate = 0.801, Pending_hits = 0, Reservation_fails = 0
L2_cache_bank[82]: Access = 41220, Miss = 33024, Miss_rate = 0.801, Pending_hits = 0, Reservation_fails = 0
L2_cache_bank[83]: Access = 41220, Miss = 33024, Miss_rate = 0.801, Pending_hits = 0, Reservation_fails = 0
L2_cache_bank[84]: Access = 41220, Miss = 33024, Miss_rate = 0.801, Pending_hits = 0, Reservation_fails = 0
L2_cache_bank[85]: Access = 41220, Miss = 33024, Miss_rate = 0.801, Pending_hits = 0, Reservation_fails = 0
L2_cache_bank[86]: Access = 41220, Miss = 33024, Miss_rate = 0.801, Pending_hits = 0, Reservation_fails = 0
L2_cache_bank[87]: Access = 41220, Miss = 33024, Miss_rate = 0.801, Pending_hits = 0, Reservation_fails = 0
L2_cache_bank[88]: Access = 41220, Miss = 33024, Miss_rate = 0.801, Pending_hits = 0, Reservation_fails = 0
L2_cache_bank[89]: Access = 41220, Miss = 33024, Miss_rate = 0.801, Pending_hits = 0, Reservation_fails = 0
L2_cache_bank[90]: Access = 41220, Miss = 33028, Miss_rate = 0.801, Pending_hits = 0, Reservation_fails = 0
L2_cache_bank[91]: Access = 41220, Miss = 33024, Miss_rate = 0.801, Pending_hits = 0, Reservation_fails = 0
L2_cache_bank[92]: Access = 41220, Miss = 33024, Miss_rate = 0.801, Pending_hits = 0, Reservation_fails = 0
L2_cache_bank[93]: Access = 41220, Miss = 33024, Miss_rate = 0.801, Pending_hits = 0, Reservation_fails = 0
L2_cache_bank[94]: Access = 41220, Miss = 33024, Miss_rate = 0.801, Pending_hits = 0, Reservation_fails = 0
L2_cache_bank[95]: Access = 41220, Miss = 33024, Miss_rate = 0.801, Pending_hits = 0, Reservation_fails = 0
L2_cache_bank[96]: Access = 20608, Miss = 16492, Miss_rate = 0.800, Pending_hits = 0, Reservation_fails = 0
L2_cache_bank[97]: Access = 20608, Miss = 16492, Miss_rate = 0.800, Pending_hits = 0, Reservation_fails = 0
L2_cache_bank[98]: Access = 20608, Miss = 16492, Miss_rate = 0.800, Pending_hits = 0, Reservation_fails = 0
L2_cache_bank[99]: Access = 20608, Miss = 16492, Miss_rate = 0.800, Pending_hits = 0, Reservation_fails = 0
L2_cache_bank[100]: Access = 20608, Miss = 16492, Miss_rate = 0.800, Pending_hits = 0, Reservation_fails = 0
L2_cache_bank[101]: Access = 20608, Miss = 16492, Miss_rate = 0.800, Pending_hits = 0, Reservation_fails = 0
L2_cache_bank[102]: Access = 20608, Miss = 16492, Miss_rate = 0.800, Pending_hits = 0, Reservation_fails = 0
L2_cache_bank[103]: Access = 20608, Miss = 16492, Miss_rate = 0.800, Pending_hits = 0, Reservation_fails = 0
L2_cache_bank[104]: Access = 20608, Miss = 16492, Miss_rate = 0.800, Pending_hits = 0, Reservation_fails = 0
L2_cache_bank[105]: Access = 20608, Miss = 16492, Miss_rate = 0.800, Pending_hits = 0, Reservation_fails = 0
L2_cache_bank[106]: Access = 20608, Miss = 16492, Miss_rate = 0.800, Pending_hits = 0, Reservation_fails = 0
L2_cache_bank[107]: Access = 20608, Miss = 16492, Miss_rate = 0.800, Pending_hits = 0, Reservation_fails = 0
L2_cache_bank[108]: Access = 20608, Miss = 16492, Miss_rate = 0.800, Pending_hits = 0, Reservation_fails = 0
L2_cache_bank[109]: Access = 20608, Miss = 16492, Miss_rate = 0.800, Pending_hits = 0, Reservation_fails = 0
L2_cache_bank[110]: Access = 20608, Miss = 16492, Miss_rate = 0.800, Pending_hits = 0, Reservation_fails = 0
L2_cache_bank[111]: Access = 20608, Miss = 16492, Miss_rate = 0.800, Pending_hits = 0, Reservation_fails = 0
L2_cache_bank[112]: Access = 20608, Miss = 16492, Miss_rate = 0.800, Pending_hits = 0, Reservation_fails = 0
L2_cache_bank[113]: Access = 20608, Miss = 16492, Miss_rate = 0.800, Pending_hits = 0, Reservation_fails = 0
L2_cache_bank[114]: Access = 20608, Miss = 16492, Miss_rate = 0.800, Pending_hits = 0, Reservation_fails = 0
L2_cache_bank[115]: Access = 20608, Miss = 16492, Miss_rate = 0.800, Pending_hits = 0, Reservation_fails = 0
L2_cache_bank[116]: Access = 20608, Miss = 16492, Miss_rate = 0.800, Pending_hits = 0, Reservation_fails = 0
L2_cache_bank[117]: Access = 20608, Miss = 16492, Miss_rate = 0.800, Pending_hits = 0, Reservation_fails = 0
L2_cache_bank[118]: Access = 20608, Miss = 16492, Miss_rate = 0.800, Pending_hits = 0, Reservation_fails = 0
L2_cache_bank[119]: Access = 20608, Miss = 16492, Miss_rate = 0.800, Pending_hits = 0, Reservation_fails = 0
L2_cache_bank[120]: Access = 20608, Miss = 16492, Miss_rate = 0.800, Pending_hits = 0, Reservation_fails = 0
L2_cache_bank[121]: Access = 20608, Miss = 16492, Miss_rate = 0.800, Pending_hits = 0, Reservation_fails = 0
L2_cache_bank[122]: Access = 20608, Miss = 16492, Miss_rate = 0.800, Pending_hits = 0, Reservation_fails = 0
L2_cache_bank[123]: Access = 20608, Miss = 16492, Miss_rate = 0.800, Pending_hits = 0, Reservation_fails = 0
L2_cache_bank[124]: Access = 20608, Miss = 16492, Miss_rate = 0.800, Pending_hits = 0, Reservation_fails = 0
L2_cache_bank[125]: Access = 20608, Miss = 16492, Miss_rate = 0.800, Pending_hits = 0, Reservation_fails = 0
L2_cache_bank[126]: Access = 20608, Miss = 16492, Miss_rate = 0.800, Pending_hits = 0, Reservation_fails = 0
L2_cache_bank[127]: Access = 20608, Miss = 16492, Miss_rate = 0.800, Pending_hits = 0, Reservation_fails = 0
L2_cache_bank[128]: Access = 20616, Miss = 16524, Miss_rate = 0.802, Pending_hits = 0, Reservation_fails = 0
L2_cache_bank[129]: Access = 20616, Miss = 16524, Miss_rate = 0.802, Pending_hits = 0, Reservation_fails = 0
L2_cache_bank[130]: Access = 20616, Miss = 16524, Miss_rate = 0.802, Pending_hits = 0, Reservation_fails = 0
L2_cache_bank[131]: Access = 20616, Miss = 16524, Miss_rate = 0.802, Pending_hits = 0, Reservation_fails = 0
L2_cache_bank[132]: Access = 20616, Miss = 16524, Miss_rate = 0.802, Pending_hits = 0, Reservation_fails = 0
L2_cache_bank[133]: Access = 20616, Miss = 16524, Miss_rate = 0.802, Pending_hits = 0, Reservation_fails = 0
L2_cache_bank[134]: Access = 20616, Miss = 16524, Miss_rate = 0.802, Pending_hits = 0, Reservation_fails = 0
L2_cache_bank[135]: Access = 20616, Miss = 16524, Miss_rate = 0.802, Pending_hits = 0, Reservation_fails = 0
L2_cache_bank[136]: Access = 20616, Miss = 16524, Miss_rate = 0.802, Pending_hits = 0, Reservation_fails = 0
L2_cache_bank[137]: Access = 20616, Miss = 16524, Miss_rate = 0.802, Pending_hits = 0, Reservation_fails = 0
L2_cache_bank[138]: Access = 20616, Miss = 16524, Miss_rate = 0.802, Pending_hits = 0, Reservation_fails = 0
L2_cache_bank[139]: Access = 20616, Miss = 16524, Miss_rate = 0.802, Pending_hits = 0, Reservation_fails = 0
L2_cache_bank[140]: Access = 20616, Miss = 16524, Miss_rate = 0.802, Pending_hits = 0, Reservation_fails = 0
L2_cache_bank[141]: Access = 20616, Miss = 16524, Miss_rate = 0.802, Pending_hits = 0, Reservation_fails = 0
L2_cache_bank[142]: Access = 20616, Miss = 16524, Miss_rate = 0.802, Pending_hits = 0, Reservation_fails = 0
L2_cache_bank[143]: Access = 20616, Miss = 16524, Miss_rate = 0.802, Pending_hits = 0, Reservation_fails = 0
L2_cache_bank[144]: Access = 20616, Miss = 16524, Miss_rate = 0.802, Pending_hits = 0, Reservation_fails = 0
L2_cache_bank[145]: Access = 20616, Miss = 16524, Miss_rate = 0.802, Pending_hits = 0, Reservation_fails = 0
L2_cache_bank[146]: Access = 20616, Miss = 16524, Miss_rate = 0.802, Pending_hits = 0, Reservation_fails = 0
L2_cache_bank[147]: Access = 20616, Miss = 16524, Miss_rate = 0.802, Pending_hits = 0, Reservation_fails = 0
L2_cache_bank[148]: Access = 20616, Miss = 16524, Miss_rate = 0.802, Pending_hits = 0, Reservation_fails = 0
L2_cache_bank[149]: Access = 20616, Miss = 16524, Miss_rate = 0.802, Pending_hits = 0, Reservation_fails = 0
L2_cache_bank[150]: Access = 20616, Miss = 16524, Miss_rate = 0.802, Pending_hits = 0, Reservation_fails = 0
L2_cache_bank[151]: Access = 20616, Miss = 16524, Miss_rate = 0.802, Pending_hits = 0, Reservation_fails = 0
L2_cache_bank[152]: Access = 20616, Miss = 16524, Miss_rate = 0.802, Pending_hits = 0, Reservation_fails = 0
L2_cache_bank[153]: Access = 20616, Miss = 16524, Miss_rate = 0.802, Pending_hits = 0, Reservation_fails = 0
L2_cache_bank[154]: Access = 20616, Miss = 16524, Miss_rate = 0.802, Pending_hits = 0, Reservation_fails = 0
L2_cache_bank[155]: Access = 20616, Miss = 16524, Miss_rate = 0.802, Pending_hits = 0, Reservation_fails = 0
L2_cache_bank[156]: Access = 20616, Miss = 16524, Miss_rate = 0.802, Pending_hits = 0, Reservation_fails = 0
L2_cache_bank[157]: Access = 20616, Miss = 16524, Miss_rate = 0.802, Pending_hits = 0, Reservation_fails = 0
L2_cache_bank[158]: Access = 20616, Miss = 16524, Miss_rate = 0.802, Pending_hits = 0, Reservation_fails = 0
L2_cache_bank[159]: Access = 20616, Miss = 16524, Miss_rate = 0.802, Pending_hits = 0, Reservation_fails = 0
L2_total_cache_accesses = 5275648
L2_total_cache_misses = 4227088
L2_total_cache_miss_rate = 0.8012
L2_total_cache_pending_hits = 0
L2_total_cache_reservation_fails = 0
L2_total_cache_breakdown:
	L2_cache_stats_breakdown[GLOBAL_ACC_R][HIT] = 0
	L2_cache_stats_breakdown[GLOBAL_ACC_R][HIT_RESERVED] = 0
	L2_cache_stats_breakdown[GLOBAL_ACC_R][MISS] = 0
	L2_cache_stats_breakdown[GLOBAL_ACC_R][RESERVATION_FAIL] = 0
	L2_cache_stats_breakdown[GLOBAL_ACC_R][SECTOR_MISS] = 0
	L2_cache_stats_breakdown[GLOBAL_ACC_R][MSHR_HIT] = 0
	L2_cache_stats_breakdown[LOCAL_ACC_R][HIT] = 0
	L2_cache_stats_breakdown[LOCAL_ACC_R][HIT_RESERVED] = 0
	L2_cache_stats_breakdown[LOCAL_ACC_R][MISS] = 0
	L2_cache_stats_breakdown[LOCAL_ACC_R][RESERVATION_FAIL] = 0
	L2_cache_stats_breakdown[LOCAL_ACC_R][SECTOR_MISS] = 0
	L2_cache_stats_breakdown[LOCAL_ACC_R][MSHR_HIT] = 0
	L2_cache_stats_breakdown[CONST_ACC_R][HIT] = 0
	L2_cache_stats_breakdown[CONST_ACC_R][HIT_RESERVED] = 0
	L2_cache_stats_breakdown[CONST_ACC_R][MISS] = 0
	L2_cache_stats_breakdown[CONST_ACC_R][RESERVATION_FAIL] = 0
	L2_cache_stats_breakdown[CONST_ACC_R][SECTOR_MISS] = 0
	L2_cache_stats_breakdown[CONST_ACC_R][MSHR_HIT] = 0
	L2_cache_stats_breakdown[TEXTURE_ACC_R][HIT] = 0
	L2_cache_stats_breakdown[TEXTURE_ACC_R][HIT_RESERVED] = 0
	L2_cache_stats_breakdown[TEXTURE_ACC_R][MISS] = 0
	L2_cache_stats_breakdown[TEXTURE_ACC_R][RESERVATION_FAIL] = 0
	L2_cache_stats_breakdown[TEXTURE_ACC_R][SECTOR_MISS] = 0
	L2_cache_stats_breakdown[TEXTURE_ACC_R][MSHR_HIT] = 0
	L2_cache_stats_breakdown[GLOBAL_ACC_W][HIT] = 0
	L2_cache_stats_breakdown[GLOBAL_ACC_W][HIT_RESERVED] = 0
	L2_cache_stats_breakdown[GLOBAL_ACC_W][MISS] = 270336
	L2_cache_stats_breakdown[GLOBAL_ACC_W][RESERVATION_FAIL] = 0
	L2_cache_stats_breakdown[GLOBAL_ACC_W][SECTOR_MISS] = 811008
	L2_cache_stats_breakdown[GLOBAL_ACC_W][MSHR_HIT] = 0
	L2_cache_stats_breakdown[GLOBAL_ACC_W][TOTAL_ACCESS] = 1081344
	L2_cache_stats_breakdown[LOCAL_ACC_W][HIT] = 0
	L2_cache_stats_breakdown[LOCAL_ACC_W][HIT_RESERVED] = 0
	L2_cache_stats_breakdown[LOCAL_ACC_W][MISS] = 0
	L2_cache_stats_breakdown[LOCAL_ACC_W][RESERVATION_FAIL] = 0
	L2_cache_stats_breakdown[LOCAL_ACC_W][SECTOR_MISS] = 0
	L2_cache_stats_breakdown[LOCAL_ACC_W][MSHR_HIT] = 0
	L2_cache_stats_breakdown[L1_WRBK_ACC][HIT] = 0
	L2_cache_stats_breakdown[L1_WRBK_ACC][HIT_RESERVED] = 0
	L2_cache_stats_breakdown[L1_WRBK_ACC][MISS] = 0
	L2_cache_stats_breakdown[L1_WRBK_ACC][RESERVATION_FAIL] = 0
	L2_cache_stats_breakdown[L1_WRBK_ACC][SECTOR_MISS] = 0
	L2_cache_stats_breakdown[L1_WRBK_ACC][MSHR_HIT] = 0
	L2_cache_stats_breakdown[L2_WRBK_ACC][HIT] = 0
	L2_cache_stats_breakdown[L2_WRBK_ACC][HIT_RESERVED] = 0
	L2_cache_stats_breakdown[L2_WRBK_ACC][MISS] = 0
	L2_cache_stats_breakdown[L2_WRBK_ACC][RESERVATION_FAIL] = 0
	L2_cache_stats_breakdown[L2_WRBK_ACC][SECTOR_MISS] = 0
	L2_cache_stats_breakdown[L2_WRBK_ACC][MSHR_HIT] = 0
	L2_cache_stats_breakdown[INST_ACC_R][HIT] = 0
	L2_cache_stats_breakdown[INST_ACC_R][HIT_RESERVED] = 0
	L2_cache_stats_breakdown[INST_ACC_R][MISS] = 0
	L2_cache_stats_breakdown[INST_ACC_R][RESERVATION_FAIL] = 0
	L2_cache_stats_breakdown[INST_ACC_R][SECTOR_MISS] = 0
	L2_cache_stats_breakdown[INST_ACC_R][MSHR_HIT] = 0
	L2_cache_stats_breakdown[L1_WR_ALLOC_R][HIT] = 0
	L2_cache_stats_breakdown[L1_WR_ALLOC_R][HIT_RESERVED] = 0
	L2_cache_stats_breakdown[L1_WR_ALLOC_R][MISS] = 0
	L2_cache_stats_breakdown[L1_WR_ALLOC_R][RESERVATION_FAIL] = 0
	L2_cache_stats_breakdown[L1_WR_ALLOC_R][SECTOR_MISS] = 0
	L2_cache_stats_breakdown[L1_WR_ALLOC_R][MSHR_HIT] = 0
	L2_cache_stats_breakdown[L2_WR_ALLOC_R][HIT] = 0
	L2_cache_stats_breakdown[L2_WR_ALLOC_R][HIT_RESERVED] = 0
	L2_cache_stats_breakdown[L2_WR_ALLOC_R][MISS] = 0
	L2_cache_stats_breakdown[L2_WR_ALLOC_R][RESERVATION_FAIL] = 0
	L2_cache_stats_breakdown[L2_WR_ALLOC_R][SECTOR_MISS] = 0
	L2_cache_stats_breakdown[L2_WR_ALLOC_R][MSHR_HIT] = 0
	L2_cache_stats_breakdown[TMA_ACC_R][HIT] = 0
	L2_cache_stats_breakdown[TMA_ACC_R][HIT_RESERVED] = 0
	L2_cache_stats_breakdown[TMA_ACC_R][MISS] = 0
	L2_cache_stats_breakdown[TMA_ACC_R][RESERVATION_FAIL] = 0
	L2_cache_stats_breakdown[TMA_ACC_R][SECTOR_MISS] = 0
	L2_cache_stats_breakdown[TMA_ACC_R][MSHR_HIT] = 0
	L2_cache_stats_breakdown[TMA_ACC_W][HIT] = 0
	L2_cache_stats_breakdown[TMA_ACC_W][HIT_RESERVED] = 0
	L2_cache_stats_breakdown[TMA_ACC_W][MISS] = 0
	L2_cache_stats_breakdown[TMA_ACC_W][RESERVATION_FAIL] = 0
	L2_cache_stats_breakdown[TMA_ACC_W][SECTOR_MISS] = 0
	L2_cache_stats_breakdown[TMA_ACC_W][MSHR_HIT] = 0
	L2_cache_stats_breakdown[CP_ASYNC_ACC_R][HIT] = 1048560
	L2_cache_stats_breakdown[CP_ASYNC_ACC_R][HIT_RESERVED] = 0
	L2_cache_stats_breakdown[CP_ASYNC_ACC_R][MISS] = 786436
	L2_cache_stats_breakdown[CP_ASYNC_ACC_R][RESERVATION_FAIL] = 0
	L2_cache_stats_breakdown[CP_ASYNC_ACC_R][SECTOR_MISS] = 2359308
	L2_cache_stats_breakdown[CP_ASYNC_ACC_R][MSHR_HIT] = 0
	L2_cache_stats_breakdown[CP_ASYNC_ACC_R][TOTAL_ACCESS] = 4194304
L2_total_cache_reservation_fail_reason_breakdown:
	L2_cache_stats_fail_reason_breakdown[LINE_ALLOC_FAIL] = 0
	L2_cache_stats_fail_reason_breakdown[MISS_QUEUE_FULL] = 0
	L2_cache_stats_fail_reason_breakdown[MSHR_ENRTY_FAIL] = 0
	L2_cache_stats_fail_reason_breakdown[MSHR_MERGE_ENRTY_FAIL] = 0
	L2_cache_stats_fail_reason_breakdown[MSHR_RW_PENDING] = 0
	L2_cache_stats_fail_reason_breakdown[TOTAL] = 0
L2_total_cache_reservation_fail_breakdown:
L2_cache_data_port_util = 0.053
L2_cache_fill_port_util = 0.000

icnt_total_pkts_mem_to_simt=5275648
icnt_total_pkts_simt_to_mem=2129920
LD_mem_lat_dist  0 0 0 0 0 0 0 0 0 0 0 0 0 0 0 0 0 0 0 0 0 0 0 0 0 0 0 0
ST_mem_lat_dist  0 0 0 0 0 0 0 0 0 0 0 0 0 0 0 0 0 0 0 0 0 0 0 0 0 0 0 0
----------------------------Interconnect-DETAILS--------------------------------
Req_Network_injected_packets_num = 2129673
Req_Network_cycles = 133558
Req_Network_injected_packets_per_cycle =      15.9457 
Req_Network_conflicts_per_cycle =       5.6004
Req_Network_conflicts_per_cycle_util =       6.4723
Req_Bank_Level_Parallism =      18.4302
Req_Network_in_buffer_full_per_cycle =       0.0000
Req_Network_in_buffer_avg_util =       0.0525
Req_Network_out_buffer_full_per_cycle =       0.0000
Req_Network_out_buffer_avg_util =       0.6765
Req_Network_input_pushes_top = 124:18464 90:18208 76:17952 86:17952 96:17952 100:17952 118:17952 2:17696
Req_Network_output_pushes_top = 132:16650 133:16650 134:16650 135:16650 136:16650 137:16650 138:16650 139:16650
Req_Network_input_grants_top = 124:18464 90:18208 76:17952 86:17952 96:17952 100:17952 118:17952 2:17696
Req_Network_output_grants_top = 132:16650 133:16650 134:16650 135:16650 136:16650 137:16650 138:16650 139:16650
Req_Network_input_full_events_top =
Req_Network_output_full_events_top =
Req_Network_max_input_occupancy_top = 2:61 127:61 27:60 119:60 125:59 0:58 4:58 118:58
Req_Network_max_output_occupancy_top = 174:222 146:221 176:220 171:219 191:219 217:219 177:218 178:218

Reply_Network_injected_packets_num = 5275648
Reply_Network_cycles = 133558
Reply_Network_injected_packets_per_cycle =      39.5008
Reply_Network_conflicts_per_cycle =    1992.8577
Reply_Network_conflicts_per_cycle_util =    2161.3013
Reply_Bank_Level_Parallism =      42.8396
Reply_Network_in_buffer_full_per_cycle =       0.0000
Reply_Network_in_buffer_avg_util =      46.7401
Reply_Network_out_buffer_full_per_cycle =       0.0000
Reply_Network_out_buffer_avg_util =       0.6057
Reply_Network_input_pushes_top = 132:41232 133:41232 134:41232 135:41232 136:41232 137:41232 138:41232 139:41232
Reply_Network_output_pushes_top = 124:45344 90:44320 76:43296 86:43296 96:43296 100:43296 118:43296 47:43264
Reply_Network_input_grants_top = 132:41232 133:41232 134:41232 135:41232 136:41232 137:41232 138:41232 139:41232
Reply_Network_output_grants_top = 124:45344 90:44320 76:43296 86:43296 96:43296 100:43296 118:43296 47:43264
Reply_Network_input_full_events_top =
Reply_Network_output_full_events_top =
Reply_Network_max_input_occupancy_top = 224:307 226:301 179:285 177:284 211:283 157:282 192:279 147:276
Reply_Network_max_output_occupancy_top = 60:54 105:54 99:53 27:51 54:50 15:49 57:49 98:49
----------------------------END-of-Interconnect-DETAILS-------------------------


gpgpu_simulation_time = 0 days, 0 hrs, 12 min, 58 sec (778 sec)
gpgpu_simulation_rate = 897439 (inst/sec)
gpgpu_simulation_rate = 151 (cycle/sec)
gpgpu_silicon_slowdown = 9933774x
GPGPU-Sim: synchronize waiting for inactive GPU simulation
GPGPU-Sim API: Stream Manager State
GPGPU-Sim: detected inactive GPU simulation thread
[       OK ] Fa2PrefillFp16SmallTest.H32D64CausalB32S256 (762943 ms)
[----------] 1 test from Fa2PrefillFp16SmallTest (762943 ms total)

[----------] Global test environment tear-down
[==========] 1 test from 1 test suite ran. (762943 ms total)
[  PASSED  ] 1 test.
GPGPU-Sim: *** exit detected ***
