[2026-06-17 17:32:32] START job_id=h16d128_causal stage=fa2_small case=H16D128CausalB32S256
[2026-06-17 17:32:32] workdir=/data/wzr/flashgpu-sim-blackwell/flashgpu-sim/test/run/FA2_SMALL4_TENSOR6_LAT22_20260617_1738/work/003_fa2_small_H16D128CausalB32S256
[2026-06-17 17:32:32] cpu_set=20-23
[2026-06-17 17:32:32] command=taskset -c 20-23 /data/wzr/flashgpu-sim-blackwell/flashgpu-sim/test/build/bin/hopper/run_fa2_small_h16d128_causal_tests --gtest_filter=Fa2PrefillFp16SmallTest.H16D128CausalB32S256
[2026-06-17 17:32:32] config=SM90_H100_1500MHZ_HBM80_L2S160_MSHR512_L2NOC1700_FA2_REGALLOC_TENSOR6_LAT22_TMP
[2026-06-17 17:32:32] core_clock_mhz=1500.0
[2026-06-17 17:32:32] LD_LIBRARY_PATH=/data/wzr/flashgpu-sim-blackwell/flashgpu-sim/lib/gcc-13.3.0/cuda-12080/release:/home/wzr/cuda/lib64:/home/wzr/cuda/lib64:/home/wzr/cuda/lib64:
self exe links to: /data/wzr/flashgpu-sim-blackwell/flashgpu-sim/test/build/bin/hopper/run_fa2_small_h16d128_causal_tests
self exe links to: /data/wzr/flashgpu-sim-blackwell/flashgpu-sim/test/build/bin/hopper/run_fa2_small_h16d128_causal_tests
12


        *** GPGPU-Sim Simulator Version 4.2.0  [build gpgpu-sim_git-commit-4ff1712e_modified_29.0] ***


GPGPU-Sim PTX: simulation mode 0 (can change with PTX_SIM_MODE_FUNC environment variable:
               1=functional simulation only, 0=detailed performance simulator)
GPGPU-Sim: Configuration options:

-save_embedded_ptx                      0 # saves ptx files embedded in binary as <n>.ptx
-keep                                   0 # keep intermediate files created by GPGPU-Sim when interfacing with external programs
-gpgpu_ptx_save_converted_ptxplus                    0 # Saved converted ptxplus to a file
-gpgpu_occupancy_sm_number                   90 # The SM number to pass to ptxas when getting register usage for computing GPU occupancy. This parameter is required in the config.
-gpgpu_ptx_register_allocator                    1 # Enable conservative PTX virtual register aliasing.
-gpgpu_ptx_register_allocator_stats                    0 # Print PTX virtual register allocator statistics.
-gpgpu_ptx_reorder                      1 # Enable conservative PTX instruction reordering.
-gpgpu_ptx_reorder_stats                    1 # Print PTX instruction reordering statistics.
-gpgpu_ptx_reorder_ready_slack                    0 # Extra issue-ready slack for PTX switch reordering.
-gpgpu_ptx_reorder_dump                    0 # Dump PTX instruction order after reordering.
-gpgpu_ptx_reorder_dump_dir       ptx_sched_dump # Directory for PTX reorder dumps.
-gpgpu_ptx_reorder_sass_guided                    0 # Use a SASS LDSM/HMMA class stream to guide PTX reordering in segments containing MMA.
-gpgpu_ptx_reorder_sass_file                      # cuobjdump --dump-sass file used by SASS-guided PTX reordering.
-gpgpu_ptx_reorder_sass_guide_lookahead                  256 # Maximum LDSM/HMMA guide-stream distance searched by SASS-guided PTX reordering.
-ptx_opcode_latency_int        4,4,4,4,21,14 # Opcode latencies for integers <ADD,MAX,MUL,MAD,DIV,SHFL>Default 1,1,19,25,145,32
-ptx_opcode_latency_fp           4,4,4,4,39 # Opcode latencies for single precision floating points <ADD,MAX,MUL,MAD,DIV>Default 1,1,1,1,30
-ptx_opcode_latency_dp      64,64,64,64,330 # Opcode latencies for double precision floating points <ADD,MAX,MUL,MAD,DIV>Default 8,8,8,8,335
-ptx_opcode_latency_sfu                   28 # Opcode latencies for SFU instructionsDefault 8
-ptx_opcode_latency_tensor 22,32,19,32,32,32,19 # Opcode latencies for Tensor instructionsDefault 64
-ptx_opcode_latency_wgmma_ss              4,4,4,4 # WGMMA tensor pipe latencies for SS operands <m64n8,m64n16,m64n32,m64n64>. Default 4,4,4,4
-ptx_opcode_latency_wgmma_rs              3,3,3,3 # WGMMA tensor pipe latencies for RS operands <m64n8,m64n16,m64n32,m64n64>. Default 12,12,12,12
-ptx_opcode_completion_wgmma_ss          66,66,66,66 # WGMMA overlappable completion tail latencies for SS operands <m64n8,m64n16,m64n32,m64n64>. Default 66,66,66,66
-ptx_opcode_completion_wgmma_rs          64,65,64,64 # WGMMA overlappable completion tail latencies for RS operands <m64n8,m64n16,m64n32,m64n64>. Default 64,65,64,64
-ptx_opcode_completion_wgmma_int_ss          64,64,64,64 # WGMMA overlappable completion tail latencies for int/b1 SS operands <m64n8,m64n16,m64n32,m64n64>. Default 64,64,64,64
-ptx_opcode_completion_wgmma_int_rs          62,62,62,61 # WGMMA overlappable completion tail latencies for int/b1 RS operands <m64n8,m64n16,m64n32,m64n64>. Default 62,62,62,61
-ptx_opcode_compute_throughput_wgmma 4096,2048,8192,8192,65536 # WGMMA non-overlappable compute throughput in work/cycle per SM <f16/bf16,tf32,fp8,int8,b1>. Default 4096,2048,8192,8192,65536
-ptx_opcode_latency_tma                   32 # Opcode latency for TMA (cp.async.bulk) instructionsDefault 33
-ptx_opcode_latency_cp_async                    7 # Opcode latency for ordinary cp.async instructions. Default 7
-ptx_opcode_latency_cp_async_commit                    7 # Opcode latency for ordinary cp.async.commit_group instructions. Default 7
-ptx_opcode_latency_cp_async_wait                    5 # Opcode latency for ordinary cp.async.wait_group/wait_all instructions. Default 5
-ptx_opcode_latency_tensormap                1,1,1 # Opcode latencies for tensormap descriptor instructions <replace,cp_fenceproxy,fence_proxy_tensormap>Default 1,1,1
-ptx_opcode_initiation_int          1,1,1,1,2,4 # Opcode initiation intervals for integers <ADD,MAX,MUL,MAD,DIV,SHFL>Default 1,1,4,4,32,4
-ptx_opcode_initiation_fp            1,1,1,1,2 # Opcode initiation intervals for single precision floating points <ADD,MAX,MUL,MAD,DIV>Default 1,1,1,1,5
-ptx_opcode_initiation_dp      64,64,64,64,130 # Opcode initiation intervals for double precision floating points <ADD,MAX,MUL,MAD,DIV>Default 8,8,8,8,130
-ptx_opcode_initiation_sfu                    8 # Opcode initiation intervals for sfu instructionsDefault 8
-ptx_opcode_initiation_tensor  6,32,19,32,32,32,19 # Opcode initiation intervals for tensor instructionsDefault 64
-ptx_opcode_initiation_wgmma_ss              4,4,4,4 # WGMMA initiation intervals for SS operands <m64n8,m64n16,m64n32,m64n64>. Default 4,4,4,4
-ptx_opcode_initiation_wgmma_rs              3,3,3,3 # WGMMA initiation intervals for RS operands <m64n8,m64n16,m64n32,m64n64>. Default 12,12,12,12
-ptx_opcode_initiation_tma                   32 # Opcode initiation interval for TMA (cp.async.bulk) instructionsDefault 33
-ptx_opcode_initiation_cp_async                    7 # Opcode initiation interval for ordinary cp.async instructions. Default 7
-ptx_opcode_initiation_cp_async_commit                    7 # Opcode initiation interval for ordinary cp.async.commit_group instructions. Default 7
-ptx_opcode_initiation_cp_async_wait                    5 # Opcode initiation interval for ordinary cp.async.wait_group/wait_all instructions. Default 5
-ptx_opcode_initiation_tensormap                1,1,1 # Opcode initiation intervals for tensormap descriptor instructions <replace,cp_fenceproxy,fence_proxy_tensormap>Default 1,1,1
-cdp_latency         7200,8000,100,12000,1600 # CDP API latency <cudaStreamCreateWithFlags, cudaGetParameterBufferV2_init_perWarp, cudaGetParameterBufferV2_perKernel, cudaLaunchDeviceV2_init_perWarp, cudaLaunchDevicV2_perKernel>Default 7200,8000,100,12000,1600
-network_mode                           2 # Interconnection network mode
-inter_config_file                   mesh # Interconnection network config file
-icnt_in_buffer_limit                  512 # in_buffer_limit
-icnt_out_buffer_limit                  512 # out_buffer_limit
-icnt_subnets                           2 # subnets
-icnt_arbiter_algo                      1 # arbiter_algo
-icnt_verbose                           0 # inct_verbose
-icnt_grant_cycles                      1 # grant_cycles
-icnt_use_voq                           1 # use_voq
-gpgpu_ptx_use_cuobjdump                    1 # Use cuobjdump to extract ptx and sass from binaries
-gpgpu_experimental_lib_support                    0 # Try to extract code from cuda libraries [Broken because of unknown cudaGetExportTable]
-checkpoint_option                      0 #  checkpointing flag (0 = no checkpoint)
-checkpoint_kernel                      1 #  checkpointing during execution of which kernel (1- 1st kernel)
-checkpoint_CTA                         0 #  checkpointing after # of CTA (< less than total CTA)
-resume_option                          0 #  resume flag (0 = no resume)
-resume_kernel                          0 #  Resume from which kernel (1= 1st kernel)
-resume_CTA                             0 #  resume from which CTA 
-checkpoint_CTA_t                       0 #  resume from which CTA 
-checkpoint_insn_Y                      0 #  resume from which CTA 
-gpgpu_ptx_convert_to_ptxplus                    0 # Convert SASS (native ISA) to ptxplus and run ptxplus
-gpgpu_ptx_force_max_capability                   90 # Force maximum compute capability
-gpgpu_ptx_inst_debug_to_file                    0 # Dump executed instructions' debug information to file
-gpgpu_ptx_inst_debug_file       inst_debug.txt # Executed instructions' debug output file
-gpgpu_ptx_inst_debug_thread_uid                    1 # Thread UID for executed instructions' debug output
-gpgpu_simd_model                       1 # 1 = post-dominator
-gpgpu_shader_core_pipeline              1536:32 # shader core pipeline config, i.e., {<nthread>:<warpsize>}
-gpgpu_tex_cache:l1  N:4:128:256,L:R:m:N:L,T:512:8,128:2 # per-shader L1 texture cache  (READ-ONLY) config  {<nsets>:<bsize>:<assoc>,<rep>:<wr>:<alloc>:<wr_alloc>,<mshr>:<N>:<merge>,<mq>:<rf>}
-gpgpu_const_cache:l1 N:128:64:8,L:R:f:N:L,S:2:64,4 # per-shader L1 constant memory cache  (READ-ONLY) config  {<nsets>:<bsize>:<assoc>,<rep>:<wr>:<alloc>:<wr_alloc>,<mshr>:<N>:<merge>,<mq>} 
-gpgpu_cache:il1     N:64:128:16,L:R:f:N:L,S:32:32,32 # shader L1 instruction cache config  {<sector?>:<nsets>:<bsize>:<assoc>,<rep>:<wr>:<alloc>:<wr_alloc>:<set_index_fn>,<mshr>:<N>:<merge>,<mq>} 
-gpgpu_cache:dl1     S:4:128:256,L:T:m:L:L,A:384:48,32:0,32 # per-shader L1 data cache config  {<sector?>:<nsets>:<bsize>:<assoc>,<rep>:<wr>:<alloc>:<wr_alloc>:<set_index_fn>,<mshr>:<N>:<merge>,<mq>:<fifo_entry>,<data_port_width> | none}
-gpgpu_l1_cache_write_ratio                   25 # L1D write ratio
-gpgpu_l1_banks                         4 # The number of L1 cache banks
-gpgpu_l1_banks_byte_interleaving                   32 # l1 banks byte interleaving granularity
-gpgpu_l1_banks_hashing_function                    0 # l1 banks hashing function
-gpgpu_l1_latency                      39 # L1 Hit Latency
-gpgpu_smem_latency                    29 # smem Latency
-gpgpu_cache:dl1PrefL1                 none # per-shader L1 data cache config  {<sector?>:<nsets>:<bsize>:<assoc>,<rep>:<wr>:<alloc>:<wr_alloc>:<set_index_fn>,<mshr>:<N>:<merge>,<mq>:<fifo_entry>,<data_port_width> | none | none}
-gpgpu_cache:dl1PrefShared                 none # per-shader L1 data cache config  {<sector?>:<nsets>:<bsize>:<assoc>,<rep>:<wr>:<alloc>:<wr_alloc>:<set_index_fn>,<mshr>:<N>:<merge>,<mq>:<fifo_entry>,<data_port_width> | none | none}
-gpgpu_gmem_skip_L1D                    0 # global memory access skip L1D cache (implements -Xptxas -dlcm=cg, default=no skip)
-gpgpu_perfect_mem                      0 # enable perfect memory mode (no cache miss)
-n_regfile_gating_group                    4 # group of lanes that should be read/written together)
-gpgpu_clock_gated_reg_file                    0 # enable clock gated reg file for power calculations
-gpgpu_clock_gated_lanes                    0 # enable clock gated lanes for power calculations
-gpgpu_shader_registers                65536 # Number of registers per shader core. Limits number of concurrent CTAs. (default 8192)
-gpgpu_registers_per_block                65536 # Maximum number of registers per CTA. (default 8192)
-gpgpu_ignore_resources_limitation                    0 # gpgpu_ignore_resources_limitation (default 0)
-gpgpu_shader_cta                      24 # Maximum number of concurrent CTAs in shader (default 32)
-gpgpu_num_cta_barriers                   16 # Maximum number of named barriers per CTA (default 16)
-gpgpu_n_clusters                     132 # number of processing clusters
-gpgpu_n_cores_per_cluster                    1 # number of simd cores per cluster
-gpgpu_n_cluster_ejection_buffer_size                   32 # number of packets in ejection buffer
-gpgpu_n_ldst_response_buffer_size                    2 # number of response packets in ld/st unit ejection buffer
-gpgpu_shmem_per_block               232448 # Size of shared memory per thread block or CTA (default 48kB)
-gpgpu_shmem_size                  233472 # Size of shared memory per shader core (default 16kB)
-gpgpu_shmem_option  0,8,16,32,64,100,132,164,196,228 # Option list of shared memory sizes
-gpgpu_unified_l1d_size                  256 # Size of unified data cache(L1D + shared memory) in KB
-gpgpu_adaptive_cache_config                    1 # adaptive_cache_config
-gpgpu_shmem_sizeDefault               135168 # Size of shared memory per shader core (default 16kB)
-gpgpu_shmem_size_PrefL1                16384 # Size of shared memory per shader core (default 16kB)
-gpgpu_shmem_size_PrefShared                16384 # Size of shared memory per shader core (default 16kB)
-gpgpu_shmem_num_banks                   32 # Number of banks in the shared memory in each shader core (default 16)
-gpgpu_shmem_limited_broadcast                    0 # Limit shared memory to do one broadcast per cycle (default on)
-gpgpu_shmem_warp_parts                    1 # Number of portions a warp is divided into for shared memory bank conflict check 
-gpgpu_mem_unit_ports                    1 # The number of memory transactions allowed per core cycle
-gpgpu_shmem_warp_parts                    1 # Number of portions a warp is divided into for shared memory bank conflict check 
-gpgpu_warpdistro_shader                   -1 # Specify which shader core to collect the warp size distribution from
-gpgpu_warp_issue_shader                    0 # Specify which shader core to collect the warp issue distribution from
-gpgpu_local_mem_map                    1 # Mapping from local memory space address to simulated GPU physical address space (default = enabled)
-gpgpu_num_reg_banks                   16 # Number of register banks (default = 8)
-gpgpu_reg_bank_use_warp_id                    0 # Use warp ID in mapping registers to banks (default = off)
-gpgpu_sub_core_model                    1 # Sub Core Volta/Pascal model (default = off)
-gpgpu_enable_specialized_operand_collector                    0 # enable_specialized_operand_collector
-gpgpu_operand_collector_num_units_sp                    4 # number of collector units (default = 4)
-gpgpu_operand_collector_num_units_dp                    0 # number of collector units (default = 0)
-gpgpu_operand_collector_num_units_sfu                    4 # number of collector units (default = 4)
-gpgpu_operand_collector_num_units_int                    0 # number of collector units (default = 0)
-gpgpu_operand_collector_num_units_tensor_core                    4 # number of collector units (default = 4)
-gpgpu_operand_collector_num_units_mem                    2 # number of collector units (default = 2)
-gpgpu_operand_collector_num_units_gen                   16 # number of collector units (default = 0)
-gpgpu_operand_collector_num_in_ports_sp                    1 # number of collector unit in ports (default = 1)
-gpgpu_operand_collector_num_in_ports_dp                    0 # number of collector unit in ports (default = 0)
-gpgpu_operand_collector_num_in_ports_sfu                    1 # number of collector unit in ports (default = 1)
-gpgpu_operand_collector_num_in_ports_int                    0 # number of collector unit in ports (default = 0)
-gpgpu_operand_collector_num_in_ports_tensor_core                    1 # number of collector unit in ports (default = 1)
-gpgpu_operand_collector_num_in_ports_mem                    1 # number of collector unit in ports (default = 1)
-gpgpu_operand_collector_num_in_ports_gen                   16 # number of collector unit in ports (default = 0)
-gpgpu_operand_collector_num_out_ports_sp                    1 # number of collector unit in ports (default = 1)
-gpgpu_operand_collector_num_out_ports_dp                    0 # number of collector unit in ports (default = 0)
-gpgpu_operand_collector_num_out_ports_sfu                    1 # number of collector unit in ports (default = 1)
-gpgpu_operand_collector_num_out_ports_int                    0 # number of collector unit in ports (default = 0)
-gpgpu_operand_collector_num_out_ports_tensor_core                    1 # number of collector unit in ports (default = 1)
-gpgpu_operand_collector_num_out_ports_mem                    1 # number of collector unit in ports (default = 1)
-gpgpu_operand_collector_num_out_ports_gen                   16 # number of collector unit in ports (default = 0)
-gpgpu_coalesce_arch                   90 # Coalescing arch (GT200 = 13, Fermi = 20)
-gpgpu_num_sched_per_core                    4 # Number of warp schedulers per core
-gpgpu_max_insn_issue_per_warp                    1 # Max number of instructions that can be issued per warp in one cycle by scheduler (either 1 or 2)
-gpgpu_dual_issue_diff_exec_units                    1 # should dual issue use two different execution unit resources (Default = 1)
-gpgpu_simt_core_sim_order                    1 # Select the simulation order of cores in a cluster (0=Fix, 1=Round-Robin)
-gpgpu_pipeline_widths 4,4,4,4,4,4,4,4,4,4,8,4,4,4,4,4,4 # Pipeline widths ID_OC_SP,ID_OC_DP,ID_OC_INT,ID_OC_SFU,ID_OC_MEM,OC_EX_SP,OC_EX_DP,OC_EX_INT,OC_EX_SFU,OC_EX_MEM,EX_WB,ID_OC_TENSOR_CORE,OC_EX_TENSOR_CORE,ID_OC_TMA,OC_EX_TMA,ID_OC_CP_ASYNC,OC_EX_CP_ASYNC,ID_OC_TENSOR_MAP,OC_EX_TENSOR_MAP
-gpgpu_tensor_core_avail                    1 # Tensor Core Available (default=0)
-gpgpu_num_sp_units                     4 # Number of SP units (default=1)
-gpgpu_num_dp_units                     4 # Number of DP units (default=0)
-gpgpu_num_int_units                    4 # Number of INT units (default=0)
-gpgpu_num_sfu_units                    4 # Number of SF units (default=1)
-gpgpu_num_tensor_core_units                    4 # Number of tensor_core units (default=1)
-gpgpu_tensor_core_units_per_sub_partition                    1 # Tensor core issue units sharing each subpartition issue register (default=1)
-gpgpu_num_tma_units                    1 # Number of TMA units (default=0)
-gpgpu_num_cp_async_units                    1 # Number of ordinary cp.async units (default=0)
-gpgpu_num_tensormap_units                    0 # Number of tensor-map descriptor units (default=0)
-gpgpu_tma_max_inflight                  384 # Max in-flight TMA mem_fetch requests per SM (default=0, 0=unlimited)
-gpgpu_tma_tx_quota                    48 # Max in-flight mem_fetch per TMA transaction (default=0, 0=unlimited)
-gpgpu_tma_response_width                    1 # TMA response tokens accepted per SM per cycle (default=1)
-gpgpu_tma_request_granularity                   32 # TMA memory request granularity in bytes (32/64/128; default=32)
-gpgpu_tma_request_width                    1 # TMA memory requests issued per TMA unit per cycle (default=1)
-gpgpu_cp_async_max_inflight                  256 # Maximum in-flight ordinary cp.async memory requests per SM (0=unlimited)
-gpgpu_cp_async_request_width                    4 # Ordinary cp.async memory requests issued per SM per cycle (default=1)
-gpgpu_cp_async_response_width                    4 # Ordinary cp.async memory responses accepted per SM per cycle (default=1)
-gpgpu_cp_async_request_granularity                  128 # Ordinary cp.async memory request granularity in bytes (32/64/128; default=32)
-gpgpu_cp_async_idealized_memory                    0 # Idealized ordinary cp.async memory: requests complete instantly (default=0)
-gpgpu_cp_async_wait_release_latency                    5 # Warp release latency for ordinary cp.async.wait_group after the group condition is satisfied (default=5)
-gpgpu_cta_load_balance                    1 # Cap CTAs per core to ceil(total_ctas/n_cores) for load balancing (default=0)
-gpgpu_tma_idealized_memory                    0 # Idealized TMA memory: all requests complete instantly (default=0)
-gpgpu_tma_oob_l2_traffic                    1 # Send OOB fill requests through L2 (models real HW TMA behavior) (default=1)
-gpgpu_mbarrier_arrive_latency                   29 # Latency (cycles) for arrive_tx shared memory write before mbarrier update (default=0)
-gpgpu_mbarrier_trywait_latency                   32 # Latency (cycles) for mbarrier.try_wait polling before warp release (default=0)
-gpgpu_wgmma_issue_chain_ss          7,0,4,20,64 # Per-SM WGMMA SS issue chain throttle <depth,startup_gap,fast_gap,slow_gap,reset_gap>; depth=0 disables
-gpgpu_wgmma_issue_chain_rs          7,0,3,13,64 # Per-SM WGMMA RS issue chain throttle <depth,startup_gap,fast_gap,slow_gap,reset_gap>; depth=0 disables
-gpgpu_num_mem_units                    1 # Number if ldst units (default=1) WARNING: not hooked up to anything
-gpgpu_scheduler                      lrr # Scheduler configuration: < lrr | gto | two_level_active > If two_level_active:<num_active_warps>:<inner_prioritization>:<outer_prioritization>For complete list of prioritization values see shader.h enum scheduler_prioritization_typeDefault: gto
-gpgpu_concurrent_kernel_sm                    0 # Support concurrent kernels on a SM (default = disabled)
-gpgpu_perfect_inst_const_cache                    1 # perfect inst and const cache mode, so all inst and const hits in the cache(default = disabled)
-gpgpu_inst_fetch_throughput                    4 # the number of fetched intruction per warp each cycle
-gpgpu_reg_file_port_throughput                    4 # the number ports of the register file
-specialized_unit_1         0,4,4,4,4,BRA # specialized unit config {<enabled>,<num_units>:<latency>:<initiation>,<ID_OC_SPEC>:<OC_EX_SPEC>,<NAME>}
-specialized_unit_2         0,4,4,4,4,BRA # specialized unit config {<enabled>,<num_units>:<latency>:<initiation>,<ID_OC_SPEC>:<OC_EX_SPEC>,<NAME>}
-specialized_unit_3         0,4,4,4,4,BRA # specialized unit config {<enabled>,<num_units>:<latency>:<initiation>,<ID_OC_SPEC>:<OC_EX_SPEC>,<NAME>}
-specialized_unit_4         0,4,4,4,4,BRA # specialized unit config {<enabled>,<num_units>:<latency>:<initiation>,<ID_OC_SPEC>:<OC_EX_SPEC>,<NAME>}
-specialized_unit_5         0,4,4,4,4,BRA # specialized unit config {<enabled>,<num_units>:<latency>:<initiation>,<ID_OC_SPEC>:<OC_EX_SPEC>,<NAME>}
-specialized_unit_6         0,4,4,4,4,BRA # specialized unit config {<enabled>,<num_units>:<latency>:<initiation>,<ID_OC_SPEC>:<OC_EX_SPEC>,<NAME>}
-specialized_unit_7         0,4,4,4,4,BRA # specialized unit config {<enabled>,<num_units>:<latency>:<initiation>,<ID_OC_SPEC>:<OC_EX_SPEC>,<NAME>}
-specialized_unit_8         0,4,4,4,4,BRA # specialized unit config {<enabled>,<num_units>:<latency>:<initiation>,<ID_OC_SPEC>:<OC_EX_SPEC>,<NAME>}
-gpgpu_perf_sim_memcpy                    1 # Fill the L2 cache on memcpy
-gpgpu_simple_dram_model                    0 # simple_dram_model with fixed latency and BW
-gpgpu_dram_scheduler                    1 # 0 = fifo, 1 = FR-FCFS (defaul)
-gpgpu_dram_partition_queues          64:64:64:64 # i2$:$2d:d2$:$2i
-l2_ideal                               0 # Use a ideal L2 cache that always hit
-gpgpu_cache:dl2     S:128:128:20,L:B:m:L:P,A:512:96,32:0,64 # unified banked L2 data cache config  {<sector?>:<nsets>:<bsize>:<assoc>,<rep>:<wr>:<alloc>:<wr_alloc>:<set_index_fn>,<mshr>:<N>:<merge>,<mq>:<fifo_entry>,<data_port_width>
-gpgpu_cache:dl2_texture_only                    0 # L2 cache used for texture only
-gpgpu_n_mem                           80 # number of memory modules (e.g. memory controllers) in gpu
-gpgpu_n_sub_partition_per_mchannel                    2 # number of memory subpartition in each memory module
-gpgpu_n_mem_per_ctrlr                    1 # number of memory chips per memory controller
-gpgpu_memlatency_stat                   14 # track and display latency statistics 0x2 enables MC, 0x4 enables queue logs
-gpgpu_frfcfs_dram_sched_queue_size                  128 # 0 = unlimited (default); # entries per chip
-gpgpu_dram_return_queue_size                  384 # 0 = unlimited (default); # entries per chip
-gpgpu_dram_buswidth                    8 # default = 4 bytes (8 bytes per cycle at DDR)
-gpgpu_dram_burst_length                    4 # Burst length of each DRAM request (default = 4 data bus cycle)
-dram_data_command_freq_ratio                    2 # Frequency ratio between DRAM data bus and command bus (default = 2 times, i.e. DDR)
-gpgpu_dram_timing_opt nbk=16:CCD=1:RRD=3:RCD=12:RAS=28:RP=12:RC=40:CL=12:WL=2:CDLR=3:WR=10:nbkgrp=4:CCDL=2:RTPL=3 # DRAM timing parameters = {nbk:tCCD:tRRD:tRCD:tRAS:tRP:tRC:CL:WL:tCDLR:tWR:nbkgrp:tCCDL:tRTPL}
-gpgpu_l2_rop_latency                  260 # ROP queue latency (default 85)
-dram_latency                         254 # DRAM latency (default 30)
-dram_dual_bus_interface                    1 # dual_bus_interface (default = 0) 
-dram_bnk_indexing_policy                    0 # dram_bnk_indexing_policy (0 = normal indexing, 1 = Xoring with the higher bits) (Default = 0)
-dram_bnkgrp_indexing_policy                    1 # dram_bnkgrp_indexing_policy (0 = take higher bits, 1 = take lower bits) (Default = 0)
-dram_seperate_write_queue_enable                    0 # Seperate_Write_Queue_Enable
-dram_write_queue_size             32:28:16 # Write_Queue_Size
-dram_elimnate_rw_turnaround                    0 # elimnate_rw_turnaround i.e set tWTR and tRTW = 0
-icnt_flit_size                        40 # icnt_flit_size
-SST_mode                               0 # SST mode
-gpgpu_mem_addr_mapping dramid@8;00000000.00000000.00000000.00000000.0000RRRR.RRRRRRRR.RBBBCCCC.BCCSSSSS # mapping memory address to dram model {dramid@<start bit>;<memory address map>}
-gpgpu_mem_addr_test                    0 # run sweep test to check address mapping for aliased address
-gpgpu_mem_address_mask                    1 # 0 = old addressing mask, 1 = new addressing mask, 2 = new add. mask + flipped bank sel and chip sel bits
-gpgpu_memory_partition_indexing                    2 # 0 = no indexing, 1 = bitwise xoring, 2 = IPoly, 3 = custom indexing
-accelwattch_xml_file accelwattch_sass_sim.xml # AccelWattch XML file
-power_simulation_enabled                    0 # Turn on power simulator (1=On, 0=Off)
-power_per_cycle_dump                    0 # Dump detailed power output each cycle
-hw_perf_file_name            hw_perf.csv # Hardware Performance Statistics file
-hw_perf_bench_name                       # Kernel Name in Hardware Performance Statistics file
-power_simulation_mode                    0 # Switch performance counter input for power simulation (0=Sim, 1=HW, 2=HW-Sim Hybrid)
-dvfs_enabled                           0 # Turn on DVFS for power model
-aggregate_power_stats                    0 # Accumulate power across all kernels
-accelwattch_hybrid_perfsim_L1_RH                    0 # Get L1 Read Hits for Accelwattch-Hybrid from Accel-Sim
-accelwattch_hybrid_perfsim_L1_RM                    0 # Get L1 Read Misses for Accelwattch-Hybrid from Accel-Sim
-accelwattch_hybrid_perfsim_L1_WH                    0 # Get L1 Write Hits for Accelwattch-Hybrid from Accel-Sim
-accelwattch_hybrid_perfsim_L1_WM                    0 # Get L1 Write Misses for Accelwattch-Hybrid from Accel-Sim
-accelwattch_hybrid_perfsim_L2_RH                    0 # Get L2 Read Hits for Accelwattch-Hybrid from Accel-Sim
-accelwattch_hybrid_perfsim_L2_RM                    0 # Get L2 Read Misses for Accelwattch-Hybrid from Accel-Sim
-accelwattch_hybrid_perfsim_L2_WH                    0 # Get L2 Write Hits for Accelwattch-Hybrid from Accel-Sim
-accelwattch_hybrid_perfsim_L2_WM                    0 # Get L2 Write Misses for Accelwattch-Hybrid from Accel-Sim
-accelwattch_hybrid_perfsim_CC_ACC                    0 # Get Constant Cache Acesses for Accelwattch-Hybrid from Accel-Sim
-accelwattch_hybrid_perfsim_SHARED_ACC                    0 # Get Shared Memory Acesses for Accelwattch-Hybrid from Accel-Sim
-accelwattch_hybrid_perfsim_DRAM_RD                    0 # Get DRAM Reads for Accelwattch-Hybrid from Accel-Sim
-accelwattch_hybrid_perfsim_DRAM_WR                    0 # Get DRAM Writes for Accelwattch-Hybrid from Accel-Sim
-accelwattch_hybrid_perfsim_NOC                    0 # Get Interconnect Acesses for Accelwattch-Hybrid from Accel-Sim
-accelwattch_hybrid_perfsim_PIPE_DUTY                    0 # Get Pipeline Duty Cycle Acesses for Accelwattch-Hybrid from Accel-Sim
-accelwattch_hybrid_perfsim_NUM_SM_IDLE                    0 # Get Number of Idle SMs for Accelwattch-Hybrid from Accel-Sim
-accelwattch_hybrid_perfsim_CYCLES                    0 # Get Executed Cycles for Accelwattch-Hybrid from Accel-Sim
-accelwattch_hybrid_perfsim_VOLTAGE                    0 # Get Chip Voltage for Accelwattch-Hybrid from Accel-Sim
-power_trace_enabled                    0 # produce a file for the power trace (1=On, 0=Off)
-power_trace_zlevel                     6 # Compression level of the power trace output log (0=no comp, 9=highest)
-steady_power_levels_enabled                    0 # produce a file for the steady power levels (1=On, 0=Off)
-steady_state_definition                  8:4 # allowed deviation:number of samples
-gpgpu_max_cycle                        0 # terminates gpu simulation early (0 = no limit)
-gpgpu_max_insn                         0 # terminates gpu simulation early (0 = no limit)
-gpgpu_max_cta                          0 # terminates gpu simulation early (0 = no limit)
-gpgpu_max_completed_cta                    0 # terminates gpu simulation early (0 = no limit)
-gpgpu_runtime_stat                   500 # display runtime statistics such as dram utilization {<freq>:<flag>}
-liveness_message_freq                    1 # Minimum number of seconds between simulation liveness messages (0 = always print)
-gpgpu_compute_capability_major                    9 # Major compute capability version number
-gpgpu_compute_capability_minor                    0 # Minor compute capability version number
-gpgpu_flush_l1_cache                    1 # Flush L1 cache at the end of each kernel call
-gpgpu_flush_l2_cache                    0 # Flush L2 cache at the end of each kernel call
-gpgpu_deadlock_detect                    1 # Stop the simulation at deadlock (1=on (default), 0=off)
-gpgpu_ptx_instruction_classification                    0 # if enabled will classify ptx instruction types per kernel (Max 255 kernels now)
-gpgpu_ptx_sim_mode                     0 # Select between Performance (default) or Functional simulation (1)
-gpgpu_clock_domains  1500:1700:1700:2617 # Clock Domain Frequencies in MhZ {<Core Clock>:<ICNT Clock>:<L2 Clock>:<DRAM Clock>}
-gpgpu_max_concurrent_kernel                  128 # maximum kernels that can run concurrently on GPU, set this value according to max resident grids for your compute capability
-gpgpu_cflog_interval                    0 # Interval between each snapshot in control flow logger
-visualizer_enabled                     0 # Turn on visualizer output (1=On, 0=Off)
-visualizer_outputfile                 NULL # Specifies the output log file for visualizer
-visualizer_zlevel                      6 # Compression level of the visualizer output log (0=no comp, 9=highest)
-gpgpu_stack_size_limit                 1024 # GPU thread stack size
-gpgpu_heap_size_limit              8388608 # GPU malloc heap size 
-gpgpu_runtime_sync_depth_limit                    2 # GPU device runtime synchronize depth
-gpgpu_runtime_pending_launch_count_limit                 2048 # GPU device runtime pending launch count
-trace_enabled                          0 # Turn on traces
-trace_components                LIVENESS # comma seperated list of traces to enable. Complete list found in trace_streams.tup. Default none
-trace_sampling_core                   -1 # The core which is printed using CORE_GPPRINTF. Default 0
-trace_sampling_memory_partition                   -1 # The memory partition which is printed using MEMPART_GPPRINTF. Default -1 (i.e. all)
-enable_ptx_file_line_stats                    1 # Turn on PTX source line statistic profiling. (1 = On)
-ptx_line_stats_filename gpgpu_inst_stats.txt # Output file for PTX source line statistics.
-gpgpu_kernel_launch_latency                 5500 # Kernel launch latency in cycles. Default: 0
-gpgpu_cdp_enabled                      0 # Turn on CDP
-gpgpu_TB_launch_latency                    0 # thread block launch latency in cycles. Default: 0
DRAM Timing Options:
nbk                                    16 # number of banks
CCD                                     1 # column to column delay
RRD                                     3 # minimal delay between activation of rows in different banks
RCD                                    12 # row to column delay
RAS                                    28 # time needed to activate row
RP                                     12 # time needed to precharge (deactivate) row
RC                                     40 # row cycle time
CDLR                                    3 # switching from write to read (changes tWTR)
WR                                     10 # last data-in to row precharge
CL                                     12 # CAS latency
WL                a4e48a2ffe56fb57e5e7b141abdeb6b8  /data/wzr/flashgpu-sim-blackwell/flashgpu-sim/test/build/bin/hopper/run_fa2_small_h16d128_causal_tests
Extracting PTX file and ptxas options    1: fa2_fwd_fp16_test.sm_90.ptx -arch=sm_90  --generate-line-info 
Extracting PTX file and ptxas options    2: fa2_fwd_fp16_test.sm_90a.ptx -arch=sm_90a  --generate-line-info 
                      2 # Write latency
nbkgrp                                  4 # number of bank groups
CCDL                                    2 # column to column delay between accesses to different bank groups
RTPL                                    3 # read to precharge delay between accesses to different bank groups
Total number of memory sub partition = 160
addr_dec_mask[CHIP]  = 0000000000000000 	high:64 low:0
addr_dec_mask[BK]    = 0000000000007080 	high:15 low:7
addr_dec_mask[ROW]   = 000000000fff8000 	high:28 low:15
addr_dec_mask[COL]   = 0000000000000f7f 	high:12 low:0
addr_dec_mask[BURST] = 000000000000001f 	high:5 low:0
sub_partition_id_mask = 0000000000000080
GPGPU-Sim uArch: clock freqs: 1500000000.000000:1700000000.000000:1700000000.000000:2617000000.000000
GPGPU-Sim uArch: clock periods: 0.00000000066666666667:0.00000000058823529412:0.00000000058823529412:0.00000000038211692778
GPGPU-Sim uArch: performance model initialization complete.
GPGPU-Sim PTX: __cudaRegisterFatBinary, fat_cubin_handle = 1, filename=default
self exe links to: /data/wzr/flashgpu-sim-blackwell/flashgpu-sim/test/build/bin/hopper/run_fa2_small_h16d128_causal_tests
Running md5sum using "md5sum /data/wzr/flashgpu-sim-blackwell/flashgpu-sim/test/build/bin/hopper/run_fa2_small_h16d128_causal_tests "
self exe links to: /data/wzr/flashgpu-sim-blackwell/flashgpu-sim/test/build/bin/hopper/run_fa2_small_h16d128_causal_tests
GPGPU-Sim PTX DEBUG: extract cwd=/data/wzr/flashgpu-sim-blackwell/flashgpu-sim/test/run/FA2_SMALL4_TENSOR6_LAT22_20260617_1738/work/003_fa2_small_H16D128CausalB32S256 app_binary=/data/wzr/flashgpu-sim-blackwell/flashgpu-sim/test/build/bin/hopper/run_fa2_small_h16d128_causal_tests list_file=_cuobjdump_list_ptx_eNCPDP
GPGPU-Sim PTX DEBUG: extract command=$CUDA_INSTALL_PATH/bin/cuobjdump -lptx /data/wzr/flashgpu-sim-blackwell/flashgpu-sim/test/build/bin/hopper/run_fa2_small_h16d128_causal_tests  | cut -d ":" -f 2 | awk '{$1=$1}1' > _cuobjdump_list_ptx_eNCPDP
Extracting specific PTX file named fa2_fwd_fp16_test.sm_90.ptx 
Extracting specific PTX file named fa2_fwd_fp16_test.sm_90a.ptx 
GPGPU-Sim PTX: __cudaRegisterFunction _ZN5flash16flash_fwd_kernelI23Flash_fwd_kernel_traitsILi128ELi128ELi64ELi4ELb0ELb0EN7cutlass6half_tE19Flash_kernel_traitsILi128ELi128ELi64ELi4ES3_EELb0ELb1ELb0ELb0ELb1ELb1ELb0ELb0EEEvNS_16Flash_fwd_paramsE : hostFun 0x0x5fc0540f01c0, fat_cubin_handle = 1
GPGPU-Sim PTX: Skipping fa2_fwd_fp16_test.sm_90.ptx (suffix version available)
GPGPU-Sim PTX DEBUG: selected-file path cwd=/data/wzr/flashgpu-sim-blackwell/flashgpu-sim/test/run/FA2_SMALL4_TENSOR6_LAT22_20260617_1738/work/003_fa2_small_H16D128CausalB32S256 fname=default handle=1
GPGPU-Sim PTX DEBUG: env GPGPUSIM_SELECTED_PTX_OVERRIDE=
GPGPU-Sim PTX DEBUG: env PTX_SIM_USE_PTX_FILE=
GPGPU-Sim PTX DEBUG: env PTX_SIM_KERNELFILE=
GPGPU-Sim PTX DEBUG: selected_files=1 override_enabled=0
GPGPU-Sim PTX DEBUG: selected_files[0]=fa2_fwd_fp16_test.sm_90a.ptx
GPGPU-Sim PTX DEBUG: parse selected=fa2_fwd_fp16_test.sm_90a.ptx parse_filename=fa2_fwd_fp16_test.sm_90a.ptx
GPGPU-Sim PTX: Parsing fa2_fwd_fp16_test.sm_90a.ptx
GPGPU-Sim PTX: allocating global region for "_ZN51_INTERNAL_881fcf60_20_fa2_fwd_fp16_test_cc_9417f7714cute7productE" from 0x100 to 0x101 (global memory space)
GPGPU-Sim PTX: allocating global region for "_ZN51_INTERNAL_881fcf60_20_fa2_fwd_fp16_test_cc_9417f7714cute1_E" from 0x101 to 0x102 (global memory space)
GPGPU-Sim PTX: allocating global region for "_ZN51_INTERNAL_881fcf60_20_fa2_fwd_fp16_test_cc_9417f7714cuda3std3__45__cpo5beginE" from 0x102 to 0x103 (global memory space)
GPGPU-Sim PTX: allocating global region for "_ZN51_INTERNAL_881fcf60_20_fa2_fwd_fp16_test_cc_9417f7714cuda3std3__45__cpo3endE" from 0x103 to 0x104 (global memory space)
GPGPU-Sim PTX: allocating global region for "_ZN51_INTERNAL_881fcf60_20_fa2_fwd_fp16_test_cc_9417f7714cuda3std3__45__cpo6cbeginE" from 0x104 to 0x105 (global memory space)
GPGPU-Sim PTX: allocating global region for "_ZN51_INTERNAL_881fcf60_20_fa2_fwd_fp16_test_cc_9417f7714cuda3std3__45__cpo4cendE" from 0x105 to 0x106 (global memory space)
GPGPU-Sim PTX: allocating global region for "_ZN51_INTERNAL_881fcf60_20_fa2_fwd_fp16_test_cc_9417f7714cuda3std3__419piecewise_constructE" from 0x106 to 0x107 (global memory space)
GPGPU-Sim PTX: allocating global region for "_ZN51_INTERNAL_881fcf60_20_fa2_fwd_fp16_test_cc_9417f7714cuda3std3__48in_placeE" from 0x107 to 0x108 (global memory space)
GPGPU-Sim PTX: allocating global region for "_ZN51_INTERNAL_881fcf60_20_fa2_fwd_fp16_test_cc_9417f7714cuda3std6ranges3__45__cpo4swapE" from 0x108 to 0x109 (global memory space)
GPGPU-Sim PTX: allocating global region for "_ZN51_INTERNAL_881fcf60_20_fa2_fwd_fp16_test_cc_9417f7714cuda3std6ranges3__45__cpo9iter_moveE" from 0x109 to 0x10a (global memory space)
GPGPU-Sim PTX: allocating shared region for "_ZN5flash5smem_E" from 0x0 to 0x0 (shared memory space)
GPGPU-Sim PTX: instruction assembly for function '_ZN5flash16flash_fwd_kernelI23Flash_fwd_kernel_traitsILi128ELi128ELi32ELi4ELb0ELb0EN7cutlass6half_tE19Flash_kernel_traitsILi128ELi128ELi32ELi4ES3_EELb0ELb1ELb0ELb1ELb0ELb0ELb1ELb0EEEvNS_16Flash_fwd_paramsE'... GPGPU-Sim PTX: >>> This is a shared memory symbol: _ZN5flash5smem_E size in bytes 0
GPGPU-Sim PTX: >>>>>> Adding localized dynamic shared memory symbol for _ZN5flash5smem_E
GPGPU-Sim PTX: >>>>>> Updating operand to use localized dyn shared mem symbol.
GPGPU-Sim PTX: >>> This is a shared memory symbol: _ZN5flash5smem_E size in bytes 0
GPGPU-Sim PTX: >>>>>> Updating operand to use localized dyn shared mem symbol.
GPGPU-Sim PTX: >>> This is a shared memory symbol: _ZN5flash5smem_E size in bytes 0
GPGPU-Sim PTX: >>>>>> Updating operand to use localized dyn shared mem symbol.
GPGPU-Sim PTX: >>> This is a shared memory symbol: _ZN5flash5smem_E size in bytes 0
GPGPU-Sim PTX: >>>>>> Updating operand to use localized dyn shared mem symbol.
GPGPU-Sim PTX: >>> This is a shared memory symbol: _ZN5flash5smem_E size in bytes 0
GPGPU-Sim PTX: >>>>>> Updating operand to use localized dyn shared mem symbol.
GPGPU-Sim PTX: >>> This is a shared memory symbol: _ZN5flash5smem_E size in bytes 0
GPGPU-Sim PTX: >>>>>> Updating operand to use localized dyn shared mem symbol.
GPGPU-Sim PTX: >>> This is a shared memory symbol: _ZN5flash5smem_E size in bytes 0
GPGPU-Sim PTX: >>>>>> Updating operand to use localized dyn shared mem symbol.
GPGPU-Sim PTX: >>> This is a shared memory symbol: _ZN5flash5smem_E size in bytes 0
GPGPU-Sim PTX: >>>>>> Updating operand to use localized dyn shared mem symbol.
GPGPU-Sim PTX: >>> This is a shared memory symbol: _ZN5flash5smem_E size in bytes 0
GPGPU-Sim PTX: >>>>>> Updating operand to use localized dyn shared mem symbol.
GPGPU-Sim PTX: reorder switch function '_ZN5flash16flash_fwd_kernelI23Flash_fwd_kernel_traitsILi128ELi128ELi32ELi4ELb0ELb0EN7cutlass6half_tE19Flash_kernel_traitsILi128ELi128ELi32ELi4ES3_EELb0ELb1ELb0ELb1ELb0ELb0ELb1ELb0EEEvNS_16Flash_fwd_paramsE': segments=262 skipped=0 insts=5301 moved_slots=4124 max_segment=414 edges=4973 slack=0 sass_guided=0 sass_guided_fallback=0 sass_cursor=0/0
  done.
GPGPU-Sim PTX: instruction assembly for function '_ZN5flash16flash_fwd_kernelI23Flash_fwd_kernel_traitsILi128ELi128ELi32ELi4ELb0ELb0EN7cutlass6half_tE19Flash_kernel_traitsILi128ELi128ELi32ELi4ES3_EELb1ELb1ELb0ELb1ELb0ELb0ELb0ELb1EEEvNS_16Flash_fwd_paramsE'... GPGPU-Sim PTX: >>> This is a shared memory symbol: _ZN5flash5smem_E size in bytes 0
GPGPU-Sim PTX: >>>>>> Adding localized dynamic shared memory symbol for _ZN5flash5smem_E
GPGPU-Sim PTX: >>>>>> Updating operand to use localized dyn shared mem symbol.
GPGPU-Sim PTX: >>> This is a shared memory symbol: _ZN5flash5smem_E size in bytes 0
GPGPU-Sim PTX: >>>>>> Updating operand to use localized dyn shared mem symbol.
GPGPU-Sim PTX: >>> This is a shared memory symbol: _ZN5flash5smem_E size in bytes 0
GPGPU-Sim PTX: >>>>>> Updating operand to use localized dyn shared mem symbol.
GPGPU-Sim PTX: >>> This is a shared memory symbol: _ZN5flash5smem_E size in bytes 0
GPGPU-Sim PTX: >>>>>> Updating operand to use localized dyn shared mem symbol.
GPGPU-Sim PTX: >>> This is a shared memory symbol: _ZN5flash5smem_E size in bytes 0
GPGPU-Sim PTX: >>>>>> Updating operand to use localized dyn shared mem symbol.
GPGPU-Sim PTX: >>> This is a shared memory symbol: _ZN5flash5smem_E size in bytes 0
GPGPU-Sim PTX: >>>>>> Updating operand to use localized dyn shared mem symbol.
GPGPU-Sim PTX: >>> This is a shared memory symbol: _ZN5flash5smem_E size in bytes 0
GPGPU-Sim PTX: >>>>>> Updating operand to use localized dyn shared mem symbol.
GPGPU-Sim PTX: >>> This is a shared memory symbol: _ZN5flash5smem_E size in bytes 0
GPGPU-Sim PTX: >>>>>> Updating operand to use localized dyn shared mem symbol.
GPGPU-Sim PTX: >>> This is a shared memory symbol: _ZN5flash5smem_E size in bytes 0
GPGPU-Sim PTX: >>>>>> Updating operand to use localized dyn shared mem symbol.
GPGPU-Sim PTX: reorder switch function '_ZN5flash16flash_fwd_kernelI23Flash_fwd_kernel_traitsILi128ELi128ELi32ELi4ELb0ELb0EN7cutlass6half_tE19Flash_kernel_traitsILi128ELi128ELi32ELi4ES3_EELb1ELb1ELb0ELb1ELb0ELb0ELb0ELb1EEEvNS_16Flash_fwd_paramsE': segments=483 skipped=0 insts=8022 moved_slots=6195 max_segment=475 edges=8015 slack=0 sass_guided=0 sass_guided_fallback=0 sass_cursor=0/0
  done.
GPGPU-Sim PTX: instruction assembly for function '_ZN5flash16flash_fwd_kernelI23Flash_fwd_kernel_traitsILi128ELi128ELi32ELi4ELb0ELb0EN7cutlass6half_tE19Flash_kernel_traitsILi128ELi128ELi32ELi4ES3_EELb0ELb1ELb0ELb0ELb0ELb0ELb1ELb0EEEvNS_16Flash_fwd_paramsE'... GPGPU-Sim PTX: >>> This is a shared memory symbol: _ZN5flash5smem_E size in bytes 0
GPGPU-Sim PTX: >>>>>> Adding localized dynamic shared memory symbol for _ZN5flash5smem_E
GPGPU-Sim PTX: >>>>>> Updating operand to use localized dyn shared mem symbol.
GPGPU-Sim PTX: >>> This is a shared memory symbol: _ZN5flash5smem_E size in bytes 0
GPGPU-Sim PTX: >>>>>> Updating operand to use localized dyn shared mem symbol.
GPGPU-Sim PTX: >>> This is a shared memory symbol: _ZN5flash5smem_E size in bytes 0
GPGPU-Sim PTX: >>>>>> Updating operand to use localized dyn shared mem symbol.
GPGPU-Sim PTX: >>> This is a shared memory symbol: _ZN5flash5smem_E size in bytes 0
GPGPU-Sim PTX: >>>>>> Updating operand to use localized dyn shared mem symbol.
GPGPU-Sim PTX: >>> This is a shared memory symbol: _ZN5flash5smem_E size in bytes 0
GPGPU-Sim PTX: >>>>>> Updating operand to use localized dyn shared mem symbol.
GPGPU-Sim PTX: >>> This is a shared memory symbol: _ZN5flash5smem_E size in bytes 0
GPGPU-Sim PTX: >>>>>> Updating operand to use localized dyn shared mem symbol.
GPGPU-Sim PTX: >>> This is a shared memory symbol: _ZN5flash5smem_E size in bytes 0
GPGPU-Sim PTX: >>>>>> Updating operand to use localized dyn shared mem symbol.
GPGPU-Sim PTX: >>> This is a shared memory symbol: _ZN5flash5smem_E size in bytes 0
GPGPU-Sim PTX: >>>>>> Updating operand to use localized dyn shared mem symbol.
GPGPU-Sim PTX: >>> This is a shared memory symbol: _ZN5flash5smem_E size in bytes 0
GPGPU-Sim PTX: >>>>>> Updating operand to use localized dyn shared mem symbol.
GPGPU-Sim PTX: reorder switch function '_ZN5flash16flash_fwd_kernelI23Flash_fwd_kernel_traitsILi128ELi128ELi32ELi4ELb0ELb0EN7cutlass6half_tE19Flash_kernel_traitsILi128ELi128ELi32ELi4ES3_EELb0ELb1ELb0ELb0ELb0ELb0ELb1ELb0EEEvNS_16Flash_fwd_paramsE': segments=262 skipped=0 insts=5046 moved_slots=3882 max_segment=448 edges=4521 slack=0 sass_guided=0 sass_guided_fallback=0 sass_cursor=0/0
  done.
GPGPU-Sim PTX: instruction assembly for function '_ZN5flash16flash_fwd_kernelI23Flash_fwd_kernel_traitsILi128ELi128ELi32ELi4ELb0ELb0EN7cutlass6half_tE19Flash_kernel_traitsILi128ELi128ELi32ELi4ES3_EELb1ELb1ELb0ELb0ELb0ELb0ELb0ELb1EEEvNS_16Flash_fwd_paramsE'... GPGPU-Sim PTX: >>> This is a shared memory symbol: _ZN5flash5smem_E size in bytes 0
GPGPU-Sim PTX: >>>>>> Adding localized dynamic shared memory symbol for _ZN5flash5smem_E
GPGPU-Sim PTX: >>>>>> Updating operand to use localized dyn shared mem symbol.
GPGPU-Sim PTX: >>> This is a shared memory symbol: _ZN5flash5smem_E size in bytes 0
GPGPU-Sim PTX: >>>>>> Updating operand to use localized dyn shared mem symbol.
GPGPU-Sim PTX: >>> This is a shared memory symbol: _ZN5flash5smem_E size in bytes 0
GPGPU-Sim PTX: >>>>>> Updating operand to use localized dyn shared mem symbol.
GPGPU-Sim PTX: >>> This is a shared memory symbol: _ZN5flash5smem_E size in bytes 0
GPGPU-Sim PTX: >>>>>> Updating operand to use localized dyn shared mem symbol.
GPGPU-Sim PTX: >>> This is a shared memory symbol: _ZN5flash5smem_E size in bytes 0
GPGPU-Sim PTX: >>>>>> Updating operand to use localized dyn shared mem symbol.
GPGPU-Sim PTX: >>> This is a shared memory symbol: _ZN5flash5smem_E size in bytes 0
GPGPU-Sim PTX: >>>>>> Updating operand to use localized dyn shared mem symbol.
GPGPU-Sim PTX: >>> This is a shared memory symbol: _ZN5flash5smem_E size in bytes 0
GPGPU-Sim PTX: >>>>>> Updating operand to use localized dyn shared mem symbol.
GPGPU-Sim PTX: >>> This is a shared memory symbol: _ZN5flash5smem_E size in bytes 0
GPGPU-Sim PTX: >>>>>> Updating operand to use localized dyn shared mem symbol.
GPGPU-Sim PTX: >>> This is a shared memory symbol: _ZN5flash5smem_E size in bytes 0
GPGPU-Sim PTX: >>>>>> Updating operand to use localized dyn shared mem symbol.
GPGPU-Sim PTX: reorder switch function '_ZN5flash16flash_fwd_kernelI23Flash_fwd_kernel_traitsILi128ELi128ELi32ELi4ELb0ELb0EN7cutlass6half_tE19Flash_kernel_traitsILi128ELi128ELi32ELi4ES3_EELb1ELb1ELb0ELb0ELb0ELb0ELb0ELb1EEEvNS_16Flash_fwd_paramsE': segments=484 skipped=0 insts=7774 moved_slots=5937 max_segment=507 edges=7576 slack=0 sass_guided=0 sass_guided_fallback=0 sass_cursor=0/0
  done.
GPGPU-Sim PTX: instruction assembly for function '_ZN5flash16flash_fwd_kernelI23Flash_fwd_kernel_traitsILi128ELi128ELi32ELi4ELb0ELb0EN7cutlass6half_tE19Flash_kernel_traitsILi128ELi128ELi32ELi4ES3_EELb1ELb1ELb0ELb1ELb0ELb0ELb0ELb0EEEvNS_16Flash_fwd_paramsE'... GPGPU-Sim PTX: >>> This is a shared memory symbol: _ZN5flash5smem_E size in bytes 0
GPGPU-Sim PTX: >>>>>> Adding localized dynamic shared memory symbol for _ZN5flash5smem_E
GPGPU-Sim PTX: >>>>>> Updating operand to use localized dyn shared mem symbol.
GPGPU-Sim PTX: >>> This is a shared memory symbol: _ZN5flash5smem_E size in bytes 0
GPGPU-Sim PTX: >>>>>> Updating operand to use localized dyn shared mem symbol.
GPGPU-Sim PTX: >>> This is a shared memory symbol: _ZN5flash5smem_E size in bytes 0
GPGPU-Sim PTX: >>>>>> Updating operand to use localized dyn shared mem symbol.
GPGPU-Sim PTX: >>> This is a shared memory symbol: _ZN5flash5smem_E size in bytes 0
GPGPU-Sim PTX: >>>>>> Updating operand to use localized dyn shared mem symbol.
GPGPU-Sim PTX: >>> This is a shared memory symbol: _ZN5flash5smem_E size in bytes 0
GPGPU-Sim PTX: >>>>>> Updating operand to use localized dyn shared mem symbol.
GPGPU-Sim PTX: >>> This is a shared memory symbol: _ZN5flash5smem_E size in bytes 0
GPGPU-Sim PTX: >>>>>> Updating operand to use localized dyn shared mem symbol.
GPGPU-Sim PTX: >>> This is a shared memory symbol: _ZN5flash5smem_E size in bytes 0
GPGPU-Sim PTX: >>>>>> Updating operand to use localized dyn shared mem symbol.
GPGPU-Sim PTX: >>> This is a shared memory symbol: _ZN5flash5smem_E size in bytes 0
GPGPU-Sim PTX: >>>>>> Updating operand to use localized dyn shared mem symbol.
GPGPU-Sim PTX: >>> This is a shared memory symbol: _ZN5flash5smem_E size in bytes 0
GPGPU-Sim PTX: >>>>>> Updating operand to use localized dyn shared mem symbol.
GPGPU-Sim PTX: reorder switch function '_ZN5flash16flash_fwd_kernelI23Flash_fwd_kernel_traitsILi128ELi128ELi32ELi4ELb0ELb0EN7cutlass6half_tE19Flash_kernel_traitsILi128ELi128ELi32ELi4ES3_EELb1ELb1ELb0ELb1ELb0ELb0ELb0ELb0EEEvNS_16Flash_fwd_paramsE': segments=270 skipped=0 insts=6309 moved_slots=5120 max_segment=637 edges=6619 slack=0 sass_guided=0 sass_guided_fallback=0 sass_cursor=0/0
  done.
GPGPU-Sim PTX: instruction assembly for function '_ZN5flash16flash_fwd_kernelI23Flash_fwd_kernel_traitsILi128ELi128ELi32ELi4ELb0ELb0EN7cutlass6half_tE19Flash_kernel_traitsILi128ELi128ELi32ELi4ES3_EELb0ELb1ELb0ELb0ELb0ELb1ELb1ELb0EEEvNS_16Flash_fwd_paramsE'... GPGPU-Sim PTX: >>> This is a shared memory symbol: _ZN5flash5smem_E size in bytes 0
GPGPU-Sim PTX: >>>>>> Adding localized dynamic shared memory symbol for _ZN5flash5smem_E
GPGPU-Sim PTX: >>>>>> Updating operand to use localized dyn shared mem symbol.
GPGPU-Sim PTX: >>> This is a shared memory symbol: _ZN5flash5smem_E size in bytes 0
GPGPU-Sim PTX: >>>>>> Updating operand to use localized dyn shared mem symbol.
GPGPU-Sim PTX: >>> This is a shared memory symbol: _ZN5flash5smem_E size in bytes 0
GPGPU-Sim PTX: >>>>>> Updating operand to use localized dyn shared mem symbol.
GPGPU-Sim PTX: >>> This is a shared memory symbol: _ZN5flash5smem_E size in bytes 0
GPGPU-Sim PTX: >>>>>> Updating operand to use localized dyn shared mem symbol.
GPGPU-Sim PTX: >>> This is a shared memory symbol: _ZN5flash5smem_E size in bytes 0
GPGPU-Sim PTX: >>>>>> Updating operand to use localized dyn shared mem symbol.
GPGPU-Sim PTX: >>> This is a shared memory symbol: _ZN5flash5smem_E size in bytes 0
GPGPU-Sim PTX: >>>>>> Updating operand to use localized dyn shared mem symbol.
GPGPU-Sim PTX: >>> This is a shared memory symbol: _ZN5flash5smem_E size in bytes 0
GPGPU-Sim PTX: >>>>>> Updating operand to use localized dyn shared mem symbol.
GPGPU-Sim PTX: >>> This is a shared memory symbol: _ZN5flash5smem_E size in bytes 0
GPGPU-Sim PTX: >>>>>> Updating operand to use localized dyn shared mem symbol.
GPGPU-Sim PTX: >>> This is a shared memory symbol: _ZN5flash5smem_E size in bytes 0
GPGPU-Sim PTX: >>>>>> Updating operand to use localized dyn shared mem symbol.
GPGPU-Sim PTX: >>> This is a shared memory symbol: _ZN5flash5smem_E size in bytes 0
GPGPU-Sim PTX: >>>>>> Updating operand to use localized dyn shared mem symbol.
GPGPU-Sim PTX: >>> This is a shared memory symbol: _ZN5flash5smem_E size in bytes 0
GPGPU-Sim PTX: >>>>>> Updating operand to use localized dyn shared mem symbol.
GPGPU-Sim PTX: >>> This is a shared memory symbol: _ZN5flash5smem_E size in bytes 0
GPGPU-Sim PTX: >>>>>> Updating operand to use localized dyn shared mem symbol.
GPGPU-Sim PTX: reorder switch function '_ZN5flash16flash_fwd_kernelI23Flash_fwd_kernel_traitsILi128ELi128ELi32ELi4ELb0ELb0EN7cutlass6half_tE19Flash_kernel_traitsILi128ELi128ELi32ELi4ES3_EELb0ELb1ELb0ELb0ELb0ELb1ELb1ELb0EEEvNS_16Flash_fwd_paramsE': segments=220 skipped=0 insts=4796 moved_slots=3949 max_segment=448 edges=4453 slack=0 sass_guided=0 sass_guided_fallback=0 sass_cursor=0/0
  done.
GPGPU-Sim PTX: instruction assembly for function '_ZN5flash16flash_fwd_kernelI23Flash_fwd_kernel_traitsILi128ELi128ELi32ELi4ELb0ELb0EN7cutlass6half_tE19Flash_kernel_traitsILi128ELi128ELi32ELi4ES3_EELb1ELb1ELb0ELb0ELb0ELb1ELb0ELb0EEEvNS_16Flash_fwd_paramsE'... GPGPU-Sim PTX: >>> This is a shared memory symbol: _ZN5flash5smem_E size in bytes 0
GPGPU-Sim PTX: >>>>>> Adding localized dynamic shared memory symbol for _ZN5flash5smem_E
GPGPU-Sim PTX: >>>>>> Updating operand to use localized dyn shared mem symbol.
GPGPU-Sim PTX: >>> This is a shared memory symbol: _ZN5flash5smem_E size in bytes 0
GPGPU-Sim PTX: >>>>>> Updating operand to use localized dyn shared mem symbol.
GPGPU-Sim PTX: >>> This is a shared memory symbol: _ZN5flash5smem_E size in bytes 0
GPGPU-Sim PTX: >>>>>> Updating operand to use localized dyn shared mem symbol.
GPGPU-Sim PTX: >>> This is a shared memory symbol: _ZN5flash5smem_E size in bytes 0
GPGPU-Sim PTX: >>>>>> Updating operand to use localized dyn shared mem symbol.
GPGPU-Sim PTX: >>> This is a shared memory symbol: _ZN5flash5smem_E size in bytes 0
GPGPU-Sim PTX: >>>>>> Updating operand to use localized dyn shared mem symbol.
GPGPU-Sim PTX: >>> This is a shared memory symbol: _ZN5flash5smem_E size in bytes 0
GPGPU-Sim PTX: >>>>>> Updating operand to use localized dyn shared mem symbol.
GPGPU-Sim PTX: >>> This is a shared memory symbol: _ZN5flash5smem_E size in bytes 0
GPGPU-Sim PTX: >>>>>> Updating operand to use localized dyn shared mem symbol.
GPGPU-Sim PTX: >>> This is a shared memory symbol: _ZN5flash5smem_E size in bytes 0
GPGPU-Sim PTX: >>>>>> Updating operand to use localized dyn shared mem symbol.
GPGPU-Sim PTX: >>> This is a shared memory symbol: _ZN5flash5smem_E size in bytes 0
GPGPU-Sim PTX: >>>>>> Updating operand to use localized dyn shared mem symbol.
GPGPU-Sim PTX: >>> This is a shared memory symbol: _ZN5flash5smem_E size in bytes 0
GPGPU-Sim PTX: >>>>>> Updating operand to use localized dyn shared mem symbol.
GPGPU-Sim PTX: >>> This is a shared memory symbol: _ZN5flash5smem_E size in bytes 0
GPGPU-Sim PTX: >>>>>> Updating operand to use localized dyn shared mem symbol.
GPGPU-Sim PTX: >>> This is a shared memory symbol: _ZN5flash5smem_E size in bytes 0
GPGPU-Sim PTX: >>>>>> Updating operand to use localized dyn shared mem symbol.
GPGPU-Sim PTX: reorder switch function '_ZN5flash16flash_fwd_kernelI23Flash_fwd_kernel_traitsILi128ELi128ELi32ELi4ELb0ELb0EN7cutlass6half_tE19Flash_kernel_traitsILi128ELi128ELi32ELi4ES3_EELb1ELb1ELb0ELb0ELb0ELb1ELb0ELb0EEEvNS_16Flash_fwd_paramsE': segments=229 skipped=0 insts=5818 moved_slots=4958 max_segment=674 edges=6158 slack=0 sass_guided=0 sass_guided_fallback=0 sass_cursor=0/0
  done.
GPGPU-Sim PTX: instruction assembly for function '_ZN5flash16flash_fwd_kernelI23Flash_fwd_kernel_traitsILi128ELi128ELi32ELi4ELb0ELb0EN7cutlass6half_tE19Flash_kernel_traitsILi128ELi128ELi32ELi4ES3_EELb0ELb1ELb0ELb0ELb1ELb1ELb1ELb0EEEvNS_16Flash_fwd_paramsE'... GPGPU-Sim PTX: >>> This is a shared memory symbol: _ZN5flash5smem_E size in bytes 0
GPGPU-Sim PTX: >>>>>> Adding localized dynamic shared memory symbol for _ZN5flash5smem_E
GPGPU-Sim PTX: >>>>>> Updating operand to use localized dyn shared mem symbol.
GPGPU-Sim PTX: >>> This is a shared memory symbol: _ZN5flash5smem_E size in bytes 0
GPGPU-Sim PTX: >>>>>> Updating operand to use localized dyn shared mem symbol.
GPGPU-Sim PTX: reorder switch function '_ZN5flash16flash_fwd_kernelI23Flash_fwd_kernel_traitsILi128ELi128ELi32ELi4ELb0ELb0EN7cutlass6half_tE19Flash_kernel_traitsILi128ELi128ELi32ELi4ES3_EELb0ELb1ELb0ELb0ELb1ELb1ELb1ELb0EEEvNS_16Flash_fwd_paramsE': segments=157 skipped=0 insts=3907 moved_slots=3285 max_segment=448 edges=3551 slack=0 sass_guided=0 sass_guided_fallback=0 sass_cursor=0/0
  done.
GPGPU-Sim PTX: instruction assembly for function '_ZN5flash16flash_fwd_kernelI23Flash_fwd_kernel_traitsILi128ELi128ELi32ELi4ELb0ELb0EN7cutlass6half_tE19Flash_kernel_traitsILi128ELi128ELi32ELi4ES3_EELb1ELb1ELb0ELb0ELb1ELb1ELb0ELb0EEEvNS_16Flash_fwd_paramsE'... GPGPU-Sim PTX: >>> This is a shared memory symbol: _ZN5flash5smem_E size in bytes 0
GPGPU-Sim PTX: >>>>>> Adding localized dynamic shared memory symbol for _ZN5flash5smem_E
GPGPU-Sim PTX: >>>>>> Updating operand to use localized dyn shared mem symbol.
GPGPU-Sim PTX: >>> This is a shared memory symbol: _ZN5flash5smem_E size in bytes 0
GPGPU-Sim PTX: >>>>>> Updating operand to use localized dyn shared mem symbol.
GPGPU-Sim PTX: reorder switch function '_ZN5flash16flash_fwd_kernelI23Flash_fwd_kernel_traitsILi128ELi128ELi32ELi4ELb0ELb0EN7cutlass6half_tE19Flash_kernel_traitsILi128ELi128ELi32ELi4ES3_EELb1ELb1ELb0ELb0ELb1ELb1ELb0ELb0EEEvNS_16Flash_fwd_paramsE': segments=163 skipped=0 insts=4769 moved_slots=4143 max_segment=674 edges=5002 slack=0 sass_guided=0 sass_guided_fallback=0 sass_cursor=0/0
  done.
GPGPU-Sim PTX: instruction assembly for function '_ZN5flash16flash_fwd_kernelI23Flash_fwd_kernel_traitsILi128ELi128ELi32ELi4ELb0ELb0EN7cutlass6half_tE19Flash_kernel_traitsILi128ELi128ELi32ELi4ES3_EELb1ELb1ELb0ELb0ELb0ELb0ELb0ELb0EEEvNS_16Flash_fwd_paramsE'... GPGPU-Sim PTX: >>> This is a shared memory symbol: _ZN5flash5smem_E size in bytes 0
GPGPU-Sim PTX: >>>>>> Adding localized dynamic shared memory symbol for _ZN5flash5smem_E
GPGPU-Sim PTX: >>>>>> Updating operand to use localized dyn shared mem symbol.
GPGPU-Sim PTX: >>> This is a shared memory symbol: _ZN5flash5smem_E size in bytes 0
GPGPU-Sim PTX: >>>>>> Updating operand to use localized dyn shared mem symbol.
GPGPU-Sim PTX: >>> This is a shared memory symbol: _ZN5flash5smem_E size in bytes 0
GPGPU-Sim PTX: >>>>>> Updating operand to use localized dyn shared mem symbol.
GPGPU-Sim PTX: >>> This is a shared memory symbol: _ZN5flash5smem_E size in bytes 0
GPGPU-Sim PTX: >>>>>> Updating operand to use localized dyn shared mem symbol.
GPGPU-Sim PTX: >>> This is a shared memory symbol: _ZN5flash5smem_E size in bytes 0
GPGPU-Sim PTX: >>>>>> Updating operand to use localized dyn shared mem symbol.
GPGPU-Sim PTX: >>> This is a shared memory symbol: _ZN5flash5smem_E size in bytes 0
GPGPU-Sim PTX: >>>>>> Updating operand to use localized dyn shared mem symbol.
GPGPU-Sim PTX: >>> This is a shared memory symbol: _ZN5flash5smem_E size in bytes 0
GPGPU-Sim PTX: >>>>>> Updating operand to use localized dyn shared mem symbol.
GPGPU-Sim PTX: >>> This is a shared memory symbol: _ZN5flash5smem_E size in bytes 0
GPGPU-Sim PTX: >>>>>> Updating operand to use localized dyn shared mem symbol.
GPGPU-Sim PTX: >>> This is a shared memory symbol: _ZN5flash5smem_E size in bytes 0
GPGPU-Sim PTX: >>>>>> Updating operand to use localized dyn shared mem symbol.
GPGPU-Sim PTX: reorder switch function '_ZN5flash16flash_fwd_kernelI23Flash_fwd_kernel_traitsILi128ELi128ELi32ELi4ELb0ELb0EN7cutlass6half_tE19Flash_kernel_traitsILi128ELi128ELi32ELi4ES3_EELb1ELb1ELb0ELb0ELb0ELb0ELb0ELb0EEEvNS_16Flash_fwd_paramsE': segments=271 skipped=0 insts=6068 moved_slots=4888 max_segment=674 edges=6227 slack=0 sass_guided=0 sass_guided_fallback=0 sass_cursor=0/0
  done.
GPGPU-Sim PTX: instruction assembly for function '_ZN5flash16flash_fwd_kernelI23Flash_fwd_kernel_traitsILi128ELi64ELi64ELi4ELb0ELb0EN7cutlass6half_tE19Flash_kernel_traitsILi128ELi64ELi64ELi4ES3_EELb0ELb1ELb0ELb1ELb0ELb0ELb1ELb0EEEvNS_16Flash_fwd_paramsE'... GPGPU-Sim PTX: >>> This is a shared memory symbol: _ZN5flash5smem_E size in bytes 0
GPGPU-Sim PTX: >>>>>> Adding localized dynamic shared memory symbol for _ZN5flash5smem_E
GPGPU-Sim PTX: >>>>>> Updating operand to use localized dyn shared mem symbol.
GPGPU-Sim PTX: >>> This is a shared memory symbol: _ZN5flash5smem_E size in bytes 0
GPGPU-Sim PTX: >>>>>> Updating operand to use localized dyn shared mem symbol.
GPGPU-Sim PTX: >>> This is a shared memory symbol: _ZN5flash5smem_E size in bytes 0
GPGPU-Sim PTX: >>>>>> Updating operand to use localized dyn shared mem symbol.
GPGPU-Sim PTX: >>> This is a shared memory symbol: _ZN5flash5smem_E size in bytes 0
GPGPU-Sim PTX: >>>>>> Updating operand to use localized dyn shared mem symbol.
GPGPU-Sim PTX: >>> This is a shared memory symbol: _ZN5flash5smem_E size in bytes 0
GPGPU-Sim PTX: >>>>>> Updating operand to use localized dyn shared mem symbol.
GPGPU-Sim PTX: >>> This is a shared memory symbol: _ZN5flash5smem_E size in bytes 0
GPGPU-Sim PTX: >>>>>> Updating operand to use localized dyn shared mem symbol.
GPGPU-Sim PTX: >>> This is a shared memory symbol: _ZN5flash5smem_E size in bytes 0
GPGPU-Sim PTX: >>>>>> Updating operand to use localized dyn shared mem symbol.
GPGPU-Sim PTX: >>> This is a shared memory symbol: _ZN5flash5smem_E size in bytes 0
GPGPU-Sim PTX: >>>>>> Updating operand to use localized dyn shared mem symbol.
GPGPU-Sim PTX: reorder switch function '_ZN5flash16flash_fwd_kernelI23Flash_fwd_kernel_traitsILi128ELi64ELi64ELi4ELb0ELb0EN7cutlass6half_tE19Flash_kernel_traitsILi128ELi64ELi64ELi4ES3_EELb0ELb1ELb0ELb1ELb0ELb0ELb1ELb0EEEvNS_16Flash_fwd_paramsE': segments=201 skipped=0 insts=2848 moved_slots=2050 max_segment=338 edges=2386 slack=0 sass_guided=0 sass_guided_fallback=0 sass_cursor=0/0
  done.
GPGPU-Sim PTX: instruction assembly for function '_ZN5flash16flash_fwd_kernelI23Flash_fwd_kernel_traitsILi128ELi64ELi64ELi4ELb0ELb0EN7cutlass6half_tE19Flash_kernel_traitsILi128ELi64ELi64ELi4ES3_EELb0ELb1ELb0ELb1ELb0ELb0ELb0ELb0EEEvNS_16Flash_fwd_paramsE'... GPGPU-Sim PTX: >>> This is a shared memory symbol: _ZN5flash5smem_E size in bytes 0
GPGPU-Sim PTX: >>>>>> Adding localized dynamic shared memory symbol for _ZN5flash5smem_E
GPGPU-Sim PTX: >>>>>> Updating operand to use localized dyn shared mem symbol.
GPGPU-Sim PTX: >>> This is a shared memory symbol: _ZN5flash5smem_E size in bytes 0
GPGPU-Sim PTX: >>>>>> Updating operand to use localized dyn shared mem symbol.
GPGPU-Sim PTX: >>> This is a shared memory symbol: _ZN5flash5smem_E size in bytes 0
GPGPU-Sim PTX: >>>>>> Updating operand to use localized dyn shared mem symbol.
GPGPU-Sim PTX: >>> This is a shared memory symbol: _ZN5flash5smem_E size in bytes 0
GPGPU-Sim PTX: >>>>>> Updating operand to use localized dyn shared mem symbol.
GPGPU-Sim PTX: >>> This is a shared memory symbol: _ZN5flash5smem_E size in bytes 0
GPGPU-Sim PTX: >>>>>> Updating operand to use localized dyn shared mem symbol.
GPGPU-Sim PTX: >>> This is a shared memory symbol: _ZN5flash5smem_E size in bytes 0
GPGPU-Sim PTX: >>>>>> Updating operand to use localized dyn shared mem symbol.
GPGPU-Sim PTX: >>> This is a shared memory symbol: _ZN5flash5smem_E size in bytes 0
GPGPU-Sim PTX: >>>>>> Updating operand to use localized dyn shared mem symbol.
GPGPU-Sim PTX: >>> This is a shared memory symbol: _ZN5flash5smem_E size in bytes 0
GPGPU-Sim PTX: >>>>>> Updating operand to use localized dyn shared mem symbol.
GPGPU-Sim PTX: reorder switch function '_ZN5flash16flash_fwd_kernelI23Flash_fwd_kernel_traitsILi128ELi64ELi64ELi4ELb0ELb0EN7cutlass6half_tE19Flash_kernel_traitsILi128ELi64ELi64ELi4ES3_EELb0ELb1ELb0ELb1ELb0ELb0ELb0ELb0EEEvNS_16Flash_fwd_paramsE': segments=200 skipped=0 insts=2656 moved_slots=1871 max_segment=338 edges=2226 slack=0 sass_guided=0 sass_guided_fallback=0 sass_cursor=0/0
  done.
GPGPU-Sim PTX: instruction assembly for function '_ZN5flash16flash_fwd_kernelI23Flash_fwd_kernel_traitsILi128ELi64ELi64ELi4ELb0ELb0EN7cutlass6half_tE19Flash_kernel_traitsILi128ELi64ELi64ELi4ES3_EELb0ELb1ELb0ELb0ELb0ELb0ELb1ELb0EEEvNS_16Flash_fwd_paramsE'... GPGPU-Sim PTX: >>> This is a shared memory symbol: _ZN5flash5smem_E size in bytes 0
GPGPU-Sim PTX: >>>>>> Adding localized dynamic shared memory symbol for _ZN5flash5smem_E
GPGPU-Sim PTX: >>>>>> Updating operand to use localized dyn shared mem symbol.
GPGPU-Sim PTX: >>> This is a shared memory symbol: _ZN5flash5smem_E size in bytes 0
GPGPU-Sim PTX: >>>>>> Updating operand to use localized dyn shared mem symbol.
GPGPU-Sim PTX: >>> This is a shared memory symbol: _ZN5flash5smem_E size in bytes 0
GPGPU-Sim PTX: >>>>>> Updating operand to use localized dyn shared mem symbol.
GPGPU-Sim PTX: >>> This is a shared memory symbol: _ZN5flash5smem_E size in bytes 0
GPGPU-Sim PTX: >>>>>> Updating operand to use localized dyn shared mem symbol.
GPGPU-Sim PTX: >>> This is a shared memory symbol: _ZN5flash5smem_E size in bytes 0
GPGPU-Sim PTX: >>>>>> Updating operand to use localized dyn shared mem symbol.
GPGPU-Sim PTX: >>> This is a shared memory symbol: _ZN5flash5smem_E size in bytes 0
GPGPU-Sim PTX: >>>>>> Updating operand to use localized dyn shared mem symbol.
GPGPU-Sim PTX: >>> This is a shared memory symbol: _ZN5flash5smem_E size in bytes 0
GPGPU-Sim PTX: >>>>>> Updating operand to use localized dyn shared mem symbol.
GPGPU-Sim PTX: >>> This is a shared memory symbol: _ZN5flash5smem_E size in bytes 0
GPGPU-Sim PTX: >>>>>> Updating operand to use localized dyn shared mem symbol.
GPGPU-Sim PTX: reorder switch function '_ZN5flash16flash_fwd_kernelI23Flash_fwd_kernel_traitsILi128ELi64ELi64ELi4ELb0ELb0EN7cutlass6half_tE19Flash_kernel_traitsILi128ELi64ELi64ELi4ES3_EELb0ELb1ELb0ELb0ELb0ELb0ELb1ELb0EEEvNS_16Flash_fwd_paramsE': segments=202 skipped=0 insts=2680 moved_slots=1885 max_segment=282 edges=2059 slack=0 sass_guided=0 sass_guided_fallback=0 sass_cursor=0/0
  done.
GPGPU-Sim PTX: instruction assembly for function '_ZN5flash16flash_fwd_kernelI23Flash_fwd_kernel_traitsILi128ELi64ELi64ELi4ELb0ELb0EN7cutlass6half_tE19Flash_kernel_traitsILi128ELi64ELi64ELi4ES3_EELb0ELb1ELb0ELb0ELb0ELb0ELb0ELb0EEEvNS_16Flash_fwd_paramsE'... GPGPU-Sim PTX: >>> This is a shared memory symbol: _ZN5flash5smem_E size in bytes 0
GPGPU-Sim PTX: >>>>>> Adding localized dynamic shared memory symbol for _ZN5flash5smem_E
GPGPU-Sim PTX: >>>>>> Updating operand to use localized dyn shared mem symbol.
GPGPU-Sim PTX: >>> This is a shared memory symbol: _ZN5flash5smem_E size in bytes 0
GPGPU-Sim PTX: >>>>>> Updating operand to use localized dyn shared mem symbol.
GPGPU-Sim PTX: >>> This is a shared memory symbol: _ZN5flash5smem_E size in bytes 0
GPGPU-Sim PTX: >>>>>> Updating operand to use localized dyn shared mem symbol.
GPGPU-Sim PTX: >>> This is a shared memory symbol: _ZN5flash5smem_E size in bytes 0
GPGPU-Sim PTX: >>>>>> Updating operand to use localized dyn shared mem symbol.
GPGPU-Sim PTX: >>> This is a shared memory symbol: _ZN5flash5smem_E size in bytes 0
GPGPU-Sim PTX: >>>>>> Updating operand to use localized dyn shared mem symbol.
GPGPU-Sim PTX: >>> This is a shared memory symbol: _ZN5flash5smem_E size in bytes 0
GPGPU-Sim PTX: >>>>>> Updating operand to use localized dyn shared mem symbol.
GPGPU-Sim PTX: >>> This is a shared memory symbol: _ZN5flash5smem_E size in bytes 0
GPGPU-Sim PTX: >>>>>> Updating operand to use localized dyn shared mem symbol.
GPGPU-Sim PTX: >>> This is a shared memory symbol: _ZN5flash5smem_E size in bytes 0
GPGPU-Sim PTX: >>>>>> Updating operand to use localized dyn shared mem symbol.
GPGPU-Sim PTX: reorder switch function '_ZN5flash16flash_fwd_kernelI23Flash_fwd_kernel_traitsILi128ELi64ELi64ELi4ELb0ELb0EN7cutlass6half_tE19Flash_kernel_traitsILi128ELi64ELi64ELi4ES3_EELb0ELb1ELb0ELb0ELb0ELb0ELb0ELb0EEEvNS_16Flash_fwd_paramsE': segments=201 skipped=0 insts=2488 moved_slots=1711 max_segment=282 edges=1899 slack=0 sass_guided=0 sass_guided_fallback=0 sass_cursor=0/0
  done.
GPGPU-Sim PTX: instruction assembly for function '_ZN5flash16flash_fwd_kernelI23Flash_fwd_kernel_traitsILi128ELi64ELi64ELi4ELb0ELb0EN7cutlass6half_tE19Flash_kernel_traitsILi128ELi64ELi64ELi4ES3_EELb0ELb1ELb0ELb0ELb0ELb1ELb1ELb0EEEvNS_16Flash_fwd_paramsE'... GPGPU-Sim PTX: >>> This is a shared memory symbol: _ZN5flash5smem_E size in bytes 0
GPGPU-Sim PTX: >>>>>> Adding localized dynamic shared memory symbol for _ZN5flash5smem_E
GPGPU-Sim PTX: >>>>>> Updating operand to use localized dyn shared mem symbol.
GPGPU-Sim PTX: >>> This is a shared memory symbol: _ZN5flash5smem_E size in bytes 0
GPGPU-Sim PTX: >>>>>> Updating operand to use localized dyn shared mem symbol.
GPGPU-Sim PTX: >>> This is a shared memory symbol: _ZN5flash5smem_E size in bytes 0
GPGPU-Sim PTX: >>>>>> Updating operand to use localized dyn shared mem symbol.
GPGPU-Sim PTX: >>> This is a shared memory symbol: _ZN5flash5smem_E size in bytes 0
GPGPU-Sim PTX: >>>>>> Updating operand to use localized dyn shared mem symbol.
GPGPU-Sim PTX: >>> This is a shared memory symbol: _ZN5flash5smem_E size in bytes 0
GPGPU-Sim PTX: >>>>>> Updating operand to use localized dyn shared mem symbol.
GPGPU-Sim PTX: >>> This is a shared memory symbol: _ZN5flash5smem_E size in bytes 0
GPGPU-Sim PTX: >>>>>> Updating operand to use localized dyn shared mem symbol.
GPGPU-Sim PTX: >>> This is a shared memory symbol: _ZN5flash5smem_E size in bytes 0
GPGPU-Sim PTX: >>>>>> Updating operand to use localized dyn shared mem symbol.
GPGPU-Sim PTX: >>> This is a shared memory symbol: _ZN5flash5smem_E size in bytes 0
GPGPU-Sim PTX: >>>>>> Updating operand to use localized dyn shared mem symbol.
GPGPU-Sim PTX: >>> This is a shared memory symbol: _ZN5flash5smem_E size in bytes 0
GPGPU-Sim PTX: >>>>>> Updating operand to use localized dyn shared mem symbol.
GPGPU-Sim PTX: >>> This is a shared memory symbol: _ZN5flash5smem_E size in bytes 0
GPGPU-Sim PTX: >>>>>> Updating operand to use localized dyn shared mem symbol.
GPGPU-Sim PTX: reorder switch function '_ZN5flash16flash_fwd_kernelI23Flash_fwd_kernel_traitsILi128ELi64ELi64ELi4ELb0ELb0EN7cutlass6half_tE19Flash_kernel_traitsILi128ELi64ELi64ELi4ES3_EELb0ELb1ELb0ELb0ELb0ELb1ELb1ELb0EEEvNS_16Flash_fwd_paramsE': segments=162 skipped=0 insts=2429 moved_slots=1799 max_segment=281 edges=1957 slack=0 sass_guided=0 sass_guided_fallback=0 sass_cursor=0/0
  done.
GPGPU-Sim PTX: instruction assembly for function '_ZN5flash16flash_fwd_kernelI23Flash_fwd_kernel_traitsILi128ELi64ELi64ELi4ELb0ELb0EN7cutlass6half_tE19Flash_kernel_traitsILi128ELi64ELi64ELi4ES3_EELb0ELb1ELb0ELb0ELb0ELb1ELb0ELb0EEEvNS_16Flash_fwd_paramsE'... GPGPU-Sim PTX: >>> This is a shared memory symbol: _ZN5flash5smem_E size in bytes 0
GPGPU-Sim PTX: >>>>>> Adding localized dynamic shared memory symbol for _ZN5flash5smem_E
GPGPU-Sim PTX: >>>>>> Updating operand to use localized dyn shared mem symbol.
GPGPU-Sim PTX: >>> This is a shared memory symbol: _ZN5flash5smem_E size in bytes 0
GPGPU-Sim PTX: >>>>>> Updating operand to use localized dyn shared mem symbol.
GPGPU-Sim PTX: >>> This is a shared memory symbol: _ZN5flash5smem_E size in bytes 0
GPGPU-Sim PTX: >>>>>> Updating operand to use localized dyn shared mem symbol.
GPGPU-Sim PTX: >>> This is a shared memory symbol: _ZN5flash5smem_E size in bytes 0
GPGPU-Sim PTX: >>>>>> Updating operand to use localized dyn shared mem symbol.
GPGPU-Sim PTX: >>> This is a shared memory symbol: _ZN5flash5smem_E size in bytes 0
GPGPU-Sim PTX: >>>>>> Updating operand to use localized dyn shared mem symbol.
GPGPU-Sim PTX: >>> This is a shared memory symbol: _ZN5flash5smem_E size in bytes 0
GPGPU-Sim PTX: >>>>>> Updating operand to use localized dyn shared mem symbol.
GPGPU-Sim PTX: >>> This is a shared memory symbol: _ZN5flash5smem_E size in bytes 0
GPGPU-Sim PTX: >>>>>> Updating operand to use localized dyn shared mem symbol.
GPGPU-Sim PTX: >>> This is a shared memory symbol: _ZN5flash5smem_E size in bytes 0
GPGPU-Sim PTX: >>>>>> Updating operand to use localized dyn shared mem symbol.
GPGPU-Sim PTX: >>> This is a shared memory symbol: _ZN5flash5smem_E size in bytes 0
GPGPU-Sim PTX: >>>>>> Updating operand to use localized dyn shared mem symbol.
GPGPU-Sim PTX: >>> This is a shared memory symbol: _ZN5flash5smem_E size in bytes 0
GPGPU-Sim PTX: >>>>>> Updating operand to use localized dyn shared mem symbol.
GPGPU-Sim PTX: reorder switch function '_ZN5flash16flash_fwd_kernelI23Flash_fwd_kernel_traitsILi128ELi64ELi64ELi4ELb0ELb0EN7cutlass6half_tE19Flash_kernel_traitsILi128ELi64ELi64ELi4ES3_EELb0ELb1ELb0ELb0ELb0ELb1ELb0ELb0EEEvNS_16Flash_fwd_paramsE': segments=161 skipped=0 insts=2237 moved_slots=1625 max_segment=281 edges=1797 slack=0 sass_guided=0 sass_guided_fallback=0 sass_cursor=0/0
  done.
GPGPU-Sim PTX: instruction assembly for function '_ZN5flash16flash_fwd_kernelI23Flash_fwd_kernel_traitsILi128ELi64ELi64ELi4ELb0ELb0EN7cutlass6half_tE19Flash_kernel_traitsILi128ELi64ELi64ELi4ES3_EELb0ELb1ELb0ELb0ELb1ELb1ELb1ELb0EEEvNS_16Flash_fwd_paramsE'... GPGPU-Sim PTX: >>> This is a shared memory symbol: _ZN5flash5smem_E size in bytes 0
GPGPU-Sim PTX: >>>>>> Adding localized dynamic shared memory symbol for _ZN5flash5smem_E
GPGPU-Sim PTX: >>>>>> Updating operand to use localized dyn shared mem symbol.
GPGPU-Sim PTX: >>> This is a shared memory symbol: _ZN5flash5smem_E size in bytes 0
GPGPU-Sim PTX: >>>>>> Updating operand to use localized dyn shared mem symbol.
GPGPU-Sim PTX: reorder switch function '_ZN5flash16flash_fwd_kernelI23Flash_fwd_kernel_traitsILi128ELi64ELi64ELi4ELb0ELb0EN7cutlass6half_tE19Flash_kernel_traitsILi128ELi64ELi64ELi4ES3_EELb0ELb1ELb0ELb0ELb1ELb1ELb1ELb0EEEvNS_16Flash_fwd_paramsE': segments=105 skipped=0 insts=1641 moved_slots=1203 max_segment=280 edges=1291 slack=0 sass_guided=0 sass_guided_fallback=0 sass_cursor=0/0
  done.
GPGPU-Sim PTX: instruction assembly for function '_ZN5flash16flash_fwd_kernelI23Flash_fwd_kernel_traitsILi128ELi64ELi64ELi4ELb0ELb0EN7cutlass6half_tE19Flash_kernel_traitsILi128ELi64ELi64ELi4ES3_EELb0ELb1ELb0ELb0ELb1ELb1ELb0ELb0EEEvNS_16Flash_fwd_paramsE'... GPGPU-Sim PTX: >>> This is a shared memory symbol: _ZN5flash5smem_E size in bytes 0
GPGPU-Sim PTX: >>>>>> Adding localized dynamic shared memory symbol for _ZN5flash5smem_E
GPGPU-Sim PTX: >>>>>> Updating operand to use localized dyn shared mem symbol.
GPGPU-Sim PTX: >>> This is a shared memory symbol: _ZN5flash5smem_E size in bytes 0
GPGPU-Sim PTX: >>>>>> Updating operand to use localized dyn shared mem symbol.
GPGPU-Sim PTX: reorder switch function '_ZN5flash16flash_fwd_kernelI23Flash_fwd_kernel_traitsILi128ELi64ELi64ELi4ELb0ELb0EN7cutlass6half_tE19Flash_kernel_traitsILi128ELi64ELi64ELi4ES3_EELb0ELb1ELb0ELb0ELb1ELb1ELb0ELb0EEEvNS_16Flash_fwd_paramsE': segments=104 skipped=0 insts=1513 moved_slots=1094 max_segment=280 edges=1195 slack=0 sass_guided=0 sass_guided_fallback=0 sass_cursor=0/0
  done.
GPGPU-Sim PTX: instruction assembly for function '_ZN5flash16flash_fwd_kernelI23Flash_fwd_kernel_traitsILi128ELi128ELi64ELi4ELb0ELb0EN7cutlass6half_tE19Flash_kernel_traitsILi128ELi128ELi64ELi4ES3_EELb0ELb1ELb0ELb1ELb0ELb0ELb1ELb0EEEvNS_16Flash_fwd_paramsE'... GPGPU-Sim PTX: >>> This is a shared memory symbol: _ZN5flash5smem_E size in bytes 0
GPGPU-Sim PTX: >>>>>> Adding localized dynamic shared memory symbol for _ZN5flash5smem_E
GPGPU-Sim PTX: >>>>>> Updating operand to use localized dyn shared mem symbol.
GPGPU-Sim PTX: >>> This is a shared memory symbol: _ZN5flash5smem_E size in bytes 0
GPGPU-Sim PTX: >>>>>> Updating operand to use localized dyn shared mem symbol.
GPGPU-Sim PTX: >>> This is a shared memory symbol: _ZN5flash5smem_E size in bytes 0
GPGPU-Sim PTX: >>>>>> Updating operand to use localized dyn shared mem symbol.
GPGPU-Sim PTX: >>> This is a shared memory symbol: _ZN5flash5smem_E size in bytes 0
GPGPU-Sim PTX: >>>>>> Updating operand to use localized dyn shared mem symbol.
GPGPU-Sim PTX: >>> This is a shared memory symbol: _ZN5flash5smem_E size in bytes 0
GPGPU-Sim PTX: >>>>>> Updating operand to use localized dyn shared mem symbol.
GPGPU-Sim PTX: >>> This is a shared memory symbol: _ZN5flash5smem_E size in bytes 0
GPGPU-Sim PTX: >>>>>> Updating operand to use localized dyn shared mem symbol.
GPGPU-Sim PTX: >>> This is a shared memory symbol: _ZN5flash5smem_E size in bytes 0
GPGPU-Sim PTX: >>>>>> Updating operand to use localized dyn shared mem symbol.
GPGPU-Sim PTX: >>> This is a shared memory symbol: _ZN5flash5smem_E size in bytes 0
GPGPU-Sim PTX: >>>>>> Updating operand to use localized dyn shared mem symbol.
GPGPU-Sim PTX: >>> This is a shared memory symbol: _ZN5flash5smem_E size in bytes 0
GPGPU-Sim PTX: >>>>>> Updating operand to use localized dyn shared mem symbol.
GPGPU-Sim PTX: >>> This is a shared memory symbol: _ZN5flash5smem_E size in bytes 0
GPGPU-Sim PTX: >>>>>> Updating operand to use localized dyn shared mem symbol.
GPGPU-Sim PTX: >>> This is a shared memory symbol: _ZN5flash5smem_E size in bytes 0
GPGPU-Sim PTX: >>>>>> Updating operand to use localized dyn shared mem symbol.
GPGPU-Sim PTX: reorder switch function '_ZN5flash16flash_fwd_kernelI23Flash_fwd_kernel_traitsILi128ELi128ELi64ELi4ELb0ELb0EN7cutlass6half_tE19Flash_kernel_traitsILi128ELi128ELi64ELi4ES3_EELb0ELb1ELb0ELb1ELb0ELb0ELb1ELb0EEEvNS_16Flash_fwd_paramsE': segments=271 skipped=0 insts=5974 moved_slots=4545 max_segment=638 edges=5432 slack=0 sass_guided=0 sass_guided_fallback=0 sass_cursor=0/0
  done.
GPGPU-Sim PTX: instruction assembly for function '_ZN5flash16flash_fwd_kernelI23Flash_fwd_kernel_traitsILi128ELi128ELi64ELi4ELb0ELb0EN7cutlass6half_tE19Flash_kernel_traitsILi128ELi128ELi64ELi4ES3_EELb0ELb1ELb0ELb1ELb0ELb0ELb0ELb0EEEvNS_16Flash_fwd_paramsE'... GPGPU-Sim PTX: >>> This is a shared memory symbol: _ZN5flash5smem_E size in bytes 0
GPGPU-Sim PTX: >>>>>> Adding localized dynamic shared memory symbol for _ZN5flash5smem_E
GPGPU-Sim PTX: >>>>>> Updating operand to use localized dyn shared mem symbol.
GPGPU-Sim PTX: >>> This is a shared memory symbol: _ZN5flash5smem_E size in bytes 0
GPGPU-Sim PTX: >>>>>> Updating operand to use localized dyn shared mem symbol.
GPGPU-Sim PTX: >>> This is a shared memory symbol: _ZN5flash5smem_E size in bytes 0
GPGPU-Sim PTX: >>>>>> Updating operand to use localized dyn shared mem symbol.
GPGPU-Sim PTX: >>> This is a shared memory symbol: _ZN5flash5smem_E size in bytes 0
GPGPU-Sim PTX: >>>>>> Updating operand to use localized dyn shared mem symbol.
GPGPU-Sim PTX: >>> This is a shared memory symbol: _ZN5flash5smem_E size in bytes 0
GPGPU-Sim PTX: >>>>>> Updating operand to use localized dyn shared mem symbol.
GPGPU-Sim PTX: >>> This is a shared memory symbol: _ZN5flash5smem_E size in bytes 0
GPGPU-Sim PTX: >>>>>> Updating operand to use localized dyn shared mem symbol.
GPGPU-Sim PTX: >>> This is a shared memory symbol: _ZN5flash5smem_E size in bytes 0
GPGPU-Sim PTX: >>>>>> Updating operand to use localized dyn shared mem symbol.
GPGPU-Sim PTX: >>> This is a shared memory symbol: _ZN5flash5smem_E size in bytes 0
GPGPU-Sim PTX: >>>>>> Updating operand to use localized dyn shared mem symbol.
GPGPU-Sim PTX: >>> This is a shared memory symbol: _ZN5flash5smem_E size in bytes 0
GPGPU-Sim PTX: >>>>>> Updating operand to use localized dyn shared mem symbol.
GPGPU-Sim PTX: >>> This is a shared memory symbol: _ZN5flash5smem_E size in bytes 0
GPGPU-Sim PTX: >>>>>> Updating operand to use localized dyn shared mem symbol.
GPGPU-Sim PTX: >>> This is a shared memory symbol: _ZN5flash5smem_E size in bytes 0
GPGPU-Sim PTX: >>>>>> Updating operand to use localized dyn shared mem symbol.
GPGPU-Sim PTX: reorder switch function '_ZN5flash16flash_fwd_kernelI23Flash_fwd_kernel_traitsILi128ELi128ELi64ELi4ELb0ELb0EN7cutlass6half_tE19Flash_kernel_traitsILi128ELi128ELi64ELi4ES3_EELb0ELb1ELb0ELb1ELb0ELb0ELb0ELb0EEEvNS_16Flash_fwd_paramsE': segments=270 skipped=0 insts=5462 moved_slots=4064 max_segment=638 edges=4984 slack=0 sass_guided=0 sass_guided_fallback=0 sass_cursor=0/0
  done.
GPGPU-Sim PTX: instruction assembly for function '_ZN5flash16flash_fwd_kernelI23Flash_fwd_kernel_traitsILi128ELi128ELi64ELi4ELb0ELb0EN7cutlass6half_tE19Flash_kernel_traitsILi128ELi128ELi64ELi4ES3_EELb0ELb1ELb0ELb0ELb0ELb0ELb1ELb0EEEvNS_16Flash_fwd_paramsE'... GPGPU-Sim PTX: >>> This is a shared memory symbol: _ZN5flash5smem_E size in bytes 0
GPGPU-Sim PTX: >>>>>> Adding localized dynamic shared memory symbol for _ZN5flash5smem_E
GPGPU-Sim PTX: >>>>>> Updating operand to use localized dyn shared mem symbol.
GPGPU-Sim PTX: >>> This is a shared memory symbol: _ZN5flash5smem_E size in bytes 0
GPGPU-Sim PTX: >>>>>> Updating operand to use localized dyn shared mem symbol.
GPGPU-Sim PTX: >>> This is a shared memory symbol: _ZN5flash5smem_E size in bytes 0
GPGPU-Sim PTX: >>>>>> Updating operand to use localized dyn shared mem symbol.
GPGPU-Sim PTX: >>> This is a shared memory symbol: _ZN5flash5smem_E size in bytes 0
GPGPU-Sim PTX: >>>>>> Updating operand to use localized dyn shared mem symbol.
GPGPU-Sim PTX: >>> This is a shared memory symbol: _ZN5flash5smem_E size in bytes 0
GPGPU-Sim PTX: >>>>>> Updating operand to use localized dyn shared mem symbol.
GPGPU-Sim PTX: >>> This is a shared memory symbol: _ZN5flash5smem_E size in bytes 0
GPGPU-Sim PTX: >>>>>> Updating operand to use localized dyn shared mem symbol.
GPGPU-Sim PTX: >>> This is a shared memory symbol: _ZN5flash5smem_E size in bytes 0
GPGPU-Sim PTX: >>>>>> Updating operand to use localized dyn shared mem symbol.
GPGPU-Sim PTX: >>> This is a shared memory symbol: _ZN5flash5smem_E size in bytes 0
GPGPU-Sim PTX: >>>>>> Updating operand to use localized dyn shared mem symbol.
GPGPU-Sim PTX: >>> This is a shared memory symbol: _ZN5flash5smem_E size in bytes 0
GPGPU-Sim PTX: >>>>>> Updating operand to use localized dyn shared mem symbol.
GPGPU-Sim PTX: >>> This is a shared memory symbol: _ZN5flash5smem_E size in bytes 0
GPGPU-Sim PTX: >>>>>> Updating operand to use localized dyn shared mem symbol.
GPGPU-Sim PTX: >>> This is a shared memory symbol: _ZN5flash5smem_E size in bytes 0
GPGPU-Sim PTX: >>>>>> Updating operand to use localized dyn shared mem symbol.
GPGPU-Sim PTX: reorder switch function '_ZN5flash16flash_fwd_kernelI23Flash_fwd_kernel_traitsILi128ELi128ELi64ELi4ELb0ELb0EN7cutlass6half_tE19Flash_kernel_traitsILi128ELi128ELi64ELi4ES3_EELb0ELb1ELb0ELb0ELb0ELb0ELb1ELb0EEEvNS_16Flash_fwd_paramsE': segments=271 skipped=0 insts=5625 moved_slots=4215 max_segment=552 edges=4716 slack=0 sass_guided=0 sass_guided_fallback=0 sass_cursor=0/0
  done.
GPGPU-Sim PTX: instruction assembly for function '_ZN5flash16flash_fwd_kernelI23Flash_fwd_kernel_traitsILi128ELi128ELi64ELi4ELb0ELb0EN7cutlass6half_tE19Flash_kernel_traitsILi128ELi128ELi64ELi4ES3_EELb0ELb1ELb0ELb0ELb0ELb0ELb0ELb0EEEvNS_16Flash_fwd_paramsE'... GPGPU-Sim PTX: >>> This is a shared memory symbol: _ZN5flash5smem_E size in bytes 0
GPGPU-Sim PTX: >>>>>> Adding localized dynamic shared memory symbol for _ZN5flash5smem_E
GPGPU-Sim PTX: >>>>>> Updating operand to use localized dyn shared mem symbol.
GPGPU-Sim PTX: >>> This is a shared memory symbol: _ZN5flash5smem_E size in bytes 0
GPGPU-Sim PTX: >>>>>> Updating operand to use localized dyn shared mem symbol.
GPGPU-Sim PTX: >>> This is a shared memory symbol: _ZN5flash5smem_E size in bytes 0
GPGPU-Sim PTX: >>>>>> Updating operand to use localized dyn shared mem symbol.
GPGPU-Sim PTX: >>> This is a shared memory symbol: _ZN5flash5smem_E size in bytes 0
GPGPU-Sim PTX: >>>>>> Updating operand to use localized dyn shared mem symbol.
GPGPU-Sim PTX: >>> This is a shared memory symbol: _ZN5flash5smem_E size in bytes 0
GPGPU-Sim PTX: >>>>>> Updating operand to use localized dyn shared mem symbol.
GPGPU-Sim PTX: >>> This is a shared memory symbol: _ZN5flash5smem_E size in bytes 0
GPGPU-Sim PTX: >>>>>> Updating operand to use localized dyn shared mem symbol.
GPGPU-Sim PTX: >>> This is a shared memory symbol: _ZN5flash5smem_E size in bytes 0
GPGPU-Sim PTX: >>>>>> Updating operand to use localized dyn shared mem symbol.
GPGPU-Sim PTX: >>> This is a shared memory symbol: _ZN5flash5smem_E size in bytes 0
GPGPU-Sim PTX: >>>>>> Updating operand to use localized dyn shared mem symbol.
GPGPU-Sim PTX: >>> This is a shared memory symbol: _ZN5flash5smem_E size in bytes 0
GPGPU-Sim PTX: >>>>>> Updating operand to use localized dyn shared mem symbol.
GPGPU-Sim PTX: >>> This is a shared memory symbol: _ZN5flash5smem_E size in bytes 0
GPGPU-Sim PTX: >>>>>> Updating operand to use localized dyn shared mem symbol.
GPGPU-Sim PTX: >>> This is a shared memory symbol: _ZN5flash5smem_E size in bytes 0
GPGPU-Sim PTX: >>>>>> Updating operand to use localized dyn shared mem symbol.
GPGPU-Sim PTX: reorder switch function '_ZN5flash16flash_fwd_kernelI23Flash_fwd_kernel_traitsILi128ELi128ELi64ELi4ELb0ELb0EN7cutlass6half_tE19Flash_kernel_traitsILi128ELi128ELi64ELi4ES3_EELb0ELb1ELb0ELb0ELb0ELb0ELb0ELb0EEEvNS_16Flash_fwd_paramsE': segments=270 skipped=0 insts=5113 moved_slots=3741 max_segment=552 edges=4268 slack=0 sass_guided=0 sass_guided_fallback=0 sass_cursor=0/0
  done.
GPGPU-Sim PTX: instruction assembly for function '_ZN5flash16flash_fwd_kernelI23Flash_fwd_kernel_traitsILi128ELi128ELi64ELi4ELb0ELb0EN7cutlass6half_tE19Flash_kernel_traitsILi128ELi128ELi64ELi4ES3_EELb0ELb1ELb0ELb0ELb0ELb1ELb1ELb0EEEvNS_16Flash_fwd_paramsE'... GPGPU-Sim PTX: >>> This is a shared memory symbol: _ZN5flash5smem_E size in bytes 0
GPGPU-Sim PTX: >>>>>> Adding localized dynamic shared memory symbol for _ZN5flash5smem_E
GPGPU-Sim PTX: >>>>>> Updating operand to use localized dyn shared mem symbol.
GPGPU-Sim PTX: >>> This is a shared memory symbol: _ZN5flash5smem_E size in bytes 0
GPGPU-Sim PTX: >>>>>> Updating operand to use localized dyn shared mem symbol.
GPGPU-Sim PTX: >>> This is a shared memory symbol: _ZN5flash5smem_E size in bytes 0
GPGPU-Sim PTX: >>>>>> Updating operand to use localized dyn shared mem symbol.
GPGPU-Sim PTX: >>> This is a shared memory symbol: _ZN5flash5smem_E size in bytes 0
GPGPU-Sim PTX: >>>>>> Updating operand to use localized dyn shared mem symbol.
GPGPU-Sim PTX: >>> This is a shared memory symbol: _ZN5flash5smem_E size in bytes 0
GPGPU-Sim PTX: >>>>>> Updating operand to use localized dyn shared mem symbol.
GPGPU-Sim PTX: >>> This is a shared memory symbol: _ZN5flash5smem_E size in bytes 0
GPGPU-Sim PTX: >>>>>> Updating operand to use localized dyn shared mem symbol.
GPGPU-Sim PTX: >>> This is a shared memory symbol: _ZN5flash5smem_E size in bytes 0
GPGPU-Sim PTX: >>>>>> Updating operand to use localized dyn shared mem symbol.
GPGPU-Sim PTX: >>> This is a shared memory symbol: _ZN5flash5smem_E size in bytes 0
GPGPU-Sim PTX: >>>>>> Updating operand to use localized dyn shared mem symbol.
GPGPU-Sim PTX: >>> This is a shared memory symbol: _ZN5flash5smem_E size in bytes 0
GPGPU-Sim PTX: >>>>>> Updating operand to use localized dyn shared mem symbol.
GPGPU-Sim PTX: >>> This is a shared memory symbol: _ZN5flash5smem_E size in bytes 0
GPGPU-Sim PTX: >>>>>> Updating operand to use localized dyn shared mem symbol.
GPGPU-Sim PTX: >>> This is a shared memory symbol: _ZN5flash5smem_E size in bytes 0
GPGPU-Sim PTX: >>>>>> Updating operand to use localized dyn shared mem symbol.
GPGPU-Sim PTX: >>> This is a shared memory symbol: _ZN5flash5smem_E size in bytes 0
GPGPU-Sim PTX: >>>>>> Updating operand to use localized dyn shared mem symbol.
GPGPU-Sim PTX: >>> This is a shared memory symbol: _ZN5flash5smem_E size in bytes 0
GPGPU-Sim PTX: >>>>>> Updating operand to use localized dyn shared mem symbol.
GPGPU-Sim PTX: >>> This is a shared memory symbol: _ZN5flash5smem_E size in bytes 0
GPGPU-Sim PTX: >>>>>> Updating operand to use localized dyn shared mem symbol.
GPGPU-Sim PTX: reorder switch function '_ZN5flash16flash_fwd_kernelI23Flash_fwd_kernel_traitsILi128ELi128ELi64ELi4ELb0ELb0EN7cutlass6half_tE19Flash_kernel_traitsILi128ELi128ELi64ELi4ES3_EELb0ELb1ELb0ELb0ELb0ELb1ELb1ELb0EEEvNS_16Flash_fwd_paramsE': segments=219 skipped=0 insts=5291 moved_slots=4149 max_segment=551 edges=4605 slack=0 sass_guided=0 sass_guided_fallback=0 sass_cursor=0/0
  done.
GPGPU-Sim PTX: instruction assembly for function '_ZN5flash16flash_fwd_kernelI23Flash_fwd_kernel_traitsILi128ELi128ELi64ELi4ELb0ELb0EN7cutlass6half_tE19Flash_kernel_traitsILi128ELi128ELi64ELi4ES3_EELb0ELb1ELb0ELb0ELb0ELb1ELb0ELb0EEEvNS_16Flash_fwd_paramsE'... GPGPU-Sim PTX: >>> This is a shared memory symbol: _ZN5flash5smem_E size in bytes 0
GPGPU-Sim PTX: >>>>>> Adding localized dynamic shared memory symbol for _ZN5flash5smem_E
GPGPU-Sim PTX: >>>>>> Updating operand to use localized dyn shared mem symbol.
GPGPU-Sim PTX: >>> This is a shared memory symbol: _ZN5flash5smem_E size in bytes 0
GPGPU-Sim PTX: >>>>>> Updating operand to use localized dyn shared mem symbol.
GPGPU-Sim PTX: >>> This is a shared memory symbol: _ZN5flash5smem_E size in bytes 0
GPGPU-Sim PTX: >>>>>> Updating operand to use localized dyn shared mem symbol.
GPGPU-Sim PTX: >>> This is a shared memory symbol: _ZN5flash5smem_E size in bytes 0
GPGPU-Sim PTX: >>>>>> Updating operand to use localized dyn shared mem symbol.
GPGPU-Sim PTX: >>> This is a shared memory symbol: _ZN5flash5smem_E size in bytes 0
GPGPU-Sim PTX: >>>>>> Updating operand to use localized dyn shared mem symbol.
GPGPU-Sim PTX: >>> This is a shared memory symbol: _ZN5flash5smem_E size in bytes 0
GPGPU-Sim PTX: >>>>>> Updating operand to use localized dyn shared mem symbol.
GPGPU-Sim PTX: >>> This is a shared memory symbol: _ZN5flash5smem_E size in bytes 0
GPGPU-Sim PTX: >>>>>> Updating operand to use localized dyn shared mem symbol.
GPGPU-Sim PTX: >>> This is a shared memory symbol: _ZN5flash5smem_E size in bytes 0
GPGPU-Sim PTX: >>>>>> Updating operand to use localized dyn shared mem symbol.
GPGPU-Sim PTX: >>> This is a shared memory symbol: _ZN5flash5smem_E size in bytes 0
GPGPU-Sim PTX: >>>>>> Updating operand to use localized dyn shared mem symbol.
GPGPU-Sim PTX: >>> This is a shared memory symbol: _ZN5flash5smem_E size in bytes 0
GPGPU-Sim PTX: >>>>>> Updating operand to use localized dyn shared mem symbol.
GPGPU-Sim PTX: >>> This is a shared memory symbol: _ZN5flash5smem_E size in bytes 0
GPGPU-Sim PTX: >>>>>> Updating operand to use localized dyn shared mem symbol.
GPGPU-Sim PTX: >>> This is a shared memory symbol: _ZN5flash5smem_E size in bytes 0
GPGPU-Sim PTX: >>>>>> Updating operand to use localized dyn shared mem symbol.
GPGPU-Sim PTX: >>> This is a shared memory symbol: _ZN5flash5smem_E size in bytes 0
GPGPU-Sim PTX: >>>>>> Updating operand to use localized dyn shared mem symbol.
GPGPU-Sim PTX: >>> This is a shared memory symbol: _ZN5flash5smem_E size in bytes 0
GPGPU-Sim PTX: >>>>>> Updating operand to use localized dyn shared mem symbol.
GPGPU-Sim PTX: reorder switch function '_ZN5flash16flash_fwd_kernelI23Flash_fwd_kernel_traitsILi128ELi128ELi64ELi4ELb0ELb0EN7cutlass6half_tE19Flash_kernel_traitsILi128ELi128ELi64ELi4ES3_EELb0ELb1ELb0ELb0ELb0ELb1ELb0ELb0EEEvNS_16Flash_fwd_paramsE': segments=218 skipped=0 insts=4779 moved_slots=3675 max_segment=551 edges=4157 slack=0 sass_guided=0 sass_guided_fallback=0 sass_cursor=0/0
  done.
GPGPU-Sim PTX: instruction assembly for function '_ZN5flash16flash_fwd_kernelI23Flash_fwd_kernel_traitsILi128ELi128ELi64ELi4ELb0ELb0EN7cutlass6half_tE19Flash_kernel_traitsILi128ELi128ELi64ELi4ES3_EELb0ELb1ELb0ELb0ELb1ELb1ELb1ELb0EEEvNS_16Flash_fwd_paramsE'... GPGPU-Sim PTX: >>> This is a shared memory symbol: _ZN5flash5smem_E size in bytes 0
GPGPU-Sim PTX: >>>>>> Adding localized dynamic shared memory symbol for _ZN5flash5smem_E
GPGPU-Sim PTX: >>>>>> Updating operand to use localized dyn shared mem symbol.
GPGPU-Sim PTX: >>> This is a shared memory symbol: _ZN5flash5smem_E size in bytes 0
GPGPU-Sim PTX: >>>>>> Updating operand to use localized dyn shared mem symbol.
GPGPU-Sim PTX: reorder switch function '_ZN5flash16flash_fwd_kernelI23Flash_fwd_kernel_traitsILi128ELi128ELi64ELi4ELb0ELb0EN7cutlass6half_tE19Flash_kernel_traitsILi128ELi128ELi64ELi4ES3_EELb0ELb1ELb0ELb0ELb1ELb1ELb1ELb0EEEvNS_16Flash_fwd_paramsE': segments=143 skipped=0 insts=3894 moved_slots=3116 max_segment=551 edges=3223 slack=0 sass_guided=0 sass_guided_fallback=0 sass_cursor=0/0
  done.
GPGPU-Sim PTX: instruction assembly for function '_ZN5flash16flash_fwd_kernelI23Flash_fwd_kernel_traitsILi128ELi128ELi64ELi4ELb0ELb0EN7cutlass6half_tE19Flash_kernel_traitsILi128ELi128ELi64ELi4ES3_EELb0ELb1ELb0ELb0ELb1ELb1ELb0ELb0EEEvNS_16Flash_fwd_paramsE'... GPGPU-Sim PTX: >>> This is a shared memory symbol: _ZN5flash5smem_E size in bytes 0
GPGPU-Sim PTX: >>>>>> Adding localized dynamic shared memory symbol for _ZN5flash5smem_E
GPGPU-Sim PTX: >>>>>> Updating operand to use localized dyn shared mem symbol.
GPGPU-Sim PTX: >>> This is a shared memory symbol: _ZN5flash5smem_E size in bytes 0
GPGPU-Sim PTX: >>>>>> Updating operand to use localized dyn shared mem symbol.
GPGPU-Sim PTX: reorder switch function '_ZN5flash16flash_fwd_kernelI23Flash_fwd_kernel_traitsILi128ELi128ELi64ELi4ELb0ELb0EN7cutlass6half_tE19Flash_kernel_traitsILi128ELi128ELi64ELi4ES3_EELb0ELb1ELb0ELb0ELb1ELb1ELb0ELb0EEEvNS_16Flash_fwd_paramsE': segments=142 skipped=0 insts=3510 moved_slots=2768 max_segment=551 edges=2903 slack=0 sass_guided=0 sass_guided_fallback=0 sass_cursor=0/0
  done.
GPGPU-Sim PTX: finished parsing EMBEDDED .ptx file fa2_fwd_fp16_test.sm_90a.ptx
GPGPU-Sim PTX: loading globals with explicit initializers... 
GPGPU-Sim PTX: finished loading globals (0 bytes total).
GPGPU-Sim PTX: loading constants with explicit initializers...  done.
GPGPU-Sim PTX DEBUG: ptxinfo selected=fa2_fwd_fp16_test.sm_90a.ptx ptxinfo_filename=fa2_fwd_fp16_test.sm_90a.ptx arch=sm_90a
GPGPU-Sim PTX: Loading PTXInfo from fa2_fwd_fp16_test.sm_90a.ptx
GPGPU-Sim PTX: Kernel '_ZN5flash16flash_fwd_kernelI23Flash_fwd_kernel_traitsILi128ELi128ELi64ELi4ELb0ELb0EN7cutlass6half_tE19Flash_kernel_traitsILi128ELi128ELi64ELi4ES3_EELb0ELb1ELb0ELb0ELb1ELb1ELb0ELb0EEEvNS_16Flash_fwd_paramsE' : regs=1, lmem=0, smem(static)=0, cmem=0
GPGPU-Sim PTX: Binary info : gmem=0, cmem=0
GPGPU-Sim PTX: Kernel '_ZN5flash16flash_fwd_kernelI23Flash_fwd_kernel_traitsILi128ELi128ELi64ELi4ELb0ELb0EN7cutlass6half_tE19Flash_kernel_traitsILi128ELi128ELi64ELi4ES3_EELb0ELb1ELb0ELb0ELb1ELb1ELb1ELb0EEEvNS_16Flash_fwd_paramsE' : regs=1, lmem=0, smem(static)=0, cmem=0
GPGPU-Sim PTX: Binary info : gmem=0, cmem=0
GPGPU-Sim PTX: Kernel '_ZN5flash16flash_fwd_kernelI23Flash_fwd_kernel_traitsILi128ELi128ELi64ELi4ELb0ELb0EN7cutlass6half_tE19Flash_kernel_traitsILi128ELi128ELi64ELi4ES3_EELb0ELb1ELb0ELb0ELb0ELb1ELb0ELb0EEEvNS_16Flash_fwd_paramsE' : regs=1, lmem=0, smem(static)=0, cmem=0
GPGPU-Sim PTX: Binary info : gmem=0, cmem=0
GPGPU-Sim PTX: Kernel '_ZN5flash16flash_fwd_kernelI23Flash_fwd_kernel_traitsILi128ELi128ELi64ELi4ELb0ELb0EN7cutlass6half_tE19Flash_kernel_traitsILi128ELi128ELi64ELi4ES3_EELb0ELb1ELb0ELb0ELb0ELb1ELb1ELb0EEEvNS_16Flash_fwd_paramsE' : regs=1, lmem=0, smem(static)=0, cmem=0
GPGPU-Sim PTX: Binary info : gmem=0, cmem=0
GPGPU-Sim PTX: Kernel '_ZN5flash16flash_fwd_kernelI23Flash_fwd_kernel_traitsILi128ELi128ELi64ELi4ELb0ELb0EN7cutlass6half_tE19Flash_kernel_traitsILi128ELi128ELi64ELi4ES3_EELb0ELb1ELb0ELb0ELb0ELb0ELb0ELb0EEEvNS_16Flash_fwd_paramsE' : regs=1, lmem=0, smem(static)=0, cmem=0
GPGPU-Sim PTX: Binary info : gmem=0, cmem=0
GPGPU-Sim PTX: Kernel '_ZN5flash16flash_fwd_kernelI23Flash_fwd_kernel_traitsILi128ELi128ELi64ELi4ELb0ELb0EN7cutlass6half_tE19Flash_kernel_traitsILi128ELi128ELi64ELi4ES3_EELb0ELb1ELb0ELb0ELb0ELb0ELb1ELb0EEEvNS_16Flash_fwd_paramsE' : regs=1, lmem=0, smem(static)=0, cmem=0
GPGPU-Sim PTX: Binary info : gmem=0, cmem=0
GPGPU-Sim PTX: Kernel '_ZN5flash16flash_fwd_kernelI23Flash_fwd_kernel_traitsILi128ELi128ELi64ELi4ELb0ELb0EN7cutlass6half_tE19Flash_kernel_traitsILi128ELi128ELi64ELi4ES3_EELb0ELb1ELb0ELb1ELb0ELb0ELb0ELb0EEEvNS_16Flash_fwd_paramsE' : regs=1, lmem=0, smem(static)=0, cmem=0
GPGPU-Sim PTX: Binary info : gmem=0, cmem=0
GPGPU-Sim PTX: Kernel '_ZN5flash16flash_fwd_kernelI23Flash_fwd_kernel_traitsILi128ELi128ELi64ELi4ELb0ELb0EN7cutlass6half_tE19Flash_kernel_traitsILi128ELi128ELi64ELi4ES3_EELb0ELb1ELb0ELb1ELb0ELb0ELb1ELb0EEEvNS_16Flash_fwd_paramsE' : regs=1, lmem=0, smem(static)=0, cmem=0
GPGPU-Sim PTX: Binary info : gmem=0, cmem=0
GPGPU-Sim PTX: Kernel '_ZN5flash16flash_fwd_kernelI23Flash_fwd_kernel_traitsILi128ELi64ELi64ELi4ELb0ELb0EN7cutlass6half_tE19Flash_kernel_traitsILi128ELi64ELi64ELi4ES3_EELb0ELb1ELb0ELb0ELb1ELb1ELb0ELb0EEEvNS_16Flash_fwd_paramsE' : regs=1, lmem=0, smem(static)=0, cmem=0
GPGPU-Sim PTX: Binary info : gmem=0, cmem=0
GPGPU-Sim PTX: Kernel '_ZN5flash16flash_fwd_kernelI23Flash_fwd_kernel_traitsILi128ELi64ELi64ELi4ELb0ELb0EN7cutlass6half_tE19Flash_kernel_traitsILi128ELi64ELi64ELi4ES3_EELb0ELb1ELb0ELb0ELb1ELb1ELb1ELb0EEEvNS_16Flash_fwd_paramsE' : regs=1, lmem=0, smem(static)=0, cmem=0
GPGPU-Sim PTX: Binary info : gmem=0, cmem=0
GPGPU-Sim PTX: Kernel '_ZN5flash16flash_fwd_kernelI23Flash_fwd_kernel_traitsILi128ELi64ELi64ELi4ELb0ELb0EN7cutlass6half_tE19Flash_kernel_traitsILi128ELi64ELi64ELi4ES3_EELb0ELb1ELb0ELb0ELb0ELb1ELb0ELb0EEEvNS_16Flash_fwd_paramsE' : regs=1, lmem=0, smem(static)=0, cmem=0
GPGPU-Sim PTX: Binary info : gmem=0, cmem=0
GPGPU-Sim PTX: Kernel '_ZN5flash16flash_fwd_kernelI23Flash_fwd_kernel_traitsILi128ELi64ELi64ELi4ELb0ELb0EN7cutlass6half_tE19Flash_kernel_traitsILi128ELi64ELi64ELi4ES3_EELb0ELb1ELb0ELb0ELb0ELb1ELb1ELb0EEEvNS_16Flash_fwd_paramsE' : regs=1, lmem=0, smem(static)=0, cmem=0
GPGPU-Sim PTX: Binary info : gmem=0, cmem=0
GPGPU-Sim PTX: Kernel '_ZN5flash16flash_fwd_kernelI23Flash_fwd_kernel_traitsILi128ELi64ELi64ELi4ELb0ELb0EN7cutlass6half_tE19Flash_kernel_traitsILi128ELi64ELi64ELi4ES3_EELb0ELb1ELb0ELb0ELb0ELb0ELb0ELb0EEEvNS_16Flash_fwd_paramsE' : regs=1, lmem=0, smem(static)=0, cmem=0
GPGPU-Sim PTX: Binary info : gmem=0, cmem=0
GPGPU-Sim PTX: Kernel '_ZN5flash16flash_fwd_kernelI23Flash_fwd_kernel_traitsILi128ELi64ELi64ELi4ELb0ELb0EN7cutlass6half_tE19Flash_kernel_traitsILi128ELi64ELi64ELi4ES3_EELb0ELb1ELb0ELb0ELb0ELb0ELb1ELb0EEEvNS_16Flash_fwd_paramsE' : regs=1, lmem=0, smem(static)=0, cmem=0
GPGPU-Sim PTX: Binary info : gmem=0, cmem=0
GPGPU-Sim PTX: Kernel '_ZN5flash16flash_fwd_kernelI23Flash_fwd_kernel_traitsILi128ELi64ELi64ELi4ELb0ELb0EN7cutlass6half_tE19Flash_kernel_traitsILi128ELi64ELi64ELi4ES3_EELb0ELb1ELb0ELb1ELb0ELb0ELb0ELb0EEEvNS_16Flash_fwd_paramsE' : regs=1, lmem=0, smem(static)=0, cmem=0
GPGPU-Sim PTX: Binary info : gmem=0, cmem=0
GPGPU-Sim PTX: Kernel '_ZN5flash16flash_fwd_kernelI23Flash_fwd_kernel_traitsILi128ELi64ELi64ELi4ELb0ELb0EN7cutlass6half_tE19Flash_kernel_traitsILi128ELi64ELi64ELi4ES3_EELb0ELb1ELb0ELb1ELb0ELb0ELb1ELb0EEEvNS_16Flash_fwd_paramsE' : regs=1, lmem=0, smem(static)=0, cmem=0
GPGPU-Sim PTX: Binary info : gmem=0, cmem=0
GPGPU-Sim PTX: Kernel '_ZN5flash16flash_fwd_kernelI23Flash_fwd_kernel_traitsILi128ELi128ELi32ELi4ELb0ELb0EN7cutlass6half_tE19Flash_kernel_traitsILi128ELi128ELi32ELi4ES3_EELb1ELb1ELb0ELb0ELb0ELb0ELb0ELb0EEEvNS_16Flash_fwd_paramsE' : regs=1, lmem=0, smem(static)=0, cmem=0
GPGPU-Sim PTX: Binary info : gmem=0, cmem=0
GPGPU-Sim PTX: Kernel '_ZN5flash16flash_fwd_kernelI23Flash_fwd_kernel_traitsILi128ELi128ELi32ELi4ELb0ELb0EN7cutlass6half_tE19Flash_kernel_traitsILi128ELi128ELi32ELi4ES3_EELb1ELb1ELb0ELb0ELb1ELb1ELb0ELb0EEEvNS_16Flash_fwd_paramsE' : regs=1, lmem=0, smem(static)=0, cmem=0
GPGPU-Sim PTX: Binary info : gmem=0, cmem=0
GPGPU-Sim PTX: Kernel '_ZN5flash16flash_fwd_kernelI23Flash_fwd_kernel_traitsILi128ELi128ELi32ELi4ELb0ELb0EN7cutlass6half_tE19Flash_kernel_traitsILi128ELi128ELi32ELi4ES3_EELb0ELb1ELb0ELb0ELb1ELb1ELb1ELb0EEEvNS_16Flash_fwd_paramsE' : regs=1, lmem=0, smem(static)=0, cmem=0
GPGPU-Sim PTX: Binary info : gmem=0, cmem=0
GPGPU-Sim PTX: Kernel '_ZN5flash16flash_fwd_kernelI23Flash_fwd_kernel_traitsILi128ELi128ELi32ELi4ELb0ELb0EN7cutlass6half_tE19Flash_kernel_traitsILi128ELi128ELi32ELi4ES3_EELb1ELb1ELb0ELb0ELb0ELb1ELb0ELb0EEEvNS_16Flash_fwd_paramsE' : regs=1, lmem=0, smem(static)=0, cmem=0
GPGPU-Sim PTX: Binary info : gmem=0, cmem=0
GPGPU-Sim PTX: Kernel '_ZN5flash16flash_fwd_kernelI23Flash_fwd_kernel_traitsILi128ELi128ELi32ELi4ELb0ELb0EN7cutlass6half_tE19Flash_kernel_traitsILi128ELi128ELi32ELi4ES3_EELb0ELb1ELb0ELb0ELb0ELb1ELb1ELb0EEEvNS_16Flash_fwd_paramsE' : regs=1, lmem=0, smem(static)=0, cmem=0
GPGPU-Sim PTX: Binary info : gmem=0, cmem=0
GPGPU-Sim PTX: Kernel '_ZN5flash16flash_fwd_kernelI23Flash_fwd_kernel_traitsILi128ELi128ELi32ELi4ELb0ELb0EN7cutlass6half_tE19Flash_kernel_traitsILi128ELi128ELi32ELi4ES3_EELb1ELb1ELb0ELb1ELb0ELb0ELb0ELb0EEEvNS_16Flash_fwd_paramsE' : regs=1, lmem=0, smem(static)=0, cmem=0
GPGPU-Sim PTX: Binary info : gmem=0, cmem=0
GPGPU-Sim PTX: Kernel '_ZN5flash16flash_fwd_kernelI23Flash_fwd_kernel_traitsILi128ELi128ELi32ELi4ELb0ELb0EN7cutlass6half_tE19Flash_kernel_traitsILi128ELi128ELi32ELi4ES3_EELb1ELb1ELb0ELb0ELb0ELb0ELb0ELb1EEEvNS_16Flash_fwd_paramsE' : regs=1, lmem=0, smem(static)=0, cmem=0
GPGPU-Sim PTX: Binary info : gmem=0, cmem=0
GPGPU-Sim PTX: Kernel '_ZN5flash16flash_fwd_kernelI23Flash_fwd_kernel_traitsILi128ELi128ELi32ELi4ELb0ELb0EN7cutlass6half_tE19Flash_kernel_traitsILi128ELi128ELi32ELi4ES3_EELb0ELb1ELb0ELb0ELb0ELb0ELb1ELb0EEEvNS_16Flash_fwd_paramsE' : regs=1, lmem=0, smem(static)=0, cmem=0
GPGPU-Sim PTX: Binary info : gmem=0, cmem=0
GPGPU-Sim PTX: Kernel '_ZN5flash16flash_fwd_kernelI23Flash_fwd_kernel_traitsILi128ELi128ELi32ELi4ELb0ELb0EN7cutlass6half_tE19Flash_kernel_traitsILi128ELi128ELi32ELi4ES3_EELb1ELb1ELb0ELb1ELb0ELb0ELb0ELb1EEEvNS_16Flash_fwd_paramsE' : regs=1, lmem=0, smem(static)=0, cmem=0
GPGPU-Sim PTX: Binary info : gmem=0, cmem=0
GPGPU-Sim PTX: Kernel '_ZN5flash16flash_fwd_kernelI23Flash_fwd_kernel_traitsILi128ELi128ELi32ELi4ELb0ELb0EN7cutlass6half_tE19Flash_kernel_traitsILi128ELi128ELi32ELi4ES3_EELb0ELb1ELb0ELb1ELb0ELb0ELb1ELb0EEEvNS_16Flash_fwd_paramsE' : regs=1, lmem=0, smem(static)=0, cmem=0
GPGPU-Sim PTX: Binary info : gmem=0, cmem=0
GPGPU-Sim PTX: __cudaRegisterFunction _ZN5flash16flash_fwd_kernelI23Flash_fwd_kernel_traitsILi128ELi128ELi64ELi4ELb0ELb0EN7cutlass6half_tE19Flash_kernel_traitsILi128ELi128ELi64ELi4ES3_EELb0ELb1ELb0ELb0ELb1ELb1ELb1ELb0EEEvNS_16Flash_fwd_paramsE : hostFun 0x0x5fc0540f0110, fat_cubin_handle = 1
GPGPU-Sim PTX: __cudaRegisterFunction _ZN5flash16flash_fwd_kernelI23Flash_fwd_kernel_traitsILi128ELi128ELi64ELi4ELb0ELb0EN7cutlass6half_tE19Flash_kernel_traitsILi128ELi128ELi64ELi4ES3_EELb0ELb1ELb0ELb0ELb0ELb1ELb0ELb0EEEvNS_16Flash_fwd_paramsE : hostFun 0x0x5fc0540f0060, fat_cubin_handle = 1
GPGPU-Sim PTX: __cudaRegisterFunction _ZN5flash16flash_fwd_kernelI23Flash_fwd_kernel_traitsILi128ELi128ELi64ELi4ELb0ELb0EN7cutlass6half_tE19Flash_kernel_traitsILi128ELi128ELi64ELi4ES3_EELb0ELb1ELb0ELb0ELb0ELb1ELb1ELb0EEEvNS_16Flash_fwd_paramsE : hostFun 0x0x5fc0540effb0, fat_cubin_handle = 1
GPGPU-Sim PTX: __cudaRegisterFunction _ZN5flash16flash_fwd_kernelI23Flash_fwd_kernel_traitsILi128ELi128ELi64ELi4ELb0ELb0EN7cutlass6half_tE19Flash_kernel_traitsILi128ELi128ELi64ELi4ES3_EELb0ELb1ELb0ELb0ELb0ELb0ELb0ELb0EEEvNS_16Flash_fwd_paramsE : hostFun 0x0x5fc0540eff00, fat_cubin_handle = 1
GPGPU-Sim PTX: __cudaRegisterFunction _ZN5flash16flash_fwd_kernelI23Flash_fwd_kernel_traitsILi128ELi128ELi64ELi4ELb0ELb0EN7cutlass6half_tE19Flash_kernel_traitsILi128ELi128ELi64ELi4ES3_EELb0ELb1ELb0ELb0ELb0ELb0ELb1ELb0EEEvNS_16Flash_fwd_paramsE : hostFun 0x0x5fc0540efe50, fat_cubin_handle = 1
GPGPU-Sim PTX: __cudaRegisterFunction _ZN5flash16flash_fwd_kernelI23Flash_fwd_kernel_traitsILi128ELi128ELi64ELi4ELb0ELb0EN7cutlass6half_tE19Flash_kernel_traitsILi128ELi128ELi64ELi4ES3_EELb0ELb1ELb0ELb1ELb0ELb0ELb0ELb0EEEvNS_16Flash_fwd_paramsE : hostFun 0x0x5fc0540efda0, fat_cubin_handle = 1
GPGPU-Sim PTX: __cudaRegisterFunction _ZN5flash16flash_fwd_kernelI23Flash_fwd_kernel_traitsILi128ELi128ELi64ELi4ELb0ELb0EN7cutlass6half_tE19Flash_kernel_traitsILi128ELi128ELi64ELi4ES3_EELb0ELb1ELb0ELb1ELb0ELb0ELb1ELb0EEEvNS_16Flash_fwd_paramsE : hostFun 0x0x5fc0540efcf0, fat_cubin_handle = 1
GPGPU-Sim PTX: __cudaRegisterFunction _ZN5flash16flash_fwd_kernelI23Flash_fwd_kernel_traitsILi128ELi64ELi64ELi4ELb0ELb0EN7cutlass6half_tE19Flash_kernel_traitsILi128ELi64ELi64ELi4ES3_EELb0ELb1ELb0ELb0ELb1ELb1ELb0ELb0EEEvNS_16Flash_fwd_paramsE : hostFun 0x0x5fc0540efc40, fat_cubin_handle = 1
GPGPU-Sim PTX: __cudaRegisterFunction _ZN5flash16flash_fwd_kernelI23Flash_fwd_kernel_traitsILi128ELi64ELi64ELi4ELb0ELb0EN7cutlass6half_tE19Flash_kernel_traitsILi128ELi64ELi64ELi4ES3_EELb0ELb1ELb0ELb0ELb1ELb1ELb1ELb0EEEvNS_16Flash_fwd_paramsE : hostFun 0x0x5fc0540efb90, fat_cubin_handle = 1
GPGPU-Sim PTX: __cudaRegisterFunction _ZN5flash16flash_fwd_kernelI23Flash_fwd_kernel_traitsILi128ELi64ELi64ELi4ELb0ELb0EN7cutlass6half_tE19Flash_kernel_traitsILi128ELi64ELi64ELi4ES3_EELb0ELb1ELb0ELb0ELb0ELb1ELb0ELb0EEEvNS_16Flash_fwd_paramsE : hostFun 0x0x5fc0540efae0, fat_cubin_handle = 1
GPGPU-Sim PTX: __cudaRegisterFunction _ZN5flash16flash_fwd_kernelI23Flash_fwd_kernel_traitsILi128ELi64ELi64ELi4ELb0ELb0EN7cutlass6half_tE19Flash_kernel_traitsILi128ELi64ELi64ELi4ES3_EELb0ELb1ELb0ELb0ELb0ELb1ELb1ELb0EEEvNS_16Flash_fwd_paramsE : hostFun 0x0x5fc0540f0740, fat_cubin_handle = 1
GPGPU-Sim PTX: __cudaRegisterFunction _ZN5flash16flash_fwd_kernelI23Flash_fwd_kernel_traitsILi128ELi64ELi64ELi4ELb0ELb0EN7cutlass6half_tE19Flash_kernel_traitsILi128ELi64ELi64ELi4ES3_EELb0ELb1ELb0ELb0ELb0ELb0ELb0ELb0EEEvNS_16Flash_fwd_paramsE : hostFun 0x0x5fc0540f0690, fat_cubin_handle = 1
GPGPU-Sim PTX: __cudaRegisterFunction _ZN5flash16flash_fwd_kernelI23Flash_fwd_kernel_traitsILi128ELi64ELi64ELi4ELb0ELb0EN7cutlass6half_tE19Flash_kernel_traitsILi128ELi64ELi64ELi4ES3_EELb0ELb1ELb0ELb0ELb0ELb0ELb1ELb0EEEvNS_16Flash_fwd_paramsE : hostFun 0x0x5fc0540f05e0, fat_cubin_handle = 1
GPGPU-Sim PTX: __cudaRegisterFunction _ZN5flash16flash_fwd_kernelI23Flash_fwd_kernel_traitsILi128ELi64ELi64ELi4ELb0ELb0EN7cutlass6half_tE19Flash_kernel_traitsILi128ELi64ELi64ELi4ES3_EELb0ELb1ELb0ELb1ELb0ELb0ELb0ELb0EEEvNS_16Flash_fwd_paramsE : hostFun 0x0x5fc0540f0530, fat_cubin_handle = 1
GPGPU-Sim PTX: __cudaRegisterFunction _ZN5flash16flash_fwd_kernelI23Flash_fwd_kernel_traitsILi128ELi64ELi64ELi4ELb0ELb0EN7cutlass6half_tE19Flash_kernel_traitsILi128ELi64ELi64ELi4ES3_EELb0ELb1ELb0ELb1ELb0ELb0ELb1ELb0EEEvNS_16Flash_fwd_paramsE : hostFun 0x0x5fc0540f0480, fat_cubin_handle = 1
GPGPU-Sim PTX: __cudaRegisterFunction _ZN5flash16flash_fwd_kernelI23Flash_fwd_kernel_traitsILi128ELi128ELi32ELi4ELb0ELb0EN7cutlass6half_tE19Flash_kernel_traitsILi128ELi128ELi32ELi4ES3_EELb1ELb1ELb0ELb0ELb0ELb0ELb0ELb0EEEvNS_16Flash_fwd_paramsE : hostFun 0x0x5fc0540f03d0, fat_cubin_handle = 1
GPGPU-Sim PTX: __cudaRegisterFunction _ZN5flash16flash_fwd_kernelI23Flash_fwd_kernel_traitsILi128ELi128ELi32ELi4ELb0ELb0EN7cutlass6half_tE19Flash_kernel_traitsILi128ELi128ELi32ELi4ES3_EELb1ELb1ELb0ELb0ELb1ELb1ELb0ELb0EEEvNS_16Flash_fwd_paramsE : hostFun 0x0x5fc0540f0320, fat_cubin_handle = 1
GPGPU-Sim PTX: __cudaRegisterFunction _ZN5flash16flash_fwd_kernelI23Flash_fwd_kernel_traitsILi128ELi128ELi32ELi4ELb0ELb0EN7cutlass6half_tE19Flash_kernel_traitsILi128ELi128ELi32ELi4ES3_EELb0ELb1ELb0ELb0ELb1ELb1ELb1ELb0EEEvNS_16Flash_fwd_paramsE : hostFun 0x0x5fc0540f0270, fat_cubin_handle = 1
GPGPU-Sim PTX: __cudaRegisterFunction _ZN5flash16flash_fwd_kernelI23Flash_fwd_kernel_traitsILi128ELi128ELi32ELi4ELb0ELb0EN7cutlass6half_tE19Flash_kernel_traitsILi128ELi128ELi32ELi4ES3_EELb1ELb1ELb0ELb0ELb0ELb1ELb0ELb0EEEvNS_16Flash_fwd_paramsE : hostFun 0x0x5fc0540f0a00, fat_cubin_handle = 1
GPGPU-Sim PTX: __cudaRegisterFunction _ZN5flash16flash_fwd_kernelI23Flash_fwd_kernel_traitsILi128ELi128ELi32ELi4ELb0ELb0EN7cutlass6half_tE19Flash_kernel_traitsILi128ELi128ELi32ELi4ES3_EELb0ELb1ELb0ELb0ELb0ELb1ELb1ELb0EEEvNS_16Flash_fwd_paramsE : hostFun 0x0x5fc0540f0950, fat_cubin_handle = 1
GPGPU-Sim PTX: __cudaRegisterFunction _ZN5flash16flash_fwd_kernelI23Flash_fwd_kernel_traitsILi128ELi128ELi32ELi4ELb0ELb0EN7cutlass6half_tE19Flash_kernel_traitsILi128ELi128ELi32ELi4ES3_EELb1ELb1ELb0ELb1ELb0ELb0ELb0ELb0EEEvNS_16Flash_fwd_paramsE : hostFun 0x0x5fc0540f08a0, fat_cubin_handle = 1
GPGPU-Sim PTX: __cudaRegisterFunction _ZN5flash16flash_fwd_kernelI23Flash_fwd_kernel_traitsILi128ELi128ELi32ELi4ELb0ELb0EN7cutlass6half_tE19Flash_kernel_traitsILi128ELi128ELi32ELi4ES3_EELb1ELb1ELb0ELb0ELb0ELb0ELb0ELb1EEEvNS_16Flash_fwd_paramsE : hostFun 0x0x5fc0540f07f0, fat_cubin_handle = 1
GPGPU-Sim PTX: __cudaRegisterFunction _ZN5flash16flash_fwd_kernelI23Flash_fwd_kernel_traitsILi128ELi128ELi32ELi4ELb0ELb0EN7cutlass6half_tE19Flash_kernel_traitsILi128ELi128ELi32ELi4ES3_EELb0ELb1ELb0ELb0ELb0ELb0ELb1ELb0EEEvNS_16Flash_fwd_paramsE : hostFun 0x0x5fc0540f0b60, fat_cubin_handle = 1
GPGPU-Sim PTX: __cudaRegisterFunction _ZN5flash16flash_fwd_kernelI23Flash_fwd_kernel_traitsILi128ELi128ELi32ELi4ELb0ELb0EN7cutlass6half_tE19Flash_kernel_traitsILi128ELi128ELi32ELi4ES3_EELb1ELb1ELb0ELb1ELb0ELb0ELb0ELb1EEEvNS_16Flash_fwd_paramsE : hostFun 0x0x5fc0540f0ab0, fat_cubin_handle = 1
GPGPU-Sim PTX: __cudaRegisterFunction _ZN5flash16flash_fwd_kernelI23Flash_fwd_kernel_traitsILi128ELi128ELi32ELi4ELb0ELb0EN7cutlass6half_tE19Flash_kernel_traitsILi128ELi128ELi32ELi4ES3_EELb0ELb1ELb0ELb1ELb0ELb0ELb1ELb0EEEvNS_16Flash_fwd_paramsE : hostFun 0x0x5fc0540efa30, fat_cubin_handle = 1
Running main() from gtest/googletest/src/gtest_main.cc
Note: Google Test filter = Fa2PrefillFp16SmallTest.H16D128CausalB32S256
[==========] Running 1 test from 1 test suite.
[----------] Global test environment set-up.
[----------] 1 test from Fa2PrefillFp16SmallTest
[ RUN      ] Fa2PrefillFp16SmallTest.H16D128CausalB32S256
GPGPU-Sim PTX: Execution warning: ignoring call to "cudaError_t cudaFuncSetAttribute(const void*, cudaFuncAttribute, int) ( func=0x5fc0540f01c0, attr=8, value=65536 )"
GPGPU-Sim PTX: Setting up arguments for 472 bytes starting at 0x7ffffbca4720..

GPGPU-Sim PTX: cudaLaunch for 0x0x5fc0540f01c0 (mode=performance simulation) on stream 0
>>>>> Binding parameter _ZN5flash16flash_fwd_kernelI23Flash_fwd_kernel_traitsILi128ELi128ELi64ELi4ELb0ELb0EN7cutlass6half_tE19Flash_kernel_traitsILi128ELi128ELi64ELi4ES3_EELb0ELb1ELb0ELb0ELb1ELb1ELb0ELb0EEEvNS_16Flash_fwd_paramsE argn=0 scratchpad_memory_param=0
GPGPU-Sim PTX: Setting up dynamic shared memory: size=65536 bytes
GPGPU-Sim PTX: Allocating local dyn shared mem symbol _ZN5flash5smem_E from 0x0 to 0x10000 (size 65536)
GPGPU-Sim PTX: Kernel '_ZN5flash16flash_fwd_kernelI23Flash_fwd_kernel_traitsILi128ELi128ELi64ELi4ELb0ELb0EN7cutlass6half_tE19Flash_kernel_traitsILi128ELi128ELi64ELi4ES3_EELb0ELb1ELb0ELb0ELb1ELb1ELb0ELb0EEEvNS_16Flash_fwd_paramsE' : smem(static)=0, smem(dynamic)=65536, total_smem=65536
GPGPU-Sim PTX: finding reconvergence points for '_ZN5flash16flash_fwd_kernelI23Flash_fwd_kernel_traitsILi128ELi128ELi64ELi4ELb0ELb0EN7cutlass6half_tE19Flash_kernel_traitsILi128ELi128ELi64ELi4ES3_EELb0ELb1ELb0ELb0ELb1ELb1ELb0ELb0EEEvNS_16Flash_fwd_paramsE'...
GPGPU-Sim PTX: Finding dominators for '_ZN5flash16flash_fwd_kernelI23Flash_fwd_kernel_traitsILi128ELi128ELi64ELi4ELb0ELb0EN7cutlass6half_tE19Flash_kernel_traitsILi128ELi128ELi64ELi4ES3_EELb0ELb1ELb0ELb0ELb1ELb1ELb0ELb0EEEvNS_16Flash_fwd_paramsE'...
GPGPU-Sim PTX: Finding immediate dominators for '_ZN5flash16flash_fwd_kernelI23Flash_fwd_kernel_traitsILi128ELi128ELi64ELi4ELb0ELb0EN7cutlass6half_tE19Flash_kernel_traitsILi128ELi128ELi64ELi4ES3_EELb0ELb1ELb0ELb0ELb1ELb1ELb0ELb0EEEvNS_16Flash_fwd_paramsE'...
GPGPU-Sim PTX: Finding postdominators for '_ZN5flash16flash_fwd_kernelI23Flash_fwd_kernel_traitsILi128ELi128ELi64ELi4ELb0ELb0EN7cutlass6half_tE19Flash_kernel_traitsILi128ELi128ELi64ELi4ES3_EELb0ELb1ELb0ELb0ELb1ELb1ELb0ELb0EEEvNS_16Flash_fwd_paramsE'...
GPGPU-Sim PTX: Finding immediate postdominators for '_ZN5flash16flash_fwd_kernelI23Flash_fwd_kernel_traitsILi128ELi128ELi64ELi4ELb0ELb0EN7cutlass6half_tE19Flash_kernel_traitsILi128ELi128ELi64ELi4ES3_EELb0ELb1ELb0ELb0ELb1ELb1ELb0ELb0EEEvNS_16Flash_fwd_paramsE'...
GPGPU-Sim PTX: pre-decoding instructions for '_ZN5flash16flash_fwd_kernelI23Flash_fwd_kernel_traitsILi128ELi128ELi64ELi4ELb0ELb0EN7cutlass6half_tE19Flash_kernel_traitsILi128ELi128ELi64ELi4ES3_EELb0ELb1ELb0ELb0ELb1ELb1ELb0ELb0EEEvNS_16Flash_fwd_paramsE'...
GPGPU-Sim PTX: reconvergence points for _ZN5flash16flash_fwd_kernelI23Flash_fwd_kernel_traitsILi128ELi128ELi64ELi4ELb0ELb0EN7cutlass6half_tE19Flash_kernel_traitsILi128ELi128ELi64ELi4ES3_EELb0ELb1ELb0ELb0ELb1ELb1ELb0ELb0EEEvNS_16Flash_fwd_paramsE...
GPGPU-Sim PTX:  1 (potential) branch divergence @  PC=0x104148 (fa2_fwd_fp16_test.sm_90a.ptx:316267) @%p3 bra $L__BB25_2;
GPGPU-Sim PTX:    immediate post dominator      @  PC=0x104170 (fa2_fwd_fp16_test.sm_90a.ptx:316276) ld.param.u64 %rd4, [%rd1+68];
GPGPU-Sim PTX:  2 (potential) branch divergence @  PC=0x104180 (fa2_fwd_fp16_test.sm_90a.ptx:316278) @%p4 bra $L__BB25_4;
GPGPU-Sim PTX:    immediate post dominator      @  PC=0x1041f0 (fa2_fwd_fp16_test.sm_90a.ptx:316302) shl.b32 %r11, %r1, 7;
GPGPU-Sim PTX:  3 (potential) branch divergence @  PC=0x1041b0 (fa2_fwd_fp16_test.sm_90a.ptx:316285) bra.uni $L__BB25_5;
GPGPU-Sim PTX:    immediate post dominator      @  PC=0x1041f0 (fa2_fwd_fp16_test.sm_90a.ptx:316302) shl.b32 %r11, %r1, 7;
GPGPU-Sim PTX:  4 (potential) branch divergence @  PC=0x104200 (fa2_fwd_fp16_test.sm_90a.ptx:316304) @%p6 bra $L__BB25_62;
GPGPU-Sim PTX:    immediate post dominator      @  PC=0x10bf58 (fa2_fwd_fp16_test.sm_90a.ptx:326047) ret;
GPGPU-Sim PTX:  5 (potential) branch divergence @  PC=0x104288 (fa2_fwd_fp16_test.sm_90a.ptx:316330) @%p7 bra $L__BB25_43;
GPGPU-Sim PTX:    immediate post dominator      @  PC=0x10bf58 (fa2_fwd_fp16_test.sm_90a.ptx:326047) ret;
GPGPU-Sim PTX:  6 (potential) branch divergence @  PC=0x1051a8 (fa2_fwd_fp16_test.sm_90a.ptx:318120) @%p12 bra $L__BB25_9;
GPGPU-Sim PTX:    immediate post dominator      @  PC=0x105260 (fa2_fwd_fp16_test.sm_90a.ptx:318201) shl.b32 %r2292, %r6575, 6;
GPGPU-Sim PTX:  7 (potential) branch divergence @  PC=0x106948 (fa2_fwd_fp16_test.sm_90a.ptx:319712) @%p89 bra $L__BB25_14;
GPGPU-Sim PTX:    immediate post dominator      @  PC=0x108c08 (fa2_fwd_fp16_test.sm_90a.ptx:322201) setp.lt.s32 %p168, %r6577, 0;
GPGPU-Sim PTX:  8 (potential) branch divergence @  PC=0x107438 (fa2_fwd_fp16_test.sm_90a.ptx:320705) @%p154 bra $L__BB25_12;
GPGPU-Sim PTX:    immediate post dominator      @  PC=0x1074f8 (fa2_fwd_fp16_test.sm_90a.ptx:320782) max.ftz.f32 %f5815, %f9192, %f202;
GPGPU-Sim PTX:  9 (potential) branch divergence @  PC=0x108b58 (fa2_fwd_fp16_test.sm_90a.ptx:322155) @%p167 bra $L__BB25_14;
GPGPU-Sim PTX:    immediate post dominator      @  PC=0x108c08 (fa2_fwd_fp16_test.sm_90a.ptx:322201) setp.lt.s32 %p168, %r6577, 0;
GPGPU-Sim PTX: 10 (potential) branch divergence @  PC=0x108b60 (fa2_fwd_fp16_test.sm_90a.ptx:322156) bra.uni $L__BB25_13;
GPGPU-Sim PTX:    immediate post dominator      @  PC=0x108be0 (fa2_fwd_fp16_test.sm_90a.ptx:322193) add.s32 %r6577, %r13, -3;
GPGPU-Sim PTX: 11 (potential) branch divergence @  PC=0x108b70 (fa2_fwd_fp16_test.sm_90a.ptx:322161) bra.uni $L__BB25_15;
GPGPU-Sim PTX:    immediate post dominator      @  PC=0x108c08 (fa2_fwd_fp16_test.sm_90a.ptx:322201) setp.lt.s32 %p168, %r6577, 0;
GPGPU-Sim PTX: 12 (potential) branch divergence @  PC=0x108bb8 (fa2_fwd_fp16_test.sm_90a.ptx:322184) @%p2 bra $L__BB25_45;
GPGPU-Sim PTX:    immediate post dominator      @  PC=0x10baa8 (fa2_fwd_fp16_test.sm_90a.ptx:325789) shr.s32 %r6519, %r4, 31;
GPGPU-Sim PTX: 13 (potential) branch divergence @  PC=0x108bd8 (fa2_fwd_fp16_test.sm_90a.ptx:322189) bra.uni $L__BB25_46;
GPGPU-Sim PTX:    immediate post dominator      @  PC=0x10baa8 (fa2_fwd_fp16_test.sm_90a.ptx:325789) shr.s32 %r6519, %r4, 31;
GPGPU-Sim PTX: 14 (potential) branch divergence @  PC=0x108c10 (fa2_fwd_fp16_test.sm_90a.ptx:322202) @%p168 bra $L__BB25_20;
GPGPU-Sim PTX:    immediate post dominator      @  PC=0x10a9d8 (fa2_fwd_fp16_test.sm_90a.ptx:324591) mov.b64 %rd359, _ZN5flash16flash_fwd_kernelI23Flash_fwd_kernel_traitsILi128ELi128ELi64ELi4ELb0ELb0EN7cutlass6half_tE19Flash_kernel_traitsILi128ELi128ELi64ELi4ES3_EELb0ELb1ELb0ELb0ELb1ELb1ELb0ELb0EEEvNS_16Flash_fwd_paramsE_param_0;
GPGPU-Sim PTX: 15 (potential) branch divergence @  PC=0x109300 (fa2_fwd_fp16_test.sm_90a.ptx:323092) @%p169 bra $L__BB25_18;
GPGPU-Sim PTX:    immediate post dominator      @  PC=0x1093c8 (fa2_fwd_fp16_test.sm_90a.ptx:323185) max.ftz.f32 %f8215, %f9056, %f6999;
GPGPU-Sim PTX: 16 (potential) branch divergence @  PC=0x109308 (fa2_fwd_fp16_test.sm_90a.ptx:323093) bra.uni $L__BB25_19;
GPGPU-Sim PTX:    immediate post dominator      @  PC=0x1093c8 (fa2_fwd_fp16_test.sm_90a.ptx:323185) max.ftz.f32 %f8215, %f9056, %f6999;
GPGPU-Sim PTX: 17 (potential) branch divergence @  PC=0x10a9d0 (fa2_fwd_fp16_test.sm_90a.ptx:324587) @%p169 bra $L__BB25_17;
GPGPU-Sim PTX:    immediate post dominator      @  PC=0x10a9d8 (fa2_fwd_fp16_test.sm_90a.ptx:324591) mov.b64 %rd359, _ZN5flash16flash_fwd_kernelI23Flash_fwd_kernel_traitsILi128ELi128ELi64ELi4ELb0ELb0EN7cutlass6half_tE19Flash_kernel_traitsILi128ELi128ELi64ELi4ES3_EELb0ELb1ELb0ELb0ELb1ELb1ELb0ELb0EEEvNS_16Flash_fwd_paramsE_param_0;
GPGPU-Sim PTX: 18 (potential) branch divergence @  PC=0x10ab30 (fa2_fwd_fp16_test.sm_90a.ptx:324668) @%p191 bra $L__BB25_22;
GPGPU-Sim PTX:    immediate post dominator      @  PC=0x10ab58 (fa2_fwd_fp16_test.sm_90a.ptx:324678) mul.ftz.f32 %f1155, %f9190, %f9199;
GPGPU-Sim PTX: 19 (potential) branch divergence @  PC=0x10ac60 (fa2_fwd_fp16_test.sm_90a.ptx:324712) @%p192 bra $L__BB25_24;
GPGPU-Sim PTX:    immediate post dominator      @  PC=0x10ac88 (fa2_fwd_fp16_test.sm_90a.ptx:324756) mov.f32 %f9206, 0f7F800000;
GPGPU-Sim PTX: 20 (potential) branch divergence @  PC=0x10adb0 (fa2_fwd_fp16_test.sm_90a.ptx:324760) @%p193 bra $L__BB25_26;
GPGPU-Sim PTX:    immediate post dominator      @  PC=0x10add8 (fa2_fwd_fp16_test.sm_90a.ptx:324770) mul.ftz.f32 %f1227, %f9186, %f9203;
GPGPU-Sim PTX: 21 (potential) branch divergence @  PC=0x10aee0 (fa2_fwd_fp16_test.sm_90a.ptx:324804) @%p194 bra $L__BB25_28;
GPGPU-Sim PTX:    immediate post dominator      @  PC=0x10af08 (fa2_fwd_fp16_test.sm_90a.ptx:324824) mov.u32 %r6543, %tid.x;
GPGPU-Sim PTX: 22 (potential) branch divergence @  PC=0x10b5c0 (fa2_fwd_fp16_test.sm_90a.ptx:325395) @%p201 bra $L__BB25_30;
GPGPU-Sim PTX:    immediate post dominator      @  PC=0x10b5f0 (fa2_fwd_fp16_test.sm_90a.ptx:325409) mov.b64 %rd361, _ZN5flash16flash_fwd_kernelI23Flash_fwd_kernel_traitsILi128ELi128ELi64ELi4ELb0ELb0EN7cutlass6half_tE19Flash_kernel_traitsILi128ELi128ELi64ELi4ES3_EELb0ELb1ELb0ELb0ELb1ELb1ELb0ELb0EEEvNS_16Flash_fwd_paramsE_param_0;
GPGPU-Sim PTX: 23 (potential) branch divergence @  PC=0x10b610 (fa2_fwd_fp16_test.sm_90a.ptx:325417) @%p203 bra $L__BB25_32;
GPGPU-Sim PTX:    immediate post dominator      @  PC=0x10b680 (fa2_fwd_fp16_test.sm_90a.ptx:325443) mov.u32 %r6572, %tid.x;
GPGPU-Sim PTX: 24 (potential) branch divergence @  PC=0x10b640 (fa2_fwd_fp16_test.sm_90a.ptx:325427) bra.uni $L__BB25_33;
GPGPU-Sim PTX:    immediate post dominator      @  PC=0x10b680 (fa2_fwd_fp16_test.sm_90a.ptx:325443) mov.u32 %r6572, %tid.x;
GPGPU-Sim PTX: 25 (potential) branch divergence @  PC=0x10b7a8 (fa2_fwd_fp16_test.sm_90a.ptx:325526) @%p205 bra $L__BB25_42;
GPGPU-Sim PTX:    immediate post dominator      @  PC=0x10b948 (fa2_fwd_fp16_test.sm_90a.ptx:325656) mov.u32 %r6548, %ctaid.y;
GPGPU-Sim PTX: 26 (potential) branch divergence @  PC=0x10b838 (fa2_fwd_fp16_test.sm_90a.ptx:325567) @%p206 bra $L__BB25_36;
GPGPU-Sim PTX:    immediate post dominator      @  PC=0x10b870 (fa2_fwd_fp16_test.sm_90a.ptx:325596) add.s32 %r161, %r159, 8;
GPGPU-Sim PTX: 27 (potential) branch divergence @  PC=0x10b880 (fa2_fwd_fp16_test.sm_90a.ptx:325599) @%p207 bra $L__BB25_38;
GPGPU-Sim PTX:    immediate post dominator      @  PC=0x10b8b8 (fa2_fwd_fp16_test.sm_90a.ptx:325618) add.s32 %r162, %r159, 64;
GPGPU-Sim PTX: 28 (potential) branch divergence @  PC=0x10b8c8 (fa2_fwd_fp16_test.sm_90a.ptx:325621) @%p208 bra $L__BB25_40;
GPGPU-Sim PTX:    immediate post dominator      @  PC=0x10b900 (fa2_fwd_fp16_test.sm_90a.ptx:325635) add.s32 %r163, %r159, 72;
GPGPU-Sim PTX: 29 (potential) branch divergence @  PC=0x10b910 (fa2_fwd_fp16_test.sm_90a.ptx:325638) @%p209 bra $L__BB25_42;
GPGPU-Sim PTX:    immediate post dominator      @  PC=0x10b948 (fa2_fwd_fp16_test.sm_90a.ptx:325656) mov.u32 %r6548, %ctaid.y;
GPGPU-Sim PTX: 30 (potential) branch divergence @  PC=0x10ba70 (fa2_fwd_fp16_test.sm_90a.ptx:325715) bra.uni $L__BB25_62;
GPGPU-Sim PTX:    immediate post dominator      @  PC=0x10bf58 (fa2_fwd_fp16_test.sm_90a.ptx:326047) ret;
GPGPU-Sim PTX: 31 (potential) branch divergence @  PC=0x10bcb0 (fa2_fwd_fp16_test.sm_90a.ptx:325883) @%p215 bra $L__BB25_48;
GPGPU-Sim PTX:    immediate post dominator      @  PC=0x10bcf0 (fa2_fwd_fp16_test.sm_90a.ptx:325914) add.s32 %r174, %r171, 16;
GPGPU-Sim PTX: 32 (potential) branch divergence @  PC=0x10bd08 (fa2_fwd_fp16_test.sm_90a.ptx:325918) @%p218 bra $L__BB25_50;
GPGPU-Sim PTX:    immediate post dominator      @  PC=0x10bd48 (fa2_fwd_fp16_test.sm_90a.ptx:325933) add.s32 %r175, %r171, 32;
GPGPU-Sim PTX: 33 (potential) branch divergence @  PC=0x10bd60 (fa2_fwd_fp16_test.sm_90a.ptx:325937) @%p221 bra $L__BB25_52;
GPGPU-Sim PTX:    immediate post dominator      @  PC=0x10bda0 (fa2_fwd_fp16_test.sm_90a.ptx:325952) add.s32 %r176, %r171, 48;
GPGPU-Sim PTX: 34 (potential) branch divergence @  PC=0x10bdb8 (fa2_fwd_fp16_test.sm_90a.ptx:325956) @%p224 bra $L__BB25_54;
GPGPU-Sim PTX:    immediate post dominator      @  PC=0x10bdf8 (fa2_fwd_fp16_test.sm_90a.ptx:325971) add.s32 %r177, %r171, 64;
GPGPU-Sim PTX: 35 (potential) branch divergence @  PC=0x10be10 (fa2_fwd_fp16_test.sm_90a.ptx:325975) @%p227 bra $L__BB25_56;
GPGPU-Sim PTX:    immediate post dominator      @  PC=0x10be50 (fa2_fwd_fp16_test.sm_90a.ptx:325990) add.s32 %r178, %r171, 80;
GPGPU-Sim PTX: 36 (potential) branch divergence @  PC=0x10be68 (fa2_fwd_fp16_test.sm_90a.ptx:325994) @%p230 bra $L__BB25_58;
GPGPU-Sim PTX:    immediate post dominator      @  PC=0x10bea8 (fa2_fwd_fp16_test.sm_90a.ptx:326009) add.s32 %r179, %r171, 96;
GPGPU-Sim PTX: 37 (potential) branch divergence @  PC=0x10bec0 (fa2_fwd_fp16_test.sm_90a.ptx:326013) @%p233 bra $L__BB25_60;
GPGPU-Sim PTX:    immediate post dominator      @  PC=0x10bf00 (fa2_fwd_fp16_test.sm_90a.ptx:326028) add.s32 %r180, %r171, 112;
GPGPU-Sim PTX: 38 (potential) branch divergence @  PC=0x10bf18 (fa2_fwd_fp16_test.sm_90a.ptx:326032) @%p236 bra $L__BB25_62;
GPGPU-Sim PTX:    immediate post dominator      @  PC=0x10bf58 (fa2_fwd_fp16_test.sm_90a.ptx:326047) ret;
GPGPU-Sim PTX: ... end of reconvergence points for _ZN5flash16flash_fwd_kernelI23Flash_fwd_kernel_traitsILi128ELi128ELi64ELi4ELb0ELb0EN7cutlass6half_tE19Flash_kernel_traitsILi128ELi128ELi64ELi4ES3_EELb0ELb1ELb0ELb0ELb1ELb1ELb0ELb0EEEvNS_16Flash_fwd_paramsE
GPGPU-Sim PTX: ... done pre-decoding instructions for '_ZN5flash16flash_fwd_kernelI23Flash_fwd_kernel_traitsILi128ELi128ELi64ELi4ELb0ELb0EN7cutlass6half_tE19Flash_kernel_traitsILi128ELi128ELi64ELi4ES3_EELb0ELb1ELb0ELb0ELb1ELb1ELb0ELb0EEEvNS_16Flash_fwd_paramsE'.
GPGPU-Sim PTX: pushing kernel '_ZN5flash16flash_fwd_kernelI23Flash_fwd_kernel_traitsILi128ELi128ELi64ELi4ELb0ELb0EN7cutlass6half_tE19Flash_kernel_traitsILi128ELi128ELi64ELi4ES3_EELb0ELb1ELb0ELb0ELb1ELb1ELb0ELb0EEEvNS_16Flash_fwd_paramsE' to stream 0, gridDim= (2,32,16) blockDim = (128,1,1) 
GPGPU-Sim uArch: Shader 0 bind to kernel 1 '_ZN5flash16flash_fwd_kernelI23Flash_fwd_kernel_traitsILi128ELi128ELi64ELi4ELb0ELb0EN7cutlass6half_tE19Flash_kernel_traitsILi128ELi128ELi64ELi4ES3_EELb0ELb1ELb0ELb0ELb1ELb1ELb0ELb0EEEvNS_16Flash_fwd_paramsE'
GPGPU-Sim uArch: CTA/core = 2, limited by: shmem
GPGPU-Sim: Reconfigure L1 cache to 124KB
GPGPU-Sim uArch: Shader 1 bind to kernel 1 '_ZN5flash16flash_fwd_kernelI23Flash_fwd_kernel_traitsILi128ELi128ELi64ELi4ELb0ELb0EN7cutlass6half_tE19Flash_kernel_traitsILi128ELi128ELi64ELi4ES3_EELb0ELb1ELb0ELb0ELb1ELb1ELb0ELb0EEEvNS_16Flash_fwd_paramsE'
GPGPU-Sim uArch: Shader 2 bind to kernel 1 '_ZN5flash16flash_fwd_kernelI23Flash_fwd_kernel_traitsILi128ELi128ELi64ELi4ELb0ELb0EN7cutlass6half_tE19Flash_kernel_traitsILi128ELi128ELi64ELi4ES3_EELb0ELb1ELb0ELb0ELb1ELb1ELb0ELb0EEEvNS_16Flash_fwd_paramsE'
GPGPU-Sim uArch: Shader 3 bind to kernel 1 '_ZN5flash16flash_fwd_kernelI23Flash_fwd_kernel_traitsILi128ELi128ELi64ELi4ELb0ELb0EN7cutlass6half_tE19Flash_kernel_traitsILi128ELi128ELi64ELi4ES3_EELb0ELb1ELb0ELb0ELb1ELb1ELb0ELb0EEEvNS_16Flash_fwd_paramsE'
GPGPU-Sim uArch: Shader 4 bind to kernel 1 '_ZN5flash16flash_fwd_kernelI23Flash_fwd_kernel_traitsILi128ELi128ELi64ELi4ELb0ELb0EN7cutlass6half_tE19Flash_kernel_traitsILi128ELi128ELi64ELi4ES3_EELb0ELb1ELb0ELb0ELb1ELb1ELb0ELb0EEEvNS_16Flash_fwd_paramsE'
GPGPU-Sim uArch: Shader 5 bind to kernel 1 '_ZN5flash16flash_fwd_kernelI23Flash_fwd_kernel_traitsILi128ELi128ELi64ELi4ELb0ELb0EN7cutlass6half_tE19Flash_kernel_traitsILi128ELi128ELi64ELi4ES3_EELb0ELb1ELb0ELb0ELb1ELb1ELb0ELb0EEEvNS_16Flash_fwd_paramsE'
GPGPU-Sim uArch: Shader 6 bind to kernel 1 '_ZN5flash16flash_fwd_kernelI23Flash_fwd_kernel_traitsILi128ELi128ELi64ELi4ELb0ELb0EN7cutlass6half_tE19Flash_kernel_traitsILi128ELi128ELi64ELi4ES3_EELb0ELb1ELb0ELb0ELb1ELb1ELb0ELb0EEEvNS_16Flash_fwd_paramsE'
GPGPU-Sim uArch: Shader 7 bind to kernel 1 '_ZN5flash16flash_fwd_kernelI23Flash_fwd_kernel_traitsILi128ELi128ELi64ELi4ELb0ELb0EN7cutlass6half_tE19Flash_kernel_traitsILi128ELi128ELi64ELi4ES3_EELb0ELb1ELb0ELb0ELb1ELb1ELb0ELb0EEEvNS_16Flash_fwd_paramsE'
GPGPU-Sim uArch: Shader 8 bind to kernel 1 '_ZN5flash16flash_fwd_kernelI23Flash_fwd_kernel_traitsILi128ELi128ELi64ELi4ELb0ELb0EN7cutlass6half_tE19Flash_kernel_traitsILi128ELi128ELi64ELi4ES3_EELb0ELb1ELb0ELb0ELb1ELb1ELb0ELb0EEEvNS_16Flash_fwd_paramsE'
GPGPU-Sim uArch: Shader 9 bind to kernel 1 '_ZN5flash16flash_fwd_kernelI23Flash_fwd_kernel_traitsILi128ELi128ELi64ELi4ELb0ELb0EN7cutlass6half_tE19Flash_kernel_traitsILi128ELi128ELi64ELi4ES3_EELb0ELb1ELb0ELb0ELb1ELb1ELb0ELb0EEEvNS_16Flash_fwd_paramsE'
GPGPU-Sim uArch: Shader 10 bind to kernel 1 '_ZN5flash16flash_fwd_kernelI23Flash_fwd_kernel_traitsILi128ELi128ELi64ELi4ELb0ELb0EN7cutlass6half_tE19Flash_kernel_traitsILi128ELi128ELi64ELi4ES3_EELb0ELb1ELb0ELb0ELb1ELb1ELb0ELb0EEEvNS_16Flash_fwd_paramsE'
GPGPU-Sim uArch: Shader 11 bind to kernel 1 '_ZN5flash16flash_fwd_kernelI23Flash_fwd_kernel_traitsILi128ELi128ELi64ELi4ELb0ELb0EN7cutlass6half_tE19Flash_kernel_traitsILi128ELi128ELi64ELi4ES3_EELb0ELb1ELb0ELb0ELb1ELb1ELb0ELb0EEEvNS_16Flash_fwd_paramsE'
GPGPU-Sim uArch: Shader 12 bind to kernel 1 '_ZN5flash16flash_fwd_kernelI23Flash_fwd_kernel_traitsILi128ELi128ELi64ELi4ELb0ELb0EN7cutlass6half_tE19Flash_kernel_traitsILi128ELi128ELi64ELi4ES3_EELb0ELb1ELb0ELb0ELb1ELb1ELb0ELb0EEEvNS_16Flash_fwd_paramsE'
GPGPU-Sim uArch: Shader 13 bind to kernel 1 '_ZN5flash16flash_fwd_kernelI23Flash_fwd_kernel_traitsILi128ELi128ELi64ELi4ELb0ELb0EN7cutlass6half_tE19Flash_kernel_traitsILi128ELi128ELi64ELi4ES3_EELb0ELb1ELb0ELb0ELb1ELb1ELb0ELb0EEEvNS_16Flash_fwd_paramsE'
GPGPU-Sim uArch: Shader 14 bind to kernel 1 '_ZN5flash16flash_fwd_kernelI23Flash_fwd_kernel_traitsILi128ELi128ELi64ELi4ELb0ELb0EN7cutlass6half_tE19Flash_kernel_traitsILi128ELi128ELi64ELi4ES3_EELb0ELb1ELb0ELb0ELb1ELb1ELb0ELb0EEEvNS_16Flash_fwd_paramsE'
GPGPU-Sim uArch: Shader 15 bind to kernel 1 '_ZN5flash16flash_fwd_kernelI23Flash_fwd_kernel_traitsILi128ELi128ELi64ELi4ELb0ELb0EN7cutlass6half_tE19Flash_kernel_traitsILi128ELi128ELi64ELi4ES3_EELb0ELb1ELb0ELb0ELb1ELb1ELb0ELb0EEEvNS_16Flash_fwd_paramsE'
GPGPU-Sim uArch: Shader 16 bind to kernel 1 '_ZN5flash16flash_fwd_kernelI23Flash_fwd_kernel_traitsILi128ELi128ELi64ELi4ELb0ELb0EN7cutlass6half_tE19Flash_kernel_traitsILi128ELi128ELi64ELi4ES3_EELb0ELb1ELb0ELb0ELb1ELb1ELb0ELb0EEEvNS_16Flash_fwd_paramsE'
GPGPU-Sim uArch: Shader 17 bind to kernel 1 '_ZN5flash16flash_fwd_kernelI23Flash_fwd_kernel_traitsILi128ELi128ELi64ELi4ELb0ELb0EN7cutlass6half_tE19Flash_kernel_traitsILi128ELi128ELi64ELi4ES3_EELb0ELb1ELb0ELb0ELb1ELb1ELb0ELb0EEEvNS_16Flash_fwd_paramsE'
GPGPU-Sim uArch: Shader 18 bind to kernel 1 '_ZN5flash16flash_fwd_kernelI23Flash_fwd_kernel_traitsILi128ELi128ELi64ELi4ELb0ELb0EN7cutlass6half_tE19Flash_kernel_traitsILi128ELi128ELi64ELi4ES3_EELb0ELb1ELb0ELb0ELb1ELb1ELb0ELb0EEEvNS_16Flash_fwd_paramsE'
GPGPU-Sim uArch: Shader 19 bind to kernel 1 '_ZN5flash16flash_fwd_kernelI23Flash_fwd_kernel_traitsILi128ELi128ELi64ELi4ELb0ELb0EN7cutlass6half_tE19Flash_kernel_traitsILi128ELi128ELi64ELi4ES3_EELb0ELb1ELb0ELb0ELb1ELb1ELb0ELb0EEEvNS_16Flash_fwd_paramsE'
GPGPU-Sim uArch: Shader 20 bind to kernel 1 '_ZN5flash16flash_fwd_kernelI23Flash_fwd_kernel_traitsILi128ELi128ELi64ELi4ELb0ELb0EN7cutlass6half_tE19Flash_kernel_traitsILi128ELi128ELi64ELi4ES3_EELb0ELb1ELb0ELb0ELb1ELb1ELb0ELb0EEEvNS_16Flash_fwd_paramsE'
GPGPU-Sim uArch: Shader 21 bind to kernel 1 '_ZN5flash16flash_fwd_kernelI23Flash_fwd_kernel_traitsILi128ELi128ELi64ELi4ELb0ELb0EN7cutlass6half_tE19Flash_kernel_traitsILi128ELi128ELi64ELi4ES3_EELb0ELb1ELb0ELb0ELb1ELb1ELb0ELb0EEEvNS_16Flash_fwd_paramsE'
GPGPU-Sim uArch: Shader 22 bind to kernel 1 '_ZN5flash16flash_fwd_kernelI23Flash_fwd_kernel_traitsILi128ELi128ELi64ELi4ELb0ELb0EN7cutlass6half_tE19Flash_kernel_traitsILi128ELi128ELi64ELi4ES3_EELb0ELb1ELb0ELb0ELb1ELb1ELb0ELb0EEEvNS_16Flash_fwd_paramsE'
GPGPU-Sim uArch: Shader 23 bind to kernel 1 '_ZN5flash16flash_fwd_kernelI23Flash_fwd_kernel_traitsILi128ELi128ELi64ELi4ELb0ELb0EN7cutlass6half_tE19Flash_kernel_traitsILi128ELi128ELi64ELi4ES3_EELb0ELb1ELb0ELb0ELb1ELb1ELb0ELb0EEEvNS_16Flash_fwd_paramsE'
GPGPU-Sim uArch: Shader 24 bind to kernel 1 '_ZN5flash16flash_fwd_kernelI23Flash_fwd_kernel_traitsILi128ELi128ELi64ELi4ELb0ELb0EN7cutlass6half_tE19Flash_kernel_traitsILi128ELi128ELi64ELi4ES3_EELb0ELb1ELb0ELb0ELb1ELb1ELb0ELb0EEEvNS_16Flash_fwd_paramsE'
GPGPU-Sim uArch: Shader 25 bind to kernel 1 '_ZN5flash16flash_fwd_kernelI23Flash_fwd_kernel_traitsILi128ELi128ELi64ELi4ELb0ELb0EN7cutlass6half_tE19Flash_kernel_traitsILi128ELi128ELi64ELi4ES3_EELb0ELb1ELb0ELb0ELb1ELb1ELb0ELb0EEEvNS_16Flash_fwd_paramsE'
GPGPU-Sim uArch: Shader 26 bind to kernel 1 '_ZN5flash16flash_fwd_kernelI23Flash_fwd_kernel_traitsILi128ELi128ELi64ELi4ELb0ELb0EN7cutlass6half_tE19Flash_kernel_traitsILi128ELi128ELi64ELi4ES3_EELb0ELb1ELb0ELb0ELb1ELb1ELb0ELb0EEEvNS_16Flash_fwd_paramsE'
GPGPU-Sim uArch: Shader 27 bind to kernel 1 '_ZN5flash16flash_fwd_kernelI23Flash_fwd_kernel_traitsILi128ELi128ELi64ELi4ELb0ELb0EN7cutlass6half_tE19Flash_kernel_traitsILi128ELi128ELi64ELi4ES3_EELb0ELb1ELb0ELb0ELb1ELb1ELb0ELb0EEEvNS_16Flash_fwd_paramsE'
GPGPU-Sim uArch: Shader 28 bind to kernel 1 '_ZN5flash16flash_fwd_kernelI23Flash_fwd_kernel_traitsILi128ELi128ELi64ELi4ELb0ELb0EN7cutlass6half_tE19Flash_kernel_traitsILi128ELi128ELi64ELi4ES3_EELb0ELb1ELb0ELb0ELb1ELb1ELb0ELb0EEEvNS_16Flash_fwd_paramsE'
GPGPU-Sim uArch: Shader 29 bind to kernel 1 '_ZN5flash16flash_fwd_kernelI23Flash_fwd_kernel_traitsILi128ELi128ELi64ELi4ELb0ELb0EN7cutlass6half_tE19Flash_kernel_traitsILi128ELi128ELi64ELi4ES3_EELb0ELb1ELb0ELb0ELb1ELb1ELb0ELb0EEEvNS_16Flash_fwd_paramsE'
GPGPU-Sim uArch: Shader 30 bind to kernel 1 '_ZN5flash16flash_fwd_kernelI23Flash_fwd_kernel_traitsILi128ELi128ELi64ELi4ELb0ELb0EN7cutlass6half_tE19Flash_kernel_traitsILi128ELi128ELi64ELi4ES3_EELb0ELb1ELb0ELb0ELb1ELb1ELb0ELb0EEEvNS_16Flash_fwd_paramsE'
GPGPU-Sim uArch: Shader 31 bind to kernel 1 '_ZN5flash16flash_fwd_kernelI23Flash_fwd_kernel_traitsILi128ELi128ELi64ELi4ELb0ELb0EN7cutlass6half_tE19Flash_kernel_traitsILi128ELi128ELi64ELi4ES3_EELb0ELb1ELb0ELb0ELb1ELb1ELb0ELb0EEEvNS_16Flash_fwd_paramsE'
GPGPU-Sim uArch: Shader 32 bind to kernel 1 '_ZN5flash16flash_fwd_kernelI23Flash_fwd_kernel_traitsILi128ELi128ELi64ELi4ELb0ELb0EN7cutlass6half_tE19Flash_kernel_traitsILi128ELi128ELi64ELi4ES3_EELb0ELb1ELb0ELb0ELb1ELb1ELb0ELb0EEEvNS_16Flash_fwd_paramsE'
GPGPU-Sim uArch: Shader 33 bind to kernel 1 '_ZN5flash16flash_fwd_kernelI23Flash_fwd_kernel_traitsILi128ELi128ELi64ELi4ELb0ELb0EN7cutlass6half_tE19Flash_kernel_traitsILi128ELi128ELi64ELi4ES3_EELb0ELb1ELb0ELb0ELb1ELb1ELb0ELb0EEEvNS_16Flash_fwd_paramsE'
GPGPU-Sim uArch: Shader 34 bind to kernel 1 '_ZN5flash16flash_fwd_kernelI23Flash_fwd_kernel_traitsILi128ELi128ELi64ELi4ELb0ELb0EN7cutlass6half_tE19Flash_kernel_traitsILi128ELi128ELi64ELi4ES3_EELb0ELb1ELb0ELb0ELb1ELb1ELb0ELb0EEEvNS_16Flash_fwd_paramsE'
GPGPU-Sim uArch: Shader 35 bind to kernel 1 '_ZN5flash16flash_fwd_kernelI23Flash_fwd_kernel_traitsILi128ELi128ELi64ELi4ELb0ELb0EN7cutlass6half_tE19Flash_kernel_traitsILi128ELi128ELi64ELi4ES3_EELb0ELb1ELb0ELb0ELb1ELb1ELb0ELb0EEEvNS_16Flash_fwd_paramsE'
GPGPU-Sim uArch: Shader 36 bind to kernel 1 '_ZN5flash16flash_fwd_kernelI23Flash_fwd_kernel_traitsILi128ELi128ELi64ELi4ELb0ELb0EN7cutlass6half_tE19Flash_kernel_traitsILi128ELi128ELi64ELi4ES3_EELb0ELb1ELb0ELb0ELb1ELb1ELb0ELb0EEEvNS_16Flash_fwd_paramsE'
GPGPU-Sim uArch: Shader 37 bind to kernel 1 '_ZN5flash16flash_fwd_kernelI23Flash_fwd_kernel_traitsILi128ELi128ELi64ELi4ELb0ELb0EN7cutlass6half_tE19Flash_kernel_traitsILi128ELi128ELi64ELi4ES3_EELb0ELb1ELb0ELb0ELb1ELb1ELb0ELb0EEEvNS_16Flash_fwd_paramsE'
GPGPU-Sim uArch: Shader 38 bind to kernel 1 '_ZN5flash16flash_fwd_kernelI23Flash_fwd_kernel_traitsILi128ELi128ELi64ELi4ELb0ELb0EN7cutlass6half_tE19Flash_kernel_traitsILi128ELi128ELi64ELi4ES3_EELb0ELb1ELb0ELb0ELb1ELb1ELb0ELb0EEEvNS_16Flash_fwd_paramsE'
GPGPU-Sim uArch: Shader 39 bind to kernel 1 '_ZN5flash16flash_fwd_kernelI23Flash_fwd_kernel_traitsILi128ELi128ELi64ELi4ELb0ELb0EN7cutlass6half_tE19Flash_kernel_traitsILi128ELi128ELi64ELi4ES3_EELb0ELb1ELb0ELb0ELb1ELb1ELb0ELb0EEEvNS_16Flash_fwd_paramsE'
GPGPU-Sim uArch: Shader 40 bind to kernel 1 '_ZN5flash16flash_fwd_kernelI23Flash_fwd_kernel_traitsILi128ELi128ELi64ELi4ELb0ELb0EN7cutlass6half_tE19Flash_kernel_traitsILi128ELi128ELi64ELi4ES3_EELb0ELb1ELb0ELb0ELb1ELb1ELb0ELb0EEEvNS_16Flash_fwd_paramsE'
GPGPU-Sim uArch: Shader 41 bind to kernel 1 '_ZN5flash16flash_fwd_kernelI23Flash_fwd_kernel_traitsILi128ELi128ELi64ELi4ELb0ELb0EN7cutlass6half_tE19Flash_kernel_traitsILi128ELi128ELi64ELi4ES3_EELb0ELb1ELb0ELb0ELb1ELb1ELb0ELb0EEEvNS_16Flash_fwd_paramsE'
GPGPU-Sim uArch: Shader 42 bind to kernel 1 '_ZN5flash16flash_fwd_kernelI23Flash_fwd_kernel_traitsILi128ELi128ELi64ELi4ELb0ELb0EN7cutlass6half_tE19Flash_kernel_traitsILi128ELi128ELi64ELi4ES3_EELb0ELb1ELb0ELb0ELb1ELb1ELb0ELb0EEEvNS_16Flash_fwd_paramsE'
GPGPU-Sim uArch: Shader 43 bind to kernel 1 '_ZN5flash16flash_fwd_kernelI23Flash_fwd_kernel_traitsILi128ELi128ELi64ELi4ELb0ELb0EN7cutlass6half_tE19Flash_kernel_traitsILi128ELi128ELi64ELi4ES3_EELb0ELb1ELb0ELb0ELb1ELb1ELb0ELb0EEEvNS_16Flash_fwd_paramsE'
GPGPU-Sim uArch: Shader 44 bind to kernel 1 '_ZN5flash16flash_fwd_kernelI23Flash_fwd_kernel_traitsILi128ELi128ELi64ELi4ELb0ELb0EN7cutlass6half_tE19Flash_kernel_traitsILi128ELi128ELi64ELi4ES3_EELb0ELb1ELb0ELb0ELb1ELb1ELb0ELb0EEEvNS_16Flash_fwd_paramsE'
GPGPU-Sim uArch: Shader 45 bind to kernel 1 '_ZN5flash16flash_fwd_kernelI23Flash_fwd_kernel_traitsILi128ELi128ELi64ELi4ELb0ELb0EN7cutlass6half_tE19Flash_kernel_traitsILi128ELi128ELi64ELi4ES3_EELb0ELb1ELb0ELb0ELb1ELb1ELb0ELb0EEEvNS_16Flash_fwd_paramsE'
GPGPU-Sim uArch: Shader 46 bind to kernel 1 '_ZN5flash16flash_fwd_kernelI23Flash_fwd_kernel_traitsILi128ELi128ELi64ELi4ELb0ELb0EN7cutlass6half_tE19Flash_kernel_traitsILi128ELi128ELi64ELi4ES3_EELb0ELb1ELb0ELb0ELb1ELb1ELb0ELb0EEEvNS_16Flash_fwd_paramsE'
GPGPU-Sim uArch: Shader 47 bind to kernel 1 '_ZN5flash16flash_fwd_kernelI23Flash_fwd_kernel_traitsILi128ELi128ELi64ELi4ELb0ELb0EN7cutlass6half_tE19Flash_kernel_traitsILi128ELi128ELi64ELi4ES3_EELb0ELb1ELb0ELb0ELb1ELb1ELb0ELb0EEEvNS_16Flash_fwd_paramsE'
GPGPU-Sim uArch: Shader 48 bind to kernel 1 '_ZN5flash16flash_fwd_kernelI23Flash_fwd_kernel_traitsILi128ELi128ELi64ELi4ELb0ELb0EN7cutlass6half_tE19Flash_kernel_traitsILi128ELi128ELi64ELi4ES3_EELb0ELb1ELb0ELb0ELb1ELb1ELb0ELb0EEEvNS_16Flash_fwd_paramsE'
GPGPU-Sim uArch: Shader 49 bind to kernel 1 '_ZN5flash16flash_fwd_kernelI23Flash_fwd_kernel_traitsILi128ELi128ELi64ELi4ELb0ELb0EN7cutlass6half_tE19Flash_kernel_traitsILi128ELi128ELi64ELi4ES3_EELb0ELb1ELb0ELb0ELb1ELb1ELb0ELb0EEEvNS_16Flash_fwd_paramsE'
GPGPU-Sim uArch: Shader 50 bind to kernel 1 '_ZN5flash16flash_fwd_kernelI23Flash_fwd_kernel_traitsILi128ELi128ELi64ELi4ELb0ELb0EN7cutlass6half_tE19Flash_kernel_traitsILi128ELi128ELi64ELi4ES3_EELb0ELb1ELb0ELb0ELb1ELb1ELb0ELb0EEEvNS_16Flash_fwd_paramsE'
GPGPU-Sim uArch: Shader 51 bind to kernel 1 '_ZN5flash16flash_fwd_kernelI23Flash_fwd_kernel_traitsILi128ELi128ELi64ELi4ELb0ELb0EN7cutlass6half_tE19Flash_kernel_traitsILi128ELi128ELi64ELi4ES3_EELb0ELb1ELb0ELb0ELb1ELb1ELb0ELb0EEEvNS_16Flash_fwd_paramsE'
GPGPU-Sim uArch: Shader 52 bind to kernel 1 '_ZN5flash16flash_fwd_kernelI23Flash_fwd_kernel_traitsILi128ELi128ELi64ELi4ELb0ELb0EN7cutlass6half_tE19Flash_kernel_traitsILi128ELi128ELi64ELi4ES3_EELb0ELb1ELb0ELb0ELb1ELb1ELb0ELb0EEEvNS_16Flash_fwd_paramsE'
GPGPU-Sim uArch: Shader 53 bind to kernel 1 '_ZN5flash16flash_fwd_kernelI23Flash_fwd_kernel_traitsILi128ELi128ELi64ELi4ELb0ELb0EN7cutlass6half_tE19Flash_kernel_traitsILi128ELi128ELi64ELi4ES3_EELb0ELb1ELb0ELb0ELb1ELb1ELb0ELb0EEEvNS_16Flash_fwd_paramsE'
GPGPU-Sim uArch: Shader 54 bind to kernel 1 '_ZN5flash16flash_fwd_kernelI23Flash_fwd_kernel_traitsILi128ELi128ELi64ELi4ELb0ELb0EN7cutlass6half_tE19Flash_kernel_traitsILi128ELi128ELi64ELi4ES3_EELb0ELb1ELb0ELb0ELb1ELb1ELb0ELb0EEEvNS_16Flash_fwd_paramsE'
GPGPU-Sim uArch: Shader 55 bind to kernel 1 '_ZN5flash16flash_fwd_kernelI23Flash_fwd_kernel_traitsILi128ELi128ELi64ELi4ELb0ELb0EN7cutlass6half_tE19Flash_kernel_traitsILi128ELi128ELi64ELi4ES3_EELb0ELb1ELb0ELb0ELb1ELb1ELb0ELb0EEEvNS_16Flash_fwd_paramsE'
GPGPU-Sim uArch: Shader 56 bind to kernel 1 '_ZN5flash16flash_fwd_kernelI23Flash_fwd_kernel_traitsILi128ELi128ELi64ELi4ELb0ELb0EN7cutlass6half_tE19Flash_kernel_traitsILi128ELi128ELi64ELi4ES3_EELb0ELb1ELb0ELb0ELb1ELb1ELb0ELb0EEEvNS_16Flash_fwd_paramsE'
GPGPU-Sim uArch: Shader 57 bind to kernel 1 '_ZN5flash16flash_fwd_kernelI23Flash_fwd_kernel_traitsILi128ELi128ELi64ELi4ELb0ELb0EN7cutlass6half_tE19Flash_kernel_traitsILi128ELi128ELi64ELi4ES3_EELb0ELb1ELb0ELb0ELb1ELb1ELb0ELb0EEEvNS_16Flash_fwd_paramsE'
GPGPU-Sim uArch: Shader 58 bind to kernel 1 '_ZN5flash16flash_fwd_kernelI23Flash_fwd_kernel_traitsILi128ELi128ELi64ELi4ELb0ELb0EN7cutlass6half_tE19Flash_kernel_traitsILi128ELi128ELi64ELi4ES3_EELb0ELb1ELb0ELb0ELb1ELb1ELb0ELb0EEEvNS_16Flash_fwd_paramsE'
GPGPU-Sim uArch: Shader 59 bind to kernel 1 '_ZN5flash16flash_fwd_kernelI23Flash_fwd_kernel_traitsILi128ELi128ELi64ELi4ELb0ELb0EN7cutlass6half_tE19Flash_kernel_traitsILi128ELi128ELi64ELi4ES3_EELb0ELb1ELb0ELb0ELb1ELb1ELb0ELb0EEEvNS_16Flash_fwd_paramsE'
GPGPU-Sim uArch: Shader 60 bind to kernel 1 '_ZN5flash16flash_fwd_kernelI23Flash_fwd_kernel_traitsILi128ELi128ELi64ELi4ELb0ELb0EN7cutlass6half_tE19Flash_kernel_traitsILi128ELi128ELi64ELi4ES3_EELb0ELb1ELb0ELb0ELb1ELb1ELb0ELb0EEEvNS_16Flash_fwd_paramsE'
GPGPU-Sim uArch: Shader 61 bind to kernel 1 '_ZN5flash16flash_fwd_kernelI23Flash_fwd_kernel_traitsILi128ELi128ELi64ELi4ELb0ELb0EN7cutlass6half_tE19Flash_kernel_traitsILi128ELi128ELi64ELi4ES3_EELb0ELb1ELb0ELb0ELb1ELb1ELb0ELb0EEEvNS_16Flash_fwd_paramsE'
GPGPU-Sim uArch: Shader 62 bind to kernel 1 '_ZN5flash16flash_fwd_kernelI23Flash_fwd_kernel_traitsILi128ELi128ELi64ELi4ELb0ELb0EN7cutlass6half_tE19Flash_kernel_traitsILi128ELi128ELi64ELi4ES3_EELb0ELb1ELb0ELb0ELb1ELb1ELb0ELb0EEEvNS_16Flash_fwd_paramsE'
GPGPU-Sim uArch: Shader 63 bind to kernel 1 '_ZN5flash16flash_fwd_kernelI23Flash_fwd_kernel_traitsILi128ELi128ELi64ELi4ELb0ELb0EN7cutlass6half_tE19Flash_kernel_traitsILi128ELi128ELi64ELi4ES3_EELb0ELb1ELb0ELb0ELb1ELb1ELb0ELb0EEEvNS_16Flash_fwd_paramsE'
GPGPU-Sim uArch: Shader 64 bind to kernel 1 '_ZN5flash16flash_fwd_kernelI23Flash_fwd_kernel_traitsILi128ELi128ELi64ELi4ELb0ELb0EN7cutlass6half_tE19Flash_kernel_traitsILi128ELi128ELi64ELi4ES3_EELb0ELb1ELb0ELb0ELb1ELb1ELb0ELb0EEEvNS_16Flash_fwd_paramsE'
GPGPU-Sim uArch: Shader 65 bind to kernel 1 '_ZN5flash16flash_fwd_kernelI23Flash_fwd_kernel_traitsILi128ELi128ELi64ELi4ELb0ELb0EN7cutlass6half_tE19Flash_kernel_traitsILi128ELi128ELi64ELi4ES3_EELb0ELb1ELb0ELb0ELb1ELb1ELb0ELb0EEEvNS_16Flash_fwd_paramsE'
GPGPU-Sim uArch: Shader 66 bind to kernel 1 '_ZN5flash16flash_fwd_kernelI23Flash_fwd_kernel_traitsILi128ELi128ELi64ELi4ELb0ELb0EN7cutlass6half_tE19Flash_kernel_traitsILi128ELi128ELi64ELi4ES3_EELb0ELb1ELb0ELb0ELb1ELb1ELb0ELb0EEEvNS_16Flash_fwd_paramsE'
GPGPU-Sim uArch: Shader 67 bind to kernel 1 '_ZN5flash16flash_fwd_kernelI23Flash_fwd_kernel_traitsILi128ELi128ELi64ELi4ELb0ELb0EN7cutlass6half_tE19Flash_kernel_traitsILi128ELi128ELi64ELi4ES3_EELb0ELb1ELb0ELb0ELb1ELb1ELb0ELb0EEEvNS_16Flash_fwd_paramsE'
GPGPU-Sim uArch: Shader 68 bind to kernel 1 '_ZN5flash16flash_fwd_kernelI23Flash_fwd_kernel_traitsILi128ELi128ELi64ELi4ELb0ELb0EN7cutlass6half_tE19Flash_kernel_traitsILi128ELi128ELi64ELi4ES3_EELb0ELb1ELb0ELb0ELb1ELb1ELb0ELb0EEEvNS_16Flash_fwd_paramsE'
GPGPU-Sim uArch: Shader 69 bind to kernel 1 '_ZN5flash16flash_fwd_kernelI23Flash_fwd_kernel_traitsILi128ELi128ELi64ELi4ELb0ELb0EN7cutlass6half_tE19Flash_kernel_traitsILi128ELi128ELi64ELi4ES3_EELb0ELb1ELb0ELb0ELb1ELb1ELb0ELb0EEEvNS_16Flash_fwd_paramsE'
GPGPU-Sim uArch: Shader 70 bind to kernel 1 '_ZN5flash16flash_fwd_kernelI23Flash_fwd_kernel_traitsILi128ELi128ELi64ELi4ELb0ELb0EN7cutlass6half_tE19Flash_kernel_traitsILi128ELi128ELi64ELi4ES3_EELb0ELb1ELb0ELb0ELb1ELb1ELb0ELb0EEEvNS_16Flash_fwd_paramsE'
GPGPU-Sim uArch: Shader 71 bind to kernel 1 '_ZN5flash16flash_fwd_kernelI23Flash_fwd_kernel_traitsILi128ELi128ELi64ELi4ELb0ELb0EN7cutlass6half_tE19Flash_kernel_traitsILi128ELi128ELi64ELi4ES3_EELb0ELb1ELb0ELb0ELb1ELb1ELb0ELb0EEEvNS_16Flash_fwd_paramsE'
GPGPU-Sim uArch: Shader 72 bind to kernel 1 '_ZN5flash16flash_fwd_kernelI23Flash_fwd_kernel_traitsILi128ELi128ELi64ELi4ELb0ELb0EN7cutlass6half_tE19Flash_kernel_traitsILi128ELi128ELi64ELi4ES3_EELb0ELb1ELb0ELb0ELb1ELb1ELb0ELb0EEEvNS_16Flash_fwd_paramsE'
GPGPU-Sim uArch: Shader 73 bind to kernel 1 '_ZN5flash16flash_fwd_kernelI23Flash_fwd_kernel_traitsILi128ELi128ELi64ELi4ELb0ELb0EN7cutlass6half_tE19Flash_kernel_traitsILi128ELi128ELi64ELi4ES3_EELb0ELb1ELb0ELb0ELb1ELb1ELb0ELb0EEEvNS_16Flash_fwd_paramsE'
GPGPU-Sim uArch: Shader 74 bind to kernel 1 '_ZN5flash16flash_fwd_kernelI23Flash_fwd_kernel_traitsILi128ELi128ELi64ELi4ELb0ELb0EN7cutlass6half_tE19Flash_kernel_traitsILi128ELi128ELi64ELi4ES3_EELb0ELb1ELb0ELb0ELb1ELb1ELb0ELb0EEEvNS_16Flash_fwd_paramsE'
GPGPU-Sim uArch: Shader 75 bind to kernel 1 '_ZN5flash16flash_fwd_kernelI23Flash_fwd_kernel_traitsILi128ELi128ELi64ELi4ELb0ELb0EN7cutlass6half_tE19Flash_kernel_traitsILi128ELi128ELi64ELi4ES3_EELb0ELb1ELb0ELb0ELb1ELb1ELb0ELb0EEEvNS_16Flash_fwd_paramsE'
GPGPU-Sim uArch: Shader 76 bind to kernel 1 '_ZN5flash16flash_fwd_kernelI23Flash_fwd_kernel_traitsILi128ELi128ELi64ELi4ELb0ELb0EN7cutlass6half_tE19Flash_kernel_traitsILi128ELi128ELi64ELi4ES3_EELb0ELb1ELb0ELb0ELb1ELb1ELb0ELb0EEEvNS_16Flash_fwd_paramsE'
GPGPU-Sim uArch: Shader 77 bind to kernel 1 '_ZN5flash16flash_fwd_kernelI23Flash_fwd_kernel_traitsILi128ELi128ELi64ELi4ELb0ELb0EN7cutlass6half_tE19Flash_kernel_traitsILi128ELi128ELi64ELi4ES3_EELb0ELb1ELb0ELb0ELb1ELb1ELb0ELb0EEEvNS_16Flash_fwd_paramsE'
GPGPU-Sim uArch: Shader 78 bind to kernel 1 '_ZN5flash16flash_fwd_kernelI23Flash_fwd_kernel_traitsILi128ELi128ELi64ELi4ELb0ELb0EN7cutlass6half_tE19Flash_kernel_traitsILi128ELi128ELi64ELi4ES3_EELb0ELb1ELb0ELb0ELb1ELb1ELb0ELb0EEEvNS_16Flash_fwd_paramsE'
GPGPU-Sim uArch: Shader 79 bind to kernel 1 '_ZN5flash16flash_fwd_kernelI23Flash_fwd_kernel_traitsILi128ELi128ELi64ELi4ELb0ELb0EN7cutlass6half_tE19Flash_kernel_traitsILi128ELi128ELi64ELi4ES3_EELb0ELb1ELb0ELb0ELb1ELb1ELb0ELb0EEEvNS_16Flash_fwd_paramsE'
GPGPU-Sim uArch: Shader 80 bind to kernel 1 '_ZN5flash16flash_fwd_kernelI23Flash_fwd_kernel_traitsILi128ELi128ELi64ELi4ELb0ELb0EN7cutlass6half_tE19Flash_kernel_traitsILi128ELi128ELi64ELi4ES3_EELb0ELb1ELb0ELb0ELb1ELb1ELb0ELb0EEEvNS_16Flash_fwd_paramsE'
GPGPU-Sim uArch: Shader 81 bind to kernel 1 '_ZN5flash16flash_fwd_kernelI23Flash_fwd_kernel_traitsILi128ELi128ELi64ELi4ELb0ELb0EN7cutlass6half_tE19Flash_kernel_traitsILi128ELi128ELi64ELi4ES3_EELb0ELb1ELb0ELb0ELb1ELb1ELb0ELb0EEEvNS_16Flash_fwd_paramsE'
GPGPU-Sim uArch: Shader 82 bind to kernel 1 '_ZN5flash16flash_fwd_kernelI23Flash_fwd_kernel_traitsILi128ELi128ELi64ELi4ELb0ELb0EN7cutlass6half_tE19Flash_kernel_traitsILi128ELi128ELi64ELi4ES3_EELb0ELb1ELb0ELb0ELb1ELb1ELb0ELb0EEEvNS_16Flash_fwd_paramsE'
GPGPU-Sim uArch: Shader 83 bind to kernel 1 '_ZN5flash16flash_fwd_kernelI23Flash_fwd_kernel_traitsILi128ELi128ELi64ELi4ELb0ELb0EN7cutlass6half_tE19Flash_kernel_traitsILi128ELi128ELi64ELi4ES3_EELb0ELb1ELb0ELb0ELb1ELb1ELb0ELb0EEEvNS_16Flash_fwd_paramsE'
GPGPU-Sim uArch: Shader 84 bind to kernel 1 '_ZN5flash16flash_fwd_kernelI23Flash_fwd_kernel_traitsILi128ELi128ELi64ELi4ELb0ELb0EN7cutlass6half_tE19Flash_kernel_traitsILi128ELi128ELi64ELi4ES3_EELb0ELb1ELb0ELb0ELb1ELb1ELb0ELb0EEEvNS_16Flash_fwd_paramsE'
GPGPU-Sim uArch: Shader 85 bind to kernel 1 '_ZN5flash16flash_fwd_kernelI23Flash_fwd_kernel_traitsILi128ELi128ELi64ELi4ELb0ELb0EN7cutlass6half_tE19Flash_kernel_traitsILi128ELi128ELi64ELi4ES3_EELb0ELb1ELb0ELb0ELb1ELb1ELb0ELb0EEEvNS_16Flash_fwd_paramsE'
GPGPU-Sim uArch: Shader 86 bind to kernel 1 '_ZN5flash16flash_fwd_kernelI23Flash_fwd_kernel_traitsILi128ELi128ELi64ELi4ELb0ELb0EN7cutlass6half_tE19Flash_kernel_traitsILi128ELi128ELi64ELi4ES3_EELb0ELb1ELb0ELb0ELb1ELb1ELb0ELb0EEEvNS_16Flash_fwd_paramsE'
GPGPU-Sim uArch: Shader 87 bind to kernel 1 '_ZN5flash16flash_fwd_kernelI23Flash_fwd_kernel_traitsILi128ELi128ELi64ELi4ELb0ELb0EN7cutlass6half_tE19Flash_kernel_traitsILi128ELi128ELi64ELi4ES3_EELb0ELb1ELb0ELb0ELb1ELb1ELb0ELb0EEEvNS_16Flash_fwd_paramsE'
GPGPU-Sim uArch: Shader 88 bind to kernel 1 '_ZN5flash16flash_fwd_kernelI23Flash_fwd_kernel_traitsILi128ELi128ELi64ELi4ELb0ELb0EN7cutlass6half_tE19Flash_kernel_traitsILi128ELi128ELi64ELi4ES3_EELb0ELb1ELb0ELb0ELb1ELb1ELb0ELb0EEEvNS_16Flash_fwd_paramsE'
GPGPU-Sim uArch: Shader 89 bind to kernel 1 '_ZN5flash16flash_fwd_kernelI23Flash_fwd_kernel_traitsILi128ELi128ELi64ELi4ELb0ELb0EN7cutlass6half_tE19Flash_kernel_traitsILi128ELi128ELi64ELi4ES3_EELb0ELb1ELb0ELb0ELb1ELb1ELb0ELb0EEEvNS_16Flash_fwd_paramsE'
GPGPU-Sim uArch: Shader 90 bind to kernel 1 '_ZN5flash16flash_fwd_kernelI23Flash_fwd_kernel_traitsILi128ELi128ELi64ELi4ELb0ELb0EN7cutlass6half_tE19Flash_kernel_traitsILi128ELi128ELi64ELi4ES3_EELb0ELb1ELb0ELb0ELb1ELb1ELb0ELb0EEEvNS_16Flash_fwd_paramsE'
GPGPU-Sim uArch: Shader 91 bind to kernel 1 '_ZN5flash16flash_fwd_kernelI23Flash_fwd_kernel_traitsILi128ELi128ELi64ELi4ELb0ELb0EN7cutlass6half_tE19Flash_kernel_traitsILi128ELi128ELi64ELi4ES3_EELb0ELb1ELb0ELb0ELb1ELb1ELb0ELb0EEEvNS_16Flash_fwd_paramsE'
GPGPU-Sim uArch: Shader 92 bind to kernel 1 '_ZN5flash16flash_fwd_kernelI23Flash_fwd_kernel_traitsILi128ELi128ELi64ELi4ELb0ELb0EN7cutlass6half_tE19Flash_kernel_traitsILi128ELi128ELi64ELi4ES3_EELb0ELb1ELb0ELb0ELb1ELb1ELb0ELb0EEEvNS_16Flash_fwd_paramsE'
GPGPU-Sim uArch: Shader 93 bind to kernel 1 '_ZN5flash16flash_fwd_kernelI23Flash_fwd_kernel_traitsILi128ELi128ELi64ELi4ELb0ELb0EN7cutlass6half_tE19Flash_kernel_traitsILi128ELi128ELi64ELi4ES3_EELb0ELb1ELb0ELb0ELb1ELb1ELb0ELb0EEEvNS_16Flash_fwd_paramsE'
GPGPU-Sim uArch: Shader 94 bind to kernel 1 '_ZN5flash16flash_fwd_kernelI23Flash_fwd_kernel_traitsILi128ELi128ELi64ELi4ELb0ELb0EN7cutlass6half_tE19Flash_kernel_traitsILi128ELi128ELi64ELi4ES3_EELb0ELb1ELb0ELb0ELb1ELb1ELb0ELb0EEEvNS_16Flash_fwd_paramsE'
GPGPU-Sim uArch: Shader 95 bind to kernel 1 '_ZN5flash16flash_fwd_kernelI23Flash_fwd_kernel_traitsILi128ELi128ELi64ELi4ELb0ELb0EN7cutlass6half_tE19Flash_kernel_traitsILi128ELi128ELi64ELi4ES3_EELb0ELb1ELb0ELb0ELb1ELb1ELb0ELb0EEEvNS_16Flash_fwd_paramsE'
GPGPU-Sim uArch: Shader 96 bind to kernel 1 '_ZN5flash16flash_fwd_kernelI23Flash_fwd_kernel_traitsILi128ELi128ELi64ELi4ELb0ELb0EN7cutlass6half_tE19Flash_kernel_traitsILi128ELi128ELi64ELi4ES3_EELb0ELb1ELb0ELb0ELb1ELb1ELb0ELb0EEEvNS_16Flash_fwd_paramsE'
GPGPU-Sim uArch: Shader 97 bind to kernel 1 '_ZN5flash16flash_fwd_kernelI23Flash_fwd_kernel_traitsILi128ELi128ELi64ELi4ELb0ELb0EN7cutlass6half_tE19Flash_kernel_traitsILi128ELi128ELi64ELi4ES3_EELb0ELb1ELb0ELb0ELb1ELb1ELb0ELb0EEEvNS_16Flash_fwd_paramsE'
GPGPU-Sim uArch: Shader 98 bind to kernel 1 '_ZN5flash16flash_fwd_kernelI23Flash_fwd_kernel_traitsILi128ELi128ELi64ELi4ELb0ELb0EN7cutlass6half_tE19Flash_kernel_traitsILi128ELi128ELi64ELi4ES3_EELb0ELb1ELb0ELb0ELb1ELb1ELb0ELb0EEEvNS_16Flash_fwd_paramsE'
GPGPU-Sim uArch: Shader 99 bind to kernel 1 '_ZN5flash16flash_fwd_kernelI23Flash_fwd_kernel_traitsILi128ELi128ELi64ELi4ELb0ELb0EN7cutlass6half_tE19Flash_kernel_traitsILi128ELi128ELi64ELi4ES3_EELb0ELb1ELb0ELb0ELb1ELb1ELb0ELb0EEEvNS_16Flash_fwd_paramsE'
GPGPU-Sim uArch: Shader 100 bind to kernel 1 '_ZN5flash16flash_fwd_kernelI23Flash_fwd_kernel_traitsILi128ELi128ELi64ELi4ELb0ELb0EN7cutlass6half_tE19Flash_kernel_traitsILi128ELi128ELi64ELi4ES3_EELb0ELb1ELb0ELb0ELb1ELb1ELb0ELb0EEEvNS_16Flash_fwd_paramsE'
GPGPU-Sim uArch: Shader 101 bind to kernel 1 '_ZN5flash16flash_fwd_kernelI23Flash_fwd_kernel_traitsILi128ELi128ELi64ELi4ELb0ELb0EN7cutlass6half_tE19Flash_kernel_traitsILi128ELi128ELi64ELi4ES3_EELb0ELb1ELb0ELb0ELb1ELb1ELb0ELb0EEEvNS_16Flash_fwd_paramsE'
GPGPU-Sim uArch: Shader 102 bind to kernel 1 '_ZN5flash16flash_fwd_kernelI23Flash_fwd_kernel_traitsILi128ELi128ELi64ELi4ELb0ELb0EN7cutlass6half_tE19Flash_kernel_traitsILi128ELi128ELi64ELi4ES3_EELb0ELb1ELb0ELb0ELb1ELb1ELb0ELb0EEEvNS_16Flash_fwd_paramsE'
GPGPU-Sim uArch: Shader 103 bind to kernel 1 '_ZN5flash16flash_fwd_kernelI23Flash_fwd_kernel_traitsILi128ELi128ELi64ELi4ELb0ELb0EN7cutlass6half_tE19Flash_kernel_traitsILi128ELi128ELi64ELi4ES3_EELb0ELb1ELb0ELb0ELb1ELb1ELb0ELb0EEEvNS_16Flash_fwd_paramsE'
GPGPU-Sim uArch: Shader 104 bind to kernel 1 '_ZN5flash16flash_fwd_kernelI23Flash_fwd_kernel_traitsILi128ELi128ELi64ELi4ELb0ELb0EN7cutlass6half_tE19Flash_kernel_traitsILi128ELi128ELi64ELi4ES3_EELb0ELb1ELb0ELb0ELb1ELb1ELb0ELb0EEEvNS_16Flash_fwd_paramsE'
GPGPU-Sim uArch: Shader 105 bind to kernel 1 '_ZN5flash16flash_fwd_kernelI23Flash_fwd_kernel_traitsILi128ELi128ELi64ELi4ELb0ELb0EN7cutlass6half_tE19Flash_kernel_traitsILi128ELi128ELi64ELi4ES3_EELb0ELb1ELb0ELb0ELb1ELb1ELb0ELb0EEEvNS_16Flash_fwd_paramsE'
GPGPU-Sim uArch: Shader 106 bind to kernel 1 '_ZN5flash16flash_fwd_kernelI23Flash_fwd_kernel_traitsILi128ELi128ELi64ELi4ELb0ELb0EN7cutlass6half_tE19Flash_kernel_traitsILi128ELi128ELi64ELi4ES3_EELb0ELb1ELb0ELb0ELb1ELb1ELb0ELb0EEEvNS_16Flash_fwd_paramsE'
GPGPU-Sim uArch: Shader 107 bind to kernel 1 '_ZN5flash16flash_fwd_kernelI23Flash_fwd_kernel_traitsILi128ELi128ELi64ELi4ELb0ELb0EN7cutlass6half_tE19Flash_kernel_traitsILi128ELi128ELi64ELi4ES3_EELb0ELb1ELb0ELb0ELb1ELb1ELb0ELb0EEEvNS_16Flash_fwd_paramsE'
GPGPU-Sim uArch: Shader 108 bind to kernel 1 '_ZN5flash16flash_fwd_kernelI23Flash_fwd_kernel_traitsILi128ELi128ELi64ELi4ELb0ELb0EN7cutlass6half_tE19Flash_kernel_traitsILi128ELi128ELi64ELi4ES3_EELb0ELb1ELb0ELb0ELb1ELb1ELb0ELb0EEEvNS_16Flash_fwd_paramsE'
GPGPU-Sim uArch: Shader 109 bind to kernel 1 '_ZN5flash16flash_fwd_kernelI23Flash_fwd_kernel_traitsILi128ELi128ELi64ELi4ELb0ELb0EN7cutlass6half_tE19Flash_kernel_traitsILi128ELi128ELi64ELi4ES3_EELb0ELb1ELb0ELb0ELb1ELb1ELb0ELb0EEEvNS_16Flash_fwd_paramsE'
GPGPU-Sim uArch: Shader 110 bind to kernel 1 '_ZN5flash16flash_fwd_kernelI23Flash_fwd_kernel_traitsILi128ELi128ELi64ELi4ELb0ELb0EN7cutlass6half_tE19Flash_kernel_traitsILi128ELi128ELi64ELi4ES3_EELb0ELb1ELb0ELb0ELb1ELb1ELb0ELb0EEEvNS_16Flash_fwd_paramsE'
GPGPU-Sim uArch: Shader 111 bind to kernel 1 '_ZN5flash16flash_fwd_kernelI23Flash_fwd_kernel_traitsILi128ELi128ELi64ELi4ELb0ELb0EN7cutlass6half_tE19Flash_kernel_traitsILi128ELi128ELi64ELi4ES3_EELb0ELb1ELb0ELb0ELb1ELb1ELb0ELb0EEEvNS_16Flash_fwd_paramsE'
GPGPU-Sim uArch: Shader 112 bind to kernel 1 '_ZN5flash16flash_fwd_kernelI23Flash_fwd_kernel_traitsILi128ELi128ELi64ELi4ELb0ELb0EN7cutlass6half_tE19Flash_kernel_traitsILi128ELi128ELi64ELi4ES3_EELb0ELb1ELb0ELb0ELb1ELb1ELb0ELb0EEEvNS_16Flash_fwd_paramsE'
GPGPU-Sim uArch: Shader 113 bind to kernel 1 '_ZN5flash16flash_fwd_kernelI23Flash_fwd_kernel_traitsILi128ELi128ELi64ELi4ELb0ELb0EN7cutlass6half_tE19Flash_kernel_traitsILi128ELi128ELi64ELi4ES3_EELb0ELb1ELb0ELb0ELb1ELb1ELb0ELb0EEEvNS_16Flash_fwd_paramsE'
GPGPU-Sim uArch: Shader 114 bind to kernel 1 '_ZN5flash16flash_fwd_kernelI23Flash_fwd_kernel_traitsILi128ELi128ELi64ELi4ELb0ELb0EN7cutlass6half_tE19Flash_kernel_traitsILi128ELi128ELi64ELi4ES3_EELb0ELb1ELb0ELb0ELb1ELb1ELb0ELb0EEEvNS_16Flash_fwd_paramsE'
GPGPU-Sim uArch: Shader 115 bind to kernel 1 '_ZN5flash16flash_fwd_kernelI23Flash_fwd_kernel_traitsILi128ELi128ELi64ELi4ELb0ELb0EN7cutlass6half_tE19Flash_kernel_traitsILi128ELi128ELi64ELi4ES3_EELb0ELb1ELb0ELb0ELb1ELb1ELb0ELb0EEEvNS_16Flash_fwd_paramsE'
GPGPU-Sim uArch: Shader 116 bind to kernel 1 '_ZN5flash16flash_fwd_kernelI23Flash_fwd_kernel_traitsILi128ELi128ELi64ELi4ELb0ELb0EN7cutlass6half_tE19Flash_kernel_traitsILi128ELi128ELi64ELi4ES3_EELb0ELb1ELb0ELb0ELb1ELb1ELb0ELb0EEEvNS_16Flash_fwd_paramsE'
GPGPU-Sim uArch: Shader 117 bind to kernel 1 '_ZN5flash16flash_fwd_kernelI23Flash_fwd_kernel_traitsILi128ELi128ELi64ELi4ELb0ELb0EN7cutlass6half_tE19Flash_kernel_traitsILi128ELi128ELi64ELi4ES3_EELb0ELb1ELb0ELb0ELb1ELb1ELb0ELb0EEEvNS_16Flash_fwd_paramsE'
GPGPU-Sim uArch: Shader 118 bind to kernel 1 '_ZN5flash16flash_fwd_kernelI23Flash_fwd_kernel_traitsILi128ELi128ELi64ELi4ELb0ELb0EN7cutlass6half_tE19Flash_kernel_traitsILi128ELi128ELi64ELi4ES3_EELb0ELb1ELb0ELb0ELb1ELb1ELb0ELb0EEEvNS_16Flash_fwd_paramsE'
GPGPU-Sim uArch: Shader 119 bind to kernel 1 '_ZN5flash16flash_fwd_kernelI23Flash_fwd_kernel_traitsILi128ELi128ELi64ELi4ELb0ELb0EN7cutlass6half_tE19Flash_kernel_traitsILi128ELi128ELi64ELi4ES3_EELb0ELb1ELb0ELb0ELb1ELb1ELb0ELb0EEEvNS_16Flash_fwd_paramsE'
GPGPU-Sim uArch: Shader 120 bind to kernel 1 '_ZN5flash16flash_fwd_kernelI23Flash_fwd_kernel_traitsILi128ELi128ELi64ELi4ELb0ELb0EN7cutlass6half_tE19Flash_kernel_traitsILi128ELi128ELi64ELi4ES3_EELb0ELb1ELb0ELb0ELb1ELb1ELb0ELb0EEEvNS_16Flash_fwd_paramsE'
GPGPU-Sim uArch: Shader 121 bind to kernel 1 '_ZN5flash16flash_fwd_kernelI23Flash_fwd_kernel_traitsILi128ELi128ELi64ELi4ELb0ELb0EN7cutlass6half_tE19Flash_kernel_traitsILi128ELi128ELi64ELi4ES3_EELb0ELb1ELb0ELb0ELb1ELb1ELb0ELb0EEEvNS_16Flash_fwd_paramsE'
GPGPU-Sim uArch: Shader 122 bind to kernel 1 '_ZN5flash16flash_fwd_kernelI23Flash_fwd_kernel_traitsILi128ELi128ELi64ELi4ELb0ELb0EN7cutlass6half_tE19Flash_kernel_traitsILi128ELi128ELi64ELi4ES3_EELb0ELb1ELb0ELb0ELb1ELb1ELb0ELb0EEEvNS_16Flash_fwd_paramsE'
GPGPU-Sim uArch: Shader 123 bind to kernel 1 '_ZN5flash16flash_fwd_kernelI23Flash_fwd_kernel_traitsILi128ELi128ELi64ELi4ELb0ELb0EN7cutlass6half_tE19Flash_kernel_traitsILi128ELi128ELi64ELi4ES3_EELb0ELb1ELb0ELb0ELb1ELb1ELb0ELb0EEEvNS_16Flash_fwd_paramsE'
GPGPU-Sim uArch: Shader 124 bind to kernel 1 '_ZN5flash16flash_fwd_kernelI23Flash_fwd_kernel_traitsILi128ELi128ELi64ELi4ELb0ELb0EN7cutlass6half_tE19Flash_kernel_traitsILi128ELi128ELi64ELi4ES3_EELb0ELb1ELb0ELb0ELb1ELb1ELb0ELb0EEEvNS_16Flash_fwd_paramsE'
GPGPU-Sim uArch: Shader 125 bind to kernel 1 '_ZN5flash16flash_fwd_kernelI23Flash_fwd_kernel_traitsILi128ELi128ELi64ELi4ELb0ELb0EN7cutlass6half_tE19Flash_kernel_traitsILi128ELi128ELi64ELi4ES3_EELb0ELb1ELb0ELb0ELb1ELb1ELb0ELb0EEEvNS_16Flash_fwd_paramsE'
GPGPU-Sim uArch: Shader 126 bind to kernel 1 '_ZN5flash16flash_fwd_kernelI23Flash_fwd_kernel_traitsILi128ELi128ELi64ELi4ELb0ELb0EN7cutlass6half_tE19Flash_kernel_traitsILi128ELi128ELi64ELi4ES3_EELb0ELb1ELb0ELb0ELb1ELb1ELb0ELb0EEEvNS_16Flash_fwd_paramsE'
GPGPU-Sim uArch: Shader 127 bind to kernel 1 '_ZN5flash16flash_fwd_kernelI23Flash_fwd_kernel_traitsILi128ELi128ELi64ELi4ELb0ELb0EN7cutlass6half_tE19Flash_kernel_traitsILi128ELi128ELi64ELi4ES3_EELb0ELb1ELb0ELb0ELb1ELb1ELb0ELb0EEEvNS_16Flash_fwd_paramsE'
GPGPU-Sim uArch: Shader 128 bind to kernel 1 '_ZN5flash16flash_fwd_kernelI23Flash_fwd_kernel_traitsILi128ELi128ELi64ELi4ELb0ELb0EN7cutlass6half_tE19Flash_kernel_traitsILi128ELi128ELi64ELi4ES3_EELb0ELb1ELb0ELb0ELb1ELb1ELb0ELb0EEEvNS_16Flash_fwd_paramsE'
GPGPU-Sim uArch: Shader 129 bind to kernel 1 '_ZN5flash16flash_fwd_kernelI23Flash_fwd_kernel_traitsILi128ELi128ELi64ELi4ELb0ELb0EN7cutlass6half_tE19Flash_kernel_traitsILi128ELi128ELi64ELi4ES3_EELb0ELb1ELb0ELb0ELb1ELb1ELb0ELb0EEEvNS_16Flash_fwd_paramsE'
GPGPU-Sim uArch: Shader 130 bind to kernel 1 '_ZN5flash16flash_fwd_kernelI23Flash_fwd_kernel_traitsILi128ELi128ELi64ELi4ELb0ELb0EN7cutlass6half_tE19Flash_kernel_traitsILi128ELi128ELi64ELi4ES3_EELb0ELb1ELb0ELb0ELb1ELb1ELb0ELb0EEEvNS_16Flash_fwd_paramsE'
GPGPU-Sim uArch: Shader 131 bind to kernel 1 '_ZN5flash16flash_fwd_kernelI23Flash_fwd_kernel_traitsILi128ELi128ELi64ELi4ELb0ELb0EN7cutlass6half_tE19Flash_kernel_traitsILi128ELi128ELi64ELi4ES3_EELb0ELb1ELb0ELb0ELb1ELb1ELb0ELb0EEEvNS_16Flash_fwd_paramsE'

========== Cycle Profiling Statistics (Last 10000 cycles) ==========
Total CPU time: 14991.94 ms
  ICNT Cycle (CORE):           307.07 ms (2.0%)
  Mem to ICNT (ICNT):          634.03 ms (4.2%)
  DRAM Cycle (DRAM):           1957.47 ms (13.1%)
  L2 Cache (L2):               3199.13 ms (21.3%)
  ICNT Transfer (ICNT):        2427.04 ms (16.2%)
  Core Cycle (CORE):           6035.74 ms (40.3%)
  gem5 Simulate:               0.00 ms (0.0%)
  Other Operations:            431.46 ms (2.9%)
Average time per cycle: 1.4992 ms
Progress: cycle=10000 CTA launched +264=264 completed +0=0
Progress TMA tx: started +0=0 (R +0=0, W +0=0) completed +0=0 (R +0=0, W +0=0)
Progress TMA mf: issued +0=0 (R +0=0, W +0=0) responses +0=0 (R +0=0, W +0=0)
Progress TMA bytes: issued +0=0 done +0=0
====================================================================


========== Cycle Profiling Statistics (Last 10000 cycles) ==========
Total CPU time: 74857.40 ms
  ICNT Cycle (CORE):           608.73 ms (0.8%)
  Mem to ICNT (ICNT):          1371.09 ms (1.8%)
  DRAM Cycle (DRAM):           3369.37 ms (4.5%)
  L2 Cache (L2):               4058.79 ms (5.4%)
  ICNT Transfer (ICNT):        4993.41 ms (6.7%)
  Core Cycle (CORE):           60259.80 ms (80.5%)
  gem5 Simulate:               0.00 ms (0.0%)
  Other Operations:            196.22 ms (0.3%)
Average time per cycle: 7.4857 ms
Progress: cycle=20000 CTA launched +0=264 completed +0=0
Progress TMA tx: started +0=0 (R +0=0, W +0=0) completed +0=0 (R +0=0, W +0=0)
Progress TMA mf: issued +0=0 (R +0=0, W +0=0) responses +0=0 (R +0=0, W +0=0)
Progress TMA bytes: issued +0=0 done +0=0
====================================================================


========== Cycle Profiling Statistics (Last 10000 cycles) ==========
Total CPU time: 70188.09 ms
  ICNT Cycle (CORE):           704.67 ms (1.0%)
  Mem to ICNT (ICNT):          1511.17 ms (2.2%)
  DRAM Cycle (DRAM):           2647.32 ms (3.8%)
  L2 Cache (L2):               3363.81 ms (4.8%)
  ICNT Transfer (ICNT):        5080.85 ms (7.2%)
  Core Cycle (CORE):           56661.38 ms (80.7%)
  gem5 Simulate:               0.00 ms (0.0%)
  Other Operations:            218.89 ms (0.3%)
Average time per cycle: 7.0188 ms
Progress: cycle=30000 CTA launched +132=396 completed +132=132
Progress TMA tx: started +0=0 (R +0=0, W +0=0) completed +0=0 (R +0=0, W +0=0)
Progress TMA mf: issued +0=0 (R +0=0, W +0=0) responses +0=0 (R +0=0, W +0=0)
Progress TMA bytes: issued +0=0 done +0=0
====================================================================


========== Cycle Profiling Statistics (Last 10000 cycles) ==========
Total CPU time: 74152.49 ms
  ICNT Cycle (CORE):           687.75 ms (0.9%)
  Mem to ICNT (ICNT):          1532.79 ms (2.1%)
  DRAM Cycle (DRAM):           3478.57 ms (4.7%)
  L2 Cache (L2):               3896.95 ms (5.3%)
  ICNT Transfer (ICNT):        5162.39 ms (7.0%)
  Core Cycle (CORE):           59172.18 ms (79.8%)
  gem5 Simulate:               0.00 ms (0.0%)
  Other Operations:            221.86 ms (0.3%)
Average time per cycle: 7.4152 ms
Progress: cycle=40000 CTA launched +132=528 completed +132=264
Progress TMA tx: started +0=0 (R +0=0, W +0=0) completed +0=0 (R +0=0, W +0=0)
Progress TMA mf: issued +0=0 (R +0=0, W +0=0) responses +0=0 (R +0=0, W +0=0)
Progress TMA bytes: issued +0=0 done +0=0
====================================================================


========== Cycle Profiling Statistics (Last 10000 cycles) ==========
Total CPU time: 83590.88 ms
  ICNT Cycle (CORE):           756.74 ms (0.9%)
  Mem to ICNT (ICNT):          1629.19 ms (1.9%)
  DRAM Cycle (DRAM):           3654.84 ms (4.4%)
  L2 Cache (L2):               4392.91 ms (5.3%)
  ICNT Transfer (ICNT):        5160.53 ms (6.2%)
  Core Cycle (CORE):           67769.16 ms (81.1%)
  gem5 Simulate:               0.00 ms (0.0%)
  Other Operations:            227.51 ms (0.3%)
Average time per cycle: 8.3591 ms
Progress: cycle=50000 CTA launched +68=596 completed +68=332
Progress TMA tx: started +0=0 (R +0=0, W +0=0) completed +0=0 (R +0=0, W +0=0)
Progress TMA mf: issued +0=0 (R +0=0, W +0=0) responses +0=0 (R +0=0, W +0=0)
Progress TMA bytes: issued +0=0 done +0=0
====================================================================


========== Cycle Profiling Statistics (Last 10000 cycles) ==========
Total CPU time: 80787.88 ms
  ICNT Cycle (CORE):           834.15 ms (1.0%)
  Mem to ICNT (ICNT):          1680.05 ms (2.1%)
  DRAM Cycle (DRAM):           3216.47 ms (4.0%)
  L2 Cache (L2):               4205.05 ms (5.2%)
  ICNT Transfer (ICNT):        5097.39 ms (6.3%)
  Core Cycle (CORE):           65510.90 ms (81.1%)
  gem5 Simulate:               0.00 ms (0.0%)
  Other Operations:            243.87 ms (0.3%)
Average time per cycle: 8.0788 ms
Progress: cycle=60000 CTA launched +142=738 completed +142=474
Progress TMA tx: started +0=0 (R +0=0, W +0=0) completed +0=0 (R +0=0, W +0=0)
Progress TMA mf: issued +0=0 (R +0=0, W +0=0) responses +0=0 (R +0=0, W +0=0)
Progress TMA bytes: issued +0=0 done +0=0
====================================================================


========== Cycle Profiling Statistics (Last 10000 cycles) ==========
Total CPU time: 82125.86 ms
  ICNT Cycle (CORE):           789.90 ms (1.0%)
  Mem to ICNT (ICNT):          1622.28 ms (2.0%)
  DRAM Cycle (DRAM):           3340.69 ms (4.1%)
  L2 Cache (L2):               4222.32 ms (5.1%)
  ICNT Transfer (ICNT):        5156.41 ms (6.3%)
  Core Cycle (CORE):           66754.41 ms (81.3%)
  gem5 Simulate:               0.00 ms (0.0%)
  Other Operations:            239.85 ms (0.3%)
Average time per cycle: 8.2126 ms
Progress: cycle=70000 CTA launched +121=859 completed +121=595
Progress TMA tx: started +0=0 (R +0=0, W +0=0) completed +0=0 (R +0=0, W +0=0)
Progress TMA mf: issued +0=0 (R +0=0, W +0=0) responses +0=0 (R +0=0, W +0=0)
Progress TMA bytes: issued +0=0 done +0=0
====================================================================

GPGPU-Sim uArch: Shader 4 bind to kernel 1 '_ZN5flash16flash_fwd_kernelI23Flash_fwd_kernel_traitsILi128ELi128ELi64ELi4ELb0ELb0EN7cutlass6half_tE19Flash_kernel_traitsILi128ELi128ELi64ELi4ES3_EELb0ELb1ELb0ELb0ELb1ELb1ELb0ELb0EEEvNS_16Flash_fwd_paramsE'

========== Cycle Profiling Statistics (Last 10000 cycles) ==========
Total CPU time: 80105.11 ms
  ICNT Cycle (CORE):           744.89 ms (0.9%)
  Mem to ICNT (ICNT):          1519.26 ms (1.9%)
  DRAM Cycle (DRAM):           3268.70 ms (4.1%)
  L2 Cache (L2):               3970.41 ms (5.0%)
  ICNT Transfer (ICNT):        4685.45 ms (5.8%)
  Core Cycle (CORE):           65688.24 ms (82.0%)
  gem5 Simulate:               0.00 ms (0.0%)
  Other Operations:            228.16 ms (0.3%)
Average time per cycle: 8.0105 ms
Progress: cycle=80000 CTA launched +108=967 completed +120=715
Progress TMA tx: started +0=0 (R +0=0, W +0=0) completed +0=0 (R +0=0, W +0=0)
Progress TMA mf: issued +0=0 (R +0=0, W +0=0) responses +0=0 (R +0=0, W +0=0)
Progress TMA bytes: issued +0=0 done +0=0
====================================================================

GPGPU-Sim uArch: Shader 128 bind to kernel 1 '_ZN5flash16flash_fwd_kernelI23Flash_fwd_kernel_traitsILi128ELi128ELi64ELi4ELb0ELb0EN7cutlass6half_tE19Flash_kernel_traitsILi128ELi128ELi64ELi4ES3_EELb0ELb1ELb0ELb0ELb1ELb1ELb0ELb0EEEvNS_16Flash_fwd_paramsE'
GPGPU-Sim uArch: Shader 34 bind to kernel 1 '_ZN5flash16flash_fwd_kernelI23Flash_fwd_kernel_traitsILi128ELi128ELi64ELi4ELb0ELb0EN7cutlass6half_tE19Flash_kernel_traitsILi128ELi128ELi64ELi4ES3_EELb0ELb1ELb0ELb0ELb1ELb1ELb0ELb0EEEvNS_16Flash_fwd_paramsE'
GPGPU-Sim uArch: Shader 94 bind to kernel 1 '_ZN5flash16flash_fwd_kernelI23Flash_fwd_kernel_traitsILi128ELi128ELi64ELi4ELb0ELb0EN7cutlass6half_tE19Flash_kernel_traitsILi128ELi128ELi64ELi4ES3_EELb0ELb1ELb0ELb0ELb1ELb1ELb0ELb0EEEvNS_16Flash_fwd_paramsE'
GPGPU-Sim uArch: Shader 72 bind to kernel 1 '_ZN5flash16flash_fwd_kernelI23Flash_fwd_kernel_traitsILi128ELi128ELi64ELi4ELb0ELb0EN7cutlass6half_tE19Flash_kernel_traitsILi128ELi128ELi64ELi4ES3_EELb0ELb1ELb0ELb0ELb1ELb1ELb0ELb0EEEvNS_16Flash_fwd_paramsE'

========== Cycle Profiling Statistics (Last 10000 cycles) ==========
Total CPU time: 71569.70 ms
  ICNT Cycle (CORE):           654.72 ms (0.9%)
  Mem to ICNT (ICNT):          1334.49 ms (1.9%)
  DRAM Cycle (DRAM):           2970.79 ms (4.2%)
  L2 Cache (L2):               3331.96 ms (4.7%)
  ICNT Transfer (ICNT):        4290.23 ms (6.0%)
  Core Cycle (CORE):           58793.91 ms (82.1%)
  gem5 Simulate:               0.00 ms (0.0%)
  Other Operations:            193.60 ms (0.3%)
Average time per cycle: 7.1570 ms
Progress: cycle=90000 CTA launched +57=1024 completed +137=852
Progress TMA tx: started +0=0 (R +0=0, W +0=0) completed +0=0 (R +0=0, W +0=0)
Progress TMA mf: issued +0=0 (R +0=0, W +0=0) responses +0=0 (R +0=0, W +0=0)
Progress TMA bytes: issued +0=0 done +0=0
====================================================================


========== Cycle Profiling Statistics (Last 10000 cycles) ==========
Total CPU time: 41062.22 ms
  ICNT Cycle (CORE):           291.81 ms (0.7%)
  Mem to ICNT (ICNT):          635.98 ms (1.5%)
  DRAM Cycle (DRAM):           1425.78 ms (3.5%)
  L2 Cache (L2):               1061.27 ms (2.6%)
  ICNT Transfer (ICNT):        3622.52 ms (8.8%)
  Core Cycle (CORE):           33590.12 ms (81.8%)
  gem5 Simulate:               0.00 ms (0.0%)
  Other Operations:            434.75 ms (1.1%)
Average time per cycle: 4.1062 ms
Progress: cycle=100000 CTA launched +0=1024 completed +122=974
Progress TMA tx: started +0=0 (R +0=0, W +0=0) completed +0=0 (R +0=0, W +0=0)
Progress TMA mf: issued +0=0 (R +0=0, W +0=0) responses +0=0 (R +0=0, W +0=0)
Progress TMA bytes: issued +0=0 done +0=0
====================================================================


========== Cycle Profiling Statistics (Last 10000 cycles) ==========
Total CPU time: 10592.51 ms
  ICNT Cycle (CORE):           78.69 ms (0.7%)
  Mem to ICNT (ICNT):          146.66 ms (1.4%)
  DRAM Cycle (DRAM):           809.68 ms (7.6%)
  L2 Cache (L2):               240.99 ms (2.3%)
  ICNT Transfer (ICNT):        2166.44 ms (20.5%)
  Core Cycle (CORE):           6563.97 ms (62.0%)
  gem5 Simulate:               0.00 ms (0.0%)
  Other Operations:            586.08 ms (5.5%)
Average time per cycle: 1.0593 ms
Progress: cycle=110000 CTA launched +0=1024 completed +46=1020
Progress TMA tx: started +0=0 (R +0=0, W +0=0) completed +0=0 (R +0=0, W +0=0)
Progress TMA mf: issued +0=0 (R +0=0, W +0=0) responses +0=0 (R +0=0, W +0=0)
Progress TMA bytes: issued +0=0 done +0=0
====================================================================

Destroy streams for kernel 1: size 0
kernel_name = _ZN5flash16flash_fwd_kernelI23Flash_fwd_kernel_traitsILi128ELi128ELi64ELi4ELb0ELb0EN7cutlass6half_tE19Flash_kernel_traitsILi128ELi128ELi64ELi4ES3_EELb0ELb1ELb0ELb0ELb1ELb1ELb0ELb0EEEvNS_16Flash_fwd_paramsE 
kernel_launch_uid = 1 
kernel_stream_id = 17179869184
gpu_sim_cycle = 111523
gpu_sim_insn = 493938688
gpu_ipc =    4429.0298
gpu_tot_sim_cycle = 111523
gpu_tot_sim_insn = 493938688
gpu_tot_ipc =    4429.0298
gpu_tot_issued_cta = 1024
gpu_occupancy = 16.0138% 
gpu_tot_occupancy = 16.0138% 
max_total_param_size = 0
gpu_stall_dramfull = 415880
memory_sub_partition_full_breakdown:
	memory_sub_partition_full_breakdown[ICNT_TO_L2_NOT_ENOUGH_SECTOR_SLOTS] = 415880
	memory_sub_partition_full_breakdown[ICNT_TO_L2_QUEUE_FULL] = 406896
	memory_sub_partition_full_breakdown[ICNT_TO_L2_QUEUE_NEAR_FULL] = 8984
	memory_sub_partition_full_breakdown[L2_DRAM_QUEUE_FULL] = 70020
	memory_sub_partition_full_breakdown[DRAM_L2_QUEUE_FULL] = 0
	memory_sub_partition_full_breakdown[L2_ICNT_QUEUE_FULL] = 0
	memory_sub_partition_full_breakdown[L2_DATA_PORT_BUSY] = 76
	memory_sub_partition_full_breakdown[L2_FILL_PORT_BUSY] = 0
	memory_sub_partition_full_breakdown[L2_READY_BLOCKED_BY_L2_ICNT_QUEUE] = 0
gpu_stall_icnt2sh    = 0
partiton_level_parallism =      18.9516
partiton_level_parallism_total  =      18.9516
partiton_level_parallism_util =      19.9200
partiton_level_parallism_util_total  =      19.9200
L2_BW  =    2263.6108 GB/Sec
L2_BW_total  =    2263.6108 GB/Sec
gpu_total_sim_rate=698640

========= Core cache stats =========
L1I_cache:
	L1I_total_cache_accesses = 0
	L1I_total_cache_misses = 0
	L1I_total_cache_pending_hits = 0
	L1I_total_cache_reservation_fails = 0
L1D_cache:
	L1D_cache_core[0]: Access = 8320, Miss = 8320, Miss_rate = 1.000, Pending_hits = 0, Reservation_fails = 11939
	L1D_cache_core[1]: Access = 8320, Miss = 8320, Miss_rate = 1.000, Pending_hits = 0, Reservation_fails = 11752
	L1D_cache_core[2]: Access = 8320, Miss = 8320, Miss_rate = 1.000, Pending_hits = 0, Reservation_fails = 11914
	L1D_cache_core[3]: Access = 8320, Miss = 8320, Miss_rate = 1.000, Pending_hits = 0, Reservation_fails = 11776
	L1D_cache_core[4]: Access = 10400, Miss = 10400, Miss_rate = 1.000, Pending_hits = 0, Reservation_fails = 14811
	L1D_cache_core[5]: Access = 7280, Miss = 7280, Miss_rate = 1.000, Pending_hits = 0, Reservation_fails = 10156
	L1D_cache_core[6]: Access = 8320, Miss = 8320, Miss_rate = 1.000, Pending_hits = 0, Reservation_fails = 11924
	L1D_cache_core[7]: Access = 8320, Miss = 8320, Miss_rate = 1.000, Pending_hits = 0, Reservation_fails = 11838
	L1D_cache_core[8]: Access = 8320, Miss = 8320, Miss_rate = 1.000, Pending_hits = 0, Reservation_fails = 11931
	L1D_cache_core[9]: Access = 7280, Miss = 7280, Miss_rate = 1.000, Pending_hits = 0, Reservation_fails = 10376
	L1D_cache_core[10]: Access = 6240, Miss = 6240, Miss_rate = 1.000, Pending_hits = 0, Reservation_fails = 9027
	L1D_cache_core[11]: Access = 8320, Miss = 8320, Miss_rate = 1.000, Pending_hits = 0, Reservation_fails = 11873
	L1D_cache_core[12]: Access = 8320, Miss = 8320, Miss_rate = 1.000, Pending_hits = 0, Reservation_fails = 11835
	L1D_cache_core[13]: Access = 8320, Miss = 8320, Miss_rate = 1.000, Pending_hits = 0, Reservation_fails = 11980
	L1D_cache_core[14]: Access = 8320, Miss = 8320, Miss_rate = 1.000, Pending_hits = 0, Reservation_fails = 11775
	L1D_cache_core[15]: Access = 8320, Miss = 8320, Miss_rate = 1.000, Pending_hits = 0, Reservation_fails = 11928
	L1D_cache_core[16]: Access = 8320, Miss = 8320, Miss_rate = 1.000, Pending_hits = 0, Reservation_fails = 11977
	L1D_cache_core[17]: Access = 8320, Miss = 8320, Miss_rate = 1.000, Pending_hits = 0, Reservation_fails = 11923
	L1D_cache_core[18]: Access = 8320, Miss = 8320, Miss_rate = 1.000, Pending_hits = 0, Reservation_fails = 11848
	L1D_cache_core[19]: Access = 7280, Miss = 7280, Miss_rate = 1.000, Pending_hits = 0, Reservation_fails = 10376
	L1D_cache_core[20]: Access = 8320, Miss = 8320, Miss_rate = 1.000, Pending_hits = 0, Reservation_fails = 11892
	L1D_cache_core[21]: Access = 6240, Miss = 6240, Miss_rate = 1.000, Pending_hits = 0, Reservation_fails = 8964
	L1D_cache_core[22]: Access = 8320, Miss = 8320, Miss_rate = 1.000, Pending_hits = 0, Reservation_fails = 11922
	L1D_cache_core[23]: Access = 7280, Miss = 7280, Miss_rate = 1.000, Pending_hits = 0, Reservation_fails = 10392
	L1D_cache_core[24]: Access = 8320, Miss = 8320, Miss_rate = 1.000, Pending_hits = 0, Reservation_fails = 11841
	L1D_cache_core[25]: Access = 8320, Miss = 8320, Miss_rate = 1.000, Pending_hits = 0, Reservation_fails = 11842
	L1D_cache_core[26]: Access = 8320, Miss = 8320, Miss_rate = 1.000, Pending_hits = 0, Reservation_fails = 11847
	L1D_cache_core[27]: Access = 8320, Miss = 8320, Miss_rate = 1.000, Pending_hits = 0, Reservation_fails = 11833
	L1D_cache_core[28]: Access = 8320, Miss = 8320, Miss_rate = 1.000, Pending_hits = 0, Reservation_fails = 11836
	L1D_cache_core[29]: Access = 7280, Miss = 7280, Miss_rate = 1.000, Pending_hits = 0, Reservation_fails = 10378
	L1D_cache_core[30]: Access = 8320, Miss = 8320, Miss_rate = 1.000, Pending_hits = 0, Reservation_fails = 11856
	L1D_cache_core[31]: Access = 7280, Miss = 7280, Miss_rate = 1.000, Pending_hits = 0, Reservation_fails = 10302
	L1D_cache_core[32]: Access = 8320, Miss = 8320, Miss_rate = 1.000, Pending_hits = 0, Reservation_fails = 11716
	L1D_cache_core[33]: Access = 8320, Miss = 8320, Miss_rate = 1.000, Pending_hits = 0, Reservation_fails = 11753
	L1D_cache_core[34]: Access = 10400, Miss = 10400, Miss_rate = 1.000, Pending_hits = 0, Reservation_fails = 14797
	L1D_cache_core[35]: Access = 8320, Miss = 8320, Miss_rate = 1.000, Pending_hits = 0, Reservation_fails = 11944
	L1D_cache_core[36]: Access = 8320, Miss = 8320, Miss_rate = 1.000, Pending_hits = 0, Reservation_fails = 11709
	L1D_cache_core[37]: Access = 8320, Miss = 8320, Miss_rate = 1.000, Pending_hits = 0, Reservation_fails = 11856
	L1D_cache_core[38]: Access = 8320, Miss = 8320, Miss_rate = 1.000, Pending_hits = 0, Reservation_fails = 11838
	L1D_cache_core[39]: Access = 8320, Miss = 8320, Miss_rate = 1.000, Pending_hits = 0, Reservation_fails = 11855
	L1D_cache_core[40]: Access = 8320, Miss = 8320, Miss_rate = 1.000, Pending_hits = 0, Reservation_fails = 11967
	L1D_cache_core[41]: Access = 8320, Miss = 8320, Miss_rate = 1.000, Pending_hits = 0, Reservation_fails = 11849
	L1D_cache_core[42]: Access = 8320, Miss = 8320, Miss_rate = 1.000, Pending_hits = 0, Reservation_fails = 11733
	L1D_cache_core[43]: Access = 6240, Miss = 6240, Miss_rate = 1.000, Pending_hits = 0, Reservation_fails = 8964
	L1D_cache_core[44]: Access = 8320, Miss = 8320, Miss_rate = 1.000, Pending_hits = 0, Reservation_fails = 11859
	L1D_cache_core[45]: Access = 8320, Miss = 8320, Miss_rate = 1.000, Pending_hits = 0, Reservation_fails = 11832
	L1D_cache_core[46]: Access = 8320, Miss = 8320, Miss_rate = 1.000, Pending_hits = 0, Reservation_fails = 11842
	L1D_cache_core[47]: Access = 6240, Miss = 6240, Miss_rate = 1.000, Pending_hits = 0, Reservation_fails = 8877
	L1D_cache_core[48]: Access = 8320, Miss = 8320, Miss_rate = 1.000, Pending_hits = 0, Reservation_fails = 11910
	L1D_cache_core[49]: Access = 8320, Miss = 8320, Miss_rate = 1.000, Pending_hits = 0, Reservation_fails = 11838
	L1D_cache_core[50]: Access = 8320, Miss = 8320, Miss_rate = 1.000, Pending_hits = 0, Reservation_fails = 11910
	L1D_cache_core[51]: Access = 8320, Miss = 8320, Miss_rate = 1.000, Pending_hits = 0, Reservation_fails = 11911
	L1D_cache_core[52]: Access = 8320, Miss = 8320, Miss_rate = 1.000, Pending_hits = 0, Reservation_fails = 11893
	L1D_cache_core[53]: Access = 7280, Miss = 7280, Miss_rate = 1.000, Pending_hits = 0, Reservation_fails = 10245
	L1D_cache_core[54]: Access = 8320, Miss = 8320, Miss_rate = 1.000, Pending_hits = 0, Reservation_fails = 11847
	L1D_cache_core[55]: Access = 7280, Miss = 7280, Miss_rate = 1.000, Pending_hits = 0, Reservation_fails = 10437
	L1D_cache_core[56]: Access = 8320, Miss = 8320, Miss_rate = 1.000, Pending_hits = 0, Reservation_fails = 11668
	L1D_cache_core[57]: Access = 8320, Miss = 8320, Miss_rate = 1.000, Pending_hits = 0, Reservation_fails = 11977
	L1D_cache_core[58]: Access = 8320, Miss = 8320, Miss_rate = 1.000, Pending_hits = 0, Reservation_fails = 11686
	L1D_cache_core[59]: Access = 7280, Miss = 7280, Miss_rate = 1.000, Pending_hits = 0, Reservation_fails = 10312
	L1D_cache_core[60]: Access = 8320, Miss = 8320, Miss_rate = 1.000, Pending_hits = 0, Reservation_fails = 11937
	L1D_cache_core[61]: Access = 7280, Miss = 7280, Miss_rate = 1.000, Pending_hits = 0, Reservation_fails = 10374
	L1D_cache_core[62]: Access = 8320, Miss = 8320, Miss_rate = 1.000, Pending_hits = 0, Reservation_fails = 11931
	L1D_cache_core[63]: Access = 7280, Miss = 7280, Miss_rate = 1.000, Pending_hits = 0, Reservation_fails = 10374
	L1D_cache_core[64]: Access = 8320, Miss = 8320, Miss_rate = 1.000, Pending_hits = 0, Reservation_fails = 11849
	L1D_cache_core[65]: Access = 8320, Miss = 8320, Miss_rate = 1.000, Pending_hits = 0, Reservation_fails = 11818
	L1D_cache_core[66]: Access = 8320, Miss = 8320, Miss_rate = 1.000, Pending_hits = 0, Reservation_fails = 11858
	L1D_cache_core[67]: Access = 8320, Miss = 8320, Miss_rate = 1.000, Pending_hits = 0, Reservation_fails = 11797
	L1D_cache_core[68]: Access = 8320, Miss = 8320, Miss_rate = 1.000, Pending_hits = 0, Reservation_fails = 11767
	L1D_cache_core[69]: Access = 8320, Miss = 8320, Miss_rate = 1.000, Pending_hits = 0, Reservation_fails = 11784
	L1D_cache_core[70]: Access = 8320, Miss = 8320, Miss_rate = 1.000, Pending_hits = 0, Reservation_fails = 11749
	L1D_cache_core[71]: Access = 7280, Miss = 7280, Miss_rate = 1.000, Pending_hits = 0, Reservation_fails = 10390
	L1D_cache_core[72]: Access = 10400, Miss = 10400, Miss_rate = 1.000, Pending_hits = 0, Reservation_fails = 14866
	L1D_cache_core[73]: Access = 7280, Miss = 7280, Miss_rate = 1.000, Pending_hits = 0, Reservation_fails = 10298
	L1D_cache_core[74]: Access = 8320, Miss = 8320, Miss_rate = 1.000, Pending_hits = 0, Reservation_fails = 11838
	L1D_cache_core[75]: Access = 8320, Miss = 8320, Miss_rate = 1.000, Pending_hits = 0, Reservation_fails = 11836
	L1D_cache_core[76]: Access = 8320, Miss = 8320, Miss_rate = 1.000, Pending_hits = 0, Reservation_fails = 11865
	L1D_cache_core[77]: Access = 8320, Miss = 8320, Miss_rate = 1.000, Pending_hits = 0, Reservation_fails = 11910
	L1D_cache_core[78]: Access = 8320, Miss = 8320, Miss_rate = 1.000, Pending_hits = 0, Reservation_fails = 11832
	L1D_cache_core[79]: Access = 6240, Miss = 6240, Miss_rate = 1.000, Pending_hits = 0, Reservation_fails = 8917
	L1D_cache_core[80]: Access = 8320, Miss = 8320, Miss_rate = 1.000, Pending_hits = 0, Reservation_fails = 11579
	L1D_cache_core[81]: Access = 7280, Miss = 7280, Miss_rate = 1.000, Pending_hits = 0, Reservation_fails = 10386
	L1D_cache_core[82]: Access = 8320, Miss = 8320, Miss_rate = 1.000, Pending_hits = 0, Reservation_fails = 11830
	L1D_cache_core[83]: Access = 8320, Miss = 8320, Miss_rate = 1.000, Pending_hits = 0, Reservation_fails = 12018
	L1D_cache_core[84]: Access = 8320, Miss = 8320, Miss_rate = 1.000, Pending_hits = 0, Reservation_fails = 11924
	L1D_cache_core[85]: Access = 7280, Miss = 7280, Miss_rate = 1.000, Pending_hits = 0, Reservation_fails = 10386
	L1D_cache_core[86]: Access = 8320, Miss = 8320, Miss_rate = 1.000, Pending_hits = 0, Reservation_fails = 11841
	L1D_cache_core[87]: Access = 7280, Miss = 7280, Miss_rate = 1.000, Pending_hits = 0, Reservation_fails = 10381
	L1D_cache_core[88]: Access = 8320, Miss = 8320, Miss_rate = 1.000, Pending_hits = 0, Reservation_fails = 11847
	L1D_cache_core[89]: Access = 7280, Miss = 7280, Miss_rate = 1.000, Pending_hits = 0, Reservation_fails = 10389
	L1D_cache_core[90]: Access = 8320, Miss = 8320, Miss_rate = 1.000, Pending_hits = 0, Reservation_fails = 11862
	L1D_cache_core[91]: Access = 7280, Miss = 7280, Miss_rate = 1.000, Pending_hits = 0, Reservation_fails = 10367
	L1D_cache_core[92]: Access = 8320, Miss = 8320, Miss_rate = 1.000, Pending_hits = 0, Reservation_fails = 11845
	L1D_cache_core[93]: Access = 8320, Miss = 8320, Miss_rate = 1.000, Pending_hits = 0, Reservation_fails = 11997
	L1D_cache_core[94]: Access = 10400, Miss = 10400, Miss_rate = 1.000, Pending_hits = 0, Reservation_fails = 14787
	L1D_cache_core[95]: Access = 8320, Miss = 8320, Miss_rate = 1.000, Pending_hits = 0, Reservation_fails = 11856
	L1D_cache_core[96]: Access = 8320, Miss = 8320, Miss_rate = 1.000, Pending_hits = 0, Reservation_fails = 11914
	L1D_cache_core[97]: Access = 6240, Miss = 6240, Miss_rate = 1.000, Pending_hits = 0, Reservation_fails = 9035
	L1D_cache_core[98]: Access = 8320, Miss = 8320, Miss_rate = 1.000, Pending_hits = 0, Reservation_fails = 11851
	L1D_cache_core[99]: Access = 8320, Miss = 8320, Miss_rate = 1.000, Pending_hits = 0, Reservation_fails = 11824
	L1D_cache_core[100]: Access = 8320, Miss = 8320, Miss_rate = 1.000, Pending_hits = 0, Reservation_fails = 11857
	L1D_cache_core[101]: Access = 7280, Miss = 7280, Miss_rate = 1.000, Pending_hits = 0, Reservation_fails = 10368
	L1D_cache_core[102]: Access = 8320, Miss = 8320, Miss_rate = 1.000, Pending_hits = 0, Reservation_fails = 11845
	L1D_cache_core[103]: Access = 7280, Miss = 7280, Miss_rate = 1.000, Pending_hits = 0, Reservation_fails = 10386
	L1D_cache_core[104]: Access = 8320, Miss = 8320, Miss_rate = 1.000, Pending_hits = 0, Reservation_fails = 11851
	L1D_cache_core[105]: Access = 8320, Miss = 8320, Miss_rate = 1.000, Pending_hits = 0, Reservation_fails = 11906
	L1D_cache_core[106]: Access = 8320, Miss = 8320, Miss_rate = 1.000, Pending_hits = 0, Reservation_fails = 11763
	L1D_cache_core[107]: Access = 8320, Miss = 8320, Miss_rate = 1.000, Pending_hits = 0, Reservation_fails = 11863
	L1D_cache_core[108]: Access = 8320, Miss = 8320, Miss_rate = 1.000, Pending_hits = 0, Reservation_fails = 11921
	L1D_cache_core[109]: Access = 8320, Miss = 8320, Miss_rate = 1.000, Pending_hits = 0, Reservation_fails = 11908
	L1D_cache_core[110]: Access = 8320, Miss = 8320, Miss_rate = 1.000, Pending_hits = 0, Reservation_fails = 11836
	L1D_cache_core[111]: Access = 6240, Miss = 6240, Miss_rate = 1.000, Pending_hits = 0, Reservation_fails = 8984
	L1D_cache_core[112]: Access = 8320, Miss = 8320, Miss_rate = 1.000, Pending_hits = 0, Reservation_fails = 11684
	L1D_cache_core[113]: Access = 7280, Miss = 7280, Miss_rate = 1.000, Pending_hits = 0, Reservation_fails = 10275
	L1D_cache_core[114]: Access = 8320, Miss = 8320, Miss_rate = 1.000, Pending_hits = 0, Reservation_fails = 11752
	L1D_cache_core[115]: Access = 8320, Miss = 8320, Miss_rate = 1.000, Pending_hits = 0, Reservation_fails = 11779
	L1D_cache_core[116]: Access = 8320, Miss = 8320, Miss_rate = 1.000, Pending_hits = 0, Reservation_fails = 11857
	L1D_cache_core[117]: Access = 7280, Miss = 7280, Miss_rate = 1.000, Pending_hits = 0, Reservation_fails = 10372
	L1D_cache_core[118]: Access = 8320, Miss = 8320, Miss_rate = 1.000, Pending_hits = 0, Reservation_fails = 11823
	L1D_cache_core[119]: Access = 7280, Miss = 7280, Miss_rate = 1.000, Pending_hits = 0, Reservation_fails = 10376
	L1D_cache_core[120]: Access = 8320, Miss = 8320, Miss_rate = 1.000, Pending_hits = 0, Reservation_fails = 11985
	L1D_cache_core[121]: Access = 6240, Miss = 6240, Miss_rate = 1.000, Pending_hits = 0, Reservation_fails = 9061
	L1D_cache_core[122]: Access = 8320, Miss = 8320, Miss_rate = 1.000, Pending_hits = 0, Reservation_fails = 11811
	L1D_cache_core[123]: Access = 8320, Miss = 8320, Miss_rate = 1.000, Pending_hits = 0, Reservation_fails = 11860
	L1D_cache_core[124]: Access = 8320, Miss = 8320, Miss_rate = 1.000, Pending_hits = 0, Reservation_fails = 11868
	L1D_cache_core[125]: Access = 8320, Miss = 8320, Miss_rate = 1.000, Pending_hits = 0, Reservation_fails = 11749
	L1D_cache_core[126]: Access = 8320, Miss = 8320, Miss_rate = 1.000, Pending_hits = 0, Reservation_fails = 11844
	L1D_cache_core[127]: Access = 6240, Miss = 6240, Miss_rate = 1.000, Pending_hits = 0, Reservation_fails = 8983
	L1D_cache_core[128]: Access = 10400, Miss = 10400, Miss_rate = 1.000, Pending_hits = 0, Reservation_fails = 14801
	L1D_cache_core[129]: Access = 7280, Miss = 7280, Miss_rate = 1.000, Pending_hits = 0, Reservation_fails = 10457
	L1D_cache_core[130]: Access = 8320, Miss = 8320, Miss_rate = 1.000, Pending_hits = 0, Reservation_fails = 11861
	L1D_cache_core[131]: Access = 8320, Miss = 8320, Miss_rate = 1.000, Pending_hits = 0, Reservation_fails = 11950
	L1D_total_cache_accesses = 1064960
	L1D_total_cache_misses = 1064960
	L1D_total_cache_miss_rate = 1.0000
	L1D_total_cache_pending_hits = 0
	L1D_total_cache_reservation_fails = 1517434
	L1D_cache_data_port_util = 0.000
	L1D_cache_fill_port_util = 0.000
L1C_cache:
	L1C_total_cache_accesses = 0
	L1C_total_cache_misses = 0
	L1C_total_cache_pending_hits = 0
	L1C_total_cache_reservation_fails = 0
L1T_cache:
	L1T_total_cache_accesses = 0
	L1T_total_cache_misses = 0
	L1T_total_cache_pending_hits = 0
	L1T_total_cache_reservation_fails = 0

Total_core_cache_stats:
	Total_core_cache_stats_breakdown[GLOBAL_ACC_R][HIT] = 0
	Total_core_cache_stats_breakdown[GLOBAL_ACC_R][HIT_RESERVED] = 0
	Total_core_cache_stats_breakdown[GLOBAL_ACC_R][MISS] = 0
	Total_core_cache_stats_breakdown[GLOBAL_ACC_R][RESERVATION_FAIL] = 0
	Total_core_cache_stats_breakdown[GLOBAL_ACC_R][SECTOR_MISS] = 0
	Total_core_cache_stats_breakdown[GLOBAL_ACC_R][MSHR_HIT] = 0
	Total_core_cache_stats_breakdown[LOCAL_ACC_R][HIT] = 0
	Total_core_cache_stats_breakdown[LOCAL_ACC_R][HIT_RESERVED] = 0
	Total_core_cache_stats_breakdown[LOCAL_ACC_R][MISS] = 0
	Total_core_cache_stats_breakdown[LOCAL_ACC_R][RESERVATION_FAIL] = 0
	Total_core_cache_stats_breakdown[LOCAL_ACC_R][SECTOR_MISS] = 0
	Total_core_cache_stats_breakdown[LOCAL_ACC_R][MSHR_HIT] = 0
	Total_core_cache_stats_breakdown[CONST_ACC_R][HIT] = 0
	Total_core_cache_stats_breakdown[CONST_ACC_R][HIT_RESERVED] = 0
	Total_core_cache_stats_breakdown[CONST_ACC_R][MISS] = 0
	Total_core_cache_stats_breakdown[CONST_ACC_R][RESERVATION_FAIL] = 0
	Total_core_cache_stats_breakdown[CONST_ACC_R][SECTOR_MISS] = 0
	Total_core_cache_stats_breakdown[CONST_ACC_R][MSHR_HIT] = 0
	Total_core_cache_stats_breakdown[TEXTURE_ACC_R][HIT] = 0
	Total_core_cache_stats_breakdown[TEXTURE_ACC_R][HIT_RESERVED] = 0
	Total_core_cache_stats_breakdown[TEXTURE_ACC_R][MISS] = 0
	Total_core_cache_stats_breakdown[TEXTURE_ACC_R][RESERVATION_FAIL] = 0
	Total_core_cache_stats_breakdown[TEXTURE_ACC_R][SECTOR_MISS] = 0
	Total_core_cache_stats_breakdown[TEXTURE_ACC_R][MSHR_HIT] = 0
	Total_core_cache_stats_breakdown[GLOBAL_ACC_W][HIT] = 0
	Total_core_cache_stats_breakdown[GLOBAL_ACC_W][HIT_RESERVED] = 0
	Total_core_cache_stats_breakdown[GLOBAL_ACC_W][MISS] = 266240
	Total_core_cache_stats_breakdown[GLOBAL_ACC_W][RESERVATION_FAIL] = 1517434
	Total_core_cache_stats_breakdown[GLOBAL_ACC_W][SECTOR_MISS] = 798720
	Total_core_cache_stats_breakdown[GLOBAL_ACC_W][MSHR_HIT] = 0
	Total_core_cache_stats_breakdown[LOCAL_ACC_W][HIT] = 0
	Total_core_cache_stats_breakdown[LOCAL_ACC_W][HIT_RESERVED] = 0
	Total_core_cache_stats_breakdown[LOCAL_ACC_W][MISS] = 0
	Total_core_cache_stats_breakdown[LOCAL_ACC_W][RESERVATION_FAIL] = 0
	Total_core_cache_stats_breakdown[LOCAL_ACC_W][SECTOR_MISS] = 0
	Total_core_cache_stats_breakdown[LOCAL_ACC_W][MSHR_HIT] = 0
	Total_core_cache_stats_breakdown[L1_WRBK_ACC][HIT] = 0
	Total_core_cache_stats_breakdown[L1_WRBK_ACC][HIT_RESERVED] = 0
	Total_core_cache_stats_breakdown[L1_WRBK_ACC][MISS] = 0
	Total_core_cache_stats_breakdown[L1_WRBK_ACC][RESERVATION_FAIL] = 0
	Total_core_cache_stats_breakdown[L1_WRBK_ACC][SECTOR_MISS] = 0
	Total_core_cache_stats_breakdown[L1_WRBK_ACC][MSHR_HIT] = 0
	Total_core_cache_stats_breakdown[L2_WRBK_ACC][HIT] = 0
	Total_core_cache_stats_breakdown[L2_WRBK_ACC][HIT_RESERVED] = 0
	Total_core_cache_stats_breakdown[L2_WRBK_ACC][MISS] = 0
	Total_core_cache_stats_breakdown[L2_WRBK_ACC][RESERVATION_FAIL] = 0
	Total_core_cache_stats_breakdown[L2_WRBK_ACC][SECTOR_MISS] = 0
	Total_core_cache_stats_breakdown[L2_WRBK_ACC][MSHR_HIT] = 0
	Total_core_cache_stats_breakdown[INST_ACC_R][HIT] = 0
	Total_core_cache_stats_breakdown[INST_ACC_R][HIT_RESERVED] = 0
	Total_core_cache_stats_breakdown[INST_ACC_R][MISS] = 0
	Total_core_cache_stats_breakdown[INST_ACC_R][RESERVATION_FAIL] = 0
	Total_core_cache_stats_breakdown[INST_ACC_R][SECTOR_MISS] = 0
	Total_core_cache_stats_breakdown[INST_ACC_R][MSHR_HIT] = 0
	Total_core_cache_stats_breakdown[L1_WR_ALLOC_R][HIT] = 0
	Total_core_cache_stats_breakdown[L1_WR_ALLOC_R][HIT_RESERVED] = 0
	Total_core_cache_stats_breakdown[L1_WR_ALLOC_R][MISS] = 0
	Total_core_cache_stats_breakdown[L1_WR_ALLOC_R][RESERVATION_FAIL] = 0
	Total_core_cache_stats_breakdown[L1_WR_ALLOC_R][SECTOR_MISS] = 0
	Total_core_cache_stats_breakdown[L1_WR_ALLOC_R][MSHR_HIT] = 0
	Total_core_cache_stats_breakdown[L2_WR_ALLOC_R][HIT] = 0
	Total_core_cache_stats_breakdown[L2_WR_ALLOC_R][HIT_RESERVED] = 0
	Total_core_cache_stats_breakdown[L2_WR_ALLOC_R][MISS] = 0
	Total_core_cache_stats_breakdown[L2_WR_ALLOC_R][RESERVATION_FAIL] = 0
	Total_core_cache_stats_breakdown[L2_WR_ALLOC_R][SECTOR_MISS] = 0
	Total_core_cache_stats_breakdown[L2_WR_ALLOC_R][MSHR_HIT] = 0
	Total_core_cache_stats_breakdown[TMA_ACC_R][HIT] = 0
	Total_core_cache_stats_breakdown[TMA_ACC_R][HIT_RESERVED] = 0
	Total_core_cache_stats_breakdown[TMA_ACC_R][MISS] = 0
	Total_core_cache_stats_breakdown[TMA_ACC_R][RESERVATION_FAIL] = 0
	Total_core_cache_stats_breakdown[TMA_ACC_R][SECTOR_MISS] = 0
	Total_core_cache_stats_breakdown[TMA_ACC_R][MSHR_HIT] = 0
	Total_core_cache_stats_breakdown[TMA_ACC_W][HIT] = 0
	Total_core_cache_stats_breakdown[TMA_ACC_W][HIT_RESERVED] = 0
	Total_core_cache_stats_breakdown[TMA_ACC_W][MISS] = 0
	Total_core_cache_stats_breakdown[TMA_ACC_W][RESERVATION_FAIL] = 0
	Total_core_cache_stats_breakdown[TMA_ACC_W][SECTOR_MISS] = 0
	Total_core_cache_stats_breakdown[TMA_ACC_W][MSHR_HIT] = 0
	Total_core_cache_stats_breakdown[CP_ASYNC_ACC_R][HIT] = 0
	Total_core_cache_stats_breakdown[CP_ASYNC_ACC_R][HIT_RESERVED] = 0
	Total_core_cache_stats_breakdown[CP_ASYNC_ACC_R][MISS] = 0
	Total_core_cache_stats_breakdown[CP_ASYNC_ACC_R][RESERVATION_FAIL] = 0
	Total_core_cache_stats_breakdown[CP_ASYNC_ACC_R][SECTOR_MISS] = 0
	Total_core_cache_stats_breakdown[CP_ASYNC_ACC_R][MSHR_HIT] = 0
	Total_core_cache_stats_breakdown[GLOBAL_ACC_W][TOTAL_ACCESS] = 1064960

Total_core_cache_fail_stats:
	Total_core_cache_fail_stats_breakdown[GLOBAL_ACC_W][MISS_QUEUE_FULL] = 1517434
ctas_completed 1024, Shader 0 warp_id issue ditsribution:
warp_id:
0, 1, 2, 3, 4, 5, 6, 7, 
distro:
13385, 13385, 13385, 13385, 13385, 13385, 13385, 13385, 
gpgpu_n_tot_thrd_icount = 500498432
gpgpu_n_tot_w_icount = 15640576
gpgpu_n_stall_shd_mem = 1102321
gpgpu_n_mem_read_local = 0
gpgpu_n_mem_write_local = 0
gpgpu_n_mem_read_global = 1048576
gpgpu_n_mem_write_global = 1064960
gpgpu_n_mem_texture = 0
gpgpu_n_mem_const = 0
gpgpu_n_tma_tx_completed = 0
gpgpu_n_tma_read_tx_completed = 0
gpgpu_n_tma_write_tx_completed = 0
gpgpu_n_load_insn  = 0
gpgpu_n_store_insn = 2228224
gpgpu_n_shmem_insn = 10485760
gpgpu_n_sstarr_insn = 0
gpgpu_n_tex_insn = 0
gpgpu_n_const_mem_insn = 0
gpgpu_n_param_mem_insn = 4096000
gpgpu_n_shmem_bkconflict = 196608
gpgpu_n_l1cache_bkconflict = 709235
gpgpu_n_intrawarp_mshr_merge = 0
gpgpu_n_cmem_portconflict = 0
gpgpu_stall_shd_mem[c_mem][resource_stall] = 0
gpgpu_stall_shd_mem[s_mem][bk_conf] = 196608
gpgpu_stall_shd_mem[gl_mem][resource_stall] = 709235
gpgpu_stall_shd_mem[gl_mem][coal_stall] = 196478
gpgpu_stall_shd_mem[gl_mem][data_port_stall] = 0
gpu_reg_bank_conflict_stalls = 0
Warp Occupancy Distribution:
Stall:20655221	W0_Idle:4444693	W0_Scoreboard:7422594	W1:0	W2:0	W3:0	W4:0	W5:0	W6:0	W7:0	W8:208896	W9:0	W10:0	W11:0	W12:0	W13:0	W14:0	W15:0	W16:0	W17:0	W18:0	W19:0	W20:0	W21:0	W22:0	W23:0	W24:0	W25:0	W26:0	W27:0	W28:2048	W29:0	W30:0	W31:0	W32:15429632
single_issue_nums: WS0:3910144	WS1:3910144	WS2:3910144	WS3:3910144	
dual_issue_nums: WS0:0	WS1:0	WS2:0	WS3:0	
Warp Stall Breakdown:
  Selected                   15640576   16.9%
  NoInstruction               2820185    3.0%
  Barrier                     2966320    3.2%
  Membar                            0    0.0%
  WaitTMA                     9371912   10.1%
  WaitWGMMA                         0    0.0%
  Atomic                            0    0.0%
  SB_MemGlobal                 458417    0.5%
  SB_MemShared                      0    0.0%
  SB_TensorCore               3733712    4.0%
  SB_SpInt                   13374334   14.4%
  SB_Sfu                      4345719    4.7%
  SB_Tma                            0    0.0%
  SB_Other                          0    0.0%
  MathPipeThrottle           34457031   37.2%
  MioThrottle                 2112603    2.3%
  PipeStallOther               865941    0.9%
  NotSelected                 2409445    2.6%
  Total warp-scheduler samples: 92556195
traffic_breakdown_coretomem[CP_ASYNC_ACC_R] = 8388608 {8:1048576,}
traffic_breakdown_coretomem[GLOBAL_ACC_W] = 42598400 {40:1064960,}
traffic_breakdown_memtocore[CP_ASYNC_ACC_R] = 167772160 {40:4194304,}
traffic_breakdown_memtocore[GLOBAL_ACC_W] = 8519680 {8:1064960,}
maxmflatency = 2147 
max_icnt2mem_latency = 1262 
maxmrqlatency = 914 
max_icnt2sh_latency = 1696 
averagemflatency = 422 
avg_icnt2mem_latency = 150 
avg_mrq_latency = 30 
avg_icnt2sh_latency = 32 
mrq_lat_table:542431 	51892 	57638 	1033341 	804448 	457321 	272991 	109578 	18795 	1307 	0 	0 	0 	0 	0 	0 	0 	0 	0 	0 	0 	0 	0 	0 	0 	0 	0 	0 	0 	0 	0 	0 	
dq_lat_table:0 	0 	0 	0 	0 	0 	0 	0 	0 	0 	0 	0 	0 	0 	0 	0 	0 	0 	0 	0 	0 	0 	0 	0 	0 	0 	0 	0 	0 	0 	0 	0 	
mf_lat_table:0 	0 	0 	0 	0 	0 	0 	0 	980219 	79946 	4785 	10 	0 	0 	0 	0 	0 	0 	0 	0 	0 	0 	0 	0 	0 	0 	0 	0 	0 	0 	0 	0 	
icnt2mem_lat_table:107609 	847865 	30700 	8538 	7049 	46738 	536947 	493713 	9903 	22273 	2201 	0 	0 	0 	0 	0 	0 	0 	0 	0 	0 	0 	0 	0 	
icnt2sh_lat_table:31685 	139025 	440961 	235651 	58613 	26900 	57661 	41683 	24201 	7797 	783 	0 	0 	0 	0 	0 	0 	0 	0 	0 	0 	0 	0 	0 	
mf_lat_pw_table:0 	0 	0 	0 	0 	0 	0 	0 	161 	0 	0 	0 	0 	0 	0 	0 	0 	0 	0 	0 	0 	0 	0 	0 	0 	0 	0 	0 	0 	0 	0 	0 	
maximum concurrent accesses to same row:
dram[0]:        16        16        16        16        16        16        12        12        16        16        16        12        12        16        16        16 
dram[1]:        16        16        12        12        16        16        12        12        16        16        16        12        16        16        16        16 
dram[2]:        16        16        12        20        16        12        12        12        20        20        12        16        16        16        16        20 
dram[3]:        14        12        16        16        12        12        12        12        12        16        16        16        16        16        20        20 
dram[4]:        12        12        20        12        12        16        12        16        16        16        16        12        20        20        16        20 
dram[5]:        16        12        12        12        12        16        12        12        16        16        20        16        16        12        16        16 
dram[6]:        16        12        16        12        16        16        12        12        16        12        16        16        12        16        20        20 
dram[7]:        12        12        16        12        16        16        12        12        12        12        12        16        12        12        20        20 
dram[8]:        16        16        20        20        20        16        12        12        16        16        16        12        12        12        16        20 
dram[9]:        12        12        20        20        16        16        12        16        16        16        16        12        12        12        12        16 
dram[10]:        16        12        16        12        16        16        12        16        20        17        16        16        12        12        20        20 
dram[11]:        16        16        16        12        16        16        12        16        16        16        16        16        16        12        16        20 
dram[12]:        16        16        12        16        16        16        12        12        16        16        16        16        16        20        16        20 
dram[13]:        16        16        16        16        16        12        12        12        16        16        16        16        12        16        20        20 
dram[14]:        12        12        12        16        12        16        12        12        16        16        16        16        12        12        16        20 
dram[15]:        12        12        12        16        16        16        12        12        12        16        16        12        16        13        16        20 
dram[16]:        12        12        12        16        16        16        12        12        16        16        16        16        16        12        16        16 
dram[17]:        12        12        16        16        16        16        16        16        16        16        16        16        16        16        16        16 
dram[18]:        20        16        12        16        20        16        20        20        20        16        16        16        16        16        16        20 
dram[19]:        16        16        12        12        16        16        12        12        12        16        16        16        12        12        16        20 
dram[20]:        16        16        12        12        16        20        12        12        16        16        20        16        20        20        20        20 
dram[21]:        16        16        16        12        16        16        12        12        16        16        20        20        16        16        20        20 
dram[22]:        16        16        16        16        16        16        16        16        16        16        16        12        16        12        20        20 
dram[23]:        16        16        16        16        16        16        16        16        16        16        12        16        16        16        16        20 
dram[24]:        20        16        16        16        16        12        20        12        16        16        16        16        12        12        16        20 
dram[25]:        20        12        16        16        12        12        20        16        16        20        16        16        12        12        16        16 
dram[26]:        16        16        16        12        16        12        20        20        20        20        16        16        16        12        20        20 
dram[27]:        20        16        12        16        16        16        16        12        16        16        16        16        16        16        16        20 
dram[28]:        16        12        12        12        16        12        16        16        16        12        16        16        20        20        16        20 
dram[29]:        12        12        16        16        16        16        16        16        20        16        16        16        16        16        16        20 
dram[30]:        20        16        16        12        12        16        16        16        16        12        16        16        16        16        20        20 
dram[31]:        16        12        16        16        12        16        16        16        16        16        16        16        16        16        16        20 
dram[32]:        12        12        16        16        16        12        12        12        16        16        12        16        12        12        16        16 
dram[33]:        12        12        16        20        12        12        12        12        16        16        20        16        16        16        12        16 
dram[34]:        12        16        12        12        16        16        16        16        20        20        16        16        16        16        16        16 
dram[35]:        20        16        16        16        12        16        16        16        12        12        16        16        16        16        20        16 
dram[36]:        16        12        20        12        12        16        12        16        16        12        16        16        20        20        16        20 
dram[37]:        12        16        12        12        16        16        12        12        16        12        20        16        20        20        16        16 
dram[38]:        16        12        16        12        20        16        12        16        16        12        16        16        16        12        20        20 
dram[39]:        12        12        12        12        16        16        16        12        16        16        12        16        16        16        16        20 
dram[40]:        16        16        20        16        16        16        16        12        16        12        16        16        16        12        16        16 
dram[41]:        12        12        16        20        16        16        12        16        16        12        12        16        16        12        16        16 
dram[42]:        20        16        12        12        12        12        16        16        20        20        12        12        12        16        20        20 
dram[43]:        20        20        16        12        16        16        16        16        12        16        16        12        16        16        16        20 
dram[44]:        16        16        12        16        12        12        12        12        20        12        16        16        20        20        20        20 
dram[45]:        12        12        16        12        16        12        12        12        12        12        16        20        20        20        20        20 
dram[46]:        16        12        16        12        16        20        12        12        12        12        16        12        12        16        20        20 
dram[47]:        16        12        16        16        16        16        12        16        16        12        16        12        16        16        20        20 
dram[48]:        12        12        12        12        12        12        12        12        12        12        12        12         8        12        12        16 
dram[49]:        12        12        12        12        16        12         8        12        12        12        12        16        12        12        16        16 
dram[50]:        16        16        12        12        12        12        12        12        12        12        12        12        12        12        12        16 
dram[51]:        12        12        12        12        12        12        12        12        12        12        12        12        12        16        16        16 
dram[52]:        12         8        12        12        12        16        12        16        16        16        12        12        16        16        12        12 
dram[53]:        12        12        12        12        16         8        16        16        12        16        12        12        12        12        12        12 
dram[54]:        16        12        12        12        16        12        16        16        12        12        12        12         8        12        12        12 
dram[55]:        16        12        12        12        12        12        16        16        12        12        12        12        16        12        12        12 
dram[56]:        12        12        12        12        12        16         8         8        12        12        12        12        16        12        16        16 
dram[57]:        16        12        12        12        12        12        12        12        16        16        12        12        12        16        16        16 
dram[58]:        16        12        12        12        16        12        12        12        12         8        12        16        12        16        16        16 
dram[59]:        12        12        12        12        12         8        12         8        12         8         8        12        12        16        16        16 
dram[60]:        12        12         8         8        12        12         8        12        16        12        12        12        16        16        12        16 
dram[61]:        12        12        12         8        12        12         8         8        12         8        16        12        12        16        12        16 
dram[62]:        12        12         8        12        16        16         8        12        12        12        12        12        12        12        12        12 
dram[63]:        12        12        12        12        12        12         8         8        12        12        12        12        12        12        12        12 
dram[64]:        12        12        16        16        12        12        12        12        16        12        12        12        12        12         8         8 
dram[65]:         8        12        12        12        12        12        12        12        12        12        12        16        12        12        12         8 
dram[66]:        12        12         8        12        16        12        12        12        16        16        12        12        12        12         8        12 
dram[67]:        12        12        12        12        16        12        12        12        12        16        12        12         8        12         8        12 
dram[68]:        16        12        16         8        12        12        12        12        12        12        12        12        12        12        16        16 
dram[69]:        16        12         8         8        11         8        12        12        12        12        12        12        12        12        16        16 
dram[70]:        12        12        16        12        12        12        12        12         8        12        12        12        12        12        16        16 
dram[71]:        16        12        12        12        12        12        16         8         8        12         8        12        12        16        16        16 
dram[72]:        12        12        16        16        12        12        12        12        16        16        12        12        12         8        12        12 
dram[73]:         8        12        16        16        12        12        12        12        12        12        12        12        12        12        12        12 
dram[74]:        12        12        12        12        12        16        12        12        12        16        12        12         8        12        12        12 
dram[75]:        12        12        16        12        16        12        12        12        12        12        12        12        12        12        12        12 
dram[76]:        16        12        12         8        12        12         8        12        12         8        16        16        16         8        16        16 
dram[77]:        16        12        12        12        12        12         8         8        12         8        12        12        16         8        12        12 
dram[78]:        12        12        12        12        12        12        12        12        12        12        12        12        16        12        16        16 
dram[79]:        12        12        12        12        12        12        12        12        12        12        12         8        12        12        16        16 
maximum service time to same row:
dram[0]:      7714      7688      8146      8168      8251      8152      7797      7783      8015      8053      9632     10406      7952      7805      8043      8052 
dram[1]:      7736      7764      8166      8177      8301      8287      7845      7837      8186      8200      7902      7769      8020      7981      8085      8067 
dram[2]:      7712      7712      8302      8299      8031      8052      7558      7541      7988      8030      7729      7718      7921      7930      8084      8089 
dram[3]:      7746      7715      8338      8401      8208      8103      7598      7608      8014      8049      7774      7763      8069      8053      8157      8049 
dram[4]:      7902      7923      8328      8245      7999      8763      7660      7701     11269     11440      7832      7824      8097      8203      8202      8165 
dram[5]:      7835      7881      8195      8161      8132      8014      7689      7642      8249      8225      7939      7937      8185      8179      8045      8035 
dram[6]:      7891      7915      8425      8375      8009      8033      7745      7739      8418      8421      7929      7964      8124      8073      8162      8047 
dram[7]:      7869      7878      7970      8009     11068     10909      7758      7740      8412      8428      8023      8035      8234      8266      8171      8083 
dram[8]:      7701      7715     10862     10850      8148      8192      7788      7783      8025      8036      7770      7744      7810      7784      8097      8084 
dram[9]:      7772      7738      8097      8108      8301      8259      7866      7833      8052      8106      7870      7781      7904      7859      8119      8112 
dram[10]:      7664      9577      8315      8232      8118      8179      7528      7534      7915      8011      9532      9656      9958      7884      8055      8136 
dram[11]:      7764      7726      8336      8236      8231      8193      7601      7616      7949      7951      7770      7781      8075      8037      8160      8058 
dram[12]:      7864      7879     10003      7963      7977      8006      7620      7572      8084      8086      7481      7440      7983      7987      7956      7984 
dram[13]:      7882      8719      8168      8163      7984      7990      7664      8953      8128      8096      7904      7928      8130      8075      8074      8109 
dram[14]:      7822      7275      7935      7951      7405      7445      7703      7691      8391      8397      7967      7975      8195      8193      8086      7990 
dram[15]:      7849      7882      7946      7962      8134      7963      7718      7692      8309      8191      8017      8032      8246      8265      8060      8185 
dram[16]:      7762      8047      8123      8172      8246      8140      7876      7050      8087      8150      7792      7739      7883      7835      8107      8089 
dram[17]:      7775      7797      8177      8142      8323      8307      7562      7546      8190      8193     11309      9794      7993      7968      8114      8095 
dram[18]:      7707      7746      8334      8276      8121      8223      8290      7681      8548      8066      7754      7763      8025      8023      8095      8301 
dram[19]:      7261      7261      8403      8448      8103      8080      7622      7632      8068      8066      7796      7838      8103      8070      8110      8233 
dram[20]:      7951      7980      7117      7073      8046      8067      7860      7751      8127      8121      8018      8014      8237      8249      8022      8032 
dram[21]:     10540      7910      6553      6553      7353      7359      7758      7713      8286      8248      8085      8188      8200      8222      8080      8080 
dram[22]:      7920      7936     10082     10370      8100      8197      7770      7773      8411      8411      8051      7979      8010      8111      8084      8064 
dram[23]:      7893      7884      8002      8000      7981      8024      7781      7773      8359      8380      8054      8066      8287      8311      8087      8045 
dram[24]:      7738      7747      8130      8174      8184      8092      7821      7815      8068      8087      7797      7775      7830      7815      8121      8121 
dram[25]:      7770      7760      8103      8133      8270      8240      7858      7852      8071      8093      7868      7804      8019      7900      8129      8117 
dram[26]:      7682      7768      8354      8232      8113      8188      7583      7550      7910      8032      7783      7753      9442      9408      8049      8265 
dram[27]:      7764      7741      8375      8439      8278      8252      7616      7615      7983      7955      7773      7785      8090      7923      8170      8060 
dram[28]:      7885      7932      8288      8313      8015      7975      7705      7685      8088      8110      9469     10346      8064      9879      8036      8030 
dram[29]:      7878      7899      8185      8156      7180      7225      7652      7615      8311      8285      7516      7910      8121      8102      8039      8076 
dram[30]:      7875      7859      8360      8154      8015      8192      7718      7730      8322      8341      8021      7965      8104      8254      8169      7972 
dram[31]:      7894      7915      8109      7985      8005      8005      7732      7723      8346      8246      8052      8038      8291      8311      8182      8196 
dram[32]:      7802      7767      8221      8208      8333      8370      7905      7894      8121      8170      7885      7852      7937      7893      8154      8161 
dram[33]:      7823      7821      8171      8203      8350      8330      7090      7138      8182      8214      7888      7810      8038      8033      8163      8153 
dram[34]:      7257      7559     10263     10695      8138      8174      7614      7593      7989      8028     11185     10160      8073      8058      8201      8147 
dram[35]:      7792      7744      8376      8444      8131      8113      7615      7639      8060      8048      7933      7822      8061      8022      8251      8245 
dram[36]:      7966      7974      8323      8251      8072      8128      7716      7789      8135      8122      7867      7897      8066      8189      8252      8225 
dram[37]:      7903      7870      8256      8167      7204      7313      7691      7750      8304      8232      8043      8012      8270      8202      8245      8178 
dram[38]:     11725     11144      9090     10003     12207      8184      7753      7767      8431      8424      8047      7974      8130      8097      8158      8062 
dram[39]:      7891      7902      7986      8035      8020      8015      7773      7762      8348      8179      8044      8077      8250      8262      8183      8106 
dram[40]:      7742      7768      8129      8142      8345      8116      7832      7834      8068      8089      8444      7765      7823      7830      8129      8103 
dram[41]:      7774      7754      8098      8128      8136      8270      7836      7812      8121      8147      7801      7782      7894      7854      8145      8140 
dram[42]:      7683      7740     11009      8265      8115      8195      7606      7575      7953      8033      7839      7787      8009      7993      8202      8151 
dram[43]:      8232      8714      8371      8239      8226      8221      7587      7599      7952      7968      7788      7802      8088      8007      8158      8077 
dram[44]:      7959      7980      8219      8162      8023      8035      7721      7736      8153      8147      7631      7891      8112      8118      8051      8100 
dram[45]:      7927      7943      8225      8202      7325      7385      7708      7695      8283      8296      8052      8057      8188      8210      8085      8120 
dram[46]:     10144     10144      9259      8027      9931      9939      7811      7745      8353      8373      8010      8025      8142      8079      8127      8072 
dram[47]:      7909      7946      8116      8022     13492     12425      7782      7751      8303      8330      8119      8093      8305      8304      8137      8087 
dram[48]:      9001      8984      8530      8553      8632      8643      8234      8217      8439      8465      8249      8246      9845      9516      9084      9082 
dram[49]:      8982     11306     11272     11417      8675      8651      7992     12181     11303     11314      8255      8220      9019      9007      9176      9197 
dram[50]:      8156      8150      9123      9112      8798      8660      8115      8053      8383      8408      8256      8229     12713     12905      9153      9149 
dram[51]:      8183      8112      9285      9283      8640      8665      8191      8155      8323      8346      8324      8293      9162      9169      8773      8793 
dram[52]:      8506      8504      8566      8548      8209      8220      8790      8734      9212      9244      8773      8768      8548      8483      8638      8653 
dram[53]:      8667      9085     12118     11967      8435      8558     15141     15127      9335      9346      8276      8238      8533      8518      8385      8358 
dram[54]:      8328      8299      8733      8695      9120      9143      8809      8746     11625     11541      8846      8833     10204     10332      8440      8348 
dram[55]:      8420      8409      8519      8470      8707      8683      8046      8026      8999      9001      9206      9154      8594      8616      8415      8377 
dram[56]:      8989      8981      8562      8657      8558      8575      8228      8203      8435      8457      8306      8236     10279      9508      9185      8936 
dram[57]:      8972      8910     17593     17760      8651      8664      8315      8311     14260     14410      8255      8217      8888      8887      9229      9215 
dram[58]:      8215      8161      9110      9085      8713      8592      8088      8043      8382      8409      8267      9887      8978      8969      9207      9184 
dram[59]:      8152      8135      9188      9164      8611      8628      8024      8016      8353      8380      8321      8289      9249      9189      9840      9865 
dram[60]:      8499      8505      8599      8586      8300      8316      8823      8816     10587     10533      8816      9006      8532      8529      8654      8678 
dram[61]:      8076     11394      8484      8454      8494      8452      9127      9119      9198      9237      8339      8312      9019      8511      8349      8309 
dram[62]:      8339      8294      8725      8706      9068      9112      8776      8738     11845     11872      8899      8930     10516     10200      8404      8328 
dram[63]:      8425      9319      8511      8479      8823      8858     12827     13000      9040      9032      9220      9193      8572      8584      8455      8435 
dram[64]:      8222      8152      8824      8739      9244      9299      8770      8766     10312     10324      8961      8970      8339      8272      8591      8548 
dram[65]:      8402      8401      8534      8531      9100      9125      7875      7868      9269      9269      9171      9075      8527      8479      8549      8520 
dram[66]:      8462      8350      8843      8859      8731      8605      8635      8636      9461      9626      8746      8816      8515      8475      8659      8636 
dram[67]:      8183      8112      8709      8737     10792      8910      8667      8639      8973      8976      8212      8158      8492      8450      8534      8554 
dram[68]:      8475      8820      9130      9117      8438      8459      7972      7974      8511      8514     12576     12457      9747      8927      9021      9056 
dram[69]:      8051      8032     15476      9090      9095      8938      9035      7947      8407      8400      8393      8359      9048      9023      8386      8358 
dram[70]:      8899      8870      8695      8635      8389      8381      8100      8036      8629      8647      8318      8342     10455     10299     10928     10904 
dram[71]:      9020      8965      8599      8601      8356      8348      8057      8026      8594      8609      8412      8397      8658      8641      9325     10487 
dram[72]:     11813     11640      8712      8694      8913      8981      8752      8728     10321     10308      9063      9118      8279      8218      8570      8542 
dram[73]:      8379      8327      8692      8675      9175      9215     10304     10186      9250      9253      9208      9233      8538      8525      8600      8586 
dram[74]:      9850      9721      8719      8706      8554      8564      8569      8614      9301      9323      8666      8628      8481     11331      8680      8649 
dram[75]:      8152      8137      8636      8596      8975      8862      8646      8622      8973      8975      8190      8122      8486      8416      8596      8585 
dram[76]:      8214      8215      9145      9128      8417      8424      8502      8503     10045     10226     12790     12791     10941      8944      8780      8775 
dram[77]:      8076      8062      9069      9089      8475      8417     12824      7946      8553      8569      8389      8359      9018      8988     14397     14349 
dram[78]:     15858     11270      8577      8509      8493      8488      8100      8047      8620      8636      8443      8432     10761     10290     12552     12563 
dram[79]:      9011      8948      8580     13750      8366      8352      7989      7991     16840     16826     13576     12511      8665      8708      8973      9029 
average row accesses per activate:
dram[0]:  4.411311  4.464752  4.335038  4.301648  4.388363  4.386487  4.320414  4.265306  4.280840  4.297760  4.413885  4.349144  4.338811  4.396684  4.389404  4.394423 
dram[1]:  4.430233  4.430968  4.227785  4.249057  4.372155  4.430894  4.373057  4.318357  4.238342  4.316206  4.391421  4.388740  4.350438  4.377049  4.345144  4.373351 
dram[2]:  4.432642  4.436529  4.340760  4.230474  4.319946  4.356757  4.438830  4.413158  4.290237  4.327563  4.329787  4.310846  4.324528  4.324937  4.394423  4.406125 
dram[3]:  4.400000  4.393041  4.310300  4.259974  4.266318  4.322752  4.302326  4.316472  4.305152  4.298942  4.332006  4.348000  4.332913  4.387755  4.414342  4.472409 
dram[4]:  4.461738  4.426357  4.272144  4.270166  4.336884  4.342175  4.317420  4.321660  4.325428  4.371505  4.337749  4.303030  4.322459  4.348045  4.348226  4.482385 
dram[5]:  4.387387  4.388462  4.254109  4.232121  4.317585  4.276983  4.334635  4.345953  4.276762  4.347020  4.339073  4.328912  4.403061  4.390863  4.321476  4.378162 
dram[6]:  4.395319  4.344473  4.259166  4.284987  4.374496  4.390014  4.370712  4.379128  4.292715  4.247043  4.321763  4.301061  4.274657  4.321970  4.469799  4.478436 
dram[7]:  4.469974  4.451235  4.264631  4.205771  4.360962  4.359043  4.367320  4.372063  4.321429  4.310846  4.320053  4.318302  4.352041  4.346939  4.404509  4.449933 
dram[8]:  4.401028  4.430610  4.339309  4.379534  4.400000  4.451437  4.412385  4.414248  4.274769  4.323568  4.373016  4.319427  4.394636  4.360406  4.357049  4.542583 
dram[9]:  4.396907  4.363521  4.381201  4.358908  4.388664  4.309019  4.350649  4.333766  4.294888  4.334656  4.396505  4.314399  4.330424  4.347170  4.414894  4.463710 
dram[10]:  4.401028  4.334177  4.294805  4.278137  4.383469  4.350336  4.321243  4.336801  4.352785  4.348404  4.372497  4.315720  4.305486  4.301250  4.431635  4.492537 
dram[11]:  4.390968  4.346991  4.346912  4.268041  4.362772  4.290280  4.389253  4.372063  4.337349  4.340483  4.387097  4.369973  4.406932  4.390026  4.400266  4.440860 
dram[12]:  4.502618  4.452536  4.254802  4.154421  4.312827  4.334646  4.299486  4.359844  4.282552  4.282185  4.347480  4.391188  4.332913  4.383632  4.357616  4.398396 
dram[13]:  4.478431  4.378033  4.302176  4.274460  4.403226  4.390897  4.385526  4.306598  4.209302  4.226268  4.321053  4.372836  4.421995  4.432778  4.320210  4.405080 
dram[14]:  4.393783  4.326948  4.310167  4.277139  4.278796  4.313984  4.354414  4.350785  4.293651  4.248366  4.301862  4.261498  4.332490  4.284461  4.441489  4.423280 
dram[15]:  4.425614  4.424321  4.206810  4.296534  4.341270  4.315374  4.401316  4.390790  4.296588  4.289267  4.248366  4.306878  4.349873  4.332484  4.368074  4.419226 
dram[16]:  4.487384  4.500664  4.493927  4.495264  4.520337  4.514685  4.512162  4.411376  4.485557  4.394631  4.473324  4.476060  4.492126  4.509908  4.597781  4.571625 
dram[17]:  4.463958  4.493404  4.504711  4.542120  4.503487  4.472299  4.563094  4.460318  4.415761  4.412483  4.475342  4.473177  4.413882  4.458442  4.527322  4.548077 
dram[18]:  4.510610  4.503968  4.419226  4.477027  4.557909  4.539326  4.511471  4.499329  4.443073  4.424077  4.494429  4.479889  4.460441  4.495413  4.538568  4.557400 
dram[19]:  4.488127  4.452288  4.471774  4.470510  4.546722  4.524272  4.447581  4.457604  4.462585  4.454422  4.441892  4.465940  4.474642  4.460338  4.504762  4.547325 
dram[20]:  4.576000  4.597855  4.433687  4.406869  4.604225  4.564246  4.474531  4.479195  4.444898  4.427408  4.473177  4.497238  4.526938  4.497389  4.492496  4.589137 
dram[21]:  4.577127  4.488220  4.428192  4.386034  4.560000  4.481583  4.445928  4.481183  4.489041  4.489071  4.530471  4.509642  4.477807  4.492810  4.546832  4.608939 
dram[22]:  4.553020  4.511968  4.494695  4.451444  4.536653  4.552156  4.466488  4.443850  4.416553  4.415197  4.495833  4.451923  4.474443  4.500657  4.541096  4.582644 
dram[23]:  4.540613  4.544607  4.412929  4.456000  4.489655  4.504167  4.485215  4.517568  4.441701  4.460055  4.460274  4.429155  4.429129  4.440678  4.498638  4.576552 
dram[24]:  4.502003  4.530914  4.436339  4.495289  4.447042  4.403270  4.549181  4.562841  4.436735  4.407307  4.548611  4.496571  4.468668  4.498029  4.554794  4.617198 
dram[25]:  4.475817  4.480367  4.507402  4.506721  4.405994  4.382114  4.531165  4.481928  4.458276  4.432836  4.598025  4.568820  4.393862  4.409207  4.576764  4.623776 
dram[26]:  4.557796  4.466579  4.456258  4.437584  4.533614  4.499307  4.500679  4.463710  4.445355  4.494460  4.540616  4.509749  4.521164  4.504623  4.554017  4.525447 
dram[27]:  4.525828  4.511873  4.459279  4.443850  4.438095  4.502762  4.505420  4.489160  4.405914  4.448370  4.601124  4.540278  4.561589  4.536939  4.591099  4.642756 
dram[28]:  4.574297  4.513193  4.470588  4.407115  4.511660  4.459350  4.484605  4.460614  4.467391  4.472752  4.460690  4.473029  4.469895  4.463447  4.569638  4.646809 
dram[29]:  4.486842  4.482850  4.459170  4.436000  4.470668  4.482192  4.528610  4.473118  4.465940  4.457880  4.573427  4.562238  4.420779  4.472441  4.571429  4.647887 
dram[30]:  4.498013  4.497347  4.459496  4.442384  4.515110  4.464674  4.529252  4.536252  4.421981  4.410256  4.499309  4.503448  4.419897  4.409266  4.565517  4.491180 
dram[31]:  4.546667  4.503968  4.457334  4.444740  4.540915  4.508965  4.564980  4.525745  4.473684  4.449036  4.428181  4.475862  4.526104  4.483444  4.568655  4.567867 
dram[32]:  4.427461  4.370370  4.404980  4.320463  4.308101  4.284211  4.323871  4.312741  4.235446  4.293963  4.413279  4.426431  4.363291  4.379618  4.424042  4.458056 
dram[33]:  4.364570  4.340561  4.329457  4.335058  4.281167  4.333333  4.304348  4.334190  4.317397  4.323138  4.388518  4.415323  4.278195  4.374202  4.345191  4.390146 
dram[34]:  4.390306  4.422136  4.267263  4.267606  4.444898  4.443537  4.405797  4.309678  4.328477  4.346667  4.352863  4.363636  4.391360  4.422136  4.366048  4.354967 
dram[35]:  4.490119  4.442708  4.336788  4.353324  4.413840  4.335553  4.434263  4.363755  4.267365  4.309934  4.342210  4.418133  4.327020  4.409266  4.360265  4.447297 
dram[36]:  4.421733  4.444010  4.352021  4.247134  4.310757  4.293651  4.357143  4.340819  4.312336  4.276042  4.287979  4.351206  4.341772  4.368021  4.436582  4.413014 
dram[37]:  4.367876  4.349678  4.203797  4.203540  4.348806  4.270235  4.392904  4.352865  4.332898  4.338562  4.391069  4.427012  4.351282  4.344828  4.410738  4.439189 
dram[38]:  4.417852  4.356778  4.301669  4.297818  4.332893  4.381016  4.412929  4.349020  4.250324  4.207207  4.308707  4.313078  4.292289  4.275434  4.407754  4.406417 
dram[39]:  4.383721  4.359897  4.238035  4.250000  4.379494  4.329815  4.386423  4.336788  4.259791  4.216042  4.345333  4.281414  4.325437  4.308550  4.348684  4.452221 
dram[40]:  4.394601  4.466057  4.301033  4.306598  4.383989  4.252300  4.415243  4.426684  4.293734  4.288687  4.325365  4.330678  4.329962  4.360406  4.372704  4.496626 
dram[41]:  4.373556  4.400517  4.335509  4.374670  4.293725  4.229358  4.359477  4.288462  4.283837  4.339547  4.348806  4.367510  4.354962  4.348157  4.383798  4.393333 
dram[42]:  4.409266  4.416021  4.256082  4.266067  4.418354  4.324538  4.413014  4.328553  4.356383  4.353254  4.369826  4.400270  4.296758  4.311250  4.442490  4.478854 
dram[43]:  4.402328  4.374517  4.305412  4.281888  4.390836  4.302910  4.403694  4.352941  4.319683  4.326693  4.331117  4.327586  4.361917  4.343829  4.362184  4.415094 
dram[44]:  4.446891  4.407979  4.296010  4.351562  4.306878  4.293808  4.363636  4.326797  4.265464  4.285899  4.294195  4.328457  4.356322  4.405406  4.420424  4.525102 
dram[45]:  4.394293  4.444882  4.266409  4.248399  4.305665  4.211340  4.335509  4.284047  4.325887  4.292428  4.355705  4.357430  4.433766  4.386889  4.409396  4.429919 
dram[46]:  4.436031  4.411384  4.265903  4.260483  4.381843  4.412399  4.311284  4.345098  4.244156  4.240260  4.376676  4.351135  4.332497  4.349307  4.404284  4.469471 
dram[47]:  4.405966  4.427451  4.279542  4.306410  4.406460  4.372994  4.402102  4.384010  4.270341  4.247059  4.333775  4.315303  4.398219  4.426376  4.382586  4.410358 
dram[48]:  4.107049  4.169761  4.035990  4.064767  3.974227  4.028796  3.979328  4.000000  4.023560  4.050132  3.971722  4.010390  4.153639  4.145161  4.197861  4.229111 
dram[49]:  4.093506  4.064433  4.010204  4.056848  3.994819  3.951282  3.948718  3.976744  4.023560  4.034121  4.013021  4.031414  4.128686  4.162162  4.203753  4.235135 
dram[50]:  4.053985  4.061856  4.072727  4.093995  3.981912  4.010417  4.010417  4.060686  4.060846  4.020942  4.060686  4.055409  4.092838  4.090186  4.223720  4.178667 
dram[51]:  4.093506  4.109661  4.093995  4.072727  4.052631  4.084881  4.000000  4.007812  4.060686  4.082228  4.007792  4.023499  4.033943  4.065790  4.235135  4.243902 
dram[52]:  4.007595  4.022842  3.987310  4.002551  4.123656  4.179837  4.168937  4.174863  4.205480  4.205480  4.104278  4.149052  4.117021  4.079155  4.072351  4.085492 
dram[53]:  3.989950  3.987437  4.000000  3.977157  4.052771  4.018324  4.171662  4.163043  4.129032  4.162601  4.068783  4.176630  4.031250  4.041775  4.064600  4.088312 
dram[54]:  4.000000  3.987406  3.994911  4.015385  4.090667  4.112600  4.193989  4.145946  4.101604  4.079787  4.031496  4.060846  4.052356  4.052356  4.085492  4.059278 
dram[55]:  4.010127  4.007595  4.038560  4.064767  4.098667  4.052771  4.120968  4.112600  4.134771  4.098930  4.101604  4.120968  4.057743  4.098143  4.056555  4.035806 
dram[56]:  4.153034  4.128609  4.020460  4.069948  4.052631  4.034031  3.961440  3.981865  4.015707  4.013089  3.994819  3.994819  4.190217  4.145161  4.223118  4.195187 
dram[57]:  4.106771  4.107049  4.056848  4.077922  4.013021  3.994819  3.966495  3.987047  4.000000  4.018324  4.026178  3.989637  4.122994  4.137097  4.217742  4.215054 
dram[58]:  4.114882  4.136483  4.099217  4.075325  4.055263  3.987047  4.013021  4.010417  3.968992  3.968992  4.020942  4.071618  4.073879  4.122994  4.186666  4.197861 
dram[59]:  4.098958  4.142105  4.080520  4.062016  4.050000  3.989637  4.087766  4.052771  4.042105  3.997396  3.961440  3.974227  4.089947  4.125333  4.212366  4.181334 
dram[60]:  4.007595  4.027990  4.023077  4.000000  4.151351  4.126344  4.042216  4.069149  4.101604  4.079787  4.126344  4.146341  4.025974  4.033854  4.041026  4.114882 
dram[61]:  4.090439  4.109091  4.049096  4.036082  4.074271  4.052771  4.088000  4.077127  4.087766  4.087766  4.157182  4.123656  4.005168  4.041775  4.109661  4.120419 
dram[62]:  4.046036  4.027990  4.030849  3.994898  4.148649  4.137466  4.066313  4.079787  4.101604  4.120968  4.042105  4.042105  3.964194  4.049608  4.033248  4.012722 
dram[63]:  4.082474  4.074550  4.041237  4.046512  4.087766  4.140162  4.079787  4.109920  4.112600  4.066313  4.085333  4.093583  4.033854  4.047121  3.950000  4.007614 
dram[64]:  4.005063  4.046036  4.033679  4.031088  4.096000  4.076923  4.052771  4.068965  4.307042  4.268157  4.095745  4.117647  4.005089  4.005089  4.005089  4.025576 
dram[65]:  4.020305  4.000000  4.002571  4.036364  4.188011  4.151351  4.120968  4.063661  4.244444  4.235457  4.145553  4.179348  4.025641  4.025641  3.967337  3.957393 
dram[66]:  4.048718  4.010152  3.984655  3.994872  4.156757  4.185286  4.096257  4.129380  4.203297  4.214876  4.168022  4.165312  3.974747  4.005089  3.979798  4.028133 
dram[67]:  4.033163  4.015228  3.934343  3.944304  4.120644  4.076923  4.104278  4.082447  4.183060  4.240997  4.126005  4.128686  4.010204  4.007634  4.002538  4.022959 
dram[68]:  4.133858  4.123037  4.097884  4.117021  3.989637  4.026178  3.984456  3.966495  3.969072  3.969072  4.063661  4.071808  4.120735  4.123684  4.226415  4.212366 
dram[69]:  4.093750  4.112566  4.060368  4.081794  3.997403  4.018277  4.063492  4.039474  4.071618  4.028872  4.101604  4.093333  4.148148  4.102094  4.217742  4.172873 
dram[70]:  4.120419  4.077720  4.062827  4.057591  4.026178  3.976744  4.060686  4.068783  4.052910  4.082667  4.034031  3.981912  4.153846  4.126316  4.172873  4.184000 
dram[71]:  4.061856  4.109661  4.033766  4.060209  4.010417  3.976744  4.047369  4.005208  4.071618  4.052771  4.020942  4.039474  4.104712  4.115486  4.189839  4.201072 
dram[72]:  4.030534  4.056410  3.992308  3.982097  4.109626  4.115282  4.066138  4.050132  4.212121  4.189041  4.050000  4.090425  4.002544  3.982279  4.002538  3.989873 
dram[73]:  3.997475  4.015267  4.018041  4.052083  4.096000  4.082447  4.085106  4.060846  4.160763  4.209366  4.137097  4.082228  3.972222  3.962217  4.007614  3.994937 
dram[74]:  4.002532  4.010127  4.018041  4.054688  4.202186  4.222528  4.093583  4.132432  4.157609  4.101877  4.093085  4.162601  3.972222  4.010204  4.053985  4.053985 
dram[75]:  4.017766  4.027990  4.007712  3.987212  4.154054  4.090425  4.143243  4.163043  4.112903  4.166213  4.114973  4.142473  4.012755  4.051547  4.077519  4.048718 
dram[76]:  4.219839  4.194667  4.106101  4.052356  4.005195  3.992228  3.994792  4.026178  3.981865  3.979275  4.055555  4.074468  4.099217  4.080729  4.258152  4.258152 
dram[77]:  4.147757  4.104439  4.092593  4.068421  3.997403  4.018277  4.013055  4.028872  3.981865  3.981865  4.058201  4.096257  4.112861  4.096606  4.186666  4.184000 
dram[78]:  4.125984  4.117801  4.097884  4.076316  4.010417  3.989637  4.052771  4.031496  3.997396  4.036842  4.060686  4.093085  4.091384  4.049096  4.243243  4.252033 
dram[79]:  4.147368  4.114882  4.060209  4.036458  3.989637  4.018277  4.031496  4.002604  3.997396  4.015707  4.007833  4.007833  4.056848  4.051680  4.240541  4.240541 
average row locality = 3349742/776235 = 4.315371
number of total memory accesses made:
dram[0]:         0         0         0         0         0         0         0         0         0         0         0         0         0         0         0         0 
dram[1]:         0         0         0         0         0         0         0         0         0         0         0         0         0         0         0         0 
dram[2]:         0         0         0         0         0         0         0         0         0         0         0         0         0         0         0         0 
dram[3]:         0         0         0         0         0         0         0         0         0         0         0         0         0         0         0         0 
dram[4]:         0         0         0         0         0         0         0         0         0         0         0         0         0         0         0         0 
dram[5]:         0         0         0         0         0         0         0         0         0         0         0         0         0         0         0         0 
dram[6]:         0         0         0         0         0         0         0         0         0         0         0         0         0         0         0         0 
dram[7]:         0         0         0         0         0         0         0         0         0         0         0         0         0         0         0         0 
dram[8]:         0         0         0         0         0         0         0         0         0         0         0         0         0         0         0         0 
dram[9]:         0         0         0         0         0         0         0         0         0         0         0         0         0         0         0         0 
dram[10]:         0         0         0         0         0         0         0         0         0         0         0         0         0         0         0         0 
dram[11]:         0         0         0         0         0         0         0         0         0         0         0         0         0         0         0         0 
dram[12]:         0         0         0         0         0         0         0         0         0         0         0         0         0         0         0         0 
dram[13]:         0         0         0         0         0         0         0         0         0         0         0         0         0         0         0         0 
dram[14]:         0         0         0         0         0         0         0         0         0         0         0         0         0         0         0         0 
dram[15]:         0         0         0         0         0         0         0         0         0         0         0         0         0         0         0         0 
dram[16]:         0         0         0         0         0         0         0         0         0         0         0         0         0         0         0         0 
dram[17]:         0         0         0         0         0         0         0         0         0         0         0         0         0         0         0         0 
dram[18]:         0         0         0         0         0         0         0         0         0         0         0         0         0         0         0         0 
dram[19]:         0         0         0         0         0         0         0         0         0         0         0         0         0         0         0         0 
dram[20]:         0         0         0         0         0         0         0         0         0         0         0         0         0         0         0         0 
dram[21]:         0         0         0         0         0         0         0         0         0         0         0         0         0         0         0         0 
dram[22]:         0         0         0         0         0         0         0         0         0         0         0         0         0         0         0         0 
dram[23]:         0         0         0         0         0         0         0         0         0         0         0         0         0         0         0         0 
dram[24]:         0         0         0         0         0         0         0         0         0         0         0         0         0         0         0         0 
dram[25]:         0         0         0         0         0         0         0         0         0         0         0         0         0         0         0         0 
dram[26]:         0         0         0         0         0         0         0         0         0         0         0         0         0         0         0         0 
dram[27]:         0         0         0         0         0         0         0         0         0         0         0         0         0         0         0         0 
dram[28]:         0         0         0         0         0         0         0         0         0         0         0         0         0         0         0         0 
dram[29]:         0         0         0         0         0         0         0         0         0         0         0         0         0         0         0         0 
dram[30]:         0         0         0         0         0         0         0         0         0         0         0         0         0         0         0         0 
dram[31]:         0         0         0         0         0         0         0         0         0         0         0         0         0         0         0         0 
dram[32]:         0         0         0         0         0         0         0         0         0         0         0         0         0         0         0         0 
dram[33]:         0         0         0         0         0         0         0         0         0         0         0         0         0         0         0         0 
dram[34]:         0         0         0         0         0         0         0         0         0         0         0         0         0         0         0         0 
dram[35]:         0         0         0         0         0         0         0         0         0         0         0         0         0         0         0         0 
dram[36]:         0         0         0         0         0         0         0         0         0         0         0         0         0         0         0         0 
dram[37]:         0         0         0         0         0         0         0         0         0         0         0         0         0         0         0         0 
dram[38]:         0         0         0         0         0         0         0         0         0         0         0         0         0         0         0         0 
dram[39]:         0         0         0         0         0         0         0         0         0         0         0         0         0         0         0         0 
dram[40]:         0         0         0         0         0         0         0         0         0         0         0         0         0         0         0         0 
dram[41]:         0         0         0         0         0         0         0         0         0         0         0         0         0         0         0         0 
dram[42]:         0         0         0         0         0         0         0         0         0         0         0         0         0         0         0         0 
dram[43]:         0         0         0         0         0         0         0         0         0         0         0         0         0         0         0         0 
dram[44]:         0         0         0         0         0         0         0         0         0         0         0         0         0         0         0         0 
dram[45]:         0         0         0         0         0         0         0         0         0         0         0         0         0         0         0         0 
dram[46]:         0         0         0         0         0         0         0         0         0         0         0         0         0         0         0         0 
dram[47]:         0         0         0         0         0         0         0         0         0         0         0         0         0         0         0         0 
dram[48]:         0         0         0         0         0         0         0         0         0         0         0         0         0         0         0         0 
dram[49]:         0         0         0         0         0         0         0         0         0         0         0         0         0         0         0         0 
dram[50]:         0         0         0         0         0         0         0         0         0         0         0         0         0         0         0         0 
dram[51]:         0         0         0         0         0         0         0         0         0         0         0         0         0         0         0         0 
dram[52]:         0         0         0         0         0         0         0         0         0         0         0         0         0         0         0         0 
dram[53]:         0         0         0         0         0         0         0         0         0         0         0         0         0         0         0         0 
dram[54]:         0         0         0         0         0         0         0         0         0         0         0         0         0         0         0         0 
dram[55]:         0         0         0         0         0         0         0         0         0         0         0         0         0         0         0         0 
dram[56]:         0         0         0         0         0         0         0         0         0         0         0         0         0         0         0         0 
dram[57]:         0         0         0         0         0         0         0         0         0         0         0         0         0         0         0         0 
dram[58]:         0         0         0         0         0         0         0         0         0         0         0         0         0         0         0         0 
dram[59]:         0         0         0         0         0         0         0         0         0         0         0         0         0         0         0         0 
dram[60]:         0         0         0         0         0         0         0         0         0         0         0         0         0         0         0         0 
dram[61]:         0         0         0         0         0         0         0         0         0         0         0         0         0         0         0         0 
dram[62]:         0         0         0         0         0         0         0         0         0         0         0         0         0         0         0         0 
dram[63]:         0         0         0         0         0         0         0         0         0         0         0         0         0         0         0         0 
dram[64]:         0         0         0         0         0         0         0         0         0         0         0         0         0         0         0         0 
dram[65]:         0         0         0         0         0         0         0         0         0         0         0         0         0         0         0         0 
dram[66]:         0         0         0         0         0         0         0         0         0         0         0         0         0         0         0         0 
dram[67]:         0         0         0         0         0         0         0         0         0         0         0         0         0         0         0         0 
dram[68]:         0         0         0         0         0         0         0         0         0         0         0         0         0         0         0         0 
dram[69]:         0         0         0         0         0         0         0         0         0         0         0         0         0         0         0         0 
dram[70]:         0         0         0         0         0         0         0         0         0         0         0         0         0         0         0         0 
dram[71]:         0         0         0         0         0         0         0         0         0         0         0         0         0         0         0         0 
dram[72]:         0         0         0         0         0         0         0         0         0         0         0         0         0         0         0         0 
dram[73]:         0         0         0         0         0         0         0         0         0         0         0         0         0         0         0         0 
dram[74]:         0         0         0         0         0         0         0         0         0         0         0         0         0         0         0         0 
dram[75]:         0         0         0         0         0         0         0         0         0         0         0         0         0         0         0         0 
dram[76]:         0         0         0         0         0         0         0         0         0         0         0         0         0         0         0         0 
dram[77]:         0         0         0         0         0         0         0         0         0         0         0         0         0         0         0         0 
dram[78]:         0         0         0         0         0         0         0         0         0         0         0         0         0         0         0         0 
dram[79]:         0         0         0         0         0         0         0         0         0         0         0         0         0         0         0         0 
total accesses: 0
min_bank_accesses = 0!
min_chip_accesses = 0!
number of total read accesses:
dram[0]:      3308      3296      3260      3264      3124      3128      3216      3216      3136      3136      3176      3172      3304      3320      3192      3188 
dram[1]:      3304      3308      3252      3252      3144      3148      3248      3236      3148      3152      3148      3148      3352      3348      3188      3192 
dram[2]:      3296      3300      3184      3176      3104      3100      3212      3228      3124      3124      3124      3128      3308      3304      3184      3184 
dram[3]:      3280      3280      3184      3188      3140      3140      3200      3200      3136      3128      3132      3132      3312      3316      3196      3196 
dram[4]:      3316      3304      3200      3208      3136      3152      3224      3212      3160      3160      3148      3140      3316      3320      3184      3184 
dram[5]:      3288      3304      3232      3240      3168      3168      3200      3200      3148      3152      3148      3136      3324      3332      3156      3164 
dram[6]:      3252      3252      3244      3244      3132      3128      3192      3196      3112      3104      3108      3116      3292      3292      3204      3200 
dram[7]:      3300      3300      3220      3220      3136      3152      3216      3224      3136      3128      3124      3128      3276      3272      3196      3208 
dram[8]:      3300      3292      3260      3252      3136      3136      3224      3220      3108      3120      3176      3184      3312      3308      3184      3184 
dram[9]:      3288      3296      3232      3228      3132      3128      3220      3208      3152      3152      3144      3140      3348      3332      3196      3196 
dram[10]:      3300      3300      3176      3176      3112      3116      3208      3208      3156      3144      3144      3136      3324      3312      3184      3188 
dram[11]:      3276      3268      3184      3188      3084      3096      3220      3220      3116      3116      3136      3132      3308      3308      3184      3180 
dram[12]:      3316      3300      3196      3208      3172      3180      3220      3220      3164      3168      3152      3164      3308      3300      3168      3168 
dram[13]:      3304      3308      3228      3232      3156      3160      3208      3204      3128      3120      3156      3156      3328      3332      3168      3172 
dram[14]:      3264      3260      3224      3224      3140      3144      3184      3204      3116      3120      3108      3116      3296      3288      3216      3220 
dram[15]:      3296      3296      3204      3216      3156      3160      3224      3216      3144      3148      3124      3132      3284      3268      3184      3184 
dram[16]:      3252      3264      3208      3200      3096      3100      3212      3208      3136      3148      3144      3148      3300      3292      3192      3196 
dram[17]:      3280      3280      3224      3220      3108      3108      3240      3248      3120      3124      3136      3120      3304      3304      3192      3188 
dram[18]:      3276      3280      3180      3184      3104      3108      3216      3224      3112      3108      3096      3100      3312      3304      3172      3172 
dram[19]:      3276      3280      3196      3204      3136      3140      3180      3184      3156      3152      3160      3152      3312      3300      3188      3192 
dram[20]:      3308      3308      3212      3208      3148      3148      3216      3216      3140      3136      3128      3132      3316      3316      3168      3172 
dram[21]:      3316      3304      3200      3200      3180      3160      3204      3208      3152      3160      3144      3148      3300      3308      3180      3180 
dram[22]:      3268      3268      3260      3264      3156      3148      3208      3200      3124      3124      3112      3116      3280      3292      3188      3200 
dram[23]:      3284      3288      3220      3216      3132      3120      3216      3224      3104      3104      3128      3124      3272      3272      3176      3192 
dram[24]:      3244      3244      3220      3216      3104      3104      3204      3216      3136      3132      3148      3152      3300      3300      3200      3204 
dram[25]:      3296      3296      3224      3228      3112      3112      3220      3224      3128      3136      3132      3124      3304      3316      3188      3184 
dram[26]:      3268      3284      3180      3176      3120      3124      3188      3192      3128      3120      3112      3108      3292      3284      3164      3164 
dram[27]:      3292      3296      3208      3192      3140      3140      3196      3184      3156      3152      3148      3144      3316      3312      3180      3180 
dram[28]:      3292      3296      3212      3212      3168      3172      3224      3216      3160      3156      3108      3108      3288      3292      3160      3156 
dram[29]:      3284      3272      3200      3196      3152      3148      3200      3204      3152      3156      3144      3136      3276      3280      3176      3180 
dram[30]:      3272      3268      3228      3224      3160      3160      3208      3196      3128      3136      3128      3140      3284      3292      3184      3184 
dram[31]:      3284      3280      3216      3212      3148      3144      3220      3224      3100      3100      3108      3116      3248      3252      3168      3172 
dram[32]:      3292      3296      3236      3232      3120      3132      3228      3228      3144      3144      3128      3120      3320      3312      3224      3224 
dram[33]:      3272      3276      3232      3232      3100      3108      3236      3244      3128      3128      3160      3156      3288      3300      3172      3172 
dram[34]:      3316      3312      3208      3204      3148      3148      3216      3212      3144      3136      3140      3136      3328      3308      3168      3164 
dram[35]:      3284      3288      3224      3216      3128      3132      3212      3220      3132      3132      3132      3136      3300      3300      3168      3168 
dram[36]:      3288      3284      3212      3208      3120      3120      3172      3164      3160      3160      3120      3120      3304      3316      3200      3200 
dram[37]:      3248      3248      3188      3192      3156      3148      3216      3216      3196      3196      3120      3120      3264      3272      3164      3164 
dram[38]:      3288      3280      3228      3224      3156      3152      3224      3208      3148      3140      3140      3140      3316      3312      3176      3176 
dram[39]:      3268      3268      3236      3236      3168      3160      3236      3224      3124      3120      3132      3144      3332      3340      3180      3184 
dram[40]:      3292      3296      3204      3204      3108      3112      3236      3228      3160      3168      3128      3132      3296      3308      3208      3208 
dram[41]:      3280      3280      3200      3196      3088      3100      3208      3220      3136      3136      3152      3152      3296      3296      3180      3172 
dram[42]:      3300      3292      3196      3192      3156      3160      3196      3192      3152      3156      3144      3136      3316      3320      3160      3160 
dram[43]:      3280      3276      3216      3232      3132      3128      3208      3200      3148      3136      3128      3136      3332      3324      3152      3152 
dram[44]:      3304      3296      3212      3216      3128      3132      3188      3188      3184      3188      3128      3128      3288      3300      3212      3216 
dram[45]:      3264      3264      3184      3188      3144      3144      3196      3180      3168      3164      3120      3132      3284      3284      3164      3164 
dram[46]:      3272      3284      3228      3228      3156      3152      3204      3204      3140      3136      3140      3136      3320      3316      3168      3172 
dram[47]:      3272      3264      3240      3232      3156      3152      3228      3224      3120      3116      3144      3144      3320      3320      3196      3196 
dram[48]:      1560      1560      1552      1552      1520      1520      1520      1520      1520      1520      1520      1520      1532      1532      1560      1560 
dram[49]:      1560      1560      1552      1552      1520      1520      1520      1520      1520      1520      1520      1520      1532      1532      1560      1560 
dram[50]:      1560      1560      1552      1552      1520      1520      1520      1520      1520      1520      1520      1520      1532      1532      1560      1560 
dram[51]:      1560      1560      1552      1552      1520      1520      1520      1520      1520      1520      1520      1520      1532      1532      1560      1560 
dram[52]:      1560      1560      1552      1552      1520      1520      1520      1520      1520      1520      1520      1520      1532      1532      1560      1560 
dram[53]:      1560      1560      1552      1552      1520      1520      1520      1520      1520      1520      1520      1520      1532      1532      1560      1560 
dram[54]:      1560      1560      1552      1552      1520      1520      1520      1520      1520      1520      1520      1520      1532      1532      1560      1560 
dram[55]:      1560      1560      1552      1552      1520      1520      1520      1520      1520      1520      1520      1520      1532      1532      1560      1560 
dram[56]:      1560      1560      1552      1552      1520      1520      1520      1520      1520      1520      1520      1520      1532      1532      1560      1560 
dram[57]:      1560      1560      1552      1552      1520      1520      1520      1520      1520      1520      1520      1520      1532      1532      1560      1560 
dram[58]:      1560      1560      1552      1552      1520      1520      1520      1520      1520      1520      1520      1520      1532      1532      1560      1560 
dram[59]:      1560      1560      1552      1552      1520      1520      1520      1520      1520      1520      1520      1520      1532      1532      1560      1560 
dram[60]:      1560      1560      1552      1552      1520      1520      1520      1520      1520      1520      1520      1520      1532      1532      1560      1560 
dram[61]:      1560      1560      1552      1552      1520      1520      1520      1520      1520      1520      1520      1520      1532      1532      1560      1560 
dram[62]:      1560      1560      1552      1552      1520      1520      1520      1520      1520      1520      1520      1520      1532      1532      1560      1560 
dram[63]:      1560      1560      1552      1552      1520      1520      1520      1520      1520      1520      1520      1520      1532      1532      1560      1560 
dram[64]:      1560      1560      1536      1536      1520      1520      1520      1520      1520      1520      1520      1520      1552      1552      1560      1560 
dram[65]:      1560      1560      1536      1536      1520      1520      1520      1520      1520      1520      1520      1520      1552      1552      1560      1560 
dram[66]:      1560      1560      1536      1536      1520      1520      1520      1520      1520      1520      1520      1520      1552      1552      1560      1560 
dram[67]:      1560      1560      1536      1536      1520      1520      1520      1520      1520      1520      1520      1520      1552      1552      1560      1560 
dram[68]:      1560      1560      1536      1536      1520      1520      1520      1520      1520      1520      1520      1520      1552      1552      1560      1560 
dram[69]:      1560      1560      1536      1536      1520      1520      1520      1520      1520      1520      1520      1520      1552      1552      1560      1560 
dram[70]:      1560      1560      1536      1536      1520      1520      1520      1520      1520      1520      1520      1520      1552      1552      1560      1560 
dram[71]:      1560      1560      1536      1536      1520      1520      1520      1520      1520      1520      1520      1520      1552      1552      1560      1560 
dram[72]:      1560      1560      1536      1536      1520      1520      1520      1520      1520      1520      1520      1520      1552      1552      1560      1560 
dram[73]:      1560      1560      1536      1536      1520      1520      1520      1520      1520      1520      1520      1520      1552      1552      1560      1560 
dram[74]:      1560      1560      1536      1536      1520      1520      1520      1520      1520      1520      1520      1520      1552      1552      1560      1560 
dram[75]:      1560      1560      1536      1536      1520      1520      1520      1520      1520      1520      1520      1520      1552      1552      1560      1560 
dram[76]:      1560      1560      1536      1536      1520      1520      1520      1520      1520      1520      1520      1520      1552      1552      1560      1560 
dram[77]:      1560      1560      1536      1536      1520      1520      1520      1520      1520      1520      1520      1520      1552      1552      1560      1560 
dram[78]:      1560      1560      1536      1536      1520      1520      1520      1520      1520      1520      1520      1520      1552      1552      1560      1560 
dram[79]:      1560      1560      1536      1536      1520      1520      1520      1520      1520      1520      1520      1520      1552      1552      1560      1560 
total dram reads = 3244760
bank skew: 3352/1520 = 2.21
chip skew: 51568/24568 = 2.10
number of total write accesses:
dram[0]:       496       496       520       520       476       472       512       512       504       504       520       516       512       508       488       484 
dram[1]:       500       504       504       504       488       488       512       512       496       496       512       504       496       492       492       492 
dram[2]:       504       500       512       512       492       496       504       504       512       504       528       524       520       520       500       500 
dram[3]:       520       516       488       488       512       512       520       512       492       488       520       516       496       496       512       508 
dram[4]:       496       488       512       508       484       488       488       480       492       492       508       504       516       512       500       496 
dram[5]:       484       476       532       532       488       484       516       516       512       520       512       512       512       512       496       496 
dram[6]:       512       512       500       496       508       500       484       476       516       512       516       508       528       524       504       492 
dram[7]:       496       492       528       528       504       504       500       500       524       524       516       512       544       544       500       500 
dram[8]:       496       496       516       516       480       472       500       504       512       508       520       516       516       512       492       492 
dram[9]:       496       500       496       496       480       484       520       516       500       500       508       504       500       496       496       500 
dram[10]:       496       496       524       524       492       500       512       508       504       504       524       524       516       516       488       492 
dram[11]:       508       508       496       496       508       504       516       516       496       488       512       512       500       500       500       496 
dram[12]:       496       496       508       512       492       492       500       496       500       500       504       500       512       512       488       488 
dram[13]:       488       480       528       528       480       480       500       500       520       520       512       512       520       520       496       492 
dram[14]:       512       512       500       500       516       504       484       480       520       520       508       508       524       524       496       496 
dram[15]:       500       496       528       524       504       496       484       484       520       516       504       496       540       532       508       504 
dram[16]:       508       500       488       488       508       512       508       508       500       504       504       496       492       488       492       492 
dram[17]:       504       504       492       492       484       484       492       496       520       512       524       528       520       516       488       492 
dram[18]:       500       500       520       516       492       496       508       512       508       504       524       520       508       504       492       492 
dram[19]:       504       504       524       524       496       488       516       512       496       488       508       504       516       520       492       492 
dram[20]:       496       488       524       512       484       480       488       484       508       508       496       496       516       516       500       492 
dram[21]:       504       500       520       516       504       500       504       504       500       504       508       504       520       516       484       480 
dram[22]:       496       500       516       512       496       500       496       496       524       520       500       500       536       532       508       508 
dram[23]:       504       500       500       504       492       492       484       476       536       536       512       508       536       536       504       504 
dram[24]:       512       508       500       496       516       512       504       496       500       500       508       504       492       492       500       500 
dram[25]:       512       508       500       500       488       488       496       496       524       524       512       516       528       528       484       488 
dram[26]:       492       496       524       520       468       480       516       516       504       500       520       520       504       504       496       504 
dram[27]:       500       496       528       528       488       480       516       516       488       488       512       500       512       508       484       484 
dram[28]:       500       500       528       532       484       476       504       500       512       508       504       504       508       508       484       480 
dram[29]:       504       504       524       524       500       496       496       496       504       500       504       504       512       512       480       480 
dram[30]:       496       492       520       520       508       504       484       480       524       528       500       500       548       536       504       504 
dram[31]:       504       500       508       504       504       500       468       464       520       520       516       516       532       532       504       504 
dram[32]:       504       504       500       500       496       496       492       492       520       512       516       516       508       504       500       496 
dram[33]:       512       508       476       476       512       516       520       512       492       492       508       516       504       500       504       500 
dram[34]:       504       496       516       516       476       472       512       512       496       496       516       512       512       512       496       496 
dram[35]:       496       496       496       492       500       496       508       508       496       488       516       516       508       504       496       492 
dram[36]:       520       516       504       504       504       504       488       488       504       496       504       504       504       504       492       492 
dram[37]:       496       492       532       532       492       492       508       508       492       492       500       500       520       520       488       484 
dram[38]:       508       508       492       496       496       500       484       476       516       516       504       500       540       536       484       480 
dram[39]:       500       496       516       520       484       488       496       496       556       556       508       508       548       548       500       496 
dram[40]:       508       500       500       500       492       496       496       492       516       520       516       516       516       512       496       496 
dram[41]:       508       504       484       480       512       508       508       500       496       492       508       512       508       504       484       492 
dram[42]:       504       504       512       508       472       472       508       512       496       488       516       516       520       516       492       492 
dram[43]:       492       492       500       500       504       500       520       520       488       488       516       508       508       500       496       496 
dram[44]:       516       516       504       504       512       508       496       488       504       500       508       508       492       492       484       476 
dram[45]:       496       492       524       520       496       496       500       492       496       496       500       492       520       516       484       492 
dram[46]:       504       504       500       500       504       488       480       480       512       516       500       492       532       532       488       488 
dram[47]:       500       492       512       508       472       476       488       484       536       532       512       508       548       548       504       500 
dram[48]:        52        48        72        68        88        76        80        80        68        60       100        96        36        40        40        36 
dram[49]:        64        68        80        72        88        84        80        76        68        68        84        80        32        32        32        28 
dram[50]:        68        64        64        64        84        80        80        76        60        64        76        68        44        40        28        28 
dram[51]:        64        56        64        64        80        80        80        76        76        76        92        84        52        52        28        24 
dram[52]:        92       100        76        68        56        56        40        32        60        60        60        44        64        56        64        68 
dram[53]:       112       108        64        60        64        60        44        48        64        64        72        68        64        64        52        56 
dram[54]:        96        92        72        56        56        56        60        56        56        56        64        60        64        64        68        60 
dram[55]:        96        92        76        68        68        64        52        56        56        52        56        52        56        52        72        72 
dram[56]:        56        52        80        76        80        84        84        68        56        52        88        88        40        40        44        36 
dram[57]:        68        52        72        72        84        88        76        76        64        60        72        80        40        28        36        32 
dram[58]:        64        64        72        68        84        76        84        80        64        64        64        60        48        40        40        40 
dram[59]:        56        56        76        80        76        80        68        64        64        60        84        88        56        60        28        32 
dram[60]:        92        92        68        64        64        60        48        40        56        56        60        40        72        68        64        64 
dram[61]:        92        88        60        56        64        64        52        52        68        68        56        56        72        64        56        56 
dram[62]:        88        92        64        56        60        60        52        56        56        52        64        64        72        76        68        68 
dram[63]:        96       100        64        56        68        64        56        52        56        52        48        44        68        56        80        76 
dram[64]:        88        88        84        80        64        68        64        56        36        32        80        80        88        88        56        56 
dram[65]:        96        96        84        72        68        64        52        48        32        36        72        72        72        72        76        76 
dram[66]:        76        80        88        88        72        64        48        48        40        40        72        68        88        88        64        60 
dram[67]:        84        88        88        88        68        68        60        60        44        44        76        80        80        92        68        68 
dram[68]:        60        60        52        48        80        72        72        76        80        80        48        44        72        60        32        28 
dram[69]:        48        44        44        44        76        76        64        60        60        60        56        60        64        60        36        36 
dram[70]:        56        56        64        56        72        76        76        72        48        44        84        84        56        64        36        36 
dram[71]:        64        56        68        60        80        76        72        72        60        64        64        60        64        64        28        28 
dram[72]:        96        88        84        84        68        60        68        60        36        36        76        72        84        84        68        64 
dram[73]:        92        72        92        80        64        60        64        60        28        32        76        76        84        84        76        72 
dram[74]:        84        96        92        84        72        68        44        36        40        40        76        64        84        80        68        68 
dram[75]:        92        92        92        92        68        72        52        48        40        36        76        84        84        80        72        76 
dram[76]:        56        52        48        48        88        84        56        72        68        64        52        48        72        60        28        28 
dram[77]:        48        48        44        40        76        76        68        60        68        68        56        48        60        68        40        36 
dram[78]:        48        52        52        52        80        80        64        64        60        56        76        76        60        60        40        36 
dram[79]:        64        64        60        56        80        76        64        68        60        56        60        60        72        64        36        36 
total dram writes = 419928
bank skew: 556/24 = 23.17
chip skew: 8216/888 = 9.25
average mf latency per bank:
dram[0]:        113       114       115       115       124       123       117       117       120       121       119       119       116       114       120       121
dram[1]:        113       114       116       116       122       120       116       117       120       121       121       121       113       114       120       119
dram[2]:        113       114       119       119       122       121       120       121       123       124       120       119       114       113       120       120
dram[3]:        114       115       119       119       122       120       123       122       122       123       122       122       116       116       118       118
dram[4]:        114       116       118       119       122       121       118       119       121       122       120       121       116       115       122       121
dram[5]:        115       115       115       115       121       120       118       120       121       121       122       121       117       117       121       121
dram[6]:        113       114       117       116       119       120       117       118       125       126       121       121       117       117       121       121
dram[7]:        115       114       117       117       122       121       118       118       122       123       122       122       115       113       119       118
dram[8]:        114       115       118       117       122       124       120       120       122       124       119       119       114       114       119       121
dram[9]:        113       113       116       116       123       123       118       117       122       121       121       120       113       113       119       117
dram[10]:        112       113       120       120       122       121       118       119       122       124       119       118       112       114       119       118
dram[11]:        112       114       118       117       125       122       120       120       122       122       121       121       117       117       119       120
dram[12]:        114       117       120       120       121       120       117       119       121       121       121       120       114       114       121       120
dram[13]:        117       116       116       116       121       121       117       118       122       123       121       121       116       117       122       120
dram[14]:        114       115       117       118       120       118       118       118       126       128       122       121       117       116       122       121
dram[15]:        113       115       118       117       120       121       119       120       122       124       123       123       115       115       119       119
dram[16]:        116       116       118       119       125       124       121       121       121       121       120       120       115       114       121       121
dram[17]:        112       113       118       118       124       123       120       119       123       122       121       121       115       115       121       122
dram[18]:        115       114       119       119       122       123       118       119       122       122       122       122       114       116       120       120
dram[19]:        114       114       121       121       124       123       122       123       124       126       120       120       114       115       120       119
dram[20]:        115       117       115       117       121       121       118       119       122       123       124       123       116       116       121       123
dram[21]:        114       115       116       117       120       120       118       119       123       122       120       121       116       117       123       121
dram[22]:        117       117       115       117       121       121       120       121       124       125       123       122       117       117       119       117
dram[23]:        114       114       116       117       121       122       118       118       128       127       123       122       117       115       121       120
dram[24]:        116       116       115       117       123       124       119       118       120       121       121       120       115       116       119       119
dram[25]:        113       113       115       116       123       122       120       120       124       123       122       122       114       114       121       120
dram[26]:        116       114       117       118       124       122       119       119       122       125       123       122       116       117       121       120
dram[27]:        114       115       119       120       121       122       121       123       124       124       119       119       115       115       120       120
dram[28]:        115       116       116       118       121       121       117       118       122       121       125       126       117       117       123       122
dram[29]:        112       113       117       118       122       122       119       120       122       123       121       122       119       119       123       120
dram[30]:        117       117       115       116       122       120       118       120       125       124       122       122       114       116       119       120
dram[31]:        113       114       117       118       121       122       119       120       127       128       123       122       118       118       122       122
dram[32]:        112       112       118       118       123       122       119       119       123       123       120       121       117       117       121       121
dram[33]:        113       114       117       118       122       123       120       120       121       121       120       121       115       117       120       119
dram[34]:        114       114       117       117       121       121       120       121       123       124       121       120       114       114       120       121
dram[35]:        113       114       115       116       120       119       116       116       123       124       121       121       116       117       119       118
dram[36]:        112       113       116       116       120       120       118       118       124       123       122       121       115       114       122       122
dram[37]:        115       115       117       118       122       122       116       119       119       119       122       122       117       117       122       121
dram[38]:        113       113       115       118       122       121       119       120       125       126       122       122       115       116       121       121
dram[39]:        115       117       113       113       121       120       118       118       121       121       122       122       114       113       119       119
dram[40]:        113       114       119       119       123       123       121       122       122       123       119       120       118       117       122       121
dram[41]:        113       114       119       119       126       125       123       121       121       122       122       121       115       115       121       121
dram[42]:        114       115       120       121       123       122       121       121       123       124       121       120       114       114       120       120
dram[43]:        114       114       115       114       121       120       117       118       123       123       120       120       114       116       120       119
dram[44]:        113       114       114       115       120       119       117       119       123       122       121       121       116       115       121       120
dram[45]:        114       114       117       117       124       122       119       121       121       122       123       122       116       117       124       122
dram[46]:        115       116       118       118       121       122       120       120       125       127       122       124       116       115       121       121
dram[47]:        116       116       114       115       121       121       117       118       123       123       122       121       116       115       119       118
dram[48]:        129       130       126       127       134       134       133       134       133       135       132       132       138       136       137       137
dram[49]:        129       129       126       127       132       132       134       136       135       138       132       133       134       136       136       135
dram[50]:        129       130       127       127       133       134       133       136       134       135       134       134       133       134       135       135
dram[51]:        128       131       126       127       133       132       132       134       135       136       134       134       133       134       136       136
dram[52]:        125       125       123       125       136       136       138       138       136       136       135       137       133       134       134       133
dram[53]:        125       126       126       129       136       136       134       135       136       135       133       134       132       134       136       135
dram[54]:        125       126       125       127       135       135       133       135       138       139       136       136       134       136       133       132
dram[55]:        126       127       125       127       136       136       135       137       135       136       136       135       131       133       131       131
dram[56]:        130       131       126       126       134       135       133       134       137       138       133       133       138       137       134       135
dram[57]:        128       131       128       127       132       132       135       136       136       139       134       134       133       136       135       135
dram[58]:        131       131       126       127       133       134       132       133       134       135       135       134       133       134       134       134
dram[59]:        129       131       126       125       133       133       133       135       136       138       135       133       132       134       136       135
dram[60]:        126       128       125       126       135       136       135       138       135       135       136       137       132       132       132       133
dram[61]:        128       128       128       129       136       136       133       134       135       136       136       136       133       134       133       134
dram[62]:        124       126       124       126       135       134       134       135       134       138       135       135       133       133       131       131
dram[63]:        124       126       126       127       137       138       136       137       134       136       137       137       132       133       131       131
dram[64]:        126       126       132       133       134       134       133       135       138       140       134       134       132       131       132       133
dram[65]:        125       127       136       138       137       136       134       136       136       137       135       135       129       130       132       131
dram[66]:        127       128       134       133       135       135       135       138       135       137       134       134       128       129       132       133
dram[67]:        126       126       133       134       136       135       132       133       135       138       134       135       131       131       133       134
dram[68]:        129       130       136       138       134       134       132       133       134       135       136       136       131       133       137       136
dram[69]:        130       132       137       138       133       133       134       135       136       136       136       136       132       133       137       135
dram[70]:        130       130       137       137       134       134       135       135       139       140       134       134       131       131       134       135
dram[71]:        129       130       136       137       132       132       134       135       135       138       134       135       131       131       136       136
dram[72]:        125       127       132       133       134       135       133       134       137       138       134       134       132       131       131       132
dram[73]:        125       128       134       135       136       137       132       134       136       137       134       134       129       130       131       131
dram[74]:        127       126       133       134       136       136       135       137       135       138       134       135       128       129       133       132
dram[75]:        125       125       132       133       135       134       133       136       136       138       134       133       130       131       133       133
dram[76]:        131       133       137       139       134       133       133       133       133       134       136       136       130       133       136       135
dram[77]:        131       132       138       139       133       133       133       135       134       135       137       136       133       134       137       136
dram[78]:        132       132       137       139       133       134       133       135       137       139       135       135       131       132       135       135
dram[79]:        129       131       136       137       133       133       133       133       135       137       135       136       130       130       136       136
maximum mf latency per bank:
dram[0]:       1004      1052      1458      1205      1818      2003      1802      1582      1515      1460      1031      1005      1181      1166      1201      1194
dram[1]:        996      1095      1023      1307      1216      1454      1378      1371      1186      1052      1352      1347      1378      1371      1292      1146
dram[2]:       1403      1398      1244      1155      1233      1096      1297      1288      1990      1954      1152      1100      1075       969      1038       949
dram[3]:       1263      1258      1218      1169      1277       962      2035      2024      2147      1822      1340      1228      1553      1583       896       885
dram[4]:       1288      1283      1200      1280      1288      1305      1226      1544      1163      1296      1002      1140      1136      1104      1133      1244
dram[5]:       1151      1240      1091      1088      1081      1547      1321      1637      1207      1184      1124      1007      1187      1182      1254      1081
dram[6]:       1032      1062      1108      1193      1235      1226      1071      1193      1711      1698      1027      1016      1248      1243      1293      1118
dram[7]:       1131      1111      1185      1027      1246      1164      1742      1556      1818      1946      1183      1100      1162      1092       985       896
dram[8]:       1111      1106      1587      1146      1778      1853      1651      1644      1539      1542      1138      1188       987       984      1130      1187
dram[9]:        942       890      1474      1218      1829      1572      1508      1433      1087      1067      1251      1150      1358      1074      1055      1133
dram[10]:       1108      1013      1270      1262      1194      1384      1329      1300      1686      1956      1255       875       948       955      1047       951
dram[11]:       1235      1229      1218      1144      1311       993      1154      1408      1902      1941      1065      1099      1555      1546       996      1020
dram[12]:       1292      1427      1367      1488      1536      1436      1139      1655      1394      1732      1090      1092      1173      1271      1085       963
dram[13]:       1222      1155      1149       967      1628      1533      1357      1636      1173      1164      1136      1060      1024      1236      1268      1047
dram[14]:       1110      1357      1024      1155      1233      1069      1310      1179      1866      1851      1119      1037      1155      1142      1317       954
dram[15]:       1044      1218      1115      1135      1289      1268      1895      1635      1607      1688      1204      1141      1126      1005      1013       955
dram[16]:       1165      1150      1597      1590      1586      2016      1875      1750      1588      1606      1089      1074      1201      1084      1157      1210
dram[17]:        866       951      1394      1391      1388      1258      1750      1390      1206      1225      1016       961       985       920      1016      1089
dram[18]:       1163       946      1268      1454      1328      1429      1708      1681      1612      1775       981       974      1408      1404      1119      1129
dram[19]:       1373      1042      1208      1262      1930      1651      1548      1547      1724      2089      1116       993      1133      1252      1078      1071
dram[20]:       1271      1359      1278      1305      1221      1123      1627      1499      1123      1166      1154      1078      1222      1309      1133      1114
dram[21]:       1387      1382      1026      1341      1607      1569      1201      1662      1340      1329      1070      1303      1365      1358      1350      1180
dram[22]:       1458      1039      1063      1231      1493      1398      1971      1872      1909      1849      1316      1254      1161      1140      1086       941
dram[23]:       1138      1137      1140      1054      1329      1479      1175      1166      2092      2075      1034      1023      1157      1142      1099      1002
dram[24]:       1192      1187      1096      1108      1652      1538      1187      1304      1197      1273      1234      1222      1095      1005      1021      1033
dram[25]:       1276      1065       959       956      1442      1485      1641      1611      1511      1262      1096      1127      1066      1106      1129      1007
dram[26]:       1243      1001      1242      1232      1397      1088      1242      1170      1807      1699      1181      1035      1529      1522       978       973
dram[27]:       1206      1103      1179      1168      1372      1248      1545      1571      2062      1894       991       987      1162      1260       954       990
dram[28]:       1198      1191      1139      1116      1021      1198      1404      1626      1250      1188      1168      1138      1207      1142      1250       959
dram[29]:       1450      1447      1185      1259      1562      1589      1209      1573      1202      1193      1108      1128      1387      1247      1294      1022
dram[30]:       1409      1367      1241      1085      1479      1257      1666      1607      1713      1544      1306      1261      1178      1175      1047       947
dram[31]:       1034      1241      1281      1082      1517      1512      1129      1206      1810      1787      1216      1151      1389      1458      1043      1025
dram[32]:       1099      1088      1819      1617      2005      1881      1632      1534      1606      1623      1105      1100      1254      1245      1273      1366
dram[33]:       1432      1425      1270      1267      1251      1576      1703      1671      1461      1444       996       982      1281      1322       939      1052
dram[34]:       1291      1239      1288      1451      1602      1402      1376      1560      1880      1869      1203      1198      1345      1338      1127      1118
dram[35]:       1023      1296       968       950      1110       988      1222      1211      1423      1807      1232      1173      1477      1511      1002       983
dram[36]:       1383      1374      1009      1024      1251      1268      1205      1198      1256      1249      1070      1117      1102      1121      1030      1209
dram[37]:       1022      1009      1160      1235      1265      1237      1692      1790      1222      1111       965      1005      1517      1558      1212      1194
dram[38]:       1264      1050      1101      1222      1695      1688      1990      1896      2045      2009      1331      1198      1347      1344      1124       999
dram[39]:       1288      1381      1216      1113      1526      1437      1552      1477      1581      1895      1163      1148      1173      1154      1110       960
dram[40]:       1093       979      1361      1096      1883      1675      1701      1735      1309      1296       928      1116      1244      1227      1274      1268
dram[41]:       1293      1152      1173      1148      2037      2010      1738      1677      1619      1573      1188       997      1164       998      1057      1053
dram[42]:       1092      1075      1310      1396      1453      1257      1693      1684      2052      1912      1151       946      1283      1218      1015      1076
dram[43]:       1050      1225      1213      1143      1245       999      1115      1433      1634      1592      1202      1020      1294      1391       893       826
dram[44]:       1405      1402      1185      1180      1270      1121      1120      1242      1446      1293      1225      1122      1024      1023      1196      1020
dram[45]:        974       971      1241      1331      1358      1132      1794      1781      1614      1605      1074      1087      1173      1168      1308       986
dram[46]:       1288      1155      1413      1316      1541      1547      1747      1564      1924      1730      1321      1273      1244      1327      1099      1042
dram[47]:       1343      1381      1062      1342      1595      1574      1333      1710      1507      1722      1193      1184      1142      1174      1025       919
dram[48]:        888       794       779       837      1143      1273      1196      1076       653       701       677       661       856       760       896       925
dram[49]:        742       705       743       826       893       831      1035      1028      1169      1238       666       682       784       858       954       808
dram[50]:       1032       778       961       731       759       756       824       916      1142      1010       842       895       930       921       789       689
dram[51]:        762       754       889       775       741       768       950      1092       966      1456       956       679       812       904       691       686
dram[52]:        994       985       758       711       800       806      1220      1092       893       756       736       870       909       758       923       906
dram[53]:       1044      1031       928      1243       958       949       893       888      1289       855       636       624       710       793       878       847
dram[54]:        692       931       849       752       878      1107       770       765      1062      1251       932       823       923       920       838       910
dram[55]:        788       878       927       998      1218      1098       844      1187      1149      1090       749       744       759       756       717       926
dram[56]:        797       788       785       850      1267      1123       796       785       747       739       721       730       995       740       779       810
dram[57]:        755       730       732       765      1025       998      1039      1026      1047      1470       691       688       776       834       775       815
dram[58]:       1026       952       894       708       703       750       862       857       890       867       840       655       843       840       669       656
dram[59]:        767       979      1019       665       766       755       740      1055       991      1445       973       791       692       909       891       738
dram[60]:       1096      1089      1085       930       830       935      1024      1258       830       682       738       711       780       761       918       916
dram[61]:        991       988       938       796       869       947       774       761      1173      1148       659       643       759       657       911       863
dram[62]:        692       687       745       666       740       790       895       774       839      1118      1073       923       882       877       839       933
dram[63]:        687       784       959       956      1250      1229      1135       945       963      1173       943       934       802       671       875       930
dram[64]:        753       780      1060      1053       738       685       670       647       798      1208       791       780      1262      1148       705       828
dram[65]:        701       729       914       911      1012      1003       673       720      1177      1066       931       924       828       750       853       848
dram[66]:        947       942       910       767       791       758       962       967      1409      1483       684       681       979       883       839       927
dram[67]:       1068       737       782       780       941       754       889      1131       867      1079       839       822      1114      1211       818       840
dram[68]:        819       840       730       798       744       783       727      1161       797       778       681       674       797       866       911       845
dram[69]:        872       867       786       816       744       812       716       706      1190      1303       691       656       827       814       961       776
dram[70]:        738       733       796       787       733       724      1131      1002      1469      1299       793       787       672       663       713       939
dram[71]:        793       687       714       675       859       729       856       879       820      1284       790       766       734       752       875       819
dram[72]:        735       750       779       720       698      1223       646       681       811      1177       707       782      1170      1051       668       875
dram[73]:        807       818       839       847      1526      1499       726       646       853      1275       712       701       719       815       858       846
dram[74]:       1036       880       996       909      1081      1017       927       922      1102      1660       742       755       665       698       772       763
dram[75]:        816       813       770       659       786       775       842      1120      1192      1179       767       690      1021       921       873       870
dram[76]:       1109      1102       930       925       821       803       796      1164       785      1260       845       683       795       776       791       672
dram[77]:        847       849       998       916       751       755       701       728      1028      1019       837       677       830       862       972       870
dram[78]:        932       826       972       816       731       813       934       979       973      1445       787       761       695       880       901       859
dram[79]:       1031       952       844       737       901       898       750       882       739       825       716       709       671       650       885       928
Memory Partition 0: 
Cache L2_bank_000:
MSHR contents

Cache L2_bank_001:
MSHR contents

In Dram Latency Queue (total = 0): 
DRAM[0]: 16 bks, busW=8 BL=4 CL=12, tRRD=3 tCCD=1, tRCD=12 tRAS=28 tRP=12 tRC=40
n_cmd=194569 n_nop=123509 n_act=12264 n_pre=12248 n_ref_event=0 n_req=53446 n_rd=51436 n_rd_L2_A=0 n_write=0 n_wr_bk=8040 bw_util=0.6114
n_activity=130698 dram_eff=0.9101
bk0: 3308a 158941i bk1: 3296a 160924i bk2: 3260a 158680i bk3: 3264a 158934i bk4: 3124a 161302i bk5: 3128a 161406i bk6: 3216a 160126i bk7: 3216a 160217i bk8: 3136a 160160i bk9: 3136a 158650i bk10: 3176a 160478i bk11: 3172a 159532i bk12: 3304a 158240i bk13: 3320a 158943i bk14: 3192a 160893i bk15: 3188a 160977i 

------------------------------------------------------------------------

Row_Buffer_Locality = 0.770535
Row_Buffer_Locality_read = 0.797710
Row_Buffer_Locality_write = 0.075124
Bank_Level_Parallism = 4.950362
Bank_Level_Parallism_Col = 3.485025
Bank_Level_Parallism_Ready = 1.757886
write_to_read_ratio_blp_rw_average = 0.267052
GrpLevelPara = 2.327345 

BW Util details:
bwutil = 0.611362 
total_CMD = 194569 
util_bw = 59476 
Wasted_Col = 53081 
Wasted_Row = 10292 
Idle = 71720 

BW Util Bottlenecks: 
RCDc_limit = 54989 
RCDWRc_limit = 9391 
WTRc_limit = 11262 
RTWc_limit = 46261 
CCDLc_limit = 29602 
rwq = 0 
CCDLc_limit_alone = 24959 
WTRc_limit_alone = 10541 
RTWc_limit_alone = 42339 

Commands details: 
total_CMD = 194569 
n_nop = 123509 
Read = 51436 
Write = 0 
L2_Alloc = 0 
L2_WB = 8040 
n_act = 12264 
n_pre = 12248 
n_ref = 0 
n_req = 53446 
total_req = 59476 

Dual Bus Interface Util: 
issued_total_row = 24512 
issued_total_col = 59476 
Row_Bus_Util =  0.125981 
CoL_Bus_Util = 0.305681 
Either_Row_CoL_Bus_Util = 0.365217 
Issued_on_Two_Bus_Simul_Util = 0.066444 
issued_two_Eff = 0.181931 
queue_avg = 16.392807 


dram_util_bins: 0 0 0 0 0 0 0 0 0 0
dram_eff_bins: 0 0 0 0 0 0 0 0 0 0
mrqq: max=128 avg=16.3928
Memory Partition 1: 
Cache L2_bank_002:
MSHR contents

Cache L2_bank_003:
MSHR contents

In Dram Latency Queue (total = 0): 
DRAM[1]: 16 bks, busW=8 BL=4 CL=12, tRRD=3 tCCD=1, tRCD=12 tRAS=28 tRP=12 tRC=40
n_cmd=194569 n_nop=123356 n_act=12314 n_pre=12298 n_ref_event=0 n_req=53566 n_rd=51568 n_rd_L2_A=0 n_write=0 n_wr_bk=7992 bw_util=0.6122
n_activity=131257 dram_eff=0.9075
bk0: 3304a 159487i bk1: 3308a 160428i bk2: 3252a 160183i bk3: 3252a 158665i bk4: 3144a 161717i bk5: 3148a 161092i bk6: 3248a 159427i bk7: 3236a 159224i bk8: 3148a 159464i bk9: 3152a 160798i bk10: 3148a 159822i bk11: 3148a 160500i bk12: 3352a 158574i bk13: 3348a 160802i bk14: 3188a 160275i bk15: 3192a 161779i 

------------------------------------------------------------------------

Row_Buffer_Locality = 0.770115
Row_Buffer_Locality_read = 0.797045
Row_Buffer_Locality_write = 0.075075
Bank_Level_Parallism = 4.896692
Bank_Level_Parallism_Col = 3.441525
Bank_Level_Parallism_Ready = 1.719040
write_to_read_ratio_blp_rw_average = 0.264503
GrpLevelPara = 2.319524 

BW Util details:
bwutil = 0.612225 
total_CMD = 194569 
util_bw = 59560 
Wasted_Col = 53472 
Wasted_Row = 10405 
Idle = 71132 

BW Util Bottlenecks: 
RCDc_limit = 55719 
RCDWRc_limit = 9426 
WTRc_limit = 10961 
RTWc_limit = 47519 
CCDLc_limit = 30132 
rwq = 0 
CCDLc_limit_alone = 25314 
WTRc_limit_alone = 10170 
RTWc_limit_alone = 43492 

Commands details: 
total_CMD = 194569 
n_nop = 123356 
Read = 51568 
Write = 0 
L2_Alloc = 0 
L2_WB = 7992 
n_act = 12314 
n_pre = 12298 
n_ref = 0 
n_req = 53566 
total_req = 59560 

Dual Bus Interface Util: 
issued_total_row = 24612 
issued_total_col = 59560 
Row_Bus_Util =  0.126495 
CoL_Bus_Util = 0.306112 
Either_Row_CoL_Bus_Util = 0.366004 
Issued_on_Two_Bus_Simul_Util = 0.066604 
issued_two_Eff = 0.181975 
queue_avg = 16.750156 


dram_util_bins: 0 0 0 0 0 0 0 0 0 0
dram_eff_bins: 0 0 0 0 0 0 0 0 0 0
mrqq: max=128 avg=16.7502
Memory Partition 2: 
Cache L2_bank_004:
MSHR contents

Cache L2_bank_005:
MSHR contents

In Dram Latency Queue (total = 0): 
DRAM[2]: 16 bks, busW=8 BL=4 CL=12, tRRD=3 tCCD=1, tRCD=12 tRAS=28 tRP=12 tRC=40
n_cmd=194569 n_nop=123627 n_act=12197 n_pre=12181 n_ref_event=0 n_req=53113 n_rd=51080 n_rd_L2_A=0 n_write=0 n_wr_bk=8132 bw_util=0.6086
n_activity=132049 dram_eff=0.8968
bk0: 3296a 160347i bk1: 3300a 160375i bk2: 3184a 159893i bk3: 3176a 159792i bk4: 3104a 161943i bk5: 3100a 161657i bk6: 3212a 160962i bk7: 3228a 159192i bk8: 3124a 161209i bk9: 3124a 162290i bk10: 3124a 162370i bk11: 3128a 161149i bk12: 3308a 158734i bk13: 3304a 159019i bk14: 3184a 160781i bk15: 3184a 160855i 

------------------------------------------------------------------------

Row_Buffer_Locality = 0.770358
Row_Buffer_Locality_read = 0.798140
Row_Buffer_Locality_write = 0.072307
Bank_Level_Parallism = 4.798629
Bank_Level_Parallism_Col = 3.378300
Bank_Level_Parallism_Ready = 1.724228
write_to_read_ratio_blp_rw_average = 0.272345
GrpLevelPara = 2.294687 

BW Util details:
bwutil = 0.608648 
total_CMD = 194569 
util_bw = 59212 
Wasted_Col = 53976 
Wasted_Row = 10941 
Idle = 70440 

BW Util Bottlenecks: 
RCDc_limit = 55155 
RCDWRc_limit = 9580 
WTRc_limit = 11137 
RTWc_limit = 45074 
CCDLc_limit = 29944 
rwq = 0 
CCDLc_limit_alone = 25229 
WTRc_limit_alone = 10368 
RTWc_limit_alone = 41128 

Commands details: 
total_CMD = 194569 
n_nop = 123627 
Read = 51080 
Write = 0 
L2_Alloc = 0 
L2_WB = 8132 
n_act = 12197 
n_pre = 12181 
n_ref = 0 
n_req = 53113 
total_req = 59212 

Dual Bus Interface Util: 
issued_total_row = 24378 
issued_total_col = 59212 
Row_Bus_Util =  0.125292 
CoL_Bus_Util = 0.304324 
Either_Row_CoL_Bus_Util = 0.364611 
Issued_on_Two_Bus_Simul_Util = 0.065005 
issued_two_Eff = 0.178286 
queue_avg = 16.337120 


dram_util_bins: 0 0 0 0 0 0 0 0 0 0
dram_eff_bins: 0 0 0 0 0 0 0 0 0 0
mrqq: max=128 avg=16.3371
Memory Partition 3: 
Cache L2_bank_006:
MSHR contents

Cache L2_bank_007:
MSHR contents

In Dram Latency Queue (total = 0): 
DRAM[3]: 16 bks, busW=8 BL=4 CL=12, tRRD=3 tCCD=1, tRCD=12 tRAS=28 tRP=12 tRC=40
n_cmd=194569 n_nop=123562 n_act=12251 n_pre=12235 n_ref_event=0 n_req=53184 n_rd=51160 n_rd_L2_A=0 n_write=0 n_wr_bk=8096 bw_util=0.6091
n_activity=131338 dram_eff=0.9023
bk0: 3280a 161153i bk1: 3280a 161631i bk2: 3184a 161660i bk3: 3188a 160120i bk4: 3140a 161283i bk5: 3140a 161223i bk6: 3200a 159367i bk7: 3200a 159496i bk8: 3136a 161251i bk9: 3128a 161395i bk10: 3132a 162047i bk11: 3132a 162777i bk12: 3312a 160379i bk13: 3316a 160441i bk14: 3196a 161798i bk15: 3196a 161044i 

------------------------------------------------------------------------

Row_Buffer_Locality = 0.769649
Row_Buffer_Locality_read = 0.797185
Row_Buffer_Locality_write = 0.073617
Bank_Level_Parallism = 4.768951
Bank_Level_Parallism_Col = 3.338570
Bank_Level_Parallism_Ready = 1.710679
write_to_read_ratio_blp_rw_average = 0.263846
GrpLevelPara = 2.296337 

BW Util details:
bwutil = 0.609100 
total_CMD = 194569 
util_bw = 59256 
Wasted_Col = 53469 
Wasted_Row = 10829 
Idle = 71015 

BW Util Bottlenecks: 
RCDc_limit = 55229 
RCDWRc_limit = 9863 
WTRc_limit = 11721 
RTWc_limit = 41009 
CCDLc_limit = 29187 
rwq = 0 
CCDLc_limit_alone = 24817 
WTRc_limit_alone = 10859 
RTWc_limit_alone = 37501 

Commands details: 
total_CMD = 194569 
n_nop = 123562 
Read = 51160 
Write = 0 
L2_Alloc = 0 
L2_WB = 8096 
n_act = 12251 
n_pre = 12235 
n_ref = 0 
n_req = 53184 
total_req = 59256 

Dual Bus Interface Util: 
issued_total_row = 24486 
issued_total_col = 59256 
Row_Bus_Util =  0.125847 
CoL_Bus_Util = 0.304550 
Either_Row_CoL_Bus_Util = 0.364945 
Issued_on_Two_Bus_Simul_Util = 0.065452 
issued_two_Eff = 0.179349 
queue_avg = 14.840278 


dram_util_bins: 0 0 0 0 0 0 0 0 0 0
dram_eff_bins: 0 0 0 0 0 0 0 0 0 0
mrqq: max=128 avg=14.8403
Memory Partition 4: 
Cache L2_bank_008:
MSHR contents

Cache L2_bank_009:
MSHR contents

In Dram Latency Queue (total = 0): 
DRAM[4]: 16 bks, busW=8 BL=4 CL=12, tRRD=3 tCCD=1, tRCD=12 tRAS=28 tRP=12 tRC=40
n_cmd=194569 n_nop=123625 n_act=12269 n_pre=12253 n_ref_event=0 n_req=53355 n_rd=51364 n_rd_L2_A=0 n_write=0 n_wr_bk=7964 bw_util=0.6098
n_activity=131381 dram_eff=0.9031
bk0: 3316a 159801i bk1: 3304a 159636i bk2: 3200a 159906i bk3: 3208a 158410i bk4: 3136a 160470i bk5: 3152a 161401i bk6: 3224a 160773i bk7: 3212a 161076i bk8: 3160a 160981i bk9: 3160a 160455i bk10: 3148a 160876i bk11: 3140a 160717i bk12: 3316a 157427i bk13: 3320a 157617i bk14: 3184a 160836i bk15: 3184a 161387i 

------------------------------------------------------------------------

Row_Buffer_Locality = 0.770050
Row_Buffer_Locality_read = 0.796647
Row_Buffer_Locality_write = 0.083877
Bank_Level_Parallism = 4.882793
Bank_Level_Parallism_Col = 3.444212
Bank_Level_Parallism_Ready = 1.779649
write_to_read_ratio_blp_rw_average = 0.259069
GrpLevelPara = 2.286158 

BW Util details:
bwutil = 0.609840 
total_CMD = 194569 
util_bw = 59328 
Wasted_Col = 53849 
Wasted_Row = 10664 
Idle = 70728 

BW Util Bottlenecks: 
RCDc_limit = 55748 
RCDWRc_limit = 9212 
WTRc_limit = 11124 
RTWc_limit = 45545 
CCDLc_limit = 30340 
rwq = 0 
CCDLc_limit_alone = 25778 
WTRc_limit_alone = 10266 
RTWc_limit_alone = 41841 

Commands details: 
total_CMD = 194569 
n_nop = 123625 
Read = 51364 
Write = 0 
L2_Alloc = 0 
L2_WB = 7964 
n_act = 12269 
n_pre = 12253 
n_ref = 0 
n_req = 53355 
total_req = 59328 

Dual Bus Interface Util: 
issued_total_row = 24522 
issued_total_col = 59328 
Row_Bus_Util =  0.126032 
CoL_Bus_Util = 0.304920 
Either_Row_CoL_Bus_Util = 0.364621 
Issued_on_Two_Bus_Simul_Util = 0.066331 
issued_two_Eff = 0.181918 
queue_avg = 16.332392 


dram_util_bins: 0 0 0 0 0 0 0 0 0 0
dram_eff_bins: 0 0 0 0 0 0 0 0 0 0
mrqq: max=128 avg=16.3324
Memory Partition 5: 
Cache L2_bank_010:
MSHR contents

Cache L2_bank_011:
MSHR contents

In Dram Latency Queue (total = 0): 
DRAM[5]: 16 bks, busW=8 BL=4 CL=12, tRRD=3 tCCD=1, tRCD=12 tRAS=28 tRP=12 tRC=40
n_cmd=194569 n_nop=123377 n_act=12322 n_pre=12306 n_ref_event=0 n_req=53385 n_rd=51360 n_rd_L2_A=0 n_write=0 n_wr_bk=8100 bw_util=0.6112
n_activity=130727 dram_eff=0.9097
bk0: 3288a 158584i bk1: 3304a 158465i bk2: 3232a 158909i bk3: 3240a 160116i bk4: 3168a 160862i bk5: 3168a 160080i bk6: 3200a 160755i bk7: 3200a 161038i bk8: 3148a 161315i bk9: 3152a 161611i bk10: 3148a 161778i bk11: 3136a 161052i bk12: 3324a 159204i bk13: 3332a 160066i bk14: 3156a 160842i bk15: 3164a 160756i 

------------------------------------------------------------------------

Row_Buffer_Locality = 0.769186
Row_Buffer_Locality_read = 0.796417
Row_Buffer_Locality_write = 0.078519
Bank_Level_Parallism = 4.879929
Bank_Level_Parallism_Col = 3.421736
Bank_Level_Parallism_Ready = 1.712126
write_to_read_ratio_blp_rw_average = 0.266476
GrpLevelPara = 2.328703 

BW Util details:
bwutil = 0.611197 
total_CMD = 194569 
util_bw = 59460 
Wasted_Col = 53362 
Wasted_Row = 10347 
Idle = 71400 

BW Util Bottlenecks: 
RCDc_limit = 55713 
RCDWRc_limit = 9339 
WTRc_limit = 11826 
RTWc_limit = 45825 
CCDLc_limit = 29955 
rwq = 0 
CCDLc_limit_alone = 24911 
WTRc_limit_alone = 10907 
RTWc_limit_alone = 41700 

Commands details: 
total_CMD = 194569 
n_nop = 123377 
Read = 51360 
Write = 0 
L2_Alloc = 0 
L2_WB = 8100 
n_act = 12322 
n_pre = 12306 
n_ref = 0 
n_req = 53385 
total_req = 59460 

Dual Bus Interface Util: 
issued_total_row = 24628 
issued_total_col = 59460 
Row_Bus_Util =  0.126577 
CoL_Bus_Util = 0.305599 
Either_Row_CoL_Bus_Util = 0.365896 
Issued_on_Two_Bus_Simul_Util = 0.066280 
issued_two_Eff = 0.181144 
queue_avg = 15.695245 


dram_util_bins: 0 0 0 0 0 0 0 0 0 0
dram_eff_bins: 0 0 0 0 0 0 0 0 0 0
mrqq: max=128 avg=15.6952
Memory Partition 6: 
Cache L2_bank_012:
MSHR contents

Cache L2_bank_013:
MSHR contents

In Dram Latency Queue (total = 0): 
DRAM[6]: 16 bks, busW=8 BL=4 CL=12, tRRD=3 tCCD=1, tRCD=12 tRAS=28 tRP=12 tRC=40
n_cmd=194569 n_nop=123727 n_act=12224 n_pre=12208 n_ref_event=0 n_req=53090 n_rd=51068 n_rd_L2_A=0 n_write=0 n_wr_bk=8088 bw_util=0.6081
n_activity=130844 dram_eff=0.9042
bk0: 3252a 159745i bk1: 3252a 160594i bk2: 3244a 161320i bk3: 3244a 160490i bk4: 3132a 161039i bk5: 3128a 161418i bk6: 3192a 162183i bk7: 3196a 162023i bk8: 3112a 159472i bk9: 3104a 160039i bk10: 3108a 160969i bk11: 3116a 160966i bk12: 3292a 158094i bk13: 3292a 158252i bk14: 3204a 162045i bk15: 3200a 160963i 

------------------------------------------------------------------------

Row_Buffer_Locality = 0.769749
Row_Buffer_Locality_read = 0.796879
Row_Buffer_Locality_write = 0.084570
Bank_Level_Parallism = 4.859941
Bank_Level_Parallism_Col = 3.413906
Bank_Level_Parallism_Ready = 1.723122
write_to_read_ratio_blp_rw_average = 0.257798
GrpLevelPara = 2.303239 

BW Util details:
bwutil = 0.608072 
total_CMD = 194569 
util_bw = 59156 
Wasted_Col = 52902 
Wasted_Row = 10697 
Idle = 71814 

BW Util Bottlenecks: 
RCDc_limit = 55375 
RCDWRc_limit = 9174 
WTRc_limit = 10715 
RTWc_limit = 43749 
CCDLc_limit = 29448 
rwq = 0 
CCDLc_limit_alone = 25074 
WTRc_limit_alone = 9936 
RTWc_limit_alone = 40154 

Commands details: 
total_CMD = 194569 
n_nop = 123727 
Read = 51068 
Write = 0 
L2_Alloc = 0 
L2_WB = 8088 
n_act = 12224 
n_pre = 12208 
n_ref = 0 
n_req = 53090 
total_req = 59156 

Dual Bus Interface Util: 
issued_total_row = 24432 
issued_total_col = 59156 
Row_Bus_Util =  0.125570 
CoL_Bus_Util = 0.304036 
Either_Row_CoL_Bus_Util = 0.364097 
Issued_on_Two_Bus_Simul_Util = 0.065509 
issued_two_Eff = 0.179922 
queue_avg = 16.196465 


dram_util_bins: 0 0 0 0 0 0 0 0 0 0
dram_eff_bins: 0 0 0 0 0 0 0 0 0 0
mrqq: max=128 avg=16.1965
Memory Partition 7: 
Cache L2_bank_014:
MSHR contents

Cache L2_bank_015:
MSHR contents

In Dram Latency Queue (total = 0): 
DRAM[7]: 16 bks, busW=8 BL=4 CL=12, tRRD=3 tCCD=1, tRCD=12 tRAS=28 tRP=12 tRC=40
n_cmd=194569 n_nop=123496 n_act=12239 n_pre=12223 n_ref_event=0 n_req=53290 n_rd=51236 n_rd_L2_A=0 n_write=0 n_wr_bk=8216 bw_util=0.6111
n_activity=132045 dram_eff=0.9005
bk0: 3300a 160429i bk1: 3300a 160778i bk2: 3220a 159228i bk3: 3220a 159267i bk4: 3136a 160653i bk5: 3152a 160825i bk6: 3216a 161865i bk7: 3224a 160539i bk8: 3136a 161318i bk9: 3128a 159445i bk10: 3124a 161557i bk11: 3128a 160495i bk12: 3276a 158563i bk13: 3272a 158510i bk14: 3196a 161582i bk15: 3208a 161357i 

------------------------------------------------------------------------

Row_Buffer_Locality = 0.770332
Row_Buffer_Locality_read = 0.797779
Row_Buffer_Locality_write = 0.085686
Bank_Level_Parallism = 4.841931
Bank_Level_Parallism_Col = 3.416674
Bank_Level_Parallism_Ready = 1.747460
write_to_read_ratio_blp_rw_average = 0.264104
GrpLevelPara = 2.309240 

BW Util details:
bwutil = 0.611115 
total_CMD = 194569 
util_bw = 59452 
Wasted_Col = 53731 
Wasted_Row = 10731 
Idle = 70655 

BW Util Bottlenecks: 
RCDc_limit = 55320 
RCDWRc_limit = 9480 
WTRc_limit = 10930 
RTWc_limit = 46289 
CCDLc_limit = 29932 
rwq = 0 
CCDLc_limit_alone = 25509 
WTRc_limit_alone = 10195 
RTWc_limit_alone = 42601 

Commands details: 
total_CMD = 194569 
n_nop = 123496 
Read = 51236 
Write = 0 
L2_Alloc = 0 
L2_WB = 8216 
n_act = 12239 
n_pre = 12223 
n_ref = 0 
n_req = 53290 
total_req = 59452 

Dual Bus Interface Util: 
issued_total_row = 24462 
issued_total_col = 59452 
Row_Bus_Util =  0.125724 
CoL_Bus_Util = 0.305557 
Either_Row_CoL_Bus_Util = 0.365284 
Issued_on_Two_Bus_Simul_Util = 0.065997 
issued_two_Eff = 0.180673 
queue_avg = 16.160118 


dram_util_bins: 0 0 0 0 0 0 0 0 0 0
dram_eff_bins: 0 0 0 0 0 0 0 0 0 0
mrqq: max=128 avg=16.1601
Memory Partition 8: 
Cache L2_bank_016:
MSHR contents

Cache L2_bank_017:
MSHR contents

In Dram Latency Queue (total = 0): 
DRAM[8]: 16 bks, busW=8 BL=4 CL=12, tRRD=3 tCCD=1, tRCD=12 tRAS=28 tRP=12 tRC=40
n_cmd=194569 n_nop=123617 n_act=12179 n_pre=12163 n_ref_event=0 n_req=53408 n_rd=51396 n_rd_L2_A=0 n_write=0 n_wr_bk=8048 bw_util=0.611
n_activity=131001 dram_eff=0.9075
bk0: 3300a 160382i bk1: 3292a 160016i bk2: 3260a 157526i bk3: 3252a 159724i bk4: 3136a 160853i bk5: 3136a 162011i bk6: 3224a 160819i bk7: 3220a 160687i bk8: 3108a 161422i bk9: 3120a 162093i bk10: 3176a 161229i bk11: 3184a 160033i bk12: 3312a 159713i bk13: 3308a 159473i bk14: 3184a 160607i bk15: 3184a 160747i 

------------------------------------------------------------------------

Row_Buffer_Locality = 0.771963
Row_Buffer_Locality_read = 0.798720
Row_Buffer_Locality_write = 0.088469
Bank_Level_Parallism = 4.853050
Bank_Level_Parallism_Col = 3.434325
Bank_Level_Parallism_Ready = 1.750101
write_to_read_ratio_blp_rw_average = 0.263071
GrpLevelPara = 2.290310 

BW Util details:
bwutil = 0.611033 
total_CMD = 194569 
util_bw = 59444 
Wasted_Col = 53130 
Wasted_Row = 10890 
Idle = 71105 

BW Util Bottlenecks: 
RCDc_limit = 54619 
RCDWRc_limit = 9307 
WTRc_limit = 10553 
RTWc_limit = 44621 
CCDLc_limit = 29627 
rwq = 0 
CCDLc_limit_alone = 25195 
WTRc_limit_alone = 9780 
RTWc_limit_alone = 40962 

Commands details: 
total_CMD = 194569 
n_nop = 123617 
Read = 51396 
Write = 0 
L2_Alloc = 0 
L2_WB = 8048 
n_act = 12179 
n_pre = 12163 
n_ref = 0 
n_req = 53408 
total_req = 59444 

Dual Bus Interface Util: 
issued_total_row = 24342 
issued_total_col = 59444 
Row_Bus_Util =  0.125107 
CoL_Bus_Util = 0.305516 
Either_Row_CoL_Bus_Util = 0.364662 
Issued_on_Two_Bus_Simul_Util = 0.065961 
issued_two_Eff = 0.180883 
queue_avg = 16.599659 


dram_util_bins: 0 0 0 0 0 0 0 0 0 0
dram_eff_bins: 0 0 0 0 0 0 0 0 0 0
mrqq: max=128 avg=16.5997
Memory Partition 9: 
Cache L2_bank_018:
MSHR contents

Cache L2_bank_019:
MSHR contents

In Dram Latency Queue (total = 0): 
DRAM[9]: 16 bks, busW=8 BL=4 CL=12, tRRD=3 tCCD=1, tRCD=12 tRAS=28 tRP=12 tRC=40
n_cmd=194569 n_nop=123680 n_act=12243 n_pre=12227 n_ref_event=0 n_req=53390 n_rd=51392 n_rd_L2_A=0 n_write=0 n_wr_bk=7992 bw_util=0.6104
n_activity=131285 dram_eff=0.9047
bk0: 3288a 160230i bk1: 3296a 160099i bk2: 3232a 160216i bk3: 3228a 160249i bk4: 3132a 162245i bk5: 3128a 161988i bk6: 3220a 159860i bk7: 3208a 160646i bk8: 3152a 161269i bk9: 3152a 160870i bk10: 3144a 161245i bk11: 3140a 159671i bk12: 3348a 159365i bk13: 3332a 159516i bk14: 3196a 160614i bk15: 3196a 162154i 

------------------------------------------------------------------------

Row_Buffer_Locality = 0.770687
Row_Buffer_Locality_read = 0.797167
Row_Buffer_Locality_write = 0.089590
Bank_Level_Parallism = 4.819251
Bank_Level_Parallism_Col = 3.384696
Bank_Level_Parallism_Ready = 1.725717
write_to_read_ratio_blp_rw_average = 0.258015
GrpLevelPara = 2.298522 

BW Util details:
bwutil = 0.610416 
total_CMD = 194569 
util_bw = 59384 
Wasted_Col = 53391 
Wasted_Row = 10949 
Idle = 70845 

BW Util Bottlenecks: 
RCDc_limit = 55233 
RCDWRc_limit = 9199 
WTRc_limit = 11135 
RTWc_limit = 43271 
CCDLc_limit = 29515 
rwq = 0 
CCDLc_limit_alone = 25050 
WTRc_limit_alone = 10264 
RTWc_limit_alone = 39677 

Commands details: 
total_CMD = 194569 
n_nop = 123680 
Read = 51392 
Write = 0 
L2_Alloc = 0 
L2_WB = 7992 
n_act = 12243 
n_pre = 12227 
n_ref = 0 
n_req = 53390 
total_req = 59384 

Dual Bus Interface Util: 
issued_total_row = 24470 
issued_total_col = 59384 
Row_Bus_Util =  0.125765 
CoL_Bus_Util = 0.305208 
Either_Row_CoL_Bus_Util = 0.364339 
Issued_on_Two_Bus_Simul_Util = 0.066634 
issued_two_Eff = 0.182892 
queue_avg = 15.711824 


dram_util_bins: 0 0 0 0 0 0 0 0 0 0
dram_eff_bins: 0 0 0 0 0 0 0 0 0 0
mrqq: max=128 avg=15.7118
Memory Partition 10: 
Cache L2_bank_020:
MSHR contents

Cache L2_bank_021:
MSHR contents

In Dram Latency Queue (total = 0): 
DRAM[10]: 16 bks, busW=8 BL=4 CL=12, tRRD=3 tCCD=1, tRCD=12 tRAS=28 tRP=12 tRC=40
n_cmd=194569 n_nop=123543 n_act=12232 n_pre=12216 n_ref_event=0 n_req=53214 n_rd=51184 n_rd_L2_A=0 n_write=0 n_wr_bk=8120 bw_util=0.6096
n_activity=131910 dram_eff=0.8992
bk0: 3300a 160121i bk1: 3300a 160609i bk2: 3176a 159762i bk3: 3176a 158567i bk4: 3112a 161858i bk5: 3116a 161104i bk6: 3208a 160593i bk7: 3208a 161010i bk8: 3156a 161324i bk9: 3144a 160880i bk10: 3144a 161665i bk11: 3136a 161959i bk12: 3324a 159118i bk13: 3312a 160353i bk14: 3184a 161179i bk15: 3188a 162121i 

------------------------------------------------------------------------

Row_Buffer_Locality = 0.770136
Row_Buffer_Locality_read = 0.797339
Row_Buffer_Locality_write = 0.084236
Bank_Level_Parallism = 4.800069
Bank_Level_Parallism_Col = 3.377384
Bank_Level_Parallism_Ready = 1.753794
write_to_read_ratio_blp_rw_average = 0.256222
GrpLevelPara = 2.290741 

BW Util details:
bwutil = 0.609594 
total_CMD = 194569 
util_bw = 59304 
Wasted_Col = 53658 
Wasted_Row = 10806 
Idle = 70801 

BW Util Bottlenecks: 
RCDc_limit = 55355 
RCDWRc_limit = 9489 
WTRc_limit = 10796 
RTWc_limit = 42452 
CCDLc_limit = 29314 
rwq = 0 
CCDLc_limit_alone = 25182 
WTRc_limit_alone = 10065 
RTWc_limit_alone = 39051 

Commands details: 
total_CMD = 194569 
n_nop = 123543 
Read = 51184 
Write = 0 
L2_Alloc = 0 
L2_WB = 8120 
n_act = 12232 
n_pre = 12216 
n_ref = 0 
n_req = 53214 
total_req = 59304 

Dual Bus Interface Util: 
issued_total_row = 24448 
issued_total_col = 59304 
Row_Bus_Util =  0.125652 
CoL_Bus_Util = 0.304797 
Either_Row_CoL_Bus_Util = 0.365043 
Issued_on_Two_Bus_Simul_Util = 0.065406 
issued_two_Eff = 0.179174 
queue_avg = 16.106445 


dram_util_bins: 0 0 0 0 0 0 0 0 0 0
dram_eff_bins: 0 0 0 0 0 0 0 0 0 0
mrqq: max=128 avg=16.1064
Memory Partition 11: 
Cache L2_bank_022:
MSHR contents

Cache L2_bank_023:
MSHR contents

In Dram Latency Queue (total = 0): 
DRAM[11]: 16 bks, busW=8 BL=4 CL=12, tRRD=3 tCCD=1, tRCD=12 tRAS=28 tRP=12 tRC=40
n_cmd=194569 n_nop=123817 n_act=12149 n_pre=12133 n_ref_event=0 n_req=53030 n_rd=51016 n_rd_L2_A=0 n_write=0 n_wr_bk=8056 bw_util=0.6072
n_activity=132284 dram_eff=0.8931
bk0: 3276a 160991i bk1: 3268a 161602i bk2: 3184a 160408i bk3: 3188a 159025i bk4: 3084a 161612i bk5: 3096a 160897i bk6: 3220a 160398i bk7: 3220a 160729i bk8: 3116a 161734i bk9: 3116a 162534i bk10: 3136a 161423i bk11: 3132a 160714i bk12: 3308a 161262i bk13: 3308a 159881i bk14: 3184a 160920i bk15: 3180a 161445i 

------------------------------------------------------------------------

Row_Buffer_Locality = 0.770903
Row_Buffer_Locality_read = 0.797750
Row_Buffer_Locality_write = 0.090864
Bank_Level_Parallism = 4.762803
Bank_Level_Parallism_Col = 3.354939
Bank_Level_Parallism_Ready = 1.738235
write_to_read_ratio_blp_rw_average = 0.261483
GrpLevelPara = 2.282852 

BW Util details:
bwutil = 0.607209 
total_CMD = 194569 
util_bw = 59072 
Wasted_Col = 53968 
Wasted_Row = 10954 
Idle = 70575 

BW Util Bottlenecks: 
RCDc_limit = 55221 
RCDWRc_limit = 9525 
WTRc_limit = 10809 
RTWc_limit = 43827 
CCDLc_limit = 30023 
rwq = 0 
CCDLc_limit_alone = 25511 
WTRc_limit_alone = 10037 
RTWc_limit_alone = 40087 

Commands details: 
total_CMD = 194569 
n_nop = 123817 
Read = 51016 
Write = 0 
L2_Alloc = 0 
L2_WB = 8056 
n_act = 12149 
n_pre = 12133 
n_ref = 0 
n_req = 53030 
total_req = 59072 

Dual Bus Interface Util: 
issued_total_row = 24282 
issued_total_col = 59072 
Row_Bus_Util =  0.124799 
CoL_Bus_Util = 0.303604 
Either_Row_CoL_Bus_Util = 0.363634 
Issued_on_Two_Bus_Simul_Util = 0.064769 
issued_two_Eff = 0.178115 
queue_avg = 15.403518 


dram_util_bins: 0 0 0 0 0 0 0 0 0 0
dram_eff_bins: 0 0 0 0 0 0 0 0 0 0
mrqq: max=128 avg=15.4035
Memory Partition 12: 
Cache L2_bank_024:
MSHR contents

Cache L2_bank_025:
MSHR contents

In Dram Latency Queue (total = 0): 
DRAM[12]: 16 bks, busW=8 BL=4 CL=12, tRRD=3 tCCD=1, tRCD=12 tRAS=28 tRP=12 tRC=40
n_cmd=194569 n_nop=123534 n_act=12306 n_pre=12290 n_ref_event=0 n_req=53403 n_rd=51404 n_rd_L2_A=0 n_write=0 n_wr_bk=7996 bw_util=0.6106
n_activity=130786 dram_eff=0.9084
bk0: 3316a 160955i bk1: 3300a 159954i bk2: 3196a 159244i bk3: 3208a 159367i bk4: 3172a 161123i bk5: 3180a 159210i bk6: 3220a 161149i bk7: 3220a 160180i bk8: 3164a 160235i bk9: 3168a 160280i bk10: 3152a 160664i bk11: 3164a 160766i bk12: 3308a 159374i bk13: 3300a 158027i bk14: 3168a 161250i bk15: 3168a 160868i 

------------------------------------------------------------------------

Row_Buffer_Locality = 0.769563
Row_Buffer_Locality_read = 0.796436
Row_Buffer_Locality_write = 0.078539
Bank_Level_Parallism = 4.896660
Bank_Level_Parallism_Col = 3.449652
Bank_Level_Parallism_Ready = 1.736717
write_to_read_ratio_blp_rw_average = 0.261371
GrpLevelPara = 2.318991 

BW Util details:
bwutil = 0.610580 
total_CMD = 194569 
util_bw = 59400 
Wasted_Col = 53695 
Wasted_Row = 10226 
Idle = 71248 

BW Util Bottlenecks: 
RCDc_limit = 55917 
RCDWRc_limit = 9143 
WTRc_limit = 11296 
RTWc_limit = 47298 
CCDLc_limit = 30369 
rwq = 0 
CCDLc_limit_alone = 25437 
WTRc_limit_alone = 10434 
RTWc_limit_alone = 43228 

Commands details: 
total_CMD = 194569 
n_nop = 123534 
Read = 51404 
Write = 0 
L2_Alloc = 0 
L2_WB = 7996 
n_act = 12306 
n_pre = 12290 
n_ref = 0 
n_req = 53403 
total_req = 59400 

Dual Bus Interface Util: 
issued_total_row = 24596 
issued_total_col = 59400 
Row_Bus_Util =  0.126413 
CoL_Bus_Util = 0.305290 
Either_Row_CoL_Bus_Util = 0.365089 
Issued_on_Two_Bus_Simul_Util = 0.066614 
issued_two_Eff = 0.182459 
queue_avg = 16.123287 


dram_util_bins: 0 0 0 0 0 0 0 0 0 0
dram_eff_bins: 0 0 0 0 0 0 0 0 0 0
mrqq: max=128 avg=16.1233
Memory Partition 13: 
Cache L2_bank_026:
MSHR contents

Cache L2_bank_027:
MSHR contents

In Dram Latency Queue (total = 0): 
DRAM[13]: 16 bks, busW=8 BL=4 CL=12, tRRD=3 tCCD=1, tRCD=12 tRAS=28 tRP=12 tRC=40
n_cmd=194569 n_nop=123512 n_act=12267 n_pre=12251 n_ref_event=0 n_req=53379 n_rd=51360 n_rd_L2_A=0 n_write=0 n_wr_bk=8076 bw_util=0.611
n_activity=130988 dram_eff=0.9075
bk0: 3304a 158415i bk1: 3308a 158296i bk2: 3228a 160001i bk3: 3232a 160113i bk4: 3156a 160391i bk5: 3160a 159820i bk6: 3208a 160096i bk7: 3204a 159174i bk8: 3128a 159582i bk9: 3120a 160377i bk10: 3156a 161640i bk11: 3156a 160819i bk12: 3328a 160308i bk13: 3332a 159639i bk14: 3168a 161574i bk15: 3172a 159771i 

------------------------------------------------------------------------

Row_Buffer_Locality = 0.770191
Row_Buffer_Locality_read = 0.796943
Row_Buffer_Locality_write = 0.089648
Bank_Level_Parallism = 4.921583
Bank_Level_Parallism_Col = 3.484287
Bank_Level_Parallism_Ready = 1.753853
write_to_read_ratio_blp_rw_average = 0.261190
GrpLevelPara = 2.325350 

BW Util details:
bwutil = 0.610950 
total_CMD = 194569 
util_bw = 59436 
Wasted_Col = 53300 
Wasted_Row = 10490 
Idle = 71343 

BW Util Bottlenecks: 
RCDc_limit = 55781 
RCDWRc_limit = 9016 
WTRc_limit = 11426 
RTWc_limit = 46641 
CCDLc_limit = 30516 
rwq = 0 
CCDLc_limit_alone = 25727 
WTRc_limit_alone = 10599 
RTWc_limit_alone = 42679 

Commands details: 
total_CMD = 194569 
n_nop = 123512 
Read = 51360 
Write = 0 
L2_Alloc = 0 
L2_WB = 8076 
n_act = 12267 
n_pre = 12251 
n_ref = 0 
n_req = 53379 
total_req = 59436 

Dual Bus Interface Util: 
issued_total_row = 24518 
issued_total_col = 59436 
Row_Bus_Util =  0.126012 
CoL_Bus_Util = 0.305475 
Either_Row_CoL_Bus_Util = 0.365202 
Issued_on_Two_Bus_Simul_Util = 0.066285 
issued_two_Eff = 0.181502 
queue_avg = 16.389816 


dram_util_bins: 0 0 0 0 0 0 0 0 0 0
dram_eff_bins: 0 0 0 0 0 0 0 0 0 0
mrqq: max=128 avg=16.3898
Memory Partition 14: 
Cache L2_bank_028:
MSHR contents

Cache L2_bank_029:
MSHR contents

In Dram Latency Queue (total = 0): 
DRAM[14]: 16 bks, busW=8 BL=4 CL=12, tRRD=3 tCCD=1, tRCD=12 tRAS=28 tRP=12 tRC=40
n_cmd=194569 n_nop=123570 n_act=12291 n_pre=12275 n_ref_event=0 n_req=53150 n_rd=51124 n_rd_L2_A=0 n_write=0 n_wr_bk=8104 bw_util=0.6088
n_activity=130616 dram_eff=0.9069
bk0: 3264a 159418i bk1: 3260a 159127i bk2: 3224a 160529i bk3: 3224a 161378i bk4: 3140a 160338i bk5: 3144a 160434i bk6: 3184a 161401i bk7: 3204a 161404i bk8: 3116a 159052i bk9: 3120a 159210i bk10: 3108a 161604i bk11: 3116a 160705i bk12: 3296a 158137i bk13: 3288a 157543i bk14: 3216a 160264i bk15: 3220a 160606i 

------------------------------------------------------------------------

Row_Buffer_Locality = 0.768749
Row_Buffer_Locality_read = 0.796123
Row_Buffer_Locality_write = 0.077986
Bank_Level_Parallism = 4.917905
Bank_Level_Parallism_Col = 3.465150
Bank_Level_Parallism_Ready = 1.742808
write_to_read_ratio_blp_rw_average = 0.273334
GrpLevelPara = 2.331549 

BW Util details:
bwutil = 0.608812 
total_CMD = 194569 
util_bw = 59228 
Wasted_Col = 53464 
Wasted_Row = 10349 
Idle = 71528 

BW Util Bottlenecks: 
RCDc_limit = 55574 
RCDWRc_limit = 9390 
WTRc_limit = 10243 
RTWc_limit = 48703 
CCDLc_limit = 30396 
rwq = 0 
CCDLc_limit_alone = 25900 
WTRc_limit_alone = 9568 
RTWc_limit_alone = 44882 

Commands details: 
total_CMD = 194569 
n_nop = 123570 
Read = 51124 
Write = 0 
L2_Alloc = 0 
L2_WB = 8104 
n_act = 12291 
n_pre = 12275 
n_ref = 0 
n_req = 53150 
total_req = 59228 

Dual Bus Interface Util: 
issued_total_row = 24566 
issued_total_col = 59228 
Row_Bus_Util =  0.126259 
CoL_Bus_Util = 0.304406 
Either_Row_CoL_Bus_Util = 0.364904 
Issued_on_Two_Bus_Simul_Util = 0.065761 
issued_two_Eff = 0.180214 
queue_avg = 15.857758 


dram_util_bins: 0 0 0 0 0 0 0 0 0 0
dram_eff_bins: 0 0 0 0 0 0 0 0 0 0
mrqq: max=128 avg=15.8578
Memory Partition 15: 
Cache L2_bank_030:
MSHR contents

Cache L2_bank_031:
MSHR contents

In Dram Latency Queue (total = 1): 
Ready @ 111657 -   mf: uid=14969996, sid4294967295:w4294967295, part=15, addr=0xc07f56b80, store, size=128, L2_WRBK  status = IN_PARTITION_DRAM_LATENCY_QUEUE (111403), 
DRAM[15]: 16 bks, busW=8 BL=4 CL=12, tRRD=3 tCCD=1, tRCD=12 tRAS=28 tRP=12 tRC=40
n_cmd=194569 n_nop=123536 n_act=12280 n_pre=12264 n_ref_event=0 n_req=53270 n_rd=51236 n_rd_L2_A=0 n_write=0 n_wr_bk=8136 bw_util=0.6103
n_activity=131834 dram_eff=0.9007
bk0: 3296a 161046i bk1: 3296a 161637i bk2: 3204a 159785i bk3: 3216a 160765i bk4: 3156a 160936i bk5: 3160a 160366i bk6: 3224a 161158i bk7: 3216a 160646i bk8: 3144a 160205i bk9: 3148a 159295i bk10: 3124a 160306i bk11: 3132a 159653i bk12: 3284a 160398i bk13: 3268a 160145i bk14: 3184a 161535i bk15: 3184a 161140i 

------------------------------------------------------------------------

Row_Buffer_Locality = 0.769476
Row_Buffer_Locality_read = 0.797057
Row_Buffer_Locality_write = 0.074730
Bank_Level_Parallism = 4.817753
Bank_Level_Parallism_Col = 3.383227
Bank_Level_Parallism_Ready = 1.710520
write_to_read_ratio_blp_rw_average = 0.260014
GrpLevelPara = 2.292520 

BW Util details:
bwutil = 0.610292 
total_CMD = 194569 
util_bw = 59372 
Wasted_Col = 53794 
Wasted_Row = 10825 
Idle = 70578 

BW Util Bottlenecks: 
RCDc_limit = 55592 
RCDWRc_limit = 9525 
WTRc_limit = 12115 
RTWc_limit = 44323 
CCDLc_limit = 29602 
rwq = 0 
CCDLc_limit_alone = 25052 
WTRc_limit_alone = 11161 
RTWc_limit_alone = 40727 

Commands details: 
total_CMD = 194569 
n_nop = 123536 
Read = 51236 
Write = 0 
L2_Alloc = 0 
L2_WB = 8136 
n_act = 12280 
n_pre = 12264 
n_ref = 0 
n_req = 53270 
total_req = 59372 

Dual Bus Interface Util: 
issued_total_row = 24544 
issued_total_col = 59372 
Row_Bus_Util =  0.126145 
CoL_Bus_Util = 0.305146 
Either_Row_CoL_Bus_Util = 0.365079 
Issued_on_Two_Bus_Simul_Util = 0.066213 
issued_two_Eff = 0.181366 
queue_avg = 16.210379 


dram_util_bins: 0 0 0 0 0 0 0 0 0 0
dram_eff_bins: 0 0 0 0 0 0 0 0 0 0
mrqq: max=128 avg=16.2104
Memory Partition 16: 
Cache L2_bank_032:
MSHR contents

Cache L2_bank_033:
MSHR contents

In Dram Latency Queue (total = 0): 
DRAM[16]: 16 bks, busW=8 BL=4 CL=12, tRRD=3 tCCD=1, tRCD=12 tRAS=28 tRP=12 tRC=40
n_cmd=194569 n_nop=124256 n_act=11810 n_pre=11794 n_ref_event=0 n_req=53093 n_rd=51096 n_rd_L2_A=0 n_write=0 n_wr_bk=7988 bw_util=0.6073
n_activity=130130 dram_eff=0.9081
bk0: 3252a 162348i bk1: 3264a 162649i bk2: 3208a 161743i bk3: 3200a 161120i bk4: 3096a 161849i bk5: 3100a 162939i bk6: 3212a 162027i bk7: 3208a 160140i bk8: 3136a 163133i bk9: 3148a 161672i bk10: 3144a 163499i bk11: 3148a 163134i bk12: 3300a 160659i bk13: 3292a 161304i bk14: 3192a 163605i bk15: 3196a 161390i 

------------------------------------------------------------------------

Row_Buffer_Locality = 0.777560
Row_Buffer_Locality_read = 0.804407
Row_Buffer_Locality_write = 0.090636
Bank_Level_Parallism = 4.684243
Bank_Level_Parallism_Col = 3.306533
Bank_Level_Parallism_Ready = 1.731264
write_to_read_ratio_blp_rw_average = 0.251779
GrpLevelPara = 2.254730 

BW Util details:
bwutil = 0.607332 
total_CMD = 194569 
util_bw = 59084 
Wasted_Col = 52557 
Wasted_Row = 10681 
Idle = 72247 

BW Util Bottlenecks: 
RCDc_limit = 53379 
RCDWRc_limit = 9133 
WTRc_limit = 11068 
RTWc_limit = 38553 
CCDLc_limit = 29401 
rwq = 0 
CCDLc_limit_alone = 25306 
WTRc_limit_alone = 10162 
RTWc_limit_alone = 35364 

Commands details: 
total_CMD = 194569 
n_nop = 124256 
Read = 51096 
Write = 0 
L2_Alloc = 0 
L2_WB = 7988 
n_act = 11810 
n_pre = 11794 
n_ref = 0 
n_req = 53093 
total_req = 59084 

Dual Bus Interface Util: 
issued_total_row = 23604 
issued_total_col = 59084 
Row_Bus_Util =  0.121314 
CoL_Bus_Util = 0.303666 
Either_Row_CoL_Bus_Util = 0.361378 
Issued_on_Two_Bus_Simul_Util = 0.063602 
issued_two_Eff = 0.175999 
queue_avg = 15.610611 


dram_util_bins: 0 0 0 0 0 0 0 0 0 0
dram_eff_bins: 0 0 0 0 0 0 0 0 0 0
mrqq: max=128 avg=15.6106
Memory Partition 17: 
Cache L2_bank_034:
MSHR contents

Cache L2_bank_035:
MSHR contents

In Dram Latency Queue (total = 0): 
DRAM[17]: 16 bks, busW=8 BL=4 CL=12, tRRD=3 tCCD=1, tRCD=12 tRAS=28 tRP=12 tRC=40
n_cmd=194569 n_nop=124067 n_act=11870 n_pre=11854 n_ref_event=0 n_req=53208 n_rd=51196 n_rd_L2_A=0 n_write=0 n_wr_bk=8048 bw_util=0.609
n_activity=130752 dram_eff=0.9062
bk0: 3280a 161195i bk1: 3280a 161194i bk2: 3224a 161056i bk3: 3220a 161546i bk4: 3108a 163165i bk5: 3108a 163091i bk6: 3240a 161695i bk7: 3248a 160280i bk8: 3120a 161555i bk9: 3124a 160731i bk10: 3136a 161978i bk11: 3120a 161942i bk12: 3304a 160841i bk13: 3304a 160787i bk14: 3192a 162797i bk15: 3188a 161910i 

------------------------------------------------------------------------

Row_Buffer_Locality = 0.776913
Row_Buffer_Locality_read = 0.804008
Row_Buffer_Locality_write = 0.087475
Bank_Level_Parallism = 4.725020
Bank_Level_Parallism_Col = 3.360986
Bank_Level_Parallism_Ready = 1.720714
write_to_read_ratio_blp_rw_average = 0.250134
GrpLevelPara = 2.287006 

BW Util details:
bwutil = 0.608977 
total_CMD = 194569 
util_bw = 59244 
Wasted_Col = 52433 
Wasted_Row = 11190 
Idle = 71702 

BW Util Bottlenecks: 
RCDc_limit = 53797 
RCDWRc_limit = 9228 
WTRc_limit = 10818 
RTWc_limit = 42108 
CCDLc_limit = 29186 
rwq = 0 
CCDLc_limit_alone = 24787 
WTRc_limit_alone = 9993 
RTWc_limit_alone = 38534 

Commands details: 
total_CMD = 194569 
n_nop = 124067 
Read = 51196 
Write = 0 
L2_Alloc = 0 
L2_WB = 8048 
n_act = 11870 
n_pre = 11854 
n_ref = 0 
n_req = 53208 
total_req = 59244 

Dual Bus Interface Util: 
issued_total_row = 23724 
issued_total_col = 59244 
Row_Bus_Util =  0.121931 
CoL_Bus_Util = 0.304488 
Either_Row_CoL_Bus_Util = 0.362350 
Issued_on_Two_Bus_Simul_Util = 0.064070 
issued_two_Eff = 0.176818 
queue_avg = 15.756349 


dram_util_bins: 0 0 0 0 0 0 0 0 0 0
dram_eff_bins: 0 0 0 0 0 0 0 0 0 0
mrqq: max=128 avg=15.7563
Memory Partition 18: 
Cache L2_bank_036:
MSHR contents

Cache L2_bank_037:
MSHR contents

In Dram Latency Queue (total = 0): 
DRAM[18]: 16 bks, busW=8 BL=4 CL=12, tRRD=3 tCCD=1, tRCD=12 tRAS=28 tRP=12 tRC=40
n_cmd=194569 n_nop=124110 n_act=11787 n_pre=11771 n_ref_event=0 n_req=52972 n_rd=50948 n_rd_L2_A=0 n_write=0 n_wr_bk=8096 bw_util=0.6069
n_activity=130729 dram_eff=0.9033
bk0: 3276a 161472i bk1: 3280a 161448i bk2: 3180a 161473i bk3: 3184a 161309i bk4: 3104a 164188i bk5: 3108a 163872i bk6: 3216a 160619i bk7: 3224a 160080i bk8: 3112a 162686i bk9: 3108a 162847i bk10: 3096a 162161i bk11: 3100a 163253i bk12: 3312a 159765i bk13: 3304a 161336i bk14: 3172a 161457i bk15: 3172a 161081i 

------------------------------------------------------------------------

Row_Buffer_Locality = 0.777486
Row_Buffer_Locality_read = 0.805017
Row_Buffer_Locality_write = 0.084486
Bank_Level_Parallism = 4.688777
Bank_Level_Parallism_Col = 3.331726
Bank_Level_Parallism_Ready = 1.721835
write_to_read_ratio_blp_rw_average = 0.264262
GrpLevelPara = 2.279681 

BW Util details:
bwutil = 0.606921 
total_CMD = 194569 
util_bw = 59044 
Wasted_Col = 53126 
Wasted_Row = 10896 
Idle = 71503 

BW Util Bottlenecks: 
RCDc_limit = 53719 
RCDWRc_limit = 9413 
WTRc_limit = 10858 
RTWc_limit = 41656 
CCDLc_limit = 29325 
rwq = 0 
CCDLc_limit_alone = 25012 
WTRc_limit_alone = 10026 
RTWc_limit_alone = 38175 

Commands details: 
total_CMD = 194569 
n_nop = 124110 
Read = 50948 
Write = 0 
L2_Alloc = 0 
L2_WB = 8096 
n_act = 11787 
n_pre = 11771 
n_ref = 0 
n_req = 52972 
total_req = 59044 

Dual Bus Interface Util: 
issued_total_row = 23558 
issued_total_col = 59044 
Row_Bus_Util =  0.121078 
CoL_Bus_Util = 0.303460 
Either_Row_CoL_Bus_Util = 0.362129 
Issued_on_Two_Bus_Simul_Util = 0.062410 
issued_two_Eff = 0.172341 
queue_avg = 16.494555 


dram_util_bins: 0 0 0 0 0 0 0 0 0 0
dram_eff_bins: 0 0 0 0 0 0 0 0 0 0
mrqq: max=128 avg=16.4946
Memory Partition 19: 
Cache L2_bank_038:
MSHR contents

Cache L2_bank_039:
MSHR contents

In Dram Latency Queue (total = 0): 
DRAM[19]: 16 bks, busW=8 BL=4 CL=12, tRRD=3 tCCD=1, tRCD=12 tRAS=28 tRP=12 tRC=40
n_cmd=194569 n_nop=124006 n_act=11884 n_pre=11868 n_ref_event=0 n_req=53229 n_rd=51208 n_rd_L2_A=0 n_write=0 n_wr_bk=8084 bw_util=0.6095
n_activity=131113 dram_eff=0.9044
bk0: 3276a 161349i bk1: 3280a 161137i bk2: 3196a 161873i bk3: 3204a 161515i bk4: 3136a 162790i bk5: 3140a 161745i bk6: 3180a 161515i bk7: 3184a 162451i bk8: 3156a 163830i bk9: 3152a 162526i bk10: 3160a 162559i bk11: 3152a 162158i bk12: 3312a 161070i bk13: 3300a 160744i bk14: 3188a 161941i bk15: 3192a 161765i 

------------------------------------------------------------------------

Row_Buffer_Locality = 0.776738
Row_Buffer_Locality_read = 0.804386
Row_Buffer_Locality_write = 0.076200
Bank_Level_Parallism = 4.663017
Bank_Level_Parallism_Col = 3.297561
Bank_Level_Parallism_Ready = 1.686399
write_to_read_ratio_blp_rw_average = 0.259671
GrpLevelPara = 2.270430 

BW Util details:
bwutil = 0.609470 
total_CMD = 194569 
util_bw = 59292 
Wasted_Col = 53309 
Wasted_Row = 10788 
Idle = 71180 

BW Util Bottlenecks: 
RCDc_limit = 53666 
RCDWRc_limit = 9459 
WTRc_limit = 10584 
RTWc_limit = 41526 
CCDLc_limit = 29801 
rwq = 0 
CCDLc_limit_alone = 25525 
WTRc_limit_alone = 9779 
RTWc_limit_alone = 38055 

Commands details: 
total_CMD = 194569 
n_nop = 124006 
Read = 51208 
Write = 0 
L2_Alloc = 0 
L2_WB = 8084 
n_act = 11884 
n_pre = 11868 
n_ref = 0 
n_req = 53229 
total_req = 59292 

Dual Bus Interface Util: 
issued_total_row = 23752 
issued_total_col = 59292 
Row_Bus_Util =  0.122075 
CoL_Bus_Util = 0.304735 
Either_Row_CoL_Bus_Util = 0.362663 
Issued_on_Two_Bus_Simul_Util = 0.064147 
issued_two_Eff = 0.176877 
queue_avg = 15.423726 


dram_util_bins: 0 0 0 0 0 0 0 0 0 0
dram_eff_bins: 0 0 0 0 0 0 0 0 0 0
mrqq: max=128 avg=15.4237
Memory Partition 20: 
Cache L2_bank_040:
MSHR contents

Cache L2_bank_041:
MSHR contents

In Dram Latency Queue (total = 0): 
DRAM[20]: 16 bks, busW=8 BL=4 CL=12, tRRD=3 tCCD=1, tRCD=12 tRAS=28 tRP=12 tRC=40
n_cmd=194569 n_nop=124099 n_act=11825 n_pre=11809 n_ref_event=0 n_req=53269 n_rd=51272 n_rd_L2_A=0 n_write=0 n_wr_bk=7988 bw_util=0.6091
n_activity=130156 dram_eff=0.9106
bk0: 3308a 161260i bk1: 3308a 160417i bk2: 3212a 161656i bk3: 3208a 160409i bk4: 3148a 164121i bk5: 3148a 162770i bk6: 3216a 162255i bk7: 3216a 161799i bk8: 3140a 163104i bk9: 3136a 161874i bk10: 3128a 160702i bk11: 3132a 161185i bk12: 3316a 160550i bk13: 3316a 159119i bk14: 3168a 162536i bk15: 3172a 161437i 

------------------------------------------------------------------------

Row_Buffer_Locality = 0.778013
Row_Buffer_Locality_read = 0.804806
Row_Buffer_Locality_write = 0.090135
Bank_Level_Parallism = 4.727338
Bank_Level_Parallism_Col = 3.353155
Bank_Level_Parallism_Ready = 1.737175
write_to_read_ratio_blp_rw_average = 0.255560
GrpLevelPara = 2.274847 

BW Util details:
bwutil = 0.609141 
total_CMD = 194569 
util_bw = 59260 
Wasted_Col = 53113 
Wasted_Row = 10567 
Idle = 71629 

BW Util Bottlenecks: 
RCDc_limit = 53989 
RCDWRc_limit = 8901 
WTRc_limit = 9977 
RTWc_limit = 43250 
CCDLc_limit = 30073 
rwq = 0 
CCDLc_limit_alone = 25737 
WTRc_limit_alone = 9194 
RTWc_limit_alone = 39697 

Commands details: 
total_CMD = 194569 
n_nop = 124099 
Read = 51272 
Write = 0 
L2_Alloc = 0 
L2_WB = 7988 
n_act = 11825 
n_pre = 11809 
n_ref = 0 
n_req = 53269 
total_req = 59260 

Dual Bus Interface Util: 
issued_total_row = 23634 
issued_total_col = 59260 
Row_Bus_Util =  0.121468 
CoL_Bus_Util = 0.304571 
Either_Row_CoL_Bus_Util = 0.362185 
Issued_on_Two_Bus_Simul_Util = 0.063854 
issued_two_Eff = 0.176302 
queue_avg = 16.284609 


dram_util_bins: 0 0 0 0 0 0 0 0 0 0
dram_eff_bins: 0 0 0 0 0 0 0 0 0 0
mrqq: max=128 avg=16.2846
Memory Partition 21: 
Cache L2_bank_042:
MSHR contents

Cache L2_bank_043:
MSHR contents

In Dram Latency Queue (total = 0): 
DRAM[21]: 16 bks, busW=8 BL=4 CL=12, tRRD=3 tCCD=1, tRCD=12 tRAS=28 tRP=12 tRC=40
n_cmd=194569 n_nop=123987 n_act=11861 n_pre=11845 n_ref_event=0 n_req=53361 n_rd=51344 n_rd_L2_A=0 n_write=0 n_wr_bk=8068 bw_util=0.6107
n_activity=130563 dram_eff=0.9101
bk0: 3316a 159896i bk1: 3304a 159311i bk2: 3200a 161166i bk3: 3200a 161706i bk4: 3180a 162286i bk5: 3160a 160849i bk6: 3204a 161622i bk7: 3208a 160221i bk8: 3152a 161572i bk9: 3160a 161406i bk10: 3144a 162452i bk11: 3148a 161779i bk12: 3300a 159417i bk13: 3308a 159971i bk14: 3180a 161840i bk15: 3180a 161845i 

------------------------------------------------------------------------

Row_Buffer_Locality = 0.777722
Row_Buffer_Locality_read = 0.804456
Row_Buffer_Locality_write = 0.097174
Bank_Level_Parallism = 4.796076
Bank_Level_Parallism_Col = 3.426416
Bank_Level_Parallism_Ready = 1.721151
write_to_read_ratio_blp_rw_average = 0.260137
GrpLevelPara = 2.306593 

BW Util details:
bwutil = 0.610704 
total_CMD = 194569 
util_bw = 59412 
Wasted_Col = 52699 
Wasted_Row = 10724 
Idle = 71734 

BW Util Bottlenecks: 
RCDc_limit = 54268 
RCDWRc_limit = 8984 
WTRc_limit = 11270 
RTWc_limit = 46118 
CCDLc_limit = 30582 
rwq = 0 
CCDLc_limit_alone = 25506 
WTRc_limit_alone = 10322 
RTWc_limit_alone = 41990 

Commands details: 
total_CMD = 194569 
n_nop = 123987 
Read = 51344 
Write = 0 
L2_Alloc = 0 
L2_WB = 8068 
n_act = 11861 
n_pre = 11845 
n_ref = 0 
n_req = 53361 
total_req = 59412 

Dual Bus Interface Util: 
issued_total_row = 23706 
issued_total_col = 59412 
Row_Bus_Util =  0.121839 
CoL_Bus_Util = 0.305352 
Either_Row_CoL_Bus_Util = 0.362761 
Issued_on_Two_Bus_Simul_Util = 0.064430 
issued_two_Eff = 0.177609 
queue_avg = 15.986123 


dram_util_bins: 0 0 0 0 0 0 0 0 0 0
dram_eff_bins: 0 0 0 0 0 0 0 0 0 0
mrqq: max=128 avg=15.9861
Memory Partition 22: 
Cache L2_bank_044:
MSHR contents

Cache L2_bank_045:
MSHR contents

In Dram Latency Queue (total = 0): 
DRAM[22]: 16 bks, busW=8 BL=4 CL=12, tRRD=3 tCCD=1, tRCD=12 tRAS=28 tRP=12 tRC=40
n_cmd=194569 n_nop=123927 n_act=11851 n_pre=11835 n_ref_event=0 n_req=53243 n_rd=51208 n_rd_L2_A=0 n_write=0 n_wr_bk=8140 bw_util=0.61
n_activity=131006 dram_eff=0.906
bk0: 3268a 161372i bk1: 3268a 161754i bk2: 3260a 160837i bk3: 3264a 160190i bk4: 3156a 161835i bk5: 3148a 161572i bk6: 3208a 161471i bk7: 3200a 162146i bk8: 3124a 160543i bk9: 3124a 160981i bk10: 3112a 161949i bk11: 3116a 162629i bk12: 3280a 160317i bk13: 3292a 158338i bk14: 3188a 162802i bk15: 3200a 162362i 

------------------------------------------------------------------------

Row_Buffer_Locality = 0.777417
Row_Buffer_Locality_read = 0.804972
Row_Buffer_Locality_write = 0.084029
Bank_Level_Parallism = 4.759593
Bank_Level_Parallism_Col = 3.385130
Bank_Level_Parallism_Ready = 1.715391
write_to_read_ratio_blp_rw_average = 0.267751
GrpLevelPara = 2.306164 

BW Util details:
bwutil = 0.610046 
total_CMD = 194569 
util_bw = 59348 
Wasted_Col = 52736 
Wasted_Row = 10878 
Idle = 71607 

BW Util Bottlenecks: 
RCDc_limit = 53864 
RCDWRc_limit = 9464 
WTRc_limit = 10082 
RTWc_limit = 45052 
CCDLc_limit = 30176 
rwq = 0 
CCDLc_limit_alone = 25647 
WTRc_limit_alone = 9276 
RTWc_limit_alone = 41329 

Commands details: 
total_CMD = 194569 
n_nop = 123927 
Read = 51208 
Write = 0 
L2_Alloc = 0 
L2_WB = 8140 
n_act = 11851 
n_pre = 11835 
n_ref = 0 
n_req = 53243 
total_req = 59348 

Dual Bus Interface Util: 
issued_total_row = 23686 
issued_total_col = 59348 
Row_Bus_Util =  0.121736 
CoL_Bus_Util = 0.305023 
Either_Row_CoL_Bus_Util = 0.363069 
Issued_on_Two_Bus_Simul_Util = 0.063689 
issued_two_Eff = 0.175420 
queue_avg = 16.642883 


dram_util_bins: 0 0 0 0 0 0 0 0 0 0
dram_eff_bins: 0 0 0 0 0 0 0 0 0 0
mrqq: max=128 avg=16.6429
Memory Partition 23: 
Cache L2_bank_046:
MSHR contents

Cache L2_bank_047:
MSHR contents

In Dram Latency Queue (total = 0): 
DRAM[23]: 16 bks, busW=8 BL=4 CL=12, tRRD=3 tCCD=1, tRCD=12 tRAS=28 tRP=12 tRC=40
n_cmd=194569 n_nop=123928 n_act=11853 n_pre=11837 n_ref_event=0 n_req=53103 n_rd=51072 n_rd_L2_A=0 n_write=0 n_wr_bk=8124 bw_util=0.6085
n_activity=131166 dram_eff=0.9026
bk0: 3284a 162425i bk1: 3288a 162082i bk2: 3220a 160375i bk3: 3216a 161125i bk4: 3132a 162808i bk5: 3120a 162524i bk6: 3216a 163497i bk7: 3224a 161650i bk8: 3104a 162551i bk9: 3104a 162694i bk10: 3128a 162644i bk11: 3124a 162957i bk12: 3272a 159841i bk13: 3272a 158929i bk14: 3176a 161706i bk15: 3192a 162302i 

------------------------------------------------------------------------

Row_Buffer_Locality = 0.776792
Row_Buffer_Locality_read = 0.804315
Row_Buffer_Locality_write = 0.084687
Bank_Level_Parallism = 4.666831
Bank_Level_Parallism_Col = 3.297603
Bank_Level_Parallism_Ready = 1.711889
write_to_read_ratio_blp_rw_average = 0.261859
GrpLevelPara = 2.272310 

BW Util details:
bwutil = 0.608483 
total_CMD = 194569 
util_bw = 59196 
Wasted_Col = 53828 
Wasted_Row = 10421 
Idle = 71124 

BW Util Bottlenecks: 
RCDc_limit = 54236 
RCDWRc_limit = 9553 
WTRc_limit = 10712 
RTWc_limit = 43112 
CCDLc_limit = 29317 
rwq = 0 
CCDLc_limit_alone = 24937 
WTRc_limit_alone = 9904 
RTWc_limit_alone = 39540 

Commands details: 
total_CMD = 194569 
n_nop = 123928 
Read = 51072 
Write = 0 
L2_Alloc = 0 
L2_WB = 8124 
n_act = 11853 
n_pre = 11837 
n_ref = 0 
n_req = 53103 
total_req = 59196 

Dual Bus Interface Util: 
issued_total_row = 23690 
issued_total_col = 59196 
Row_Bus_Util =  0.121756 
CoL_Bus_Util = 0.304242 
Either_Row_CoL_Bus_Util = 0.363064 
Issued_on_Two_Bus_Simul_Util = 0.062934 
issued_two_Eff = 0.173341 
queue_avg = 16.149073 


dram_util_bins: 0 0 0 0 0 0 0 0 0 0
dram_eff_bins: 0 0 0 0 0 0 0 0 0 0
mrqq: max=128 avg=16.1491
Memory Partition 24: 
Cache L2_bank_048:
MSHR contents

Cache L2_bank_049:
MSHR contents

In Dram Latency Queue (total = 0): 
DRAM[24]: 16 bks, busW=8 BL=4 CL=12, tRRD=3 tCCD=1, tRCD=12 tRAS=28 tRP=12 tRC=40
n_cmd=194569 n_nop=124095 n_act=11816 n_pre=11800 n_ref_event=0 n_req=53134 n_rd=51124 n_rd_L2_A=0 n_write=0 n_wr_bk=8040 bw_util=0.6082
n_activity=130571 dram_eff=0.9062
bk0: 3244a 160854i bk1: 3244a 161293i bk2: 3220a 161169i bk3: 3216a 159577i bk4: 3104a 161201i bk5: 3104a 161772i bk6: 3204a 161920i bk7: 3216a 160751i bk8: 3136a 161410i bk9: 3132a 161754i bk10: 3148a 163135i bk11: 3152a 162196i bk12: 3300a 161669i bk13: 3300a 161851i bk14: 3200a 161470i bk15: 3204a 162101i 

------------------------------------------------------------------------

Row_Buffer_Locality = 0.777619
Row_Buffer_Locality_read = 0.804691
Row_Buffer_Locality_write = 0.089055
Bank_Level_Parallism = 4.727262
Bank_Level_Parallism_Col = 3.376724
Bank_Level_Parallism_Ready = 1.731103
write_to_read_ratio_blp_rw_average = 0.260119
GrpLevelPara = 2.276139 

BW Util details:
bwutil = 0.608154 
total_CMD = 194569 
util_bw = 59164 
Wasted_Col = 53097 
Wasted_Row = 10879 
Idle = 71429 

BW Util Bottlenecks: 
RCDc_limit = 53579 
RCDWRc_limit = 9159 
WTRc_limit = 10525 
RTWc_limit = 43813 
CCDLc_limit = 29430 
rwq = 0 
CCDLc_limit_alone = 25099 
WTRc_limit_alone = 9798 
RTWc_limit_alone = 40209 

Commands details: 
total_CMD = 194569 
n_nop = 124095 
Read = 51124 
Write = 0 
L2_Alloc = 0 
L2_WB = 8040 
n_act = 11816 
n_pre = 11800 
n_ref = 0 
n_req = 53134 
total_req = 59164 

Dual Bus Interface Util: 
issued_total_row = 23616 
issued_total_col = 59164 
Row_Bus_Util =  0.121376 
CoL_Bus_Util = 0.304077 
Either_Row_CoL_Bus_Util = 0.362206 
Issued_on_Two_Bus_Simul_Util = 0.063247 
issued_two_Eff = 0.174618 
queue_avg = 16.222584 


dram_util_bins: 0 0 0 0 0 0 0 0 0 0
dram_eff_bins: 0 0 0 0 0 0 0 0 0 0
mrqq: max=128 avg=16.2226
Memory Partition 25: 
Cache L2_bank_050:
MSHR contents

Cache L2_bank_051:
MSHR contents

In Dram Latency Queue (total = 0): 
DRAM[25]: 16 bks, busW=8 BL=4 CL=12, tRRD=3 tCCD=1, tRCD=12 tRAS=28 tRP=12 tRC=40
n_cmd=194569 n_nop=123940 n_act=11864 n_pre=11848 n_ref_event=0 n_req=53247 n_rd=51224 n_rd_L2_A=0 n_write=0 n_wr_bk=8092 bw_util=0.6097
n_activity=131362 dram_eff=0.9031
bk0: 3296a 159904i bk1: 3296a 159911i bk2: 3224a 159463i bk3: 3228a 160806i bk4: 3112a 161507i bk5: 3112a 162305i bk6: 3220a 162547i bk7: 3224a 161262i bk8: 3128a 160284i bk9: 3136a 160327i bk10: 3132a 162685i bk11: 3124a 161888i bk12: 3304a 159774i bk13: 3316a 159925i bk14: 3188a 162490i bk15: 3184a 161402i 

------------------------------------------------------------------------

Row_Buffer_Locality = 0.777189
Row_Buffer_Locality_read = 0.804311
Row_Buffer_Locality_write = 0.090460
Bank_Level_Parallism = 4.780696
Bank_Level_Parallism_Col = 3.416771
Bank_Level_Parallism_Ready = 1.738469
write_to_read_ratio_blp_rw_average = 0.267152
GrpLevelPara = 2.305978 

BW Util details:
bwutil = 0.609717 
total_CMD = 194569 
util_bw = 59316 
Wasted_Col = 53303 
Wasted_Row = 10767 
Idle = 71183 

BW Util Bottlenecks: 
RCDc_limit = 53711 
RCDWRc_limit = 9444 
WTRc_limit = 10519 
RTWc_limit = 46922 
CCDLc_limit = 30542 
rwq = 0 
CCDLc_limit_alone = 25504 
WTRc_limit_alone = 9655 
RTWc_limit_alone = 42748 

Commands details: 
total_CMD = 194569 
n_nop = 123940 
Read = 51224 
Write = 0 
L2_Alloc = 0 
L2_WB = 8092 
n_act = 11864 
n_pre = 11848 
n_ref = 0 
n_req = 53247 
total_req = 59316 

Dual Bus Interface Util: 
issued_total_row = 23712 
issued_total_col = 59316 
Row_Bus_Util =  0.121869 
CoL_Bus_Util = 0.304858 
Either_Row_CoL_Bus_Util = 0.363002 
Issued_on_Two_Bus_Simul_Util = 0.063725 
issued_two_Eff = 0.175551 
queue_avg = 17.212177 


dram_util_bins: 0 0 0 0 0 0 0 0 0 0
dram_eff_bins: 0 0 0 0 0 0 0 0 0 0
mrqq: max=128 avg=17.2122
Memory Partition 26: 
Cache L2_bank_052:
MSHR contents

Cache L2_bank_053:
MSHR contents

In Dram Latency Queue (total = 0): 
DRAM[26]: 16 bks, busW=8 BL=4 CL=12, tRRD=3 tCCD=1, tRCD=12 tRAS=28 tRP=12 tRC=40
n_cmd=194569 n_nop=124196 n_act=11759 n_pre=11743 n_ref_event=0 n_req=52920 n_rd=50904 n_rd_L2_A=0 n_write=0 n_wr_bk=8064 bw_util=0.6061
n_activity=131600 dram_eff=0.8962
bk0: 3268a 162636i bk1: 3284a 161262i bk2: 3180a 161563i bk3: 3176a 161270i bk4: 3120a 162675i bk5: 3124a 163181i bk6: 3188a 162237i bk7: 3192a 160540i bk8: 3128a 162804i bk9: 3120a 163082i bk10: 3112a 164607i bk11: 3108a 163675i bk12: 3292a 161451i bk13: 3284a 162114i bk14: 3164a 162674i bk15: 3164a 161894i 

------------------------------------------------------------------------

Row_Buffer_Locality = 0.777797
Row_Buffer_Locality_read = 0.804770
Row_Buffer_Locality_write = 0.096726
Bank_Level_Parallism = 4.602954
Bank_Level_Parallism_Col = 3.266271
Bank_Level_Parallism_Ready = 1.714557
write_to_read_ratio_blp_rw_average = 0.252902
GrpLevelPara = 2.254533 

BW Util details:
bwutil = 0.606140 
total_CMD = 194569 
util_bw = 58968 
Wasted_Col = 53184 
Wasted_Row = 11325 
Idle = 71092 

BW Util Bottlenecks: 
RCDc_limit = 53576 
RCDWRc_limit = 9341 
WTRc_limit = 10369 
RTWc_limit = 39249 
CCDLc_limit = 29122 
rwq = 0 
CCDLc_limit_alone = 25150 
WTRc_limit_alone = 9563 
RTWc_limit_alone = 36083 

Commands details: 
total_CMD = 194569 
n_nop = 124196 
Read = 50904 
Write = 0 
L2_Alloc = 0 
L2_WB = 8064 
n_act = 11759 
n_pre = 11743 
n_ref = 0 
n_req = 52920 
total_req = 58968 

Dual Bus Interface Util: 
issued_total_row = 23502 
issued_total_col = 58968 
Row_Bus_Util =  0.120790 
CoL_Bus_Util = 0.303070 
Either_Row_CoL_Bus_Util = 0.361687 
Issued_on_Two_Bus_Simul_Util = 0.062173 
issued_two_Eff = 0.171898 
queue_avg = 15.701632 


dram_util_bins: 0 0 0 0 0 0 0 0 0 0
dram_eff_bins: 0 0 0 0 0 0 0 0 0 0
mrqq: max=128 avg=15.7016
Memory Partition 27: 
Cache L2_bank_054:
MSHR contents

Cache L2_bank_055:
MSHR contents

In Dram Latency Queue (total = 0): 
DRAM[27]: 16 bks, busW=8 BL=4 CL=12, tRRD=3 tCCD=1, tRCD=12 tRAS=28 tRP=12 tRC=40
n_cmd=194569 n_nop=124034 n_act=11800 n_pre=11784 n_ref_event=0 n_req=53243 n_rd=51236 n_rd_L2_A=0 n_write=0 n_wr_bk=8028 bw_util=0.6092
n_activity=130647 dram_eff=0.9072
bk0: 3292a 162509i bk1: 3296a 161908i bk2: 3208a 161360i bk3: 3192a 159803i bk4: 3140a 162112i bk5: 3140a 161766i bk6: 3196a 161682i bk7: 3184a 160961i bk8: 3156a 162298i bk9: 3152a 162821i bk10: 3148a 163329i bk11: 3144a 162586i bk12: 3316a 162199i bk13: 3312a 162059i bk14: 3180a 162073i bk15: 3180a 162351i 

------------------------------------------------------------------------

Row_Buffer_Locality = 0.778375
Row_Buffer_Locality_read = 0.805644
Row_Buffer_Locality_write = 0.082212
Bank_Level_Parallism = 4.672305
Bank_Level_Parallism_Col = 3.308512
Bank_Level_Parallism_Ready = 1.724926
write_to_read_ratio_blp_rw_average = 0.252055
GrpLevelPara = 2.273643 

BW Util details:
bwutil = 0.609182 
total_CMD = 194569 
util_bw = 59264 
Wasted_Col = 52956 
Wasted_Row = 10745 
Idle = 71604 

BW Util Bottlenecks: 
RCDc_limit = 53790 
RCDWRc_limit = 9352 
WTRc_limit = 11275 
RTWc_limit = 40842 
CCDLc_limit = 30066 
rwq = 0 
CCDLc_limit_alone = 25877 
WTRc_limit_alone = 10383 
RTWc_limit_alone = 37545 

Commands details: 
total_CMD = 194569 
n_nop = 124034 
Read = 51236 
Write = 0 
L2_Alloc = 0 
L2_WB = 8028 
n_act = 11800 
n_pre = 11784 
n_ref = 0 
n_req = 53243 
total_req = 59264 

Dual Bus Interface Util: 
issued_total_row = 23584 
issued_total_col = 59264 
Row_Bus_Util =  0.121211 
CoL_Bus_Util = 0.304591 
Either_Row_CoL_Bus_Util = 0.362519 
Issued_on_Two_Bus_Simul_Util = 0.063283 
issued_two_Eff = 0.174566 
queue_avg = 15.886456 


dram_util_bins: 0 0 0 0 0 0 0 0 0 0
dram_eff_bins: 0 0 0 0 0 0 0 0 0 0
mrqq: max=128 avg=15.8865
Memory Partition 28: 
Cache L2_bank_056:
MSHR contents

Cache L2_bank_057:
MSHR contents

In Dram Latency Queue (total = 0): 
DRAM[28]: 16 bks, busW=8 BL=4 CL=12, tRRD=3 tCCD=1, tRCD=12 tRAS=28 tRP=12 tRC=40
n_cmd=194569 n_nop=123981 n_act=11846 n_pre=11830 n_ref_event=0 n_req=53228 n_rd=51220 n_rd_L2_A=0 n_write=0 n_wr_bk=8032 bw_util=0.6091
n_activity=130436 dram_eff=0.9085
bk0: 3292a 161396i bk1: 3296a 158776i bk2: 3212a 160712i bk3: 3212a 160013i bk4: 3168a 162987i bk5: 3172a 160470i bk6: 3224a 160087i bk7: 3216a 161074i bk8: 3160a 160518i bk9: 3156a 160698i bk10: 3108a 161857i bk11: 3108a 162373i bk12: 3288a 159532i bk13: 3292a 159054i bk14: 3160a 162098i bk15: 3156a 162361i 

------------------------------------------------------------------------

Row_Buffer_Locality = 0.777448
Row_Buffer_Locality_read = 0.804764
Row_Buffer_Locality_write = 0.080677
Bank_Level_Parallism = 4.811590
Bank_Level_Parallism_Col = 3.433518
Bank_Level_Parallism_Ready = 1.746321
write_to_read_ratio_blp_rw_average = 0.264293
GrpLevelPara = 2.300788 

BW Util details:
bwutil = 0.609059 
total_CMD = 194569 
util_bw = 59252 
Wasted_Col = 53372 
Wasted_Row = 10480 
Idle = 71465 

BW Util Bottlenecks: 
RCDc_limit = 54350 
RCDWRc_limit = 9205 
WTRc_limit = 10424 
RTWc_limit = 47637 
CCDLc_limit = 30763 
rwq = 0 
CCDLc_limit_alone = 25688 
WTRc_limit_alone = 9584 
RTWc_limit_alone = 43402 

Commands details: 
total_CMD = 194569 
n_nop = 123981 
Read = 51220 
Write = 0 
L2_Alloc = 0 
L2_WB = 8032 
n_act = 11846 
n_pre = 11830 
n_ref = 0 
n_req = 53228 
total_req = 59252 

Dual Bus Interface Util: 
issued_total_row = 23676 
issued_total_col = 59252 
Row_Bus_Util =  0.121684 
CoL_Bus_Util = 0.304529 
Either_Row_CoL_Bus_Util = 0.362792 
Issued_on_Two_Bus_Simul_Util = 0.063422 
issued_two_Eff = 0.174817 
queue_avg = 16.956776 


dram_util_bins: 0 0 0 0 0 0 0 0 0 0
dram_eff_bins: 0 0 0 0 0 0 0 0 0 0
mrqq: max=128 avg=16.9568
Memory Partition 29: 
Cache L2_bank_058:
MSHR contents

Cache L2_bank_059:
MSHR contents

In Dram Latency Queue (total = 0): 
DRAM[29]: 16 bks, busW=8 BL=4 CL=12, tRRD=3 tCCD=1, tRCD=12 tRAS=28 tRP=12 tRC=40
n_cmd=194569 n_nop=124080 n_act=11819 n_pre=11803 n_ref_event=0 n_req=53166 n_rd=51156 n_rd_L2_A=0 n_write=0 n_wr_bk=8040 bw_util=0.6085
n_activity=130766 dram_eff=0.9054
bk0: 3284a 159300i bk1: 3272a 159994i bk2: 3200a 161549i bk3: 3196a 161819i bk4: 3152a 160308i bk5: 3148a 161349i bk6: 3200a 161501i bk7: 3204a 161732i bk8: 3152a 161749i bk9: 3156a 162086i bk10: 3144a 162531i bk11: 3136a 162819i bk12: 3276a 160163i bk13: 3280a 160105i bk14: 3176a 162169i bk15: 3180a 162373i 

------------------------------------------------------------------------

Row_Buffer_Locality = 0.777696
Row_Buffer_Locality_read = 0.804598
Row_Buffer_Locality_write = 0.093035
Bank_Level_Parallism = 4.746822
Bank_Level_Parallism_Col = 3.390548
Bank_Level_Parallism_Ready = 1.754088
write_to_read_ratio_blp_rw_average = 0.257361
GrpLevelPara = 2.286429 

BW Util details:
bwutil = 0.608483 
total_CMD = 194569 
util_bw = 59196 
Wasted_Col = 53182 
Wasted_Row = 10804 
Idle = 71387 

BW Util Bottlenecks: 
RCDc_limit = 53986 
RCDWRc_limit = 9079 
WTRc_limit = 11593 
RTWc_limit = 43159 
CCDLc_limit = 29747 
rwq = 0 
CCDLc_limit_alone = 24943 
WTRc_limit_alone = 10643 
RTWc_limit_alone = 39305 

Commands details: 
total_CMD = 194569 
n_nop = 124080 
Read = 51156 
Write = 0 
L2_Alloc = 0 
L2_WB = 8040 
n_act = 11819 
n_pre = 11803 
n_ref = 0 
n_req = 53166 
total_req = 59196 

Dual Bus Interface Util: 
issued_total_row = 23622 
issued_total_col = 59196 
Row_Bus_Util =  0.121407 
CoL_Bus_Util = 0.304242 
Either_Row_CoL_Bus_Util = 0.362283 
Issued_on_Two_Bus_Simul_Util = 0.063366 
issued_two_Eff = 0.174907 
queue_avg = 16.258469 


dram_util_bins: 0 0 0 0 0 0 0 0 0 0
dram_eff_bins: 0 0 0 0 0 0 0 0 0 0
mrqq: max=128 avg=16.2585
Memory Partition 30: 
Cache L2_bank_060:
MSHR contents

Cache L2_bank_061:
MSHR contents

In Dram Latency Queue (total = 0): 
DRAM[30]: 16 bks, busW=8 BL=4 CL=12, tRRD=3 tCCD=1, tRCD=12 tRAS=28 tRP=12 tRC=40
n_cmd=194569 n_nop=123816 n_act=11886 n_pre=11870 n_ref_event=0 n_req=53229 n_rd=51192 n_rd_L2_A=0 n_write=0 n_wr_bk=8148 bw_util=0.61
n_activity=130404 dram_eff=0.9101
bk0: 3272a 161242i bk1: 3268a 161211i bk2: 3228a 160428i bk3: 3224a 159967i bk4: 3160a 162272i bk5: 3160a 162583i bk6: 3208a 161695i bk7: 3196a 162252i bk8: 3128a 162139i bk9: 3136a 162373i bk10: 3128a 163704i bk11: 3140a 162820i bk12: 3284a 160054i bk13: 3292a 159493i bk14: 3184a 162914i bk15: 3184a 161964i 

------------------------------------------------------------------------

Row_Buffer_Locality = 0.776701
Row_Buffer_Locality_read = 0.804188
Row_Buffer_Locality_write = 0.085911
Bank_Level_Parallism = 4.713605
Bank_Level_Parallism_Col = 3.333826
Bank_Level_Parallism_Ready = 1.703084
write_to_read_ratio_blp_rw_average = 0.257766
GrpLevelPara = 2.287748 

BW Util details:
bwutil = 0.609964 
total_CMD = 194569 
util_bw = 59340 
Wasted_Col = 52755 
Wasted_Row = 10788 
Idle = 71686 

BW Util Bottlenecks: 
RCDc_limit = 53880 
RCDWRc_limit = 9404 
WTRc_limit = 10554 
RTWc_limit = 43033 
CCDLc_limit = 29002 
rwq = 0 
CCDLc_limit_alone = 24621 
WTRc_limit_alone = 9839 
RTWc_limit_alone = 39367 

Commands details: 
total_CMD = 194569 
n_nop = 123816 
Read = 51192 
Write = 0 
L2_Alloc = 0 
L2_WB = 8148 
n_act = 11886 
n_pre = 11870 
n_ref = 0 
n_req = 53229 
total_req = 59340 

Dual Bus Interface Util: 
issued_total_row = 23756 
issued_total_col = 59340 
Row_Bus_Util =  0.122096 
CoL_Bus_Util = 0.304982 
Either_Row_CoL_Bus_Util = 0.363640 
Issued_on_Two_Bus_Simul_Util = 0.063438 
issued_two_Eff = 0.174452 
queue_avg = 16.106728 


dram_util_bins: 0 0 0 0 0 0 0 0 0 0
dram_eff_bins: 0 0 0 0 0 0 0 0 0 0
mrqq: max=128 avg=16.1067
Memory Partition 31: 
Cache L2_bank_062:
MSHR contents

Cache L2_bank_063:
MSHR contents

In Dram Latency Queue (total = 0): 
DRAM[31]: 16 bks, busW=8 BL=4 CL=12, tRRD=3 tCCD=1, tRCD=12 tRAS=28 tRP=12 tRC=40
n_cmd=194569 n_nop=124088 n_act=11771 n_pre=11755 n_ref_event=0 n_req=53016 n_rd=50992 n_rd_L2_A=0 n_write=0 n_wr_bk=8096 bw_util=0.6074
n_activity=131328 dram_eff=0.8999
bk0: 3284a 161977i bk1: 3280a 161878i bk2: 3216a 162441i bk3: 3212a 161552i bk4: 3148a 163383i bk5: 3144a 161926i bk6: 3220a 162610i bk7: 3224a 162379i bk8: 3100a 162419i bk9: 3100a 161481i bk10: 3108a 162057i bk11: 3116a 162192i bk12: 3248a 161266i bk13: 3252a 159760i bk14: 3168a 162939i bk15: 3172a 162245i 

------------------------------------------------------------------------

Row_Buffer_Locality = 0.777973
Row_Buffer_Locality_read = 0.805381
Row_Buffer_Locality_write = 0.087451
Bank_Level_Parallism = 4.630259
Bank_Level_Parallism_Col = 3.294288
Bank_Level_Parallism_Ready = 1.729302
write_to_read_ratio_blp_rw_average = 0.259201
GrpLevelPara = 2.268286 

BW Util details:
bwutil = 0.607373 
total_CMD = 194569 
util_bw = 59088 
Wasted_Col = 53851 
Wasted_Row = 10945 
Idle = 70685 

BW Util Bottlenecks: 
RCDc_limit = 54508 
RCDWRc_limit = 9386 
WTRc_limit = 10866 
RTWc_limit = 41675 
CCDLc_limit = 29843 
rwq = 0 
CCDLc_limit_alone = 25747 
WTRc_limit_alone = 10001 
RTWc_limit_alone = 38444 

Commands details: 
total_CMD = 194569 
n_nop = 124088 
Read = 50992 
Write = 0 
L2_Alloc = 0 
L2_WB = 8096 
n_act = 11771 
n_pre = 11755 
n_ref = 0 
n_req = 53016 
total_req = 59088 

Dual Bus Interface Util: 
issued_total_row = 23526 
issued_total_col = 59088 
Row_Bus_Util =  0.120913 
CoL_Bus_Util = 0.303687 
Either_Row_CoL_Bus_Util = 0.362242 
Issued_on_Two_Bus_Simul_Util = 0.062358 
issued_two_Eff = 0.172146 
queue_avg = 15.758893 


dram_util_bins: 0 0 0 0 0 0 0 0 0 0
dram_eff_bins: 0 0 0 0 0 0 0 0 0 0
mrqq: max=128 avg=15.7589
Memory Partition 32: 
Cache L2_bank_064:
MSHR contents

Cache L2_bank_065:
MSHR contents

In Dram Latency Queue (total = 0): 
DRAM[32]: 16 bks, busW=8 BL=4 CL=12, tRRD=3 tCCD=1, tRCD=12 tRAS=28 tRP=12 tRC=40
n_cmd=194569 n_nop=123494 n_act=12250 n_pre=12234 n_ref_event=0 n_req=53394 n_rd=51380 n_rd_L2_A=0 n_write=0 n_wr_bk=8056 bw_util=0.611
n_activity=130735 dram_eff=0.9093
bk0: 3292a 160767i bk1: 3296a 159961i bk2: 3236a 160481i bk3: 3232a 159747i bk4: 3120a 161294i bk5: 3132a 160293i bk6: 3228a 160707i bk7: 3228a 159432i bk8: 3144a 160199i bk9: 3144a 160755i bk10: 3128a 161994i bk11: 3120a 161762i bk12: 3320a 160500i bk13: 3312a 160734i bk14: 3224a 161047i bk15: 3224a 160995i 

------------------------------------------------------------------------

Row_Buffer_Locality = 0.770573
Row_Buffer_Locality_read = 0.797509
Row_Buffer_Locality_write = 0.083416
Bank_Level_Parallism = 4.851285
Bank_Level_Parallism_Col = 3.396042
Bank_Level_Parallism_Ready = 1.726260
write_to_read_ratio_blp_rw_average = 0.262949
GrpLevelPara = 2.301637 

BW Util details:
bwutil = 0.610950 
total_CMD = 194569 
util_bw = 59436 
Wasted_Col = 53013 
Wasted_Row = 10370 
Idle = 71750 

BW Util Bottlenecks: 
RCDc_limit = 54990 
RCDWRc_limit = 9412 
WTRc_limit = 10964 
RTWc_limit = 44412 
CCDLc_limit = 29779 
rwq = 0 
CCDLc_limit_alone = 25173 
WTRc_limit_alone = 10065 
RTWc_limit_alone = 40705 

Commands details: 
total_CMD = 194569 
n_nop = 123494 
Read = 51380 
Write = 0 
L2_Alloc = 0 
L2_WB = 8056 
n_act = 12250 
n_pre = 12234 
n_ref = 0 
n_req = 53394 
total_req = 59436 

Dual Bus Interface Util: 
issued_total_row = 24484 
issued_total_col = 59436 
Row_Bus_Util =  0.125837 
CoL_Bus_Util = 0.305475 
Either_Row_CoL_Bus_Util = 0.365295 
Issued_on_Two_Bus_Simul_Util = 0.066018 
issued_two_Eff = 0.180725 
queue_avg = 16.141600 


dram_util_bins: 0 0 0 0 0 0 0 0 0 0
dram_eff_bins: 0 0 0 0 0 0 0 0 0 0
mrqq: max=128 avg=16.1416
Memory Partition 33: 
Cache L2_bank_066:
MSHR contents

Cache L2_bank_067:
MSHR contents

In Dram Latency Queue (total = 0): 
DRAM[33]: 16 bks, busW=8 BL=4 CL=12, tRRD=3 tCCD=1, tRCD=12 tRAS=28 tRP=12 tRC=40
n_cmd=194569 n_nop=123652 n_act=12260 n_pre=12244 n_ref_event=0 n_req=53216 n_rd=51204 n_rd_L2_A=0 n_write=0 n_wr_bk=8048 bw_util=0.6091
n_activity=131227 dram_eff=0.903
bk0: 3272a 161319i bk1: 3276a 161421i bk2: 3232a 159533i bk3: 3232a 159673i bk4: 3100a 159915i bk5: 3108a 161534i bk6: 3236a 158743i bk7: 3244a 159992i bk8: 3128a 160765i bk9: 3128a 160196i bk10: 3160a 160873i bk11: 3156a 161764i bk12: 3288a 158385i bk13: 3300a 159287i bk14: 3172a 161780i bk15: 3172a 162210i 

------------------------------------------------------------------------

Row_Buffer_Locality = 0.769618
Row_Buffer_Locality_read = 0.796656
Row_Buffer_Locality_write = 0.081511
Bank_Level_Parallism = 4.854156
Bank_Level_Parallism_Col = 3.414474
Bank_Level_Parallism_Ready = 1.744566
write_to_read_ratio_blp_rw_average = 0.261811
GrpLevelPara = 2.304034 

BW Util details:
bwutil = 0.609059 
total_CMD = 194569 
util_bw = 59252 
Wasted_Col = 53419 
Wasted_Row = 10714 
Idle = 71184 

BW Util Bottlenecks: 
RCDc_limit = 55301 
RCDWRc_limit = 9678 
WTRc_limit = 10998 
RTWc_limit = 44254 
CCDLc_limit = 29972 
rwq = 0 
CCDLc_limit_alone = 25528 
WTRc_limit_alone = 10192 
RTWc_limit_alone = 40616 

Commands details: 
total_CMD = 194569 
n_nop = 123652 
Read = 51204 
Write = 0 
L2_Alloc = 0 
L2_WB = 8048 
n_act = 12260 
n_pre = 12244 
n_ref = 0 
n_req = 53216 
total_req = 59252 

Dual Bus Interface Util: 
issued_total_row = 24504 
issued_total_col = 59252 
Row_Bus_Util =  0.125940 
CoL_Bus_Util = 0.304529 
Either_Row_CoL_Bus_Util = 0.364483 
Issued_on_Two_Bus_Simul_Util = 0.065987 
issued_two_Eff = 0.181043 
queue_avg = 15.704433 


dram_util_bins: 0 0 0 0 0 0 0 0 0 0
dram_eff_bins: 0 0 0 0 0 0 0 0 0 0
mrqq: max=128 avg=15.7044
Memory Partition 34: 
Cache L2_bank_068:
MSHR contents

Cache L2_bank_069:
MSHR contents

In Dram Latency Queue (total = 0): 
DRAM[34]: 16 bks, busW=8 BL=4 CL=12, tRRD=3 tCCD=1, tRCD=12 tRAS=28 tRP=12 tRC=40
n_cmd=194569 n_nop=123683 n_act=12205 n_pre=12189 n_ref_event=0 n_req=53298 n_rd=51288 n_rd_L2_A=0 n_write=0 n_wr_bk=8040 bw_util=0.6098
n_activity=130575 dram_eff=0.9087
bk0: 3316a 159903i bk1: 3312a 159456i bk2: 3208a 160749i bk3: 3204a 159252i bk4: 3148a 162393i bk5: 3148a 161474i bk6: 3216a 160661i bk7: 3212a 159343i bk8: 3144a 160179i bk9: 3136a 161229i bk10: 3140a 161072i bk11: 3136a 161286i bk12: 3328a 159432i bk13: 3308a 159333i bk14: 3168a 162096i bk15: 3164a 160292i 

------------------------------------------------------------------------

Row_Buffer_Locality = 0.771005
Row_Buffer_Locality_read = 0.798218
Row_Buffer_Locality_write = 0.076617
Bank_Level_Parallism = 4.859886
Bank_Level_Parallism_Col = 3.420769
Bank_Level_Parallism_Ready = 1.744488
write_to_read_ratio_blp_rw_average = 0.261658
GrpLevelPara = 2.302233 

BW Util details:
bwutil = 0.609840 
total_CMD = 194569 
util_bw = 59328 
Wasted_Col = 53008 
Wasted_Row = 10764 
Idle = 71469 

BW Util Bottlenecks: 
RCDc_limit = 54690 
RCDWRc_limit = 9398 
WTRc_limit = 11498 
RTWc_limit = 43988 
CCDLc_limit = 29370 
rwq = 0 
CCDLc_limit_alone = 24919 
WTRc_limit_alone = 10637 
RTWc_limit_alone = 40398 

Commands details: 
total_CMD = 194569 
n_nop = 123683 
Read = 51288 
Write = 0 
L2_Alloc = 0 
L2_WB = 8040 
n_act = 12205 
n_pre = 12189 
n_ref = 0 
n_req = 53298 
total_req = 59328 

Dual Bus Interface Util: 
issued_total_row = 24394 
issued_total_col = 59328 
Row_Bus_Util =  0.125375 
CoL_Bus_Util = 0.304920 
Either_Row_CoL_Bus_Util = 0.364323 
Issued_on_Two_Bus_Simul_Util = 0.065971 
issued_two_Eff = 0.181079 
queue_avg = 16.399473 


dram_util_bins: 0 0 0 0 0 0 0 0 0 0
dram_eff_bins: 0 0 0 0 0 0 0 0 0 0
mrqq: max=128 avg=16.3995
Memory Partition 35: 
Cache L2_bank_070:
MSHR contents

Cache L2_bank_071:
MSHR contents

In Dram Latency Queue (total = 1): 
Ready @ 111642 -   mf: uid=14969994, sid4294967295:w4294967295, part=35, addr=0xc069d4b80, store, size=128, L2_WRBK  status = IN_PARTITION_DRAM_LATENCY_QUEUE (111388), 
DRAM[35]: 16 bks, busW=8 BL=4 CL=12, tRRD=3 tCCD=1, tRCD=12 tRAS=28 tRP=12 tRC=40
n_cmd=194569 n_nop=123786 n_act=12146 n_pre=12130 n_ref_event=0 n_req=53174 n_rd=51172 n_rd_L2_A=0 n_write=0 n_wr_bk=8008 bw_util=0.6083
n_activity=131466 dram_eff=0.9003
bk0: 3284a 161559i bk1: 3288a 161133i bk2: 3224a 159619i bk3: 3216a 160613i bk4: 3128a 162167i bk5: 3132a 161381i bk6: 3212a 162113i bk7: 3220a 160922i bk8: 3132a 162282i bk9: 3132a 161860i bk10: 3132a 161474i bk11: 3136a 162058i bk12: 3300a 159551i bk13: 3300a 160539i bk14: 3168a 161443i bk15: 3168a 161762i 

------------------------------------------------------------------------

Row_Buffer_Locality = 0.771580
Row_Buffer_Locality_read = 0.798523
Row_Buffer_Locality_write = 0.082917
Bank_Level_Parallism = 4.729129
Bank_Level_Parallism_Col = 3.324524
Bank_Level_Parallism_Ready = 1.724012
write_to_read_ratio_blp_rw_average = 0.261387
GrpLevelPara = 2.287622 

BW Util details:
bwutil = 0.608319 
total_CMD = 194569 
util_bw = 59180 
Wasted_Col = 53727 
Wasted_Row = 10964 
Idle = 70698 

BW Util Bottlenecks: 
RCDc_limit = 55406 
RCDWRc_limit = 9456 
WTRc_limit = 10655 
RTWc_limit = 43349 
CCDLc_limit = 29322 
rwq = 0 
CCDLc_limit_alone = 25016 
WTRc_limit_alone = 9880 
RTWc_limit_alone = 39818 

Commands details: 
total_CMD = 194569 
n_nop = 123786 
Read = 51172 
Write = 0 
L2_Alloc = 0 
L2_WB = 8008 
n_act = 12146 
n_pre = 12130 
n_ref = 0 
n_req = 53174 
total_req = 59180 

Dual Bus Interface Util: 
issued_total_row = 24276 
issued_total_col = 59180 
Row_Bus_Util =  0.124768 
CoL_Bus_Util = 0.304159 
Either_Row_CoL_Bus_Util = 0.363794 
Issued_on_Two_Bus_Simul_Util = 0.065134 
issued_two_Eff = 0.179040 
queue_avg = 14.907077 


dram_util_bins: 0 0 0 0 0 0 0 0 0 0
dram_eff_bins: 0 0 0 0 0 0 0 0 0 0
mrqq: max=128 avg=14.9071
Memory Partition 36: 
Cache L2_bank_072:
MSHR contents

Cache L2_bank_073:
MSHR contents

In Dram Latency Queue (total = 1): 
Ready @ 111655 -   mf: uid=14969995, sid4294967295:w4294967295, part=36, addr=0xc07f08b80, store, size=128, L2_WRBK  status = IN_PARTITION_DRAM_LATENCY_QUEUE (111401), 
DRAM[36]: 16 bks, busW=8 BL=4 CL=12, tRRD=3 tCCD=1, tRCD=12 tRAS=28 tRP=12 tRC=40
n_cmd=194569 n_nop=123669 n_act=12228 n_pre=12212 n_ref_event=0 n_req=53155 n_rd=51148 n_rd_L2_A=0 n_write=0 n_wr_bk=8028 bw_util=0.6083
n_activity=131469 dram_eff=0.9002
bk0: 3288a 160316i bk1: 3284a 160267i bk2: 3212a 161044i bk3: 3208a 160924i bk4: 3120a 161151i bk5: 3120a 161684i bk6: 3172a 162214i bk7: 3164a 160329i bk8: 3160a 159835i bk9: 3160a 160735i bk10: 3120a 160487i bk11: 3120a 160569i bk12: 3304a 158022i bk13: 3316a 158593i bk14: 3200a 160626i bk15: 3200a 161388i 

------------------------------------------------------------------------

Row_Buffer_Locality = 0.769956
Row_Buffer_Locality_read = 0.797001
Row_Buffer_Locality_write = 0.080717
Bank_Level_Parallism = 4.827624
Bank_Level_Parallism_Col = 3.395200
Bank_Level_Parallism_Ready = 1.737393
write_to_read_ratio_blp_rw_average = 0.265460
GrpLevelPara = 2.302743 

BW Util details:
bwutil = 0.608278 
total_CMD = 194569 
util_bw = 59176 
Wasted_Col = 54286 
Wasted_Row = 10424 
Idle = 70683 

BW Util Bottlenecks: 
RCDc_limit = 55968 
RCDWRc_limit = 9333 
WTRc_limit = 11222 
RTWc_limit = 46798 
CCDLc_limit = 30076 
rwq = 0 
CCDLc_limit_alone = 25593 
WTRc_limit_alone = 10426 
RTWc_limit_alone = 43111 

Commands details: 
total_CMD = 194569 
n_nop = 123669 
Read = 51148 
Write = 0 
L2_Alloc = 0 
L2_WB = 8028 
n_act = 12228 
n_pre = 12212 
n_ref = 0 
n_req = 53155 
total_req = 59176 

Dual Bus Interface Util: 
issued_total_row = 24440 
issued_total_col = 59176 
Row_Bus_Util =  0.125611 
CoL_Bus_Util = 0.304139 
Either_Row_CoL_Bus_Util = 0.364395 
Issued_on_Two_Bus_Simul_Util = 0.065355 
issued_two_Eff = 0.179351 
queue_avg = 16.345224 


dram_util_bins: 0 0 0 0 0 0 0 0 0 0
dram_eff_bins: 0 0 0 0 0 0 0 0 0 0
mrqq: max=128 avg=16.3452
Memory Partition 37: 
Cache L2_bank_074:
MSHR contents

Cache L2_bank_075:
MSHR contents

In Dram Latency Queue (total = 0): 
DRAM[37]: 16 bks, busW=8 BL=4 CL=12, tRRD=3 tCCD=1, tRCD=12 tRAS=28 tRP=12 tRC=40
n_cmd=194569 n_nop=123799 n_act=12228 n_pre=12212 n_ref_event=0 n_req=53120 n_rd=51108 n_rd_L2_A=0 n_write=0 n_wr_bk=8048 bw_util=0.6081
n_activity=130954 dram_eff=0.9035
bk0: 3248a 160881i bk1: 3248a 160448i bk2: 3188a 160842i bk3: 3192a 160012i bk4: 3156a 161699i bk5: 3148a 159926i bk6: 3216a 161349i bk7: 3216a 160953i bk8: 3196a 160318i bk9: 3196a 161385i bk10: 3120a 162292i bk11: 3120a 162722i bk12: 3264a 159511i bk13: 3272a 159781i bk14: 3164a 161958i bk15: 3164a 161032i 

------------------------------------------------------------------------

Row_Buffer_Locality = 0.769804
Row_Buffer_Locality_read = 0.797057
Row_Buffer_Locality_write = 0.077535
Bank_Level_Parallism = 4.804914
Bank_Level_Parallism_Col = 3.360737
Bank_Level_Parallism_Ready = 1.705338
write_to_read_ratio_blp_rw_average = 0.257537
GrpLevelPara = 2.297018 

BW Util details:
bwutil = 0.608072 
total_CMD = 194569 
util_bw = 59156 
Wasted_Col = 53473 
Wasted_Row = 10394 
Idle = 71546 

BW Util Bottlenecks: 
RCDc_limit = 55467 
RCDWRc_limit = 9107 
WTRc_limit = 11014 
RTWc_limit = 43016 
CCDLc_limit = 29787 
rwq = 0 
CCDLc_limit_alone = 25248 
WTRc_limit_alone = 10186 
RTWc_limit_alone = 39305 

Commands details: 
total_CMD = 194569 
n_nop = 123799 
Read = 51108 
Write = 0 
L2_Alloc = 0 
L2_WB = 8048 
n_act = 12228 
n_pre = 12212 
n_ref = 0 
n_req = 53120 
total_req = 59156 

Dual Bus Interface Util: 
issued_total_row = 24440 
issued_total_col = 59156 
Row_Bus_Util =  0.125611 
CoL_Bus_Util = 0.304036 
Either_Row_CoL_Bus_Util = 0.363727 
Issued_on_Two_Bus_Simul_Util = 0.065920 
issued_two_Eff = 0.181235 
queue_avg = 15.373857 


dram_util_bins: 0 0 0 0 0 0 0 0 0 0
dram_eff_bins: 0 0 0 0 0 0 0 0 0 0
mrqq: max=128 avg=15.3739
Memory Partition 38: 
Cache L2_bank_076:
MSHR contents

Cache L2_bank_077:
MSHR contents

In Dram Latency Queue (total = 0): 
DRAM[38]: 16 bks, busW=8 BL=4 CL=12, tRRD=3 tCCD=1, tRCD=12 tRAS=28 tRP=12 tRC=40
n_cmd=194569 n_nop=123384 n_act=12310 n_pre=12294 n_ref_event=0 n_req=53317 n_rd=51308 n_rd_L2_A=0 n_write=0 n_wr_bk=8036 bw_util=0.61
n_activity=131061 dram_eff=0.9056
bk0: 3288a 160571i bk1: 3280a 160789i bk2: 3228a 161690i bk3: 3224a 160947i bk4: 3156a 161405i bk5: 3152a 161831i bk6: 3224a 162062i bk7: 3208a 161918i bk8: 3148a 160500i bk9: 3140a 160264i bk10: 3140a 162634i bk11: 3140a 162455i bk12: 3316a 157281i bk13: 3312a 156128i bk14: 3176a 160803i bk15: 3176a 160204i 

------------------------------------------------------------------------

Row_Buffer_Locality = 0.769117
Row_Buffer_Locality_read = 0.796211
Row_Buffer_Locality_write = 0.077153
Bank_Level_Parallism = 4.801264
Bank_Level_Parallism_Col = 3.358062
Bank_Level_Parallism_Ready = 1.705480
write_to_read_ratio_blp_rw_average = 0.258141
GrpLevelPara = 2.305465 

BW Util details:
bwutil = 0.610005 
total_CMD = 194569 
util_bw = 59344 
Wasted_Col = 53875 
Wasted_Row = 10694 
Idle = 70656 

BW Util Bottlenecks: 
RCDc_limit = 56050 
RCDWRc_limit = 9413 
WTRc_limit = 11219 
RTWc_limit = 43484 
CCDLc_limit = 29822 
rwq = 0 
CCDLc_limit_alone = 25265 
WTRc_limit_alone = 10340 
RTWc_limit_alone = 39806 

Commands details: 
total_CMD = 194569 
n_nop = 123384 
Read = 51308 
Write = 0 
L2_Alloc = 0 
L2_WB = 8036 
n_act = 12310 
n_pre = 12294 
n_ref = 0 
n_req = 53317 
total_req = 59344 

Dual Bus Interface Util: 
issued_total_row = 24604 
issued_total_col = 59344 
Row_Bus_Util =  0.126454 
CoL_Bus_Util = 0.305002 
Either_Row_CoL_Bus_Util = 0.365860 
Issued_on_Two_Bus_Simul_Util = 0.065596 
issued_two_Eff = 0.179293 
queue_avg = 15.049474 


dram_util_bins: 0 0 0 0 0 0 0 0 0 0
dram_eff_bins: 0 0 0 0 0 0 0 0 0 0
mrqq: max=128 avg=15.0495
Memory Partition 39: 
Cache L2_bank_078:
MSHR contents

Cache L2_bank_079:
MSHR contents

In Dram Latency Queue (total = 0): 
DRAM[39]: 16 bks, busW=8 BL=4 CL=12, tRRD=3 tCCD=1, tRCD=12 tRAS=28 tRP=12 tRC=40
n_cmd=194569 n_nop=123315 n_act=12350 n_pre=12334 n_ref_event=0 n_req=53406 n_rd=51352 n_rd_L2_A=0 n_write=0 n_wr_bk=8216 bw_util=0.6123
n_activity=132418 dram_eff=0.8997
bk0: 3268a 160980i bk1: 3268a 159906i bk2: 3236a 160009i bk3: 3236a 160451i bk4: 3168a 161528i bk5: 3160a 161942i bk6: 3236a 161364i bk7: 3224a 160773i bk8: 3124a 159637i bk9: 3120a 159303i bk10: 3132a 162118i bk11: 3144a 161302i bk12: 3332a 158557i bk13: 3340a 158512i bk14: 3180a 160815i bk15: 3184a 162016i 

------------------------------------------------------------------------

Row_Buffer_Locality = 0.768753
Row_Buffer_Locality_read = 0.796444
Row_Buffer_Locality_write = 0.076436
Bank_Level_Parallism = 4.798530
Bank_Level_Parallism_Col = 3.358700
Bank_Level_Parallism_Ready = 1.711321
write_to_read_ratio_blp_rw_average = 0.263647
GrpLevelPara = 2.285761 

BW Util details:
bwutil = 0.612307 
total_CMD = 194569 
util_bw = 59568 
Wasted_Col = 54217 
Wasted_Row = 10690 
Idle = 70094 

BW Util Bottlenecks: 
RCDc_limit = 56106 
RCDWRc_limit = 9681 
WTRc_limit = 10328 
RTWc_limit = 45190 
CCDLc_limit = 30508 
rwq = 0 
CCDLc_limit_alone = 25979 
WTRc_limit_alone = 9634 
RTWc_limit_alone = 41355 

Commands details: 
total_CMD = 194569 
n_nop = 123315 
Read = 51352 
Write = 0 
L2_Alloc = 0 
L2_WB = 8216 
n_act = 12350 
n_pre = 12334 
n_ref = 0 
n_req = 53406 
total_req = 59568 

Dual Bus Interface Util: 
issued_total_row = 24684 
issued_total_col = 59568 
Row_Bus_Util =  0.126865 
CoL_Bus_Util = 0.306154 
Either_Row_CoL_Bus_Util = 0.366215 
Issued_on_Two_Bus_Simul_Util = 0.066804 
issued_two_Eff = 0.182418 
queue_avg = 15.976908 


dram_util_bins: 0 0 0 0 0 0 0 0 0 0
dram_eff_bins: 0 0 0 0 0 0 0 0 0 0
mrqq: max=128 avg=15.9769
Memory Partition 40: 
Cache L2_bank_080:
MSHR contents

Cache L2_bank_081:
MSHR contents

In Dram Latency Queue (total = 0): 
DRAM[40]: 16 bks, busW=8 BL=4 CL=12, tRRD=3 tCCD=1, tRCD=12 tRAS=28 tRP=12 tRC=40
n_cmd=194569 n_nop=123549 n_act=12229 n_pre=12214 n_ref_event=0 n_req=53306 n_rd=51288 n_rd_L2_A=0 n_write=0 n_wr_bk=8064 bw_util=0.6101
n_activity=131563 dram_eff=0.9023
bk0: 3292a 159537i bk1: 3296a 160789i bk2: 3204a 160438i bk3: 3204a 159621i bk4: 3108a 161709i bk5: 3112a 159929i bk6: 3236a 159240i bk7: 3228a 158697i bk8: 3160a 161328i bk9: 3168a 160809i bk10: 3128a 159601i bk11: 3132a 160518i bk12: 3296a 160628i bk13: 3308a 161401i bk14: 3208a 161348i bk15: 3208a 162093i 

------------------------------------------------------------------------

Row_Buffer_Locality = 0.770570
Row_Buffer_Locality_read = 0.797886
Row_Buffer_Locality_write = 0.076313
Bank_Level_Parallism = 4.837142
Bank_Level_Parallism_Col = 3.409476
Bank_Level_Parallism_Ready = 1.744036
write_to_read_ratio_blp_rw_average = 0.261626
GrpLevelPara = 2.296080 

BW Util details:
bwutil = 0.610087 
total_CMD = 194569 
util_bw = 59352 
Wasted_Col = 53651 
Wasted_Row = 10773 
Idle = 70793 

BW Util Bottlenecks: 
RCDc_limit = 55313 
RCDWRc_limit = 9637 
WTRc_limit = 10947 
RTWc_limit = 44023 
CCDLc_limit = 29866 
rwq = 0 
CCDLc_limit_alone = 25284 
WTRc_limit_alone = 10123 
RTWc_limit_alone = 40265 

Commands details: 
total_CMD = 194569 
n_nop = 123549 
Read = 51288 
Write = 0 
L2_Alloc = 0 
L2_WB = 8064 
n_act = 12229 
n_pre = 12214 
n_ref = 0 
n_req = 53306 
total_req = 59352 

Dual Bus Interface Util: 
issued_total_row = 24443 
issued_total_col = 59352 
Row_Bus_Util =  0.125626 
CoL_Bus_Util = 0.305043 
Either_Row_CoL_Bus_Util = 0.365012 
Issued_on_Two_Bus_Simul_Util = 0.065658 
issued_two_Eff = 0.179879 
queue_avg = 16.657623 


dram_util_bins: 0 0 0 0 0 0 0 0 0 0
dram_eff_bins: 0 0 0 0 0 0 0 0 0 0
mrqq: max=128 avg=16.6576
Memory Partition 41: 
Cache L2_bank_082:
MSHR contents

Cache L2_bank_083:
MSHR contents

In Dram Latency Queue (total = 0): 
DRAM[41]: 16 bks, busW=8 BL=4 CL=12, tRRD=3 tCCD=1, tRCD=12 tRAS=28 tRP=12 tRC=40
n_cmd=194569 n_nop=123901 n_act=12227 n_pre=12211 n_ref_event=0 n_req=53092 n_rd=51092 n_rd_L2_A=0 n_write=0 n_wr_bk=8000 bw_util=0.6074
n_activity=130993 dram_eff=0.9022
bk0: 3280a 160526i bk1: 3280a 161439i bk2: 3200a 160540i bk3: 3196a 160530i bk4: 3088a 160167i bk5: 3100a 158864i bk6: 3208a 159410i bk7: 3220a 159691i bk8: 3136a 160399i bk9: 3136a 159327i bk10: 3152a 160878i bk11: 3152a 160424i bk12: 3296a 159247i bk13: 3296a 159894i bk14: 3180a 161565i bk15: 3172a 160960i 

------------------------------------------------------------------------

Row_Buffer_Locality = 0.769702
Row_Buffer_Locality_read = 0.796700
Row_Buffer_Locality_write = 0.080000
Bank_Level_Parallism = 4.876969
Bank_Level_Parallism_Col = 3.449148
Bank_Level_Parallism_Ready = 1.759968
write_to_read_ratio_blp_rw_average = 0.270045
GrpLevelPara = 2.322043 

BW Util details:
bwutil = 0.607414 
total_CMD = 194569 
util_bw = 59092 
Wasted_Col = 53780 
Wasted_Row = 10634 
Idle = 71063 

BW Util Bottlenecks: 
RCDc_limit = 55129 
RCDWRc_limit = 9509 
WTRc_limit = 11530 
RTWc_limit = 45573 
CCDLc_limit = 30126 
rwq = 0 
CCDLc_limit_alone = 25264 
WTRc_limit_alone = 10739 
RTWc_limit_alone = 41502 

Commands details: 
total_CMD = 194569 
n_nop = 123901 
Read = 51092 
Write = 0 
L2_Alloc = 0 
L2_WB = 8000 
n_act = 12227 
n_pre = 12211 
n_ref = 0 
n_req = 53092 
total_req = 59092 

Dual Bus Interface Util: 
issued_total_row = 24438 
issued_total_col = 59092 
Row_Bus_Util =  0.125601 
CoL_Bus_Util = 0.303707 
Either_Row_CoL_Bus_Util = 0.363203 
Issued_on_Two_Bus_Simul_Util = 0.066105 
issued_two_Eff = 0.182006 
queue_avg = 15.750212 


dram_util_bins: 0 0 0 0 0 0 0 0 0 0
dram_eff_bins: 0 0 0 0 0 0 0 0 0 0
mrqq: max=128 avg=15.7502
Memory Partition 42: 
Cache L2_bank_084:
MSHR contents

Cache L2_bank_085:
MSHR contents

In Dram Latency Queue (total = 0): 
DRAM[42]: 16 bks, busW=8 BL=4 CL=12, tRRD=3 tCCD=1, tRCD=12 tRAS=28 tRP=12 tRC=40
n_cmd=194569 n_nop=123621 n_act=12199 n_pre=12183 n_ref_event=0 n_req=53235 n_rd=51228 n_rd_L2_A=0 n_write=0 n_wr_bk=8028 bw_util=0.6091
n_activity=131393 dram_eff=0.902
bk0: 3300a 160207i bk1: 3292a 160176i bk2: 3196a 160121i bk3: 3192a 158876i bk4: 3156a 161741i bk5: 3160a 160636i bk6: 3196a 161686i bk7: 3192a 159773i bk8: 3152a 161815i bk9: 3156a 160783i bk10: 3144a 162824i bk11: 3136a 162802i bk12: 3316a 159180i bk13: 3320a 159698i bk14: 3160a 161268i bk15: 3160a 161191i 

------------------------------------------------------------------------

Row_Buffer_Locality = 0.770846
Row_Buffer_Locality_read = 0.797982
Row_Buffer_Locality_write = 0.078226
Bank_Level_Parallism = 4.805042
Bank_Level_Parallism_Col = 3.373989
Bank_Level_Parallism_Ready = 1.728736
write_to_read_ratio_blp_rw_average = 0.259357
GrpLevelPara = 2.289760 

BW Util details:
bwutil = 0.609100 
total_CMD = 194569 
util_bw = 59256 
Wasted_Col = 53336 
Wasted_Row = 10937 
Idle = 71040 

BW Util Bottlenecks: 
RCDc_limit = 54924 
RCDWRc_limit = 9321 
WTRc_limit = 10707 
RTWc_limit = 43705 
CCDLc_limit = 29324 
rwq = 0 
CCDLc_limit_alone = 24960 
WTRc_limit_alone = 9939 
RTWc_limit_alone = 40109 

Commands details: 
total_CMD = 194569 
n_nop = 123621 
Read = 51228 
Write = 0 
L2_Alloc = 0 
L2_WB = 8028 
n_act = 12199 
n_pre = 12183 
n_ref = 0 
n_req = 53235 
total_req = 59256 

Dual Bus Interface Util: 
issued_total_row = 24382 
issued_total_col = 59256 
Row_Bus_Util =  0.125313 
CoL_Bus_Util = 0.304550 
Either_Row_CoL_Bus_Util = 0.364642 
Issued_on_Two_Bus_Simul_Util = 0.065221 
issued_two_Eff = 0.178863 
queue_avg = 15.945238 


dram_util_bins: 0 0 0 0 0 0 0 0 0 0
dram_eff_bins: 0 0 0 0 0 0 0 0 0 0
mrqq: max=128 avg=15.9452
Memory Partition 43: 
Cache L2_bank_086:
MSHR contents

Cache L2_bank_087:
MSHR contents

In Dram Latency Queue (total = 0): 
DRAM[43]: 16 bks, busW=8 BL=4 CL=12, tRRD=3 tCCD=1, tRCD=12 tRAS=28 tRP=12 tRC=40
n_cmd=194569 n_nop=123650 n_act=12227 n_pre=12211 n_ref_event=0 n_req=53187 n_rd=51180 n_rd_L2_A=0 n_write=0 n_wr_bk=8028 bw_util=0.6086
n_activity=132103 dram_eff=0.8964
bk0: 3280a 160606i bk1: 3276a 160389i bk2: 3216a 160377i bk3: 3232a 159189i bk4: 3132a 162346i bk5: 3128a 161337i bk6: 3208a 160955i bk7: 3200a 161231i bk8: 3148a 161635i bk9: 3136a 161892i bk10: 3128a 161653i bk11: 3136a 161044i bk12: 3332a 160035i bk13: 3324a 160290i bk14: 3152a 161266i bk15: 3152a 160939i 

------------------------------------------------------------------------

Row_Buffer_Locality = 0.770113
Row_Buffer_Locality_read = 0.797304
Row_Buffer_Locality_write = 0.076731
Bank_Level_Parallism = 4.763995
Bank_Level_Parallism_Col = 3.352616
Bank_Level_Parallism_Ready = 1.695666
write_to_read_ratio_blp_rw_average = 0.260472
GrpLevelPara = 2.293490 

BW Util details:
bwutil = 0.608607 
total_CMD = 194569 
util_bw = 59208 
Wasted_Col = 53823 
Wasted_Row = 11047 
Idle = 70491 

BW Util Bottlenecks: 
RCDc_limit = 55589 
RCDWRc_limit = 9181 
WTRc_limit = 10596 
RTWc_limit = 44414 
CCDLc_limit = 30063 
rwq = 0 
CCDLc_limit_alone = 25551 
WTRc_limit_alone = 9725 
RTWc_limit_alone = 40773 

Commands details: 
total_CMD = 194569 
n_nop = 123650 
Read = 51180 
Write = 0 
L2_Alloc = 0 
L2_WB = 8028 
n_act = 12227 
n_pre = 12211 
n_ref = 0 
n_req = 53187 
total_req = 59208 

Dual Bus Interface Util: 
issued_total_row = 24438 
issued_total_col = 59208 
Row_Bus_Util =  0.125601 
CoL_Bus_Util = 0.304303 
Either_Row_CoL_Bus_Util = 0.364493 
Issued_on_Two_Bus_Simul_Util = 0.065411 
issued_two_Eff = 0.179458 
queue_avg = 15.644054 


dram_util_bins: 0 0 0 0 0 0 0 0 0 0
dram_eff_bins: 0 0 0 0 0 0 0 0 0 0
mrqq: max=128 avg=15.6441
Memory Partition 44: 
Cache L2_bank_088:
MSHR contents

Cache L2_bank_089:
MSHR contents

In Dram Latency Queue (total = 0): 
DRAM[44]: 16 bks, busW=8 BL=4 CL=12, tRRD=3 tCCD=1, tRCD=12 tRAS=28 tRP=12 tRC=40
n_cmd=194569 n_nop=123720 n_act=12243 n_pre=12227 n_ref_event=0 n_req=53310 n_rd=51308 n_rd_L2_A=0 n_write=0 n_wr_bk=8008 bw_util=0.6097
n_activity=131866 dram_eff=0.8996
bk0: 3304a 160553i bk1: 3296a 160957i bk2: 3212a 161452i bk3: 3216a 160443i bk4: 3128a 161364i bk5: 3132a 160356i bk6: 3188a 160426i bk7: 3188a 161475i bk8: 3184a 160137i bk9: 3188a 159331i bk10: 3128a 161245i bk11: 3128a 161146i bk12: 3288a 159810i bk13: 3300a 159417i bk14: 3212a 161755i bk15: 3216a 161215i 

------------------------------------------------------------------------

Row_Buffer_Locality = 0.770343
Row_Buffer_Locality_read = 0.797186
Row_Buffer_Locality_write = 0.082418
Bank_Level_Parallism = 4.804086
Bank_Level_Parallism_Col = 3.381492
Bank_Level_Parallism_Ready = 1.726414
write_to_read_ratio_blp_rw_average = 0.254310
GrpLevelPara = 2.288748 

BW Util details:
bwutil = 0.609717 
total_CMD = 194569 
util_bw = 59316 
Wasted_Col = 53385 
Wasted_Row = 11221 
Idle = 70647 

BW Util Bottlenecks: 
RCDc_limit = 55255 
RCDWRc_limit = 9090 
WTRc_limit = 10954 
RTWc_limit = 42280 
CCDLc_limit = 29835 
rwq = 0 
CCDLc_limit_alone = 25370 
WTRc_limit_alone = 10161 
RTWc_limit_alone = 38608 

Commands details: 
total_CMD = 194569 
n_nop = 123720 
Read = 51308 
Write = 0 
L2_Alloc = 0 
L2_WB = 8008 
n_act = 12243 
n_pre = 12227 
n_ref = 0 
n_req = 53310 
total_req = 59316 

Dual Bus Interface Util: 
issued_total_row = 24470 
issued_total_col = 59316 
Row_Bus_Util =  0.125765 
CoL_Bus_Util = 0.304858 
Either_Row_CoL_Bus_Util = 0.364133 
Issued_on_Two_Bus_Simul_Util = 0.066491 
issued_two_Eff = 0.182600 
queue_avg = 15.999944 


dram_util_bins: 0 0 0 0 0 0 0 0 0 0
dram_eff_bins: 0 0 0 0 0 0 0 0 0 0
mrqq: max=128 avg=15.9999
Memory Partition 45: 
Cache L2_bank_090:
MSHR contents

Cache L2_bank_091:
MSHR contents

In Dram Latency Queue (total = 0): 
DRAM[45]: 16 bks, busW=8 BL=4 CL=12, tRRD=3 tCCD=1, tRCD=12 tRAS=28 tRP=12 tRC=40
n_cmd=194569 n_nop=123947 n_act=12217 n_pre=12201 n_ref_event=0 n_req=53047 n_rd=51044 n_rd_L2_A=0 n_write=0 n_wr_bk=8012 bw_util=0.607
n_activity=130368 dram_eff=0.906
bk0: 3264a 159831i bk1: 3264a 160392i bk2: 3184a 160737i bk3: 3188a 159905i bk4: 3144a 160730i bk5: 3144a 159937i bk6: 3196a 159889i bk7: 3180a 160423i bk8: 3168a 160463i bk9: 3164a 161123i bk10: 3120a 161885i bk11: 3132a 161923i bk12: 3284a 159489i bk13: 3284a 159684i bk14: 3164a 161897i bk15: 3164a 161446i 

------------------------------------------------------------------------

Row_Buffer_Locality = 0.769695
Row_Buffer_Locality_read = 0.796724
Row_Buffer_Locality_write = 0.080879
Bank_Level_Parallism = 4.858156
Bank_Level_Parallism_Col = 3.416000
Bank_Level_Parallism_Ready = 1.719758
write_to_read_ratio_blp_rw_average = 0.262176
GrpLevelPara = 2.308095 

BW Util details:
bwutil = 0.607044 
total_CMD = 194569 
util_bw = 59056 
Wasted_Col = 53012 
Wasted_Row = 10694 
Idle = 71807 

BW Util Bottlenecks: 
RCDc_limit = 55157 
RCDWRc_limit = 9305 
WTRc_limit = 10667 
RTWc_limit = 45973 
CCDLc_limit = 29912 
rwq = 0 
CCDLc_limit_alone = 25258 
WTRc_limit_alone = 9891 
RTWc_limit_alone = 42095 

Commands details: 
total_CMD = 194569 
n_nop = 123947 
Read = 51044 
Write = 0 
L2_Alloc = 0 
L2_WB = 8012 
n_act = 12217 
n_pre = 12201 
n_ref = 0 
n_req = 53047 
total_req = 59056 

Dual Bus Interface Util: 
issued_total_row = 24418 
issued_total_col = 59056 
Row_Bus_Util =  0.125498 
CoL_Bus_Util = 0.303522 
Either_Row_CoL_Bus_Util = 0.362966 
Issued_on_Two_Bus_Simul_Util = 0.066054 
issued_two_Eff = 0.181983 
queue_avg = 15.871254 


dram_util_bins: 0 0 0 0 0 0 0 0 0 0
dram_eff_bins: 0 0 0 0 0 0 0 0 0 0
mrqq: max=128 avg=15.8713
Memory Partition 46: 
Cache L2_bank_092:
MSHR contents

Cache L2_bank_093:
MSHR contents

In Dram Latency Queue (total = 0): 
DRAM[46]: 16 bks, busW=8 BL=4 CL=12, tRRD=3 tCCD=1, tRCD=12 tRAS=28 tRP=12 tRC=40
n_cmd=194569 n_nop=123573 n_act=12248 n_pre=12232 n_ref_event=0 n_req=53261 n_rd=51256 n_rd_L2_A=0 n_write=0 n_wr_bk=8020 bw_util=0.6093
n_activity=130406 dram_eff=0.9091
bk0: 3272a 159056i bk1: 3284a 160088i bk2: 3228a 160200i bk3: 3228a 160052i bk4: 3156a 161584i bk5: 3152a 161164i bk6: 3204a 161663i bk7: 3204a 161419i bk8: 3140a 160176i bk9: 3136a 159780i bk10: 3140a 163214i bk11: 3136a 161780i bk12: 3320a 157137i bk13: 3316a 157909i bk14: 3168a 159947i bk15: 3172a 160472i 

------------------------------------------------------------------------

Row_Buffer_Locality = 0.770038
Row_Buffer_Locality_read = 0.797234
Row_Buffer_Locality_write = 0.074813
Bank_Level_Parallism = 4.885921
Bank_Level_Parallism_Col = 3.446008
Bank_Level_Parallism_Ready = 1.737786
write_to_read_ratio_blp_rw_average = 0.267333
GrpLevelPara = 2.322184 

BW Util details:
bwutil = 0.609306 
total_CMD = 194569 
util_bw = 59276 
Wasted_Col = 53421 
Wasted_Row = 10253 
Idle = 71619 

BW Util Bottlenecks: 
RCDc_limit = 55571 
RCDWRc_limit = 9421 
WTRc_limit = 10967 
RTWc_limit = 47606 
CCDLc_limit = 30326 
rwq = 0 
CCDLc_limit_alone = 25501 
WTRc_limit_alone = 10108 
RTWc_limit_alone = 43640 

Commands details: 
total_CMD = 194569 
n_nop = 123573 
Read = 51256 
Write = 0 
L2_Alloc = 0 
L2_WB = 8020 
n_act = 12248 
n_pre = 12232 
n_ref = 0 
n_req = 53261 
total_req = 59276 

Dual Bus Interface Util: 
issued_total_row = 24480 
issued_total_col = 59276 
Row_Bus_Util =  0.125817 
CoL_Bus_Util = 0.304653 
Either_Row_CoL_Bus_Util = 0.364889 
Issued_on_Two_Bus_Simul_Util = 0.065581 
issued_two_Eff = 0.179728 
queue_avg = 16.606695 


dram_util_bins: 0 0 0 0 0 0 0 0 0 0
dram_eff_bins: 0 0 0 0 0 0 0 0 0 0
mrqq: max=128 avg=16.6067
Memory Partition 47: 
Cache L2_bank_094:
MSHR contents

Cache L2_bank_095:
MSHR contents

In Dram Latency Queue (total = 1): 
Ready @ 111659 -   mf: uid=14969997, sid4294967295:w4294967295, part=47, addr=0xc06082b80, store, size=128, L2_WRBK  status = IN_PARTITION_DRAM_LATENCY_QUEUE (111405), 
DRAM[47]: 16 bks, busW=8 BL=4 CL=12, tRRD=3 tCCD=1, tRCD=12 tRAS=28 tRP=12 tRC=40
n_cmd=194569 n_nop=123405 n_act=12236 n_pre=12220 n_ref_event=0 n_req=53354 n_rd=51324 n_rd_L2_A=0 n_write=0 n_wr_bk=8120 bw_util=0.611
n_activity=131552 dram_eff=0.9037
bk0: 3272a 161560i bk1: 3264a 160258i bk2: 3240a 159835i bk3: 3232a 160099i bk4: 3156a 162000i bk5: 3152a 161233i bk6: 3228a 161194i bk7: 3224a 161243i bk8: 3120a 160435i bk9: 3116a 159645i bk10: 3144a 162402i bk11: 3144a 160798i bk12: 3320a 160159i bk13: 3320a 158930i bk14: 3196a 159511i bk15: 3196a 159255i 

------------------------------------------------------------------------

Row_Buffer_Locality = 0.770664
Row_Buffer_Locality_read = 0.797405
Row_Buffer_Locality_write = 0.094581
Bank_Level_Parallism = 4.828090
Bank_Level_Parallism_Col = 3.400858
Bank_Level_Parallism_Ready = 1.731680
write_to_read_ratio_blp_rw_average = 0.261714
GrpLevelPara = 2.298575 

BW Util details:
bwutil = 0.611033 
total_CMD = 194569 
util_bw = 59444 
Wasted_Col = 53647 
Wasted_Row = 10747 
Idle = 70731 

BW Util Bottlenecks: 
RCDc_limit = 55811 
RCDWRc_limit = 9261 
WTRc_limit = 11296 
RTWc_limit = 45230 
CCDLc_limit = 30224 
rwq = 0 
CCDLc_limit_alone = 25580 
WTRc_limit_alone = 10477 
RTWc_limit_alone = 41405 

Commands details: 
total_CMD = 194569 
n_nop = 123405 
Read = 51324 
Write = 0 
L2_Alloc = 0 
L2_WB = 8120 
n_act = 12236 
n_pre = 12220 
n_ref = 0 
n_req = 53354 
total_req = 59444 

Dual Bus Interface Util: 
issued_total_row = 24456 
issued_total_col = 59444 
Row_Bus_Util =  0.125693 
CoL_Bus_Util = 0.305516 
Either_Row_CoL_Bus_Util = 0.365752 
Issued_on_Two_Bus_Simul_Util = 0.065458 
issued_two_Eff = 0.178967 
queue_avg = 16.487091 


dram_util_bins: 0 0 0 0 0 0 0 0 0 0
dram_eff_bins: 0 0 0 0 0 0 0 0 0 0
mrqq: max=128 avg=16.4871
Memory Partition 48: 
Cache L2_bank_096:
MSHR contents

Cache L2_bank_097:
MSHR contents

In Dram Latency Queue (total = 0): 
DRAM[48]: 16 bks, busW=8 BL=4 CL=12, tRRD=3 tCCD=1, tRCD=12 tRAS=28 tRP=12 tRC=40
n_cmd=194569 n_nop=160514 n_act=6100 n_pre=6084 n_ref_event=0 n_req=24828 n_rd=24568 n_rd_L2_A=0 n_write=0 n_wr_bk=1040 bw_util=0.2632
n_activity=104968 dram_eff=0.4879
bk0: 1560a 182047i bk1: 1560a 182168i bk2: 1552a 182373i bk3: 1552a 182207i bk4: 1520a 182181i bk5: 1520a 182652i bk6: 1520a 182275i bk7: 1520a 182492i bk8: 1520a 182526i bk9: 1520a 182603i bk10: 1520a 182250i bk11: 1520a 182334i bk12: 1532a 182634i bk13: 1532a 182328i bk14: 1560a 182505i bk15: 1560a 182753i 

------------------------------------------------------------------------

Row_Buffer_Locality = 0.754310
Row_Buffer_Locality_read = 0.762089
Row_Buffer_Locality_write = 0.019231
Bank_Level_Parallism = 2.424046
Bank_Level_Parallism_Col = 1.752175
Bank_Level_Parallism_Ready = 1.262262
write_to_read_ratio_blp_rw_average = 0.064126
GrpLevelPara = 1.495087 

BW Util details:
bwutil = 0.263228 
total_CMD = 194569 
util_bw = 25608 
Wasted_Col = 47453 
Wasted_Row = 17533 
Idle = 103975 

BW Util Bottlenecks: 
RCDc_limit = 48535 
RCDWRc_limit = 1860 
WTRc_limit = 969 
RTWc_limit = 3567 
CCDLc_limit = 16511 
rwq = 0 
CCDLc_limit_alone = 16119 
WTRc_limit_alone = 866 
RTWc_limit_alone = 3278 

Commands details: 
total_CMD = 194569 
n_nop = 160514 
Read = 24568 
Write = 0 
L2_Alloc = 0 
L2_WB = 1040 
n_act = 6100 
n_pre = 6084 
n_ref = 0 
n_req = 24828 
total_req = 25608 

Dual Bus Interface Util: 
issued_total_row = 12184 
issued_total_col = 25608 
Row_Bus_Util =  0.062620 
CoL_Bus_Util = 0.131614 
Either_Row_CoL_Bus_Util = 0.175028 
Issued_on_Two_Bus_Simul_Util = 0.019207 
issued_two_Eff = 0.109734 
queue_avg = 4.147793 


dram_util_bins: 0 0 0 0 0 0 0 0 0 0
dram_eff_bins: 0 0 0 0 0 0 0 0 0 0
mrqq: max=128 avg=4.14779
Memory Partition 49: 
Cache L2_bank_098:
MSHR contents

Cache L2_bank_099:
MSHR contents

In Dram Latency Queue (total = 0): 
DRAM[49]: 16 bks, busW=8 BL=4 CL=12, tRRD=3 tCCD=1, tRCD=12 tRAS=28 tRP=12 tRC=40
n_cmd=194569 n_nop=160434 n_act=6120 n_pre=6104 n_ref_event=0 n_req=24827 n_rd=24568 n_rd_L2_A=0 n_write=0 n_wr_bk=1036 bw_util=0.2632
n_activity=104993 dram_eff=0.4877
bk0: 1560a 182164i bk1: 1560a 181943i bk2: 1552a 182279i bk3: 1552a 182033i bk4: 1520a 182268i bk5: 1520a 182208i bk6: 1520a 182054i bk7: 1520a 182417i bk8: 1520a 182589i bk9: 1520a 182543i bk10: 1520a 182318i bk11: 1520a 182582i bk12: 1532a 182588i bk13: 1532a 182675i bk14: 1560a 182649i bk15: 1560a 182690i 

------------------------------------------------------------------------

Row_Buffer_Locality = 0.753494
Row_Buffer_Locality_read = 0.761153
Row_Buffer_Locality_write = 0.027027
Bank_Level_Parallism = 2.434696
Bank_Level_Parallism_Col = 1.762250
Bank_Level_Parallism_Ready = 1.264373
write_to_read_ratio_blp_rw_average = 0.060040
GrpLevelPara = 1.498288 

BW Util details:
bwutil = 0.263187 
total_CMD = 194569 
util_bw = 25604 
Wasted_Col = 46980 
Wasted_Row = 17748 
Idle = 104237 

BW Util Bottlenecks: 
RCDc_limit = 48653 
RCDWRc_limit = 1879 
WTRc_limit = 1190 
RTWc_limit = 3016 
CCDLc_limit = 16777 
rwq = 0 
CCDLc_limit_alone = 16435 
WTRc_limit_alone = 1093 
RTWc_limit_alone = 2771 

Commands details: 
total_CMD = 194569 
n_nop = 160434 
Read = 24568 
Write = 0 
L2_Alloc = 0 
L2_WB = 1036 
n_act = 6120 
n_pre = 6104 
n_ref = 0 
n_req = 24827 
total_req = 25604 

Dual Bus Interface Util: 
issued_total_row = 12224 
issued_total_col = 25604 
Row_Bus_Util =  0.062826 
CoL_Bus_Util = 0.131593 
Either_Row_CoL_Bus_Util = 0.175439 
Issued_on_Two_Bus_Simul_Util = 0.018980 
issued_two_Eff = 0.108188 
queue_avg = 4.114515 


dram_util_bins: 0 0 0 0 0 0 0 0 0 0
dram_eff_bins: 0 0 0 0 0 0 0 0 0 0
mrqq: max=128 avg=4.11451
Memory Partition 50: 
Cache L2_bank_100:
MSHR contents

Cache L2_bank_101:
MSHR contents

In Dram Latency Queue (total = 0): 
DRAM[50]: 16 bks, busW=8 BL=4 CL=12, tRRD=3 tCCD=1, tRCD=12 tRAS=28 tRP=12 tRC=40
n_cmd=194569 n_nop=160572 n_act=6097 n_pre=6081 n_ref_event=0 n_req=24815 n_rd=24568 n_rd_L2_A=0 n_write=0 n_wr_bk=988 bw_util=0.2627
n_activity=104256 dram_eff=0.4903
bk0: 1560a 182010i bk1: 1560a 182112i bk2: 1552a 182287i bk3: 1552a 182166i bk4: 1520a 182206i bk5: 1520a 182558i bk6: 1520a 182502i bk7: 1520a 182319i bk8: 1520a 182705i bk9: 1520a 182619i bk10: 1520a 182527i bk11: 1520a 182653i bk12: 1532a 182432i bk13: 1532a 182617i bk14: 1560a 182607i bk15: 1560a 182667i 

------------------------------------------------------------------------

Row_Buffer_Locality = 0.754302
Row_Buffer_Locality_read = 0.761763
Row_Buffer_Locality_write = 0.012146
Bank_Level_Parallism = 2.445894
Bank_Level_Parallism_Col = 1.770069
Bank_Level_Parallism_Ready = 1.253248
write_to_read_ratio_blp_rw_average = 0.060978
GrpLevelPara = 1.513261 

BW Util details:
bwutil = 0.262693 
total_CMD = 194569 
util_bw = 25556 
Wasted_Col = 46519 
Wasted_Row = 17435 
Idle = 105059 

BW Util Bottlenecks: 
RCDc_limit = 48339 
RCDWRc_limit = 1738 
WTRc_limit = 990 
RTWc_limit = 3533 
CCDLc_limit = 16300 
rwq = 0 
CCDLc_limit_alone = 15901 
WTRc_limit_alone = 881 
RTWc_limit_alone = 3243 

Commands details: 
total_CMD = 194569 
n_nop = 160572 
Read = 24568 
Write = 0 
L2_Alloc = 0 
L2_WB = 988 
n_act = 6097 
n_pre = 6081 
n_ref = 0 
n_req = 24815 
total_req = 25556 

Dual Bus Interface Util: 
issued_total_row = 12178 
issued_total_col = 25556 
Row_Bus_Util =  0.062590 
CoL_Bus_Util = 0.131347 
Either_Row_CoL_Bus_Util = 0.174730 
Issued_on_Two_Bus_Simul_Util = 0.019207 
issued_two_Eff = 0.109921 
queue_avg = 4.025179 


dram_util_bins: 0 0 0 0 0 0 0 0 0 0
dram_eff_bins: 0 0 0 0 0 0 0 0 0 0
mrqq: max=128 avg=4.02518
Memory Partition 51: 
Cache L2_bank_102:
MSHR contents

Cache L2_bank_103:
MSHR contents

In Dram Latency Queue (total = 0): 
DRAM[51]: 16 bks, busW=8 BL=4 CL=12, tRRD=3 tCCD=1, tRCD=12 tRAS=28 tRP=12 tRC=40
n_cmd=194569 n_nop=160483 n_act=6088 n_pre=6072 n_ref_event=0 n_req=24830 n_rd=24568 n_rd_L2_A=0 n_write=0 n_wr_bk=1048 bw_util=0.2633
n_activity=105095 dram_eff=0.4875
bk0: 1560a 182106i bk1: 1560a 182314i bk2: 1552a 182253i bk3: 1552a 181873i bk4: 1520a 182621i bk5: 1520a 182664i bk6: 1520a 182254i bk7: 1520a 182398i bk8: 1520a 182801i bk9: 1520a 182728i bk10: 1520a 182214i bk11: 1520a 182613i bk12: 1532a 182635i bk13: 1532a 182623i bk14: 1560a 182887i bk15: 1560a 182807i 

------------------------------------------------------------------------

Row_Buffer_Locality = 0.754813
Row_Buffer_Locality_read = 0.762740
Row_Buffer_Locality_write = 0.011450
Bank_Level_Parallism = 2.419080
Bank_Level_Parallism_Col = 1.752911
Bank_Level_Parallism_Ready = 1.244105
write_to_read_ratio_blp_rw_average = 0.064350
GrpLevelPara = 1.503966 

BW Util details:
bwutil = 0.263310 
total_CMD = 194569 
util_bw = 25616 
Wasted_Col = 46865 
Wasted_Row = 17695 
Idle = 104393 

BW Util Bottlenecks: 
RCDc_limit = 47981 
RCDWRc_limit = 1905 
WTRc_limit = 1120 
RTWc_limit = 3375 
CCDLc_limit = 16418 
rwq = 0 
CCDLc_limit_alone = 16025 
WTRc_limit_alone = 1012 
RTWc_limit_alone = 3090 

Commands details: 
total_CMD = 194569 
n_nop = 160483 
Read = 24568 
Write = 0 
L2_Alloc = 0 
L2_WB = 1048 
n_act = 6088 
n_pre = 6072 
n_ref = 0 
n_req = 24830 
total_req = 25616 

Dual Bus Interface Util: 
issued_total_row = 12160 
issued_total_col = 25616 
Row_Bus_Util =  0.062497 
CoL_Bus_Util = 0.131655 
Either_Row_CoL_Bus_Util = 0.175187 
Issued_on_Two_Bus_Simul_Util = 0.018965 
issued_two_Eff = 0.108256 
queue_avg = 3.962209 


dram_util_bins: 0 0 0 0 0 0 0 0 0 0
dram_eff_bins: 0 0 0 0 0 0 0 0 0 0
mrqq: max=127 avg=3.96221
Memory Partition 52: 
Cache L2_bank_104:
MSHR contents

Cache L2_bank_105:
MSHR contents

In Dram Latency Queue (total = 0): 
DRAM[52]: 16 bks, busW=8 BL=4 CL=12, tRRD=3 tCCD=1, tRCD=12 tRAS=28 tRP=12 tRC=40
n_cmd=194569 n_nop=160532 n_act=6048 n_pre=6032 n_ref_event=0 n_req=24817 n_rd=24568 n_rd_L2_A=0 n_write=0 n_wr_bk=996 bw_util=0.2628
n_activity=104174 dram_eff=0.4908
bk0: 1560a 182088i bk1: 1560a 182088i bk2: 1552a 182409i bk3: 1552a 182524i bk4: 1520a 182585i bk5: 1520a 182720i bk6: 1520a 183028i bk7: 1520a 182907i bk8: 1520a 182608i bk9: 1520a 182771i bk10: 1520a 182485i bk11: 1520a 182903i bk12: 1532a 182658i bk13: 1532a 182518i bk14: 1560a 182458i bk15: 1560a 182514i 

------------------------------------------------------------------------

Row_Buffer_Locality = 0.756296
Row_Buffer_Locality_read = 0.763758
Row_Buffer_Locality_write = 0.020080
Bank_Level_Parallism = 2.415351
Bank_Level_Parallism_Col = 1.754620
Bank_Level_Parallism_Ready = 1.252504
write_to_read_ratio_blp_rw_average = 0.062875
GrpLevelPara = 1.499716 

BW Util details:
bwutil = 0.262776 
total_CMD = 194569 
util_bw = 25564 
Wasted_Col = 46744 
Wasted_Row = 17392 
Idle = 104869 

BW Util Bottlenecks: 
RCDc_limit = 48078 
RCDWRc_limit = 1793 
WTRc_limit = 1359 
RTWc_limit = 3360 
CCDLc_limit = 16513 
rwq = 0 
CCDLc_limit_alone = 16135 
WTRc_limit_alone = 1259 
RTWc_limit_alone = 3082 

Commands details: 
total_CMD = 194569 
n_nop = 160532 
Read = 24568 
Write = 0 
L2_Alloc = 0 
L2_WB = 996 
n_act = 6048 
n_pre = 6032 
n_ref = 0 
n_req = 24817 
total_req = 25564 

Dual Bus Interface Util: 
issued_total_row = 12080 
issued_total_col = 25564 
Row_Bus_Util =  0.062086 
CoL_Bus_Util = 0.131388 
Either_Row_CoL_Bus_Util = 0.174935 
Issued_on_Two_Bus_Simul_Util = 0.018538 
issued_two_Eff = 0.105973 
queue_avg = 3.938870 


dram_util_bins: 0 0 0 0 0 0 0 0 0 0
dram_eff_bins: 0 0 0 0 0 0 0 0 0 0
mrqq: max=119 avg=3.93887
Memory Partition 53: 
Cache L2_bank_106:
MSHR contents

Cache L2_bank_107:
MSHR contents

In Dram Latency Queue (total = 0): 
DRAM[53]: 16 bks, busW=8 BL=4 CL=12, tRRD=3 tCCD=1, tRCD=12 tRAS=28 tRP=12 tRC=40
n_cmd=194569 n_nop=160337 n_act=6104 n_pre=6088 n_ref_event=0 n_req=24834 n_rd=24568 n_rd_L2_A=0 n_write=0 n_wr_bk=1064 bw_util=0.2635
n_activity=105127 dram_eff=0.4876
bk0: 1560a 182154i bk1: 1560a 182110i bk2: 1552a 182502i bk3: 1552a 182379i bk4: 1520a 182383i bk5: 1520a 182263i bk6: 1520a 183004i bk7: 1520a 183056i bk8: 1520a 182707i bk9: 1520a 182647i bk10: 1520a 182438i bk11: 1520a 183046i bk12: 1532a 182630i bk13: 1532a 182731i bk14: 1560a 182457i bk15: 1560a 182494i 

------------------------------------------------------------------------

Row_Buffer_Locality = 0.754208
Row_Buffer_Locality_read = 0.762170
Row_Buffer_Locality_write = 0.018797
Bank_Level_Parallism = 2.396935
Bank_Level_Parallism_Col = 1.740940
Bank_Level_Parallism_Ready = 1.233575
write_to_read_ratio_blp_rw_average = 0.060731
GrpLevelPara = 1.502198 

BW Util details:
bwutil = 0.263475 
total_CMD = 194569 
util_bw = 25632 
Wasted_Col = 47224 
Wasted_Row = 17650 
Idle = 104063 

BW Util Bottlenecks: 
RCDc_limit = 48699 
RCDWRc_limit = 1918 
WTRc_limit = 1373 
RTWc_limit = 3208 
CCDLc_limit = 16441 
rwq = 0 
CCDLc_limit_alone = 16079 
WTRc_limit_alone = 1248 
RTWc_limit_alone = 2971 

Commands details: 
total_CMD = 194569 
n_nop = 160337 
Read = 24568 
Write = 0 
L2_Alloc = 0 
L2_WB = 1064 
n_act = 6104 
n_pre = 6088 
n_ref = 0 
n_req = 24834 
total_req = 25632 

Dual Bus Interface Util: 
issued_total_row = 12192 
issued_total_col = 25632 
Row_Bus_Util =  0.062662 
CoL_Bus_Util = 0.131737 
Either_Row_CoL_Bus_Util = 0.175938 
Issued_on_Two_Bus_Simul_Util = 0.018461 
issued_two_Eff = 0.104931 
queue_avg = 3.753866 


dram_util_bins: 0 0 0 0 0 0 0 0 0 0
dram_eff_bins: 0 0 0 0 0 0 0 0 0 0
mrqq: max=104 avg=3.75387
Memory Partition 54: 
Cache L2_bank_108:
MSHR contents

Cache L2_bank_109:
MSHR contents

In Dram Latency Queue (total = 0): 
DRAM[54]: 16 bks, busW=8 BL=4 CL=12, tRRD=3 tCCD=1, tRCD=12 tRAS=28 tRP=12 tRC=40
n_cmd=194569 n_nop=160447 n_act=6107 n_pre=6091 n_ref_event=0 n_req=24827 n_rd=24568 n_rd_L2_A=0 n_write=0 n_wr_bk=1036 bw_util=0.2632
n_activity=105102 dram_eff=0.4872
bk0: 1560a 182084i bk1: 1560a 182098i bk2: 1552a 182151i bk3: 1552a 182329i bk4: 1520a 182588i bk5: 1520a 182940i bk6: 1520a 182909i bk7: 1520a 182489i bk8: 1520a 182761i bk9: 1520a 182928i bk10: 1520a 182214i bk11: 1520a 182403i bk12: 1532a 182522i bk13: 1532a 182638i bk14: 1560a 182325i bk15: 1560a 182359i 

------------------------------------------------------------------------

Row_Buffer_Locality = 0.754018
Row_Buffer_Locality_read = 0.761723
Row_Buffer_Locality_write = 0.023166
Bank_Level_Parallism = 2.423397
Bank_Level_Parallism_Col = 1.760766
Bank_Level_Parallism_Ready = 1.252148
write_to_read_ratio_blp_rw_average = 0.062532
GrpLevelPara = 1.504997 

BW Util details:
bwutil = 0.263187 
total_CMD = 194569 
util_bw = 25604 
Wasted_Col = 46903 
Wasted_Row = 17529 
Idle = 104533 

BW Util Bottlenecks: 
RCDc_limit = 48740 
RCDWRc_limit = 1882 
WTRc_limit = 1185 
RTWc_limit = 3234 
CCDLc_limit = 16740 
rwq = 0 
CCDLc_limit_alone = 16385 
WTRc_limit_alone = 1105 
RTWc_limit_alone = 2959 

Commands details: 
total_CMD = 194569 
n_nop = 160447 
Read = 24568 
Write = 0 
L2_Alloc = 0 
L2_WB = 1036 
n_act = 6107 
n_pre = 6091 
n_ref = 0 
n_req = 24827 
total_req = 25604 

Dual Bus Interface Util: 
issued_total_row = 12198 
issued_total_col = 25604 
Row_Bus_Util =  0.062692 
CoL_Bus_Util = 0.131593 
Either_Row_CoL_Bus_Util = 0.175372 
Issued_on_Two_Bus_Simul_Util = 0.018914 
issued_two_Eff = 0.107848 
queue_avg = 4.009647 


dram_util_bins: 0 0 0 0 0 0 0 0 0 0
dram_eff_bins: 0 0 0 0 0 0 0 0 0 0
mrqq: max=116 avg=4.00965
Memory Partition 55: 
Cache L2_bank_110:
MSHR contents

Cache L2_bank_111:
MSHR contents

In Dram Latency Queue (total = 0): 
DRAM[55]: 16 bks, busW=8 BL=4 CL=12, tRRD=3 tCCD=1, tRCD=12 tRAS=28 tRP=12 tRC=40
n_cmd=194569 n_nop=160443 n_act=6093 n_pre=6077 n_ref_event=0 n_req=24828 n_rd=24568 n_rd_L2_A=0 n_write=0 n_wr_bk=1040 bw_util=0.2632
n_activity=105171 dram_eff=0.487
bk0: 1560a 182042i bk1: 1560a 182023i bk2: 1552a 182427i bk3: 1552a 182615i bk4: 1520a 182751i bk5: 1520a 182606i bk6: 1520a 182703i bk7: 1520a 182813i bk8: 1520a 182726i bk9: 1520a 182592i bk10: 1520a 182359i bk11: 1520a 182620i bk12: 1532a 182590i bk13: 1532a 182673i bk14: 1560a 182293i bk15: 1560a 182215i 

------------------------------------------------------------------------

Row_Buffer_Locality = 0.754592
Row_Buffer_Locality_read = 0.762333
Row_Buffer_Locality_write = 0.023077
Bank_Level_Parallism = 2.409262
Bank_Level_Parallism_Col = 1.743722
Bank_Level_Parallism_Ready = 1.235122
write_to_read_ratio_blp_rw_average = 0.063243
GrpLevelPara = 1.498887 

BW Util details:
bwutil = 0.263228 
total_CMD = 194569 
util_bw = 25608 
Wasted_Col = 47221 
Wasted_Row = 17607 
Idle = 104133 

BW Util Bottlenecks: 
RCDc_limit = 48617 
RCDWRc_limit = 1871 
WTRc_limit = 1257 
RTWc_limit = 3500 
CCDLc_limit = 16709 
rwq = 0 
CCDLc_limit_alone = 16292 
WTRc_limit_alone = 1135 
RTWc_limit_alone = 3205 

Commands details: 
total_CMD = 194569 
n_nop = 160443 
Read = 24568 
Write = 0 
L2_Alloc = 0 
L2_WB = 1040 
n_act = 6093 
n_pre = 6077 
n_ref = 0 
n_req = 24828 
total_req = 25608 

Dual Bus Interface Util: 
issued_total_row = 12170 
issued_total_col = 25608 
Row_Bus_Util =  0.062549 
CoL_Bus_Util = 0.131614 
Either_Row_CoL_Bus_Util = 0.175393 
Issued_on_Two_Bus_Simul_Util = 0.018770 
issued_two_Eff = 0.107015 
queue_avg = 4.183811 


dram_util_bins: 0 0 0 0 0 0 0 0 0 0
dram_eff_bins: 0 0 0 0 0 0 0 0 0 0
mrqq: max=117 avg=4.18381
Memory Partition 56: 
Cache L2_bank_112:
MSHR contents

Cache L2_bank_113:
MSHR contents

In Dram Latency Queue (total = 0): 
DRAM[56]: 16 bks, busW=8 BL=4 CL=12, tRRD=3 tCCD=1, tRCD=12 tRAS=28 tRP=12 tRC=40
n_cmd=194569 n_nop=160548 n_act=6096 n_pre=6080 n_ref_event=0 n_req=24824 n_rd=24568 n_rd_L2_A=0 n_write=0 n_wr_bk=1024 bw_util=0.2631
n_activity=104053 dram_eff=0.4919
bk0: 1560a 182180i bk1: 1560a 182122i bk2: 1552a 182157i bk3: 1552a 182174i bk4: 1520a 182443i bk5: 1520a 182477i bk6: 1520a 182150i bk7: 1520a 182325i bk8: 1520a 182669i bk9: 1520a 182596i bk10: 1520a 182358i bk11: 1520a 182263i bk12: 1532a 182857i bk13: 1532a 182676i bk14: 1560a 182812i bk15: 1560a 182864i 

------------------------------------------------------------------------

Row_Buffer_Locality = 0.754431
Row_Buffer_Locality_read = 0.762007
Row_Buffer_Locality_write = 0.027344
Bank_Level_Parallism = 2.451102
Bank_Level_Parallism_Col = 1.782040
Bank_Level_Parallism_Ready = 1.258714
write_to_read_ratio_blp_rw_average = 0.063376
GrpLevelPara = 1.514721 

BW Util details:
bwutil = 0.263063 
total_CMD = 194569 
util_bw = 25592 
Wasted_Col = 46092 
Wasted_Row = 17584 
Idle = 105301 

BW Util Bottlenecks: 
RCDc_limit = 47708 
RCDWRc_limit = 1837 
WTRc_limit = 1203 
RTWc_limit = 3231 
CCDLc_limit = 16577 
rwq = 0 
CCDLc_limit_alone = 16231 
WTRc_limit_alone = 1131 
RTWc_limit_alone = 2957 

Commands details: 
total_CMD = 194569 
n_nop = 160548 
Read = 24568 
Write = 0 
L2_Alloc = 0 
L2_WB = 1024 
n_act = 6096 
n_pre = 6080 
n_ref = 0 
n_req = 24824 
total_req = 25592 

Dual Bus Interface Util: 
issued_total_row = 12176 
issued_total_col = 25592 
Row_Bus_Util =  0.062579 
CoL_Bus_Util = 0.131532 
Either_Row_CoL_Bus_Util = 0.174853 
Issued_on_Two_Bus_Simul_Util = 0.019258 
issued_two_Eff = 0.110138 
queue_avg = 4.066485 


dram_util_bins: 0 0 0 0 0 0 0 0 0 0
dram_eff_bins: 0 0 0 0 0 0 0 0 0 0
mrqq: max=116 avg=4.06649
Memory Partition 57: 
Cache L2_bank_114:
MSHR contents

Cache L2_bank_115:
MSHR contents

In Dram Latency Queue (total = 0): 
DRAM[57]: 16 bks, busW=8 BL=4 CL=12, tRRD=3 tCCD=1, tRCD=12 tRAS=28 tRP=12 tRC=40
n_cmd=194569 n_nop=160556 n_act=6107 n_pre=6091 n_ref_event=0 n_req=24818 n_rd=24568 n_rd_L2_A=0 n_write=0 n_wr_bk=1000 bw_util=0.2628
n_activity=104421 dram_eff=0.4897
bk0: 1560a 181908i bk1: 1560a 182129i bk2: 1552a 181894i bk3: 1552a 182075i bk4: 1520a 182337i bk5: 1520a 182313i bk6: 1520a 182149i bk7: 1520a 182034i bk8: 1520a 182407i bk9: 1520a 182576i bk10: 1520a 182364i bk11: 1520a 182262i bk12: 1532a 182705i bk13: 1532a 182873i bk14: 1560a 182684i bk15: 1560a 182762i 

------------------------------------------------------------------------

Row_Buffer_Locality = 0.753929
Row_Buffer_Locality_read = 0.761478
Row_Buffer_Locality_write = 0.012000
Bank_Level_Parallism = 2.462083
Bank_Level_Parallism_Col = 1.786461
Bank_Level_Parallism_Ready = 1.271433
write_to_read_ratio_blp_rw_average = 0.061878
GrpLevelPara = 1.508107 

BW Util details:
bwutil = 0.262817 
total_CMD = 194569 
util_bw = 25568 
Wasted_Col = 46367 
Wasted_Row = 17603 
Idle = 105031 

BW Util Bottlenecks: 
RCDc_limit = 48043 
RCDWRc_limit = 1861 
WTRc_limit = 1217 
RTWc_limit = 3308 
CCDLc_limit = 16535 
rwq = 0 
CCDLc_limit_alone = 16181 
WTRc_limit_alone = 1123 
RTWc_limit_alone = 3048 

Commands details: 
total_CMD = 194569 
n_nop = 160556 
Read = 24568 
Write = 0 
L2_Alloc = 0 
L2_WB = 1000 
n_act = 6107 
n_pre = 6091 
n_ref = 0 
n_req = 24818 
total_req = 25568 

Dual Bus Interface Util: 
issued_total_row = 12198 
issued_total_col = 25568 
Row_Bus_Util =  0.062692 
CoL_Bus_Util = 0.131408 
Either_Row_CoL_Bus_Util = 0.174812 
Issued_on_Two_Bus_Simul_Util = 0.019289 
issued_two_Eff = 0.110340 
queue_avg = 4.085743 


dram_util_bins: 0 0 0 0 0 0 0 0 0 0
dram_eff_bins: 0 0 0 0 0 0 0 0 0 0
mrqq: max=123 avg=4.08574
Memory Partition 58: 
Cache L2_bank_116:
MSHR contents

Cache L2_bank_117:
MSHR contents

In Dram Latency Queue (total = 0): 
DRAM[58]: 16 bks, busW=8 BL=4 CL=12, tRRD=3 tCCD=1, tRCD=12 tRAS=28 tRP=12 tRC=40
n_cmd=194569 n_nop=160548 n_act=6101 n_pre=6085 n_ref_event=0 n_req=24821 n_rd=24568 n_rd_L2_A=0 n_write=0 n_wr_bk=1012 bw_util=0.2629
n_activity=104466 dram_eff=0.4897
bk0: 1560a 182051i bk1: 1560a 182224i bk2: 1552a 182033i bk3: 1552a 182109i bk4: 1520a 182347i bk5: 1520a 182173i bk6: 1520a 182471i bk7: 1520a 182288i bk8: 1520a 182584i bk9: 1520a 182434i bk10: 1520a 182557i bk11: 1520a 182646i bk12: 1532a 182316i bk13: 1532a 182593i bk14: 1560a 182768i bk15: 1560a 182648i 

------------------------------------------------------------------------

Row_Buffer_Locality = 0.754200
Row_Buffer_Locality_read = 0.761926
Row_Buffer_Locality_write = 0.003953
Bank_Level_Parallism = 2.455629
Bank_Level_Parallism_Col = 1.782560
Bank_Level_Parallism_Ready = 1.272244
write_to_read_ratio_blp_rw_average = 0.061731
GrpLevelPara = 1.513332 

BW Util details:
bwutil = 0.262940 
total_CMD = 194569 
util_bw = 25580 
Wasted_Col = 46380 
Wasted_Row = 17501 
Idle = 105108 

BW Util Bottlenecks: 
RCDc_limit = 48094 
RCDWRc_limit = 1850 
WTRc_limit = 1229 
RTWc_limit = 3289 
CCDLc_limit = 16364 
rwq = 0 
CCDLc_limit_alone = 16058 
WTRc_limit_alone = 1143 
RTWc_limit_alone = 3069 

Commands details: 
total_CMD = 194569 
n_nop = 160548 
Read = 24568 
Write = 0 
L2_Alloc = 0 
L2_WB = 1012 
n_act = 6101 
n_pre = 6085 
n_ref = 0 
n_req = 24821 
total_req = 25580 

Dual Bus Interface Util: 
issued_total_row = 12186 
issued_total_col = 25580 
Row_Bus_Util =  0.062631 
CoL_Bus_Util = 0.131470 
Either_Row_CoL_Bus_Util = 0.174853 
Issued_on_Two_Bus_Simul_Util = 0.019248 
issued_two_Eff = 0.110079 
queue_avg = 4.161968 


dram_util_bins: 0 0 0 0 0 0 0 0 0 0
dram_eff_bins: 0 0 0 0 0 0 0 0 0 0
mrqq: max=126 avg=4.16197
Memory Partition 59: 
Cache L2_bank_118:
MSHR contents

Cache L2_bank_119:
MSHR contents

In Dram Latency Queue (total = 0): 
DRAM[59]: 16 bks, busW=8 BL=4 CL=12, tRRD=3 tCCD=1, tRCD=12 tRAS=28 tRP=12 tRC=40
n_cmd=194569 n_nop=160539 n_act=6098 n_pre=6082 n_ref_event=0 n_req=24825 n_rd=24568 n_rd_L2_A=0 n_write=0 n_wr_bk=1028 bw_util=0.2631
n_activity=105484 dram_eff=0.4853
bk0: 1560a 182178i bk1: 1560a 182358i bk2: 1552a 182078i bk3: 1552a 182090i bk4: 1520a 182323i bk5: 1520a 182150i bk6: 1520a 182624i bk7: 1520a 182509i bk8: 1520a 182554i bk9: 1520a 182593i bk10: 1520a 182229i bk11: 1520a 182284i bk12: 1532a 182582i bk13: 1532a 182501i bk14: 1560a 182744i bk15: 1560a 182720i 

------------------------------------------------------------------------

Row_Buffer_Locality = 0.754360
Row_Buffer_Locality_read = 0.762130
Row_Buffer_Locality_write = 0.011673
Bank_Level_Parallism = 2.431751
Bank_Level_Parallism_Col = 1.773803
Bank_Level_Parallism_Ready = 1.269378
write_to_read_ratio_blp_rw_average = 0.059629
GrpLevelPara = 1.503250 

BW Util details:
bwutil = 0.263105 
total_CMD = 194569 
util_bw = 25596 
Wasted_Col = 46904 
Wasted_Row = 17728 
Idle = 104341 

BW Util Bottlenecks: 
RCDc_limit = 48123 
RCDWRc_limit = 1799 
WTRc_limit = 1169 
RTWc_limit = 3453 
CCDLc_limit = 16249 
rwq = 0 
CCDLc_limit_alone = 15840 
WTRc_limit_alone = 1033 
RTWc_limit_alone = 3180 

Commands details: 
total_CMD = 194569 
n_nop = 160539 
Read = 24568 
Write = 0 
L2_Alloc = 0 
L2_WB = 1028 
n_act = 6098 
n_pre = 6082 
n_ref = 0 
n_req = 24825 
total_req = 25596 

Dual Bus Interface Util: 
issued_total_row = 12180 
issued_total_col = 25596 
Row_Bus_Util =  0.062600 
CoL_Bus_Util = 0.131552 
Either_Row_CoL_Bus_Util = 0.174899 
Issued_on_Two_Bus_Simul_Util = 0.019253 
issued_two_Eff = 0.110079 
queue_avg = 4.064918 


dram_util_bins: 0 0 0 0 0 0 0 0 0 0
dram_eff_bins: 0 0 0 0 0 0 0 0 0 0
mrqq: max=128 avg=4.06492
Memory Partition 60: 
Cache L2_bank_120:
MSHR contents

Cache L2_bank_121:
MSHR contents

In Dram Latency Queue (total = 0): 
DRAM[60]: 16 bks, busW=8 BL=4 CL=12, tRRD=3 tCCD=1, tRCD=12 tRAS=28 tRP=12 tRC=40
n_cmd=194569 n_nop=160462 n_act=6100 n_pre=6084 n_ref_event=0 n_req=24820 n_rd=24568 n_rd_L2_A=0 n_write=0 n_wr_bk=1008 bw_util=0.2629
n_activity=105231 dram_eff=0.4861
bk0: 1560a 181910i bk1: 1560a 181937i bk2: 1552a 182432i bk3: 1552a 182444i bk4: 1520a 182886i bk5: 1520a 182796i bk6: 1520a 182735i bk7: 1520a 182630i bk8: 1520a 182601i bk9: 1520a 182542i bk10: 1520a 182601i bk11: 1520a 182933i bk12: 1532a 182485i bk13: 1532a 182666i bk14: 1560a 182217i bk15: 1560a 182562i 

------------------------------------------------------------------------

Row_Buffer_Locality = 0.754230
Row_Buffer_Locality_read = 0.761845
Row_Buffer_Locality_write = 0.011905
Bank_Level_Parallism = 2.402613
Bank_Level_Parallism_Col = 1.740883
Bank_Level_Parallism_Ready = 1.241789
write_to_read_ratio_blp_rw_average = 0.060960
GrpLevelPara = 1.492119 

BW Util details:
bwutil = 0.262899 
total_CMD = 194569 
util_bw = 25576 
Wasted_Col = 47320 
Wasted_Row = 17650 
Idle = 104023 

BW Util Bottlenecks: 
RCDc_limit = 48615 
RCDWRc_limit = 1882 
WTRc_limit = 1109 
RTWc_limit = 2934 
CCDLc_limit = 16545 
rwq = 0 
CCDLc_limit_alone = 16269 
WTRc_limit_alone = 1012 
RTWc_limit_alone = 2755 

Commands details: 
total_CMD = 194569 
n_nop = 160462 
Read = 24568 
Write = 0 
L2_Alloc = 0 
L2_WB = 1008 
n_act = 6100 
n_pre = 6084 
n_ref = 0 
n_req = 24820 
total_req = 25576 

Dual Bus Interface Util: 
issued_total_row = 12184 
issued_total_col = 25576 
Row_Bus_Util =  0.062620 
CoL_Bus_Util = 0.131450 
Either_Row_CoL_Bus_Util = 0.175295 
Issued_on_Two_Bus_Simul_Util = 0.018775 
issued_two_Eff = 0.107104 
queue_avg = 3.959865 


dram_util_bins: 0 0 0 0 0 0 0 0 0 0
dram_eff_bins: 0 0 0 0 0 0 0 0 0 0
mrqq: max=116 avg=3.95987
Memory Partition 61: 
Cache L2_bank_122:
MSHR contents

Cache L2_bank_123:
MSHR contents

In Dram Latency Queue (total = 0): 
DRAM[61]: 16 bks, busW=8 BL=4 CL=12, tRRD=3 tCCD=1, tRCD=12 tRAS=28 tRP=12 tRC=40
n_cmd=194569 n_nop=160394 n_act=6082 n_pre=6066 n_ref_event=0 n_req=24824 n_rd=24568 n_rd_L2_A=0 n_write=0 n_wr_bk=1024 bw_util=0.2631
n_activity=103831 dram_eff=0.493
bk0: 1560a 182341i bk1: 1560a 182378i bk2: 1552a 182418i bk3: 1552a 182617i bk4: 1520a 182683i bk5: 1520a 182648i bk6: 1520a 182638i bk7: 1520a 182670i bk8: 1520a 182548i bk9: 1520a 182646i bk10: 1520a 182872i bk11: 1520a 182679i bk12: 1532a 182279i bk13: 1532a 182333i bk14: 1560a 182594i bk15: 1560a 182585i 

------------------------------------------------------------------------

Row_Buffer_Locality = 0.754995
Row_Buffer_Locality_read = 0.762699
Row_Buffer_Locality_write = 0.015625
Bank_Level_Parallism = 2.423757
Bank_Level_Parallism_Col = 1.758382
Bank_Level_Parallism_Ready = 1.261175
write_to_read_ratio_blp_rw_average = 0.062561
GrpLevelPara = 1.513809 

BW Util details:
bwutil = 0.263063 
total_CMD = 194569 
util_bw = 25592 
Wasted_Col = 46660 
Wasted_Row = 17278 
Idle = 105039 

BW Util Bottlenecks: 
RCDc_limit = 48441 
RCDWRc_limit = 1881 
WTRc_limit = 1313 
RTWc_limit = 3072 
CCDLc_limit = 16237 
rwq = 0 
CCDLc_limit_alone = 15886 
WTRc_limit_alone = 1207 
RTWc_limit_alone = 2827 

Commands details: 
total_CMD = 194569 
n_nop = 160394 
Read = 24568 
Write = 0 
L2_Alloc = 0 
L2_WB = 1024 
n_act = 6082 
n_pre = 6066 
n_ref = 0 
n_req = 24824 
total_req = 25592 

Dual Bus Interface Util: 
issued_total_row = 12148 
issued_total_col = 25592 
Row_Bus_Util =  0.062435 
CoL_Bus_Util = 0.131532 
Either_Row_CoL_Bus_Util = 0.175645 
Issued_on_Two_Bus_Simul_Util = 0.018323 
issued_two_Eff = 0.104316 
queue_avg = 3.873484 


dram_util_bins: 0 0 0 0 0 0 0 0 0 0
dram_eff_bins: 0 0 0 0 0 0 0 0 0 0
mrqq: max=108 avg=3.87348
Memory Partition 62: 
Cache L2_bank_124:
MSHR contents

Cache L2_bank_125:
MSHR contents

In Dram Latency Queue (total = 0): 
DRAM[62]: 16 bks, busW=8 BL=4 CL=12, tRRD=3 tCCD=1, tRCD=12 tRAS=28 tRP=12 tRC=40
n_cmd=194569 n_nop=160409 n_act=6123 n_pre=6107 n_ref_event=0 n_req=24830 n_rd=24568 n_rd_L2_A=0 n_write=0 n_wr_bk=1048 bw_util=0.2633
n_activity=104679 dram_eff=0.4894
bk0: 1560a 182310i bk1: 1560a 182063i bk2: 1552a 182356i bk3: 1552a 182257i bk4: 1520a 182846i bk5: 1520a 182649i bk6: 1520a 182504i bk7: 1520a 182463i bk8: 1520a 182619i bk9: 1520a 182720i bk10: 1520a 182136i bk11: 1520a 182448i bk12: 1532a 182339i bk13: 1532a 182657i bk14: 1560a 182184i bk15: 1560a 182198i 

------------------------------------------------------------------------

Row_Buffer_Locality = 0.753403
Row_Buffer_Locality_read = 0.761234
Row_Buffer_Locality_write = 0.019084
Bank_Level_Parallism = 2.433604
Bank_Level_Parallism_Col = 1.768571
Bank_Level_Parallism_Ready = 1.261165
write_to_read_ratio_blp_rw_average = 0.062521
GrpLevelPara = 1.500078 

BW Util details:
bwutil = 0.263310 
total_CMD = 194569 
util_bw = 25616 
Wasted_Col = 46838 
Wasted_Row = 17612 
Idle = 104503 

BW Util Bottlenecks: 
RCDc_limit = 48524 
RCDWRc_limit = 1904 
WTRc_limit = 1314 
RTWc_limit = 3008 
CCDLc_limit = 16858 
rwq = 0 
CCDLc_limit_alone = 16436 
WTRc_limit_alone = 1137 
RTWc_limit_alone = 2763 

Commands details: 
total_CMD = 194569 
n_nop = 160409 
Read = 24568 
Write = 0 
L2_Alloc = 0 
L2_WB = 1048 
n_act = 6123 
n_pre = 6107 
n_ref = 0 
n_req = 24830 
total_req = 25616 

Dual Bus Interface Util: 
issued_total_row = 12230 
issued_total_col = 25616 
Row_Bus_Util =  0.062857 
CoL_Bus_Util = 0.131655 
Either_Row_CoL_Bus_Util = 0.175568 
Issued_on_Two_Bus_Simul_Util = 0.018944 
issued_two_Eff = 0.107904 
queue_avg = 3.986421 


dram_util_bins: 0 0 0 0 0 0 0 0 0 0
dram_eff_bins: 0 0 0 0 0 0 0 0 0 0
mrqq: max=110 avg=3.98642
Memory Partition 63: 
Cache L2_bank_126:
MSHR contents

Cache L2_bank_127:
MSHR contents

In Dram Latency Queue (total = 0): 
DRAM[63]: 16 bks, busW=8 BL=4 CL=12, tRRD=3 tCCD=1, tRCD=12 tRAS=28 tRP=12 tRC=40
n_cmd=194569 n_nop=160335 n_act=6107 n_pre=6091 n_ref_event=0 n_req=24827 n_rd=24568 n_rd_L2_A=0 n_write=0 n_wr_bk=1036 bw_util=0.2632
n_activity=105047 dram_eff=0.4875
bk0: 1560a 182113i bk1: 1560a 181715i bk2: 1552a 182436i bk3: 1552a 182480i bk4: 1520a 182640i bk5: 1520a 182856i bk6: 1520a 182427i bk7: 1520a 182781i bk8: 1520a 182679i bk9: 1520a 182461i bk10: 1520a 182492i bk11: 1520a 182697i bk12: 1532a 182566i bk13: 1532a 182651i bk14: 1560a 182010i bk15: 1560a 182412i 

------------------------------------------------------------------------

Row_Buffer_Locality = 0.754018
Row_Buffer_Locality_read = 0.761845
Row_Buffer_Locality_write = 0.011583
Bank_Level_Parallism = 2.413517
Bank_Level_Parallism_Col = 1.753881
Bank_Level_Parallism_Ready = 1.233752
write_to_read_ratio_blp_rw_average = 0.065857
GrpLevelPara = 1.504304 

BW Util details:
bwutil = 0.263187 
total_CMD = 194569 
util_bw = 25604 
Wasted_Col = 47131 
Wasted_Row = 17803 
Idle = 104031 

BW Util Bottlenecks: 
RCDc_limit = 48511 
RCDWRc_limit = 1934 
WTRc_limit = 1295 
RTWc_limit = 3560 
CCDLc_limit = 16758 
rwq = 0 
CCDLc_limit_alone = 16325 
WTRc_limit_alone = 1168 
RTWc_limit_alone = 3254 

Commands details: 
total_CMD = 194569 
n_nop = 160335 
Read = 24568 
Write = 0 
L2_Alloc = 0 
L2_WB = 1036 
n_act = 6107 
n_pre = 6091 
n_ref = 0 
n_req = 24827 
total_req = 25604 

Dual Bus Interface Util: 
issued_total_row = 12198 
issued_total_col = 25604 
Row_Bus_Util =  0.062692 
CoL_Bus_Util = 0.131593 
Either_Row_CoL_Bus_Util = 0.175948 
Issued_on_Two_Bus_Simul_Util = 0.018338 
issued_two_Eff = 0.104224 
queue_avg = 3.917284 


dram_util_bins: 0 0 0 0 0 0 0 0 0 0
dram_eff_bins: 0 0 0 0 0 0 0 0 0 0
mrqq: max=106 avg=3.91728
Memory Partition 64: 
Cache L2_bank_128:
MSHR contents

Cache L2_bank_129:
MSHR contents

In Dram Latency Queue (total = 0): 
DRAM[64]: 16 bks, busW=8 BL=4 CL=12, tRRD=3 tCCD=1, tRCD=12 tRAS=28 tRP=12 tRC=40
n_cmd=194569 n_nop=160537 n_act=6099 n_pre=6083 n_ref_event=0 n_req=24853 n_rd=24576 n_rd_L2_A=0 n_write=0 n_wr_bk=1108 bw_util=0.264
n_activity=104749 dram_eff=0.4904
bk0: 1560a 182001i bk1: 1560a 182120i bk2: 1536a 182361i bk3: 1536a 182493i bk4: 1520a 182405i bk5: 1520a 182671i bk6: 1520a 182706i bk7: 1520a 182756i bk8: 1520a 183248i bk9: 1520a 183129i bk10: 1520a 182438i bk11: 1520a 182540i bk12: 1552a 182065i bk13: 1552a 181939i bk14: 1560a 182185i bk15: 1560a 182344i 

------------------------------------------------------------------------

Row_Buffer_Locality = 0.754597
Row_Buffer_Locality_read = 0.762939
Row_Buffer_Locality_write = 0.014440
Bank_Level_Parallism = 2.428103
Bank_Level_Parallism_Col = 1.759230
Bank_Level_Parallism_Ready = 1.246613
write_to_read_ratio_blp_rw_average = 0.067450
GrpLevelPara = 1.502188 

BW Util details:
bwutil = 0.264009 
total_CMD = 194569 
util_bw = 25684 
Wasted_Col = 46777 
Wasted_Row = 17550 
Idle = 104558 

BW Util Bottlenecks: 
RCDc_limit = 47881 
RCDWRc_limit = 2051 
WTRc_limit = 1219 
RTWc_limit = 3312 
CCDLc_limit = 16804 
rwq = 0 
CCDLc_limit_alone = 16376 
WTRc_limit_alone = 1098 
RTWc_limit_alone = 3005 

Commands details: 
total_CMD = 194569 
n_nop = 160537 
Read = 24576 
Write = 0 
L2_Alloc = 0 
L2_WB = 1108 
n_act = 6099 
n_pre = 6083 
n_ref = 0 
n_req = 24853 
total_req = 25684 

Dual Bus Interface Util: 
issued_total_row = 12182 
issued_total_col = 25684 
Row_Bus_Util =  0.062610 
CoL_Bus_Util = 0.132005 
Either_Row_CoL_Bus_Util = 0.174910 
Issued_on_Two_Bus_Simul_Util = 0.019705 
issued_two_Eff = 0.112659 
queue_avg = 4.048615 


dram_util_bins: 0 0 0 0 0 0 0 0 0 0
dram_eff_bins: 0 0 0 0 0 0 0 0 0 0
mrqq: max=115 avg=4.04861
Memory Partition 65: 
Cache L2_bank_130:
MSHR contents

Cache L2_bank_131:
MSHR contents

In Dram Latency Queue (total = 0): 
DRAM[65]: 16 bks, busW=8 BL=4 CL=12, tRRD=3 tCCD=1, tRCD=12 tRAS=28 tRP=12 tRC=40
n_cmd=194569 n_nop=160457 n_act=6087 n_pre=6071 n_ref_event=0 n_req=24848 n_rd=24576 n_rd_L2_A=0 n_write=0 n_wr_bk=1088 bw_util=0.2638
n_activity=105574 dram_eff=0.4862
bk0: 1560a 181926i bk1: 1560a 181995i bk2: 1536a 182414i bk3: 1536a 182550i bk4: 1520a 182952i bk5: 1520a 182813i bk6: 1520a 182941i bk7: 1520a 182722i bk8: 1520a 183120i bk9: 1520a 183268i bk10: 1520a 182402i bk11: 1520a 182625i bk12: 1552a 182169i bk13: 1552a 182237i bk14: 1560a 182095i bk15: 1560a 182134i 

------------------------------------------------------------------------

Row_Buffer_Locality = 0.755031
Row_Buffer_Locality_read = 0.763265
Row_Buffer_Locality_write = 0.011029
Bank_Level_Parallism = 2.404112
Bank_Level_Parallism_Col = 1.744449
Bank_Level_Parallism_Ready = 1.252766
write_to_read_ratio_blp_rw_average = 0.065997
GrpLevelPara = 1.500847 

BW Util details:
bwutil = 0.263804 
total_CMD = 194569 
util_bw = 25664 
Wasted_Col = 47037 
Wasted_Row = 17806 
Idle = 104062 

BW Util Bottlenecks: 
RCDc_limit = 48022 
RCDWRc_limit = 2037 
WTRc_limit = 1175 
RTWc_limit = 3096 
CCDLc_limit = 16309 
rwq = 0 
CCDLc_limit_alone = 15951 
WTRc_limit_alone = 1088 
RTWc_limit_alone = 2825 

Commands details: 
total_CMD = 194569 
n_nop = 160457 
Read = 24576 
Write = 0 
L2_Alloc = 0 
L2_WB = 1088 
n_act = 6087 
n_pre = 6071 
n_ref = 0 
n_req = 24848 
total_req = 25664 

Dual Bus Interface Util: 
issued_total_row = 12158 
issued_total_col = 25664 
Row_Bus_Util =  0.062487 
CoL_Bus_Util = 0.131902 
Either_Row_CoL_Bus_Util = 0.175321 
Issued_on_Two_Bus_Simul_Util = 0.019068 
issued_two_Eff = 0.108759 
queue_avg = 4.017033 


dram_util_bins: 0 0 0 0 0 0 0 0 0 0
dram_eff_bins: 0 0 0 0 0 0 0 0 0 0
mrqq: max=114 avg=4.01703
Memory Partition 66: 
Cache L2_bank_132:
MSHR contents

Cache L2_bank_133:
MSHR contents

In Dram Latency Queue (total = 0): 
DRAM[66]: 16 bks, busW=8 BL=4 CL=12, tRRD=3 tCCD=1, tRCD=12 tRAS=28 tRP=12 tRC=40
n_cmd=194569 n_nop=160449 n_act=6088 n_pre=6072 n_ref_event=0 n_req=24847 n_rd=24576 n_rd_L2_A=0 n_write=0 n_wr_bk=1084 bw_util=0.2638
n_activity=104429 dram_eff=0.4914
bk0: 1560a 182148i bk1: 1560a 181976i bk2: 1536a 182230i bk3: 1536a 182282i bk4: 1520a 182499i bk5: 1520a 182930i bk6: 1520a 182631i bk7: 1520a 182586i bk8: 1520a 182826i bk9: 1520a 183060i bk10: 1520a 182681i bk11: 1520a 182598i bk12: 1552a 181839i bk13: 1552a 181925i bk14: 1560a 181964i bk15: 1560a 182080i 

------------------------------------------------------------------------

Row_Buffer_Locality = 0.754981
Row_Buffer_Locality_read = 0.763062
Row_Buffer_Locality_write = 0.022140
Bank_Level_Parallism = 2.439549
Bank_Level_Parallism_Col = 1.776327
Bank_Level_Parallism_Ready = 1.281021
write_to_read_ratio_blp_rw_average = 0.064882
GrpLevelPara = 1.506330 

BW Util details:
bwutil = 0.263762 
total_CMD = 194569 
util_bw = 25660 
Wasted_Col = 46704 
Wasted_Row = 17692 
Idle = 104513 

BW Util Bottlenecks: 
RCDc_limit = 47648 
RCDWRc_limit = 1982 
WTRc_limit = 1226 
RTWc_limit = 3383 
CCDLc_limit = 16300 
rwq = 0 
CCDLc_limit_alone = 15917 
WTRc_limit_alone = 1117 
RTWc_limit_alone = 3109 

Commands details: 
total_CMD = 194569 
n_nop = 160449 
Read = 24576 
Write = 0 
L2_Alloc = 0 
L2_WB = 1084 
n_act = 6088 
n_pre = 6072 
n_ref = 0 
n_req = 24847 
total_req = 25660 

Dual Bus Interface Util: 
issued_total_row = 12160 
issued_total_col = 25660 
Row_Bus_Util =  0.062497 
CoL_Bus_Util = 0.131881 
Either_Row_CoL_Bus_Util = 0.175362 
Issued_on_Two_Bus_Simul_Util = 0.019016 
issued_two_Eff = 0.108441 
queue_avg = 4.118092 


dram_util_bins: 0 0 0 0 0 0 0 0 0 0
dram_eff_bins: 0 0 0 0 0 0 0 0 0 0
mrqq: max=115 avg=4.11809
Memory Partition 67: 
Cache L2_bank_134:
MSHR contents

Cache L2_bank_135:
MSHR contents

In Dram Latency Queue (total = 0): 
DRAM[67]: 16 bks, busW=8 BL=4 CL=12, tRRD=3 tCCD=1, tRCD=12 tRAS=28 tRP=12 tRC=40
n_cmd=194569 n_nop=160380 n_act=6121 n_pre=6105 n_ref_event=0 n_req=24865 n_rd=24576 n_rd_L2_A=0 n_write=0 n_wr_bk=1156 bw_util=0.2645
n_activity=105416 dram_eff=0.4882
bk0: 1560a 182205i bk1: 1560a 182208i bk2: 1536a 182197i bk3: 1536a 182277i bk4: 1520a 182697i bk5: 1520a 182370i bk6: 1520a 182701i bk7: 1520a 182532i bk8: 1520a 183074i bk9: 1520a 183020i bk10: 1520a 182391i bk11: 1520a 182371i bk12: 1552a 182006i bk13: 1552a 181997i bk14: 1560a 182125i bk15: 1560a 182316i 

------------------------------------------------------------------------

Row_Buffer_Locality = 0.753831
Row_Buffer_Locality_read = 0.762370
Row_Buffer_Locality_write = 0.027682
Bank_Level_Parallism = 2.433497
Bank_Level_Parallism_Col = 1.769870
Bank_Level_Parallism_Ready = 1.263407
write_to_read_ratio_blp_rw_average = 0.071475
GrpLevelPara = 1.507017 

BW Util details:
bwutil = 0.264503 
total_CMD = 194569 
util_bw = 25732 
Wasted_Col = 46816 
Wasted_Row = 17644 
Idle = 104377 

BW Util Bottlenecks: 
RCDc_limit = 47944 
RCDWRc_limit = 2119 
WTRc_limit = 1126 
RTWc_limit = 3543 
CCDLc_limit = 16646 
rwq = 0 
CCDLc_limit_alone = 16254 
WTRc_limit_alone = 1033 
RTWc_limit_alone = 3244 

Commands details: 
total_CMD = 194569 
n_nop = 160380 
Read = 24576 
Write = 0 
L2_Alloc = 0 
L2_WB = 1156 
n_act = 6121 
n_pre = 6105 
n_ref = 0 
n_req = 24865 
total_req = 25732 

Dual Bus Interface Util: 
issued_total_row = 12226 
issued_total_col = 25732 
Row_Bus_Util =  0.062836 
CoL_Bus_Util = 0.132251 
Either_Row_CoL_Bus_Util = 0.175717 
Issued_on_Two_Bus_Simul_Util = 0.019371 
issued_two_Eff = 0.110240 
queue_avg = 4.106605 


dram_util_bins: 0 0 0 0 0 0 0 0 0 0
dram_eff_bins: 0 0 0 0 0 0 0 0 0 0
mrqq: max=124 avg=4.10661
Memory Partition 68: 
Cache L2_bank_136:
MSHR contents

Cache L2_bank_137:
MSHR contents

In Dram Latency Queue (total = 0): 
DRAM[68]: 16 bks, busW=8 BL=4 CL=12, tRRD=3 tCCD=1, tRCD=12 tRAS=28 tRP=12 tRC=40
n_cmd=194569 n_nop=160535 n_act=6092 n_pre=6076 n_ref_event=0 n_req=24817 n_rd=24576 n_rd_L2_A=0 n_write=0 n_wr_bk=964 bw_util=0.2625
n_activity=104934 dram_eff=0.4868
bk0: 1560a 182420i bk1: 1560a 182387i bk2: 1536a 182799i bk3: 1536a 182426i bk4: 1520a 182135i bk5: 1520a 182549i bk6: 1520a 182454i bk7: 1520a 182358i bk8: 1520a 182370i bk9: 1520a 182521i bk10: 1520a 182756i bk11: 1520a 182929i bk12: 1552a 182052i bk13: 1552a 182023i bk14: 1560a 182452i bk15: 1560a 182784i 

------------------------------------------------------------------------

Row_Buffer_Locality = 0.754523
Row_Buffer_Locality_read = 0.761841
Row_Buffer_Locality_write = 0.008299
Bank_Level_Parallism = 2.429167
Bank_Level_Parallism_Col = 1.761579
Bank_Level_Parallism_Ready = 1.269107
write_to_read_ratio_blp_rw_average = 0.058967
GrpLevelPara = 1.494760 

BW Util details:
bwutil = 0.262529 
total_CMD = 194569 
util_bw = 25540 
Wasted_Col = 47066 
Wasted_Row = 17345 
Idle = 104618 

BW Util Bottlenecks: 
RCDc_limit = 48602 
RCDWRc_limit = 1790 
WTRc_limit = 1001 
RTWc_limit = 3094 
CCDLc_limit = 16787 
rwq = 0 
CCDLc_limit_alone = 16485 
WTRc_limit_alone = 913 
RTWc_limit_alone = 2880 

Commands details: 
total_CMD = 194569 
n_nop = 160535 
Read = 24576 
Write = 0 
L2_Alloc = 0 
L2_WB = 964 
n_act = 6092 
n_pre = 6076 
n_ref = 0 
n_req = 24817 
total_req = 25540 

Dual Bus Interface Util: 
issued_total_row = 12168 
issued_total_col = 25540 
Row_Bus_Util =  0.062538 
CoL_Bus_Util = 0.131264 
Either_Row_CoL_Bus_Util = 0.174920 
Issued_on_Two_Bus_Simul_Util = 0.018883 
issued_two_Eff = 0.107951 
queue_avg = 4.027821 


dram_util_bins: 0 0 0 0 0 0 0 0 0 0
dram_eff_bins: 0 0 0 0 0 0 0 0 0 0
mrqq: max=125 avg=4.02782
Memory Partition 69: 
Cache L2_bank_138:
MSHR contents

Cache L2_bank_139:
MSHR contents

In Dram Latency Queue (total = 0): 
DRAM[69]: 16 bks, busW=8 BL=4 CL=12, tRRD=3 tCCD=1, tRCD=12 tRAS=28 tRP=12 tRC=40
n_cmd=194569 n_nop=160630 n_act=6067 n_pre=6051 n_ref_event=0 n_req=24798 n_rd=24576 n_rd_L2_A=0 n_write=0 n_wr_bk=888 bw_util=0.2617
n_activity=104914 dram_eff=0.4854
bk0: 1560a 182260i bk1: 1560a 182386i bk2: 1536a 182598i bk3: 1536a 182384i bk4: 1520a 182213i bk5: 1520a 182453i bk6: 1520a 182565i bk7: 1520a 182841i bk8: 1520a 182275i bk9: 1520a 182510i bk10: 1520a 182647i bk11: 1520a 182734i bk12: 1552a 182432i bk13: 1552a 182352i bk14: 1560a 182493i bk15: 1560a 182574i 

------------------------------------------------------------------------

Row_Buffer_Locality = 0.755343
Row_Buffer_Locality_read = 0.762126
Row_Buffer_Locality_write = 0.004505
Bank_Level_Parallism = 2.424089
Bank_Level_Parallism_Col = 1.768504
Bank_Level_Parallism_Ready = 1.278393
write_to_read_ratio_blp_rw_average = 0.054784
GrpLevelPara = 1.500617 

BW Util details:
bwutil = 0.261748 
total_CMD = 194569 
util_bw = 25464 
Wasted_Col = 46858 
Wasted_Row = 17685 
Idle = 104562 

BW Util Bottlenecks: 
RCDc_limit = 48667 
RCDWRc_limit = 1645 
WTRc_limit = 973 
RTWc_limit = 3381 
CCDLc_limit = 16657 
rwq = 0 
CCDLc_limit_alone = 16278 
WTRc_limit_alone = 895 
RTWc_limit_alone = 3080 

Commands details: 
total_CMD = 194569 
n_nop = 160630 
Read = 24576 
Write = 0 
L2_Alloc = 0 
L2_WB = 888 
n_act = 6067 
n_pre = 6051 
n_ref = 0 
n_req = 24798 
total_req = 25464 

Dual Bus Interface Util: 
issued_total_row = 12118 
issued_total_col = 25464 
Row_Bus_Util =  0.062281 
CoL_Bus_Util = 0.130874 
Either_Row_CoL_Bus_Util = 0.174432 
Issued_on_Two_Bus_Simul_Util = 0.018723 
issued_two_Eff = 0.107340 
queue_avg = 3.987835 


dram_util_bins: 0 0 0 0 0 0 0 0 0 0
dram_eff_bins: 0 0 0 0 0 0 0 0 0 0
mrqq: max=116 avg=3.98783
Memory Partition 70: 
Cache L2_bank_140:
MSHR contents

Cache L2_bank_141:
MSHR contents

In Dram Latency Queue (total = 0): 
DRAM[70]: 16 bks, busW=8 BL=4 CL=12, tRRD=3 tCCD=1, tRCD=12 tRAS=28 tRP=12 tRC=40
n_cmd=194569 n_nop=160404 n_act=6088 n_pre=6072 n_ref_event=0 n_req=24821 n_rd=24576 n_rd_L2_A=0 n_write=0 n_wr_bk=980 bw_util=0.2627
n_activity=105780 dram_eff=0.4832
bk0: 1560a 182057i bk1: 1560a 182424i bk2: 1536a 182350i bk3: 1536a 182409i bk4: 1520a 182594i bk5: 1520a 182292i bk6: 1520a 182651i bk7: 1520a 182832i bk8: 1520a 182646i bk9: 1520a 183027i bk10: 1520a 182627i bk11: 1520a 182296i bk12: 1552a 182662i bk13: 1552a 182489i bk14: 1560a 182507i bk15: 1560a 182507i 

------------------------------------------------------------------------

Row_Buffer_Locality = 0.754724
Row_Buffer_Locality_read = 0.762085
Row_Buffer_Locality_write = 0.016327
Bank_Level_Parallism = 2.393792
Bank_Level_Parallism_Col = 1.740981
Bank_Level_Parallism_Ready = 1.242918
write_to_read_ratio_blp_rw_average = 0.055009
GrpLevelPara = 1.491104 

BW Util details:
bwutil = 0.262693 
total_CMD = 194569 
util_bw = 25556 
Wasted_Col = 47160 
Wasted_Row = 18167 
Idle = 103686 

BW Util Bottlenecks: 
RCDc_limit = 48748 
RCDWRc_limit = 1826 
WTRc_limit = 1118 
RTWc_limit = 2652 
CCDLc_limit = 16623 
rwq = 0 
CCDLc_limit_alone = 16308 
WTRc_limit_alone = 1020 
RTWc_limit_alone = 2435 

Commands details: 
total_CMD = 194569 
n_nop = 160404 
Read = 24576 
Write = 0 
L2_Alloc = 0 
L2_WB = 980 
n_act = 6088 
n_pre = 6072 
n_ref = 0 
n_req = 24821 
total_req = 25556 

Dual Bus Interface Util: 
issued_total_row = 12160 
issued_total_col = 25556 
Row_Bus_Util =  0.062497 
CoL_Bus_Util = 0.131347 
Either_Row_CoL_Bus_Util = 0.175593 
Issued_on_Two_Bus_Simul_Util = 0.018251 
issued_two_Eff = 0.103937 
queue_avg = 3.991972 


dram_util_bins: 0 0 0 0 0 0 0 0 0 0
dram_eff_bins: 0 0 0 0 0 0 0 0 0 0
mrqq: max=110 avg=3.99197
Memory Partition 71: 
Cache L2_bank_142:
MSHR contents

Cache L2_bank_143:
MSHR contents

In Dram Latency Queue (total = 0): 
DRAM[71]: 16 bks, busW=8 BL=4 CL=12, tRRD=3 tCCD=1, tRCD=12 tRAS=28 tRP=12 tRC=40
n_cmd=194569 n_nop=160584 n_act=6101 n_pre=6085 n_ref_event=0 n_req=24821 n_rd=24576 n_rd_L2_A=0 n_write=0 n_wr_bk=980 bw_util=0.2627
n_activity=104726 dram_eff=0.4881
bk0: 1560a 182000i bk1: 1560a 182453i bk2: 1536a 182439i bk3: 1536a 182505i bk4: 1520a 182163i bk5: 1520a 182165i bk6: 1520a 182794i bk7: 1520a 182529i bk8: 1520a 182813i bk9: 1520a 182785i bk10: 1520a 182820i bk11: 1520a 182689i bk12: 1552a 182337i bk13: 1552a 182306i bk14: 1560a 182645i bk15: 1560a 182606i 

------------------------------------------------------------------------

Row_Buffer_Locality = 0.754200
Row_Buffer_Locality_read = 0.761597
Row_Buffer_Locality_write = 0.012245
Bank_Level_Parallism = 2.422621
Bank_Level_Parallism_Col = 1.759965
Bank_Level_Parallism_Ready = 1.259822
write_to_read_ratio_blp_rw_average = 0.057295
GrpLevelPara = 1.502709 

BW Util details:
bwutil = 0.262693 
total_CMD = 194569 
util_bw = 25556 
Wasted_Col = 46652 
Wasted_Row = 17726 
Idle = 104635 

BW Util Bottlenecks: 
RCDc_limit = 48394 
RCDWRc_limit = 1833 
WTRc_limit = 1056 
RTWc_limit = 2773 
CCDLc_limit = 16567 
rwq = 0 
CCDLc_limit_alone = 16258 
WTRc_limit_alone = 962 
RTWc_limit_alone = 2558 

Commands details: 
total_CMD = 194569 
n_nop = 160584 
Read = 24576 
Write = 0 
L2_Alloc = 0 
L2_WB = 980 
n_act = 6101 
n_pre = 6085 
n_ref = 0 
n_req = 24821 
total_req = 25556 

Dual Bus Interface Util: 
issued_total_row = 12186 
issued_total_col = 25556 
Row_Bus_Util =  0.062631 
CoL_Bus_Util = 0.131347 
Either_Row_CoL_Bus_Util = 0.174668 
Issued_on_Two_Bus_Simul_Util = 0.019309 
issued_two_Eff = 0.110549 
queue_avg = 3.955276 


dram_util_bins: 0 0 0 0 0 0 0 0 0 0
dram_eff_bins: 0 0 0 0 0 0 0 0 0 0
mrqq: max=118 avg=3.95528
Memory Partition 72: 
Cache L2_bank_144:
MSHR contents

Cache L2_bank_145:
MSHR contents

In Dram Latency Queue (total = 0): 
DRAM[72]: 16 bks, busW=8 BL=4 CL=12, tRRD=3 tCCD=1, tRCD=12 tRAS=28 tRP=12 tRC=40
n_cmd=194569 n_nop=160289 n_act=6129 n_pre=6113 n_ref_event=0 n_req=24858 n_rd=24576 n_rd_L2_A=0 n_write=0 n_wr_bk=1128 bw_util=0.2642
n_activity=105418 dram_eff=0.4877
bk0: 1560a 182096i bk1: 1560a 182055i bk2: 1536a 182250i bk3: 1536a 182479i bk4: 1520a 182437i bk5: 1520a 182505i bk6: 1520a 182494i bk7: 1520a 182489i bk8: 1520a 182925i bk9: 1520a 183083i bk10: 1520a 182341i bk11: 1520a 182274i bk12: 1552a 182148i bk13: 1552a 182055i bk14: 1560a 182166i bk15: 1560a 182320i 

------------------------------------------------------------------------

Row_Buffer_Locality = 0.753440
Row_Buffer_Locality_read = 0.761963
Row_Buffer_Locality_write = 0.010638
Bank_Level_Parallism = 2.426304
Bank_Level_Parallism_Col = 1.770428
Bank_Level_Parallism_Ready = 1.259026
write_to_read_ratio_blp_rw_average = 0.069001
GrpLevelPara = 1.516690 

BW Util details:
bwutil = 0.264215 
total_CMD = 194569 
util_bw = 25704 
Wasted_Col = 46977 
Wasted_Row = 17928 
Idle = 103960 

BW Util Bottlenecks: 
RCDc_limit = 48323 
RCDWRc_limit = 2096 
WTRc_limit = 1242 
RTWc_limit = 3636 
CCDLc_limit = 16348 
rwq = 0 
CCDLc_limit_alone = 15943 
WTRc_limit_alone = 1121 
RTWc_limit_alone = 3352 

Commands details: 
total_CMD = 194569 
n_nop = 160289 
Read = 24576 
Write = 0 
L2_Alloc = 0 
L2_WB = 1128 
n_act = 6129 
n_pre = 6113 
n_ref = 0 
n_req = 24858 
total_req = 25704 

Dual Bus Interface Util: 
issued_total_row = 12242 
issued_total_col = 25704 
Row_Bus_Util =  0.062919 
CoL_Bus_Util = 0.132107 
Either_Row_CoL_Bus_Util = 0.176184 
Issued_on_Two_Bus_Simul_Util = 0.018842 
issued_two_Eff = 0.106943 
queue_avg = 3.977124 


dram_util_bins: 0 0 0 0 0 0 0 0 0 0
dram_eff_bins: 0 0 0 0 0 0 0 0 0 0
mrqq: max=100 avg=3.97712
Memory Partition 73: 
Cache L2_bank_146:
MSHR contents

Cache L2_bank_147:
MSHR contents

In Dram Latency Queue (total = 0): 
DRAM[73]: 16 bks, busW=8 BL=4 CL=12, tRRD=3 tCCD=1, tRCD=12 tRAS=28 tRP=12 tRC=40
n_cmd=194569 n_nop=160456 n_act=6127 n_pre=6111 n_ref_event=0 n_req=24854 n_rd=24576 n_rd_L2_A=0 n_write=0 n_wr_bk=1112 bw_util=0.2641
n_activity=104143 dram_eff=0.4933
bk0: 1560a 181811i bk1: 1560a 182021i bk2: 1536a 182169i bk3: 1536a 182493i bk4: 1520a 182344i bk5: 1520a 182621i bk6: 1520a 182589i bk7: 1520a 182439i bk8: 1520a 182876i bk9: 1520a 182951i bk10: 1520a 182491i bk11: 1520a 182217i bk12: 1552a 181854i bk13: 1552a 181875i bk14: 1560a 182091i bk15: 1560a 182075i 

------------------------------------------------------------------------

Row_Buffer_Locality = 0.753480
Row_Buffer_Locality_read = 0.761800
Row_Buffer_Locality_write = 0.017986
Bank_Level_Parallism = 2.470256
Bank_Level_Parallism_Col = 1.788336
Bank_Level_Parallism_Ready = 1.274175
write_to_read_ratio_blp_rw_average = 0.069046
GrpLevelPara = 1.508709 

BW Util details:
bwutil = 0.264050 
total_CMD = 194569 
util_bw = 25688 
Wasted_Col = 46562 
Wasted_Row = 17231 
Idle = 105088 

BW Util Bottlenecks: 
RCDc_limit = 47882 
RCDWRc_limit = 2030 
WTRc_limit = 936 
RTWc_limit = 3559 
CCDLc_limit = 16893 
rwq = 0 
CCDLc_limit_alone = 16517 
WTRc_limit_alone = 838 
RTWc_limit_alone = 3281 

Commands details: 
total_CMD = 194569 
n_nop = 160456 
Read = 24576 
Write = 0 
L2_Alloc = 0 
L2_WB = 1112 
n_act = 6127 
n_pre = 6111 
n_ref = 0 
n_req = 24854 
total_req = 25688 

Dual Bus Interface Util: 
issued_total_row = 12238 
issued_total_col = 25688 
Row_Bus_Util =  0.062898 
CoL_Bus_Util = 0.132025 
Either_Row_CoL_Bus_Util = 0.175326 
Issued_on_Two_Bus_Simul_Util = 0.019597 
issued_two_Eff = 0.111776 
queue_avg = 4.101665 


dram_util_bins: 0 0 0 0 0 0 0 0 0 0
dram_eff_bins: 0 0 0 0 0 0 0 0 0 0
mrqq: max=110 avg=4.10167
Memory Partition 74: 
Cache L2_bank_148:
MSHR contents

Cache L2_bank_149:
MSHR contents

In Dram Latency Queue (total = 0): 
DRAM[74]: 16 bks, busW=8 BL=4 CL=12, tRRD=3 tCCD=1, tRCD=12 tRAS=28 tRP=12 tRC=40
n_cmd=194569 n_nop=160481 n_act=6088 n_pre=6072 n_ref_event=0 n_req=24850 n_rd=24576 n_rd_L2_A=0 n_write=0 n_wr_bk=1096 bw_util=0.2639
n_activity=104560 dram_eff=0.491
bk0: 1560a 181951i bk1: 1560a 181834i bk2: 1536a 182233i bk3: 1536a 182545i bk4: 1520a 182642i bk5: 1520a 182841i bk6: 1520a 182582i bk7: 1520a 182865i bk8: 1520a 182834i bk9: 1520a 182987i bk10: 1520a 182615i bk11: 1520a 182919i bk12: 1552a 182108i bk13: 1552a 182170i bk14: 1560a 182510i bk15: 1560a 182333i 

------------------------------------------------------------------------

Row_Buffer_Locality = 0.755010
Row_Buffer_Locality_read = 0.762980
Row_Buffer_Locality_write = 0.040146
Bank_Level_Parallism = 2.422675
Bank_Level_Parallism_Col = 1.755861
Bank_Level_Parallism_Ready = 1.265854
write_to_read_ratio_blp_rw_average = 0.065432
GrpLevelPara = 1.494262 

BW Util details:
bwutil = 0.263886 
total_CMD = 194569 
util_bw = 25672 
Wasted_Col = 47050 
Wasted_Row = 17255 
Idle = 104592 

BW Util Bottlenecks: 
RCDc_limit = 47930 
RCDWRc_limit = 1982 
WTRc_limit = 1110 
RTWc_limit = 3141 
CCDLc_limit = 16803 
rwq = 0 
CCDLc_limit_alone = 16495 
WTRc_limit_alone = 1042 
RTWc_limit_alone = 2901 

Commands details: 
total_CMD = 194569 
n_nop = 160481 
Read = 24576 
Write = 0 
L2_Alloc = 0 
L2_WB = 1096 
n_act = 6088 
n_pre = 6072 
n_ref = 0 
n_req = 24850 
total_req = 25672 

Dual Bus Interface Util: 
issued_total_row = 12160 
issued_total_col = 25672 
Row_Bus_Util =  0.062497 
CoL_Bus_Util = 0.131943 
Either_Row_CoL_Bus_Util = 0.175197 
Issued_on_Two_Bus_Simul_Util = 0.019243 
issued_two_Eff = 0.109833 
queue_avg = 3.979303 


dram_util_bins: 0 0 0 0 0 0 0 0 0 0
dram_eff_bins: 0 0 0 0 0 0 0 0 0 0
mrqq: max=105 avg=3.9793
Memory Partition 75: 
Cache L2_bank_150:
MSHR contents

Cache L2_bank_151:
MSHR contents

In Dram Latency Queue (total = 0): 
DRAM[75]: 16 bks, busW=8 BL=4 CL=12, tRRD=3 tCCD=1, tRCD=12 tRAS=28 tRP=12 tRC=40
n_cmd=194569 n_nop=160355 n_act=6093 n_pre=6077 n_ref_event=0 n_req=24865 n_rd=24576 n_rd_L2_A=0 n_write=0 n_wr_bk=1156 bw_util=0.2645
n_activity=105167 dram_eff=0.4894
bk0: 1560a 181976i bk1: 1560a 182051i bk2: 1536a 182137i bk3: 1536a 182194i bk4: 1520a 182767i bk5: 1520a 182383i bk6: 1520a 182871i bk7: 1520a 182913i bk8: 1520a 182772i bk9: 1520a 183081i bk10: 1520a 182354i bk11: 1520a 182437i bk12: 1552a 182099i bk13: 1552a 182099i bk14: 1560a 182419i bk15: 1560a 182270i 

------------------------------------------------------------------------

Row_Buffer_Locality = 0.754957
Row_Buffer_Locality_read = 0.763631
Row_Buffer_Locality_write = 0.017301
Bank_Level_Parallism = 2.420406
Bank_Level_Parallism_Col = 1.761662
Bank_Level_Parallism_Ready = 1.260920
write_to_read_ratio_blp_rw_average = 0.070194
GrpLevelPara = 1.507012 

BW Util details:
bwutil = 0.264503 
total_CMD = 194569 
util_bw = 25732 
Wasted_Col = 47034 
Wasted_Row = 17775 
Idle = 104028 

BW Util Bottlenecks: 
RCDc_limit = 47937 
RCDWRc_limit = 2104 
WTRc_limit = 1191 
RTWc_limit = 3383 
CCDLc_limit = 16621 
rwq = 0 
CCDLc_limit_alone = 16290 
WTRc_limit_alone = 1098 
RTWc_limit_alone = 3145 

Commands details: 
total_CMD = 194569 
n_nop = 160355 
Read = 24576 
Write = 0 
L2_Alloc = 0 
L2_WB = 1156 
n_act = 6093 
n_pre = 6077 
n_ref = 0 
n_req = 24865 
total_req = 25732 

Dual Bus Interface Util: 
issued_total_row = 12170 
issued_total_col = 25732 
Row_Bus_Util =  0.062549 
CoL_Bus_Util = 0.132251 
Either_Row_CoL_Bus_Util = 0.175845 
Issued_on_Two_Bus_Simul_Util = 0.018955 
issued_two_Eff = 0.107792 
queue_avg = 4.054433 


dram_util_bins: 0 0 0 0 0 0 0 0 0 0
dram_eff_bins: 0 0 0 0 0 0 0 0 0 0
mrqq: max=104 avg=4.05443
Memory Partition 76: 
Cache L2_bank_152:
MSHR contents

Cache L2_bank_153:
MSHR contents

In Dram Latency Queue (total = 0): 
DRAM[76]: 16 bks, busW=8 BL=4 CL=12, tRRD=3 tCCD=1, tRCD=12 tRAS=28 tRP=12 tRC=40
n_cmd=194569 n_nop=160545 n_act=6073 n_pre=6057 n_ref_event=0 n_req=24807 n_rd=24576 n_rd_L2_A=0 n_write=0 n_wr_bk=924 bw_util=0.2621
n_activity=104597 dram_eff=0.4876
bk0: 1560a 182572i bk1: 1560a 182560i bk2: 1536a 182859i bk3: 1536a 182658i bk4: 1520a 182041i bk5: 1520a 182274i bk6: 1520a 182682i bk7: 1520a 182560i bk8: 1520a 182252i bk9: 1520a 182464i bk10: 1520a 182742i bk11: 1520a 182647i bk12: 1552a 182267i bk13: 1552a 182283i bk14: 1560a 182911i bk15: 1560a 182927i 

------------------------------------------------------------------------

Row_Buffer_Locality = 0.755190
Row_Buffer_Locality_read = 0.762166
Row_Buffer_Locality_write = 0.012987
Bank_Level_Parallism = 2.415292
Bank_Level_Parallism_Col = 1.757882
Bank_Level_Parallism_Ready = 1.273647
write_to_read_ratio_blp_rw_average = 0.056204
GrpLevelPara = 1.502826 

BW Util details:
bwutil = 0.262118 
total_CMD = 194569 
util_bw = 25500 
Wasted_Col = 46644 
Wasted_Row = 17788 
Idle = 104637 

BW Util Bottlenecks: 
RCDc_limit = 48483 
RCDWRc_limit = 1698 
WTRc_limit = 1150 
RTWc_limit = 2565 
CCDLc_limit = 16391 
rwq = 0 
CCDLc_limit_alone = 16127 
WTRc_limit_alone = 1067 
RTWc_limit_alone = 2384 

Commands details: 
total_CMD = 194569 
n_nop = 160545 
Read = 24576 
Write = 0 
L2_Alloc = 0 
L2_WB = 924 
n_act = 6073 
n_pre = 6057 
n_ref = 0 
n_req = 24807 
total_req = 25500 

Dual Bus Interface Util: 
issued_total_row = 12130 
issued_total_col = 25500 
Row_Bus_Util =  0.062343 
CoL_Bus_Util = 0.131059 
Either_Row_CoL_Bus_Util = 0.174869 
Issued_on_Two_Bus_Simul_Util = 0.018533 
issued_two_Eff = 0.105984 
queue_avg = 4.087080 


dram_util_bins: 0 0 0 0 0 0 0 0 0 0
dram_eff_bins: 0 0 0 0 0 0 0 0 0 0
mrqq: max=121 avg=4.08708
Memory Partition 77: 
Cache L2_bank_154:
MSHR contents

Cache L2_bank_155:
MSHR contents

In Dram Latency Queue (total = 0): 
DRAM[77]: 16 bks, busW=8 BL=4 CL=12, tRRD=3 tCCD=1, tRCD=12 tRAS=28 tRP=12 tRC=40
n_cmd=194569 n_nop=160682 n_act=6090 n_pre=6074 n_ref_event=0 n_req=24802 n_rd=24576 n_rd_L2_A=0 n_write=0 n_wr_bk=904 bw_util=0.2619
n_activity=104144 dram_eff=0.4893
bk0: 1560a 182318i bk1: 1560a 182274i bk2: 1536a 182782i bk3: 1536a 182505i bk4: 1520a 182254i bk5: 1520a 182250i bk6: 1520a 182728i bk7: 1520a 182616i bk8: 1520a 182243i bk9: 1520a 182684i bk10: 1520a 182775i bk11: 1520a 182933i bk12: 1552a 182242i bk13: 1552a 182178i bk14: 1560a 182697i bk15: 1560a 182711i 

------------------------------------------------------------------------

Row_Buffer_Locality = 0.754455
Row_Buffer_Locality_read = 0.761149
Row_Buffer_Locality_write = 0.026549
Bank_Level_Parallism = 2.425454
Bank_Level_Parallism_Col = 1.750358
Bank_Level_Parallism_Ready = 1.242896
write_to_read_ratio_blp_rw_average = 0.055997
GrpLevelPara = 1.495131 

BW Util details:
bwutil = 0.261912 
total_CMD = 194569 
util_bw = 25480 
Wasted_Col = 46896 
Wasted_Row = 17387 
Idle = 104806 

BW Util Bottlenecks: 
RCDc_limit = 48636 
RCDWRc_limit = 1613 
WTRc_limit = 1043 
RTWc_limit = 3108 
CCDLc_limit = 16583 
rwq = 0 
CCDLc_limit_alone = 16223 
WTRc_limit_alone = 935 
RTWc_limit_alone = 2856 

Commands details: 
total_CMD = 194569 
n_nop = 160682 
Read = 24576 
Write = 0 
L2_Alloc = 0 
L2_WB = 904 
n_act = 6090 
n_pre = 6074 
n_ref = 0 
n_req = 24802 
total_req = 25480 

Dual Bus Interface Util: 
issued_total_row = 12164 
issued_total_col = 25480 
Row_Bus_Util =  0.062518 
CoL_Bus_Util = 0.130956 
Either_Row_CoL_Bus_Util = 0.174164 
Issued_on_Two_Bus_Simul_Util = 0.019309 
issued_two_Eff = 0.110868 
queue_avg = 4.007427 


dram_util_bins: 0 0 0 0 0 0 0 0 0 0
dram_eff_bins: 0 0 0 0 0 0 0 0 0 0
mrqq: max=128 avg=4.00743
Memory Partition 78: 
Cache L2_bank_156:
MSHR contents

Cache L2_bank_157:
MSHR contents

In Dram Latency Queue (total = 0): 
DRAM[78]: 16 bks, busW=8 BL=4 CL=12, tRRD=3 tCCD=1, tRCD=12 tRAS=28 tRP=12 tRC=40
n_cmd=194569 n_nop=160516 n_act=6079 n_pre=6063 n_ref_event=0 n_req=24815 n_rd=24576 n_rd_L2_A=0 n_write=0 n_wr_bk=956 bw_util=0.2624
n_activity=104438 dram_eff=0.4889
bk0: 1560a 182319i bk1: 1560a 182342i bk2: 1536a 182571i bk3: 1536a 182490i bk4: 1520a 182429i bk5: 1520a 182340i bk6: 1520a 182699i bk7: 1520a 182731i bk8: 1520a 182388i bk9: 1520a 182732i bk10: 1520a 182627i bk11: 1520a 182872i bk12: 1552a 182459i bk13: 1552a 182330i bk14: 1560a 182644i bk15: 1560a 182942i 

------------------------------------------------------------------------

Row_Buffer_Locality = 0.755027
Row_Buffer_Locality_read = 0.762044
Row_Buffer_Locality_write = 0.033473
Bank_Level_Parallism = 2.414052
Bank_Level_Parallism_Col = 1.756729
Bank_Level_Parallism_Ready = 1.250157
write_to_read_ratio_blp_rw_average = 0.058020
GrpLevelPara = 1.500499 

BW Util details:
bwutil = 0.262447 
total_CMD = 194569 
util_bw = 25532 
Wasted_Col = 46491 
Wasted_Row = 17869 
Idle = 104677 

BW Util Bottlenecks: 
RCDc_limit = 48433 
RCDWRc_limit = 1715 
WTRc_limit = 934 
RTWc_limit = 2716 
CCDLc_limit = 16540 
rwq = 0 
CCDLc_limit_alone = 16234 
WTRc_limit_alone = 857 
RTWc_limit_alone = 2487 

Commands details: 
total_CMD = 194569 
n_nop = 160516 
Read = 24576 
Write = 0 
L2_Alloc = 0 
L2_WB = 956 
n_act = 6079 
n_pre = 6063 
n_ref = 0 
n_req = 24815 
total_req = 25532 

Dual Bus Interface Util: 
issued_total_row = 12142 
issued_total_col = 25532 
Row_Bus_Util =  0.062405 
CoL_Bus_Util = 0.131223 
Either_Row_CoL_Bus_Util = 0.175018 
Issued_on_Two_Bus_Simul_Util = 0.018610 
issued_two_Eff = 0.106334 
queue_avg = 3.957054 


dram_util_bins: 0 0 0 0 0 0 0 0 0 0
dram_eff_bins: 0 0 0 0 0 0 0 0 0 0
mrqq: max=117 avg=3.95705
Memory Partition 79: 
Cache L2_bank_158:
MSHR contents

Cache L2_bank_159:
MSHR contents

In Dram Latency Queue (total = 0): 
DRAM[79]: 16 bks, busW=8 BL=4 CL=12, tRRD=3 tCCD=1, tRCD=12 tRAS=28 tRP=12 tRC=40
n_cmd=194569 n_nop=160483 n_act=6109 n_pre=6093 n_ref_event=0 n_req=24820 n_rd=24576 n_rd_L2_A=0 n_write=0 n_wr_bk=976 bw_util=0.2627
n_activity=105054 dram_eff=0.4865
bk0: 1560a 182359i bk1: 1560a 182373i bk2: 1536a 182476i bk3: 1536a 182478i bk4: 1520a 182152i bk5: 1520a 182307i bk6: 1520a 182635i bk7: 1520a 182210i bk8: 1520a 182501i bk9: 1520a 182673i bk10: 1520a 182812i bk11: 1520a 182896i bk12: 1552a 182259i bk13: 1552a 182265i bk14: 1560a 182873i bk15: 1560a 182809i 

------------------------------------------------------------------------

Row_Buffer_Locality = 0.753868
Row_Buffer_Locality_read = 0.761312
Row_Buffer_Locality_write = 0.004098
Bank_Level_Parallism = 2.409508
Bank_Level_Parallism_Col = 1.745259
Bank_Level_Parallism_Ready = 1.239512
write_to_read_ratio_blp_rw_average = 0.057605
GrpLevelPara = 1.500007 

BW Util details:
bwutil = 0.262652 
total_CMD = 194569 
util_bw = 25552 
Wasted_Col = 47168 
Wasted_Row = 17691 
Idle = 104158 

BW Util Bottlenecks: 
RCDc_limit = 48727 
RCDWRc_limit = 1810 
WTRc_limit = 1060 
RTWc_limit = 3040 
CCDLc_limit = 16773 
rwq = 0 
CCDLc_limit_alone = 16437 
WTRc_limit_alone = 980 
RTWc_limit_alone = 2784 

Commands details: 
total_CMD = 194569 
n_nop = 160483 
Read = 24576 
Write = 0 
L2_Alloc = 0 
L2_WB = 976 
n_act = 6109 
n_pre = 6093 
n_ref = 0 
n_req = 24820 
total_req = 25552 

Dual Bus Interface Util: 
issued_total_row = 12202 
issued_total_col = 25552 
Row_Bus_Util =  0.062713 
CoL_Bus_Util = 0.131326 
Either_Row_CoL_Bus_Util = 0.175187 
Issued_on_Two_Bus_Simul_Util = 0.018852 
issued_two_Eff = 0.107610 
queue_avg = 4.021843 


dram_util_bins: 0 0 0 0 0 0 0 0 0 0
dram_eff_bins: 0 0 0 0 0 0 0 0 0 0
mrqq: max=128 avg=4.02184

========= L2 cache stats =========
L2_cache_bank[0]: Access = 41100, Miss = 34036, Miss_rate = 0.828, Pending_hits = 0, Reservation_fails = 0
L2_cache_bank[1]: Access = 41100, Miss = 34048, Miss_rate = 0.828, Pending_hits = 0, Reservation_fails = 0
L2_cache_bank[2]: Access = 41100, Miss = 34124, Miss_rate = 0.830, Pending_hits = 0, Reservation_fails = 0
L2_cache_bank[3]: Access = 41100, Miss = 34092, Miss_rate = 0.829, Pending_hits = 0, Reservation_fails = 0
L2_cache_bank[4]: Access = 41100, Miss = 33872, Miss_rate = 0.824, Pending_hits = 0, Reservation_fails = 0
L2_cache_bank[5]: Access = 41100, Miss = 33856, Miss_rate = 0.824, Pending_hits = 0, Reservation_fails = 0
L2_cache_bank[6]: Access = 41100, Miss = 33900, Miss_rate = 0.825, Pending_hits = 0, Reservation_fails = 0
L2_cache_bank[7]: Access = 41100, Miss = 33908, Miss_rate = 0.825, Pending_hits = 0, Reservation_fails = 0
L2_cache_bank[8]: Access = 41100, Miss = 34008, Miss_rate = 0.827, Pending_hits = 0, Reservation_fails = 0
L2_cache_bank[9]: Access = 41100, Miss = 34004, Miss_rate = 0.827, Pending_hits = 0, Reservation_fails = 0
L2_cache_bank[10]: Access = 41100, Miss = 34004, Miss_rate = 0.827, Pending_hits = 0, Reservation_fails = 0
L2_cache_bank[11]: Access = 41100, Miss = 34004, Miss_rate = 0.827, Pending_hits = 0, Reservation_fails = 0
L2_cache_bank[12]: Access = 41100, Miss = 33856, Miss_rate = 0.824, Pending_hits = 0, Reservation_fails = 0
L2_cache_bank[13]: Access = 41100, Miss = 33860, Miss_rate = 0.824, Pending_hits = 0, Reservation_fails = 0
L2_cache_bank[14]: Access = 41100, Miss = 33944, Miss_rate = 0.826, Pending_hits = 0, Reservation_fails = 0
L2_cache_bank[15]: Access = 41100, Miss = 33940, Miss_rate = 0.826, Pending_hits = 0, Reservation_fails = 0
L2_cache_bank[16]: Access = 41100, Miss = 34036, Miss_rate = 0.828, Pending_hits = 0, Reservation_fails = 0
L2_cache_bank[17]: Access = 41100, Miss = 34008, Miss_rate = 0.827, Pending_hits = 0, Reservation_fails = 0
L2_cache_bank[18]: Access = 41100, Miss = 34020, Miss_rate = 0.828, Pending_hits = 0, Reservation_fails = 0
L2_cache_bank[19]: Access = 41100, Miss = 34020, Miss_rate = 0.828, Pending_hits = 0, Reservation_fails = 0
L2_cache_bank[20]: Access = 41100, Miss = 33912, Miss_rate = 0.825, Pending_hits = 0, Reservation_fails = 0
L2_cache_bank[21]: Access = 41100, Miss = 33920, Miss_rate = 0.825, Pending_hits = 0, Reservation_fails = 0
L2_cache_bank[22]: Access = 41100, Miss = 33844, Miss_rate = 0.823, Pending_hits = 0, Reservation_fails = 0
L2_cache_bank[23]: Access = 41100, Miss = 33820, Miss_rate = 0.823, Pending_hits = 0, Reservation_fails = 0
L2_cache_bank[24]: Access = 41100, Miss = 34020, Miss_rate = 0.828, Pending_hits = 0, Reservation_fails = 0
L2_cache_bank[25]: Access = 41100, Miss = 34032, Miss_rate = 0.828, Pending_hits = 0, Reservation_fails = 0
L2_cache_bank[26]: Access = 41100, Miss = 34000, Miss_rate = 0.827, Pending_hits = 0, Reservation_fails = 0
L2_cache_bank[27]: Access = 41100, Miss = 34008, Miss_rate = 0.827, Pending_hits = 0, Reservation_fails = 0
L2_cache_bank[28]: Access = 41100, Miss = 33872, Miss_rate = 0.824, Pending_hits = 0, Reservation_fails = 0
L2_cache_bank[29]: Access = 41100, Miss = 33900, Miss_rate = 0.825, Pending_hits = 0, Reservation_fails = 0
L2_cache_bank[30]: Access = 41100, Miss = 33928, Miss_rate = 0.825, Pending_hits = 0, Reservation_fails = 0
L2_cache_bank[31]: Access = 41100, Miss = 33956, Miss_rate = 0.826, Pending_hits = 0, Reservation_fails = 0
L2_cache_bank[32]: Access = 41060, Miss = 33872, Miss_rate = 0.825, Pending_hits = 0, Reservation_fails = 0
L2_cache_bank[33]: Access = 41060, Miss = 33864, Miss_rate = 0.825, Pending_hits = 0, Reservation_fails = 0
L2_cache_bank[34]: Access = 41060, Miss = 33916, Miss_rate = 0.826, Pending_hits = 0, Reservation_fails = 0
L2_cache_bank[35]: Access = 41060, Miss = 33920, Miss_rate = 0.826, Pending_hits = 0, Reservation_fails = 0
L2_cache_bank[36]: Access = 41060, Miss = 33796, Miss_rate = 0.823, Pending_hits = 0, Reservation_fails = 0
L2_cache_bank[37]: Access = 41060, Miss = 33792, Miss_rate = 0.823, Pending_hits = 0, Reservation_fails = 0
L2_cache_bank[38]: Access = 41060, Miss = 33916, Miss_rate = 0.826, Pending_hits = 0, Reservation_fails = 0
L2_cache_bank[39]: Access = 41060, Miss = 33932, Miss_rate = 0.826, Pending_hits = 0, Reservation_fails = 0
L2_cache_bank[40]: Access = 41060, Miss = 33956, Miss_rate = 0.827, Pending_hits = 0, Reservation_fails = 0
L2_cache_bank[41]: Access = 41060, Miss = 33956, Miss_rate = 0.827, Pending_hits = 0, Reservation_fails = 0
L2_cache_bank[42]: Access = 41060, Miss = 34000, Miss_rate = 0.828, Pending_hits = 0, Reservation_fails = 0
L2_cache_bank[43]: Access = 41060, Miss = 33984, Miss_rate = 0.828, Pending_hits = 0, Reservation_fails = 0
L2_cache_bank[44]: Access = 41060, Miss = 33940, Miss_rate = 0.827, Pending_hits = 0, Reservation_fails = 0
L2_cache_bank[45]: Access = 41060, Miss = 33908, Miss_rate = 0.826, Pending_hits = 0, Reservation_fails = 0
L2_cache_bank[46]: Access = 41060, Miss = 33848, Miss_rate = 0.824, Pending_hits = 0, Reservation_fails = 0
L2_cache_bank[47]: Access = 41060, Miss = 33864, Miss_rate = 0.825, Pending_hits = 0, Reservation_fails = 0
L2_cache_bank[48]: Access = 41060, Miss = 33872, Miss_rate = 0.825, Pending_hits = 0, Reservation_fails = 0
L2_cache_bank[49]: Access = 41060, Miss = 33892, Miss_rate = 0.825, Pending_hits = 0, Reservation_fails = 0
L2_cache_bank[50]: Access = 41060, Miss = 33944, Miss_rate = 0.827, Pending_hits = 0, Reservation_fails = 0
L2_cache_bank[51]: Access = 41060, Miss = 33920, Miss_rate = 0.826, Pending_hits = 0, Reservation_fails = 0
L2_cache_bank[52]: Access = 41060, Miss = 33780, Miss_rate = 0.823, Pending_hits = 0, Reservation_fails = 0
L2_cache_bank[53]: Access = 41060, Miss = 33764, Miss_rate = 0.822, Pending_hits = 0, Reservation_fails = 0
L2_cache_bank[54]: Access = 41060, Miss = 33952, Miss_rate = 0.827, Pending_hits = 0, Reservation_fails = 0
L2_cache_bank[55]: Access = 41060, Miss = 33924, Miss_rate = 0.826, Pending_hits = 0, Reservation_fails = 0
L2_cache_bank[56]: Access = 41060, Miss = 33928, Miss_rate = 0.826, Pending_hits = 0, Reservation_fails = 0
L2_cache_bank[57]: Access = 41060, Miss = 33932, Miss_rate = 0.826, Pending_hits = 0, Reservation_fails = 0
L2_cache_bank[58]: Access = 41060, Miss = 33892, Miss_rate = 0.825, Pending_hits = 0, Reservation_fails = 0
L2_cache_bank[59]: Access = 41060, Miss = 33904, Miss_rate = 0.826, Pending_hits = 0, Reservation_fails = 0
L2_cache_bank[60]: Access = 41060, Miss = 33920, Miss_rate = 0.826, Pending_hits = 0, Reservation_fails = 0
L2_cache_bank[61]: Access = 41060, Miss = 33912, Miss_rate = 0.826, Pending_hits = 0, Reservation_fails = 0
L2_cache_bank[62]: Access = 41060, Miss = 33808, Miss_rate = 0.823, Pending_hits = 0, Reservation_fails = 0
L2_cache_bank[63]: Access = 41060, Miss = 33824, Miss_rate = 0.824, Pending_hits = 0, Reservation_fails = 0
L2_cache_bank[64]: Access = 41092, Miss = 34012, Miss_rate = 0.828, Pending_hits = 0, Reservation_fails = 0
L2_cache_bank[65]: Access = 41092, Miss = 34000, Miss_rate = 0.827, Pending_hits = 0, Reservation_fails = 0
L2_cache_bank[66]: Access = 41092, Miss = 33908, Miss_rate = 0.825, Pending_hits = 0, Reservation_fails = 0
L2_cache_bank[67]: Access = 41092, Miss = 33928, Miss_rate = 0.826, Pending_hits = 0, Reservation_fails = 0
L2_cache_bank[68]: Access = 41092, Miss = 33956, Miss_rate = 0.826, Pending_hits = 0, Reservation_fails = 0
L2_cache_bank[69]: Access = 41092, Miss = 33964, Miss_rate = 0.827, Pending_hits = 0, Reservation_fails = 0
L2_cache_bank[70]: Access = 41092, Miss = 33892, Miss_rate = 0.825, Pending_hits = 0, Reservation_fails = 0
L2_cache_bank[71]: Access = 41092, Miss = 33912, Miss_rate = 0.825, Pending_hits = 0, Reservation_fails = 0
L2_cache_bank[72]: Access = 41092, Miss = 33896, Miss_rate = 0.825, Pending_hits = 0, Reservation_fails = 0
L2_cache_bank[73]: Access = 41092, Miss = 33884, Miss_rate = 0.825, Pending_hits = 0, Reservation_fails = 0
L2_cache_bank[74]: Access = 41092, Miss = 33864, Miss_rate = 0.824, Pending_hits = 0, Reservation_fails = 0
L2_cache_bank[75]: Access = 41092, Miss = 33876, Miss_rate = 0.824, Pending_hits = 0, Reservation_fails = 0
L2_cache_bank[76]: Access = 41092, Miss = 33980, Miss_rate = 0.827, Pending_hits = 0, Reservation_fails = 0
L2_cache_bank[77]: Access = 41092, Miss = 33960, Miss_rate = 0.826, Pending_hits = 0, Reservation_fails = 0
L2_cache_bank[78]: Access = 41092, Miss = 34000, Miss_rate = 0.827, Pending_hits = 0, Reservation_fails = 0
L2_cache_bank[79]: Access = 41092, Miss = 33984, Miss_rate = 0.827, Pending_hits = 0, Reservation_fails = 0
L2_cache_bank[80]: Access = 41092, Miss = 33968, Miss_rate = 0.827, Pending_hits = 0, Reservation_fails = 0
L2_cache_bank[81]: Access = 41092, Miss = 33952, Miss_rate = 0.826, Pending_hits = 0, Reservation_fails = 0
L2_cache_bank[82]: Access = 41092, Miss = 33860, Miss_rate = 0.824, Pending_hits = 0, Reservation_fails = 0
L2_cache_bank[83]: Access = 41092, Miss = 33864, Miss_rate = 0.824, Pending_hits = 0, Reservation_fails = 0
L2_cache_bank[84]: Access = 41092, Miss = 33940, Miss_rate = 0.826, Pending_hits = 0, Reservation_fails = 0
L2_cache_bank[85]: Access = 41092, Miss = 33920, Miss_rate = 0.825, Pending_hits = 0, Reservation_fails = 0
L2_cache_bank[86]: Access = 41092, Miss = 33876, Miss_rate = 0.824, Pending_hits = 0, Reservation_fails = 0
L2_cache_bank[87]: Access = 41092, Miss = 33936, Miss_rate = 0.826, Pending_hits = 0, Reservation_fails = 0
L2_cache_bank[88]: Access = 41092, Miss = 33964, Miss_rate = 0.827, Pending_hits = 0, Reservation_fails = 0
L2_cache_bank[89]: Access = 41092, Miss = 33976, Miss_rate = 0.827, Pending_hits = 0, Reservation_fails = 0
L2_cache_bank[90]: Access = 41092, Miss = 33832, Miss_rate = 0.823, Pending_hits = 0, Reservation_fails = 0
L2_cache_bank[91]: Access = 41092, Miss = 33844, Miss_rate = 0.824, Pending_hits = 0, Reservation_fails = 0
L2_cache_bank[92]: Access = 41092, Miss = 33952, Miss_rate = 0.826, Pending_hits = 0, Reservation_fails = 0
L2_cache_bank[93]: Access = 41092, Miss = 33936, Miss_rate = 0.826, Pending_hits = 0, Reservation_fails = 0
L2_cache_bank[94]: Access = 41092, Miss = 33988, Miss_rate = 0.827, Pending_hits = 0, Reservation_fails = 0
L2_cache_bank[95]: Access = 41092, Miss = 33968, Miss_rate = 0.827, Pending_hits = 0, Reservation_fails = 0
L2_cache_bank[96]: Access = 20544, Miss = 16428, Miss_rate = 0.800, Pending_hits = 0, Reservation_fails = 0
L2_cache_bank[97]: Access = 20544, Miss = 16428, Miss_rate = 0.800, Pending_hits = 0, Reservation_fails = 0
L2_cache_bank[98]: Access = 20544, Miss = 16428, Miss_rate = 0.800, Pending_hits = 0, Reservation_fails = 0
L2_cache_bank[99]: Access = 20544, Miss = 16428, Miss_rate = 0.800, Pending_hits = 0, Reservation_fails = 0
L2_cache_bank[100]: Access = 20544, Miss = 16428, Miss_rate = 0.800, Pending_hits = 0, Reservation_fails = 0
L2_cache_bank[101]: Access = 20544, Miss = 16428, Miss_rate = 0.800, Pending_hits = 0, Reservation_fails = 0
L2_cache_bank[102]: Access = 20544, Miss = 16428, Miss_rate = 0.800, Pending_hits = 0, Reservation_fails = 0
L2_cache_bank[103]: Access = 20544, Miss = 16428, Miss_rate = 0.800, Pending_hits = 0, Reservation_fails = 0
L2_cache_bank[104]: Access = 20544, Miss = 16428, Miss_rate = 0.800, Pending_hits = 0, Reservation_fails = 0
L2_cache_bank[105]: Access = 20544, Miss = 16428, Miss_rate = 0.800, Pending_hits = 0, Reservation_fails = 0
L2_cache_bank[106]: Access = 20544, Miss = 16428, Miss_rate = 0.800, Pending_hits = 0, Reservation_fails = 0
L2_cache_bank[107]: Access = 20544, Miss = 16428, Miss_rate = 0.800, Pending_hits = 0, Reservation_fails = 0
L2_cache_bank[108]: Access = 20544, Miss = 16428, Miss_rate = 0.800, Pending_hits = 0, Reservation_fails = 0
L2_cache_bank[109]: Access = 20544, Miss = 16428, Miss_rate = 0.800, Pending_hits = 0, Reservation_fails = 0
L2_cache_bank[110]: Access = 20544, Miss = 16428, Miss_rate = 0.800, Pending_hits = 0, Reservation_fails = 0
L2_cache_bank[111]: Access = 20544, Miss = 16428, Miss_rate = 0.800, Pending_hits = 0, Reservation_fails = 0
L2_cache_bank[112]: Access = 20544, Miss = 16428, Miss_rate = 0.800, Pending_hits = 0, Reservation_fails = 0
L2_cache_bank[113]: Access = 20544, Miss = 16428, Miss_rate = 0.800, Pending_hits = 0, Reservation_fails = 0
L2_cache_bank[114]: Access = 20544, Miss = 16428, Miss_rate = 0.800, Pending_hits = 0, Reservation_fails = 0
L2_cache_bank[115]: Access = 20544, Miss = 16428, Miss_rate = 0.800, Pending_hits = 0, Reservation_fails = 0
L2_cache_bank[116]: Access = 20544, Miss = 16428, Miss_rate = 0.800, Pending_hits = 0, Reservation_fails = 0
L2_cache_bank[117]: Access = 20544, Miss = 16428, Miss_rate = 0.800, Pending_hits = 0, Reservation_fails = 0
L2_cache_bank[118]: Access = 20544, Miss = 16428, Miss_rate = 0.800, Pending_hits = 0, Reservation_fails = 0
L2_cache_bank[119]: Access = 20544, Miss = 16428, Miss_rate = 0.800, Pending_hits = 0, Reservation_fails = 0
L2_cache_bank[120]: Access = 20544, Miss = 16428, Miss_rate = 0.800, Pending_hits = 0, Reservation_fails = 0
L2_cache_bank[121]: Access = 20544, Miss = 16428, Miss_rate = 0.800, Pending_hits = 0, Reservation_fails = 0
L2_cache_bank[122]: Access = 20544, Miss = 16428, Miss_rate = 0.800, Pending_hits = 0, Reservation_fails = 0
L2_cache_bank[123]: Access = 20544, Miss = 16428, Miss_rate = 0.800, Pending_hits = 0, Reservation_fails = 0
L2_cache_bank[124]: Access = 20544, Miss = 16428, Miss_rate = 0.800, Pending_hits = 0, Reservation_fails = 0
L2_cache_bank[125]: Access = 20544, Miss = 16428, Miss_rate = 0.800, Pending_hits = 0, Reservation_fails = 0
L2_cache_bank[126]: Access = 20544, Miss = 16428, Miss_rate = 0.800, Pending_hits = 0, Reservation_fails = 0
L2_cache_bank[127]: Access = 20544, Miss = 16428, Miss_rate = 0.800, Pending_hits = 0, Reservation_fails = 0
L2_cache_bank[128]: Access = 20556, Miss = 16464, Miss_rate = 0.801, Pending_hits = 0, Reservation_fails = 0
L2_cache_bank[129]: Access = 20556, Miss = 16464, Miss_rate = 0.801, Pending_hits = 0, Reservation_fails = 0
L2_cache_bank[130]: Access = 20556, Miss = 16464, Miss_rate = 0.801, Pending_hits = 0, Reservation_fails = 0
L2_cache_bank[131]: Access = 20556, Miss = 16464, Miss_rate = 0.801, Pending_hits = 0, Reservation_fails = 0
L2_cache_bank[132]: Access = 20556, Miss = 16464, Miss_rate = 0.801, Pending_hits = 0, Reservation_fails = 0
L2_cache_bank[133]: Access = 20556, Miss = 16464, Miss_rate = 0.801, Pending_hits = 0, Reservation_fails = 0
L2_cache_bank[134]: Access = 20556, Miss = 16464, Miss_rate = 0.801, Pending_hits = 0, Reservation_fails = 0
L2_cache_bank[135]: Access = 20556, Miss = 16464, Miss_rate = 0.801, Pending_hits = 0, Reservation_fails = 0
L2_cache_bank[136]: Access = 20556, Miss = 16464, Miss_rate = 0.801, Pending_hits = 0, Reservation_fails = 0
L2_cache_bank[137]: Access = 20556, Miss = 16464, Miss_rate = 0.801, Pending_hits = 0, Reservation_fails = 0
L2_cache_bank[138]: Access = 20556, Miss = 16464, Miss_rate = 0.801, Pending_hits = 0, Reservation_fails = 0
L2_cache_bank[139]: Access = 20556, Miss = 16464, Miss_rate = 0.801, Pending_hits = 0, Reservation_fails = 0
L2_cache_bank[140]: Access = 20556, Miss = 16464, Miss_rate = 0.801, Pending_hits = 0, Reservation_fails = 0
L2_cache_bank[141]: Access = 20556, Miss = 16464, Miss_rate = 0.801, Pending_hits = 0, Reservation_fails = 0
L2_cache_bank[142]: Access = 20556, Miss = 16464, Miss_rate = 0.801, Pending_hits = 0, Reservation_fails = 0
L2_cache_bank[143]: Access = 20556, Miss = 16464, Miss_rate = 0.801, Pending_hits = 0, Reservation_fails = 0
L2_cache_bank[144]: Access = 20556, Miss = 16464, Miss_rate = 0.801, Pending_hits = 0, Reservation_fails = 0
L2_cache_bank[145]: Access = 20556, Miss = 16464, Miss_rate = 0.801, Pending_hits = 0, Reservation_fails = 0
L2_cache_bank[146]: Access = 20556, Miss = 16464, Miss_rate = 0.801, Pending_hits = 0, Reservation_fails = 0
L2_cache_bank[147]: Access = 20556, Miss = 16464, Miss_rate = 0.801, Pending_hits = 0, Reservation_fails = 0
L2_cache_bank[148]: Access = 20556, Miss = 16464, Miss_rate = 0.801, Pending_hits = 0, Reservation_fails = 0
L2_cache_bank[149]: Access = 20556, Miss = 16464, Miss_rate = 0.801, Pending_hits = 0, Reservation_fails = 0
L2_cache_bank[150]: Access = 20556, Miss = 16464, Miss_rate = 0.801, Pending_hits = 0, Reservation_fails = 0
L2_cache_bank[151]: Access = 20556, Miss = 16464, Miss_rate = 0.801, Pending_hits = 0, Reservation_fails = 0
L2_cache_bank[152]: Access = 20556, Miss = 16464, Miss_rate = 0.801, Pending_hits = 0, Reservation_fails = 0
L2_cache_bank[153]: Access = 20556, Miss = 16464, Miss_rate = 0.801, Pending_hits = 0, Reservation_fails = 0
L2_cache_bank[154]: Access = 20556, Miss = 16464, Miss_rate = 0.801, Pending_hits = 0, Reservation_fails = 0
L2_cache_bank[155]: Access = 20556, Miss = 16464, Miss_rate = 0.801, Pending_hits = 0, Reservation_fails = 0
L2_cache_bank[156]: Access = 20556, Miss = 16464, Miss_rate = 0.801, Pending_hits = 0, Reservation_fails = 0
L2_cache_bank[157]: Access = 20556, Miss = 16464, Miss_rate = 0.801, Pending_hits = 0, Reservation_fails = 0
L2_cache_bank[158]: Access = 20556, Miss = 16464, Miss_rate = 0.801, Pending_hits = 0, Reservation_fails = 0
L2_cache_bank[159]: Access = 20556, Miss = 16464, Miss_rate = 0.801, Pending_hits = 0, Reservation_fails = 0
L2_total_cache_accesses = 5259264
L2_total_cache_misses = 4309720
L2_total_cache_miss_rate = 0.8195
L2_total_cache_pending_hits = 0
L2_total_cache_reservation_fails = 0
L2_total_cache_breakdown:
	L2_cache_stats_breakdown[GLOBAL_ACC_R][HIT] = 0
	L2_cache_stats_breakdown[GLOBAL_ACC_R][HIT_RESERVED] = 0
	L2_cache_stats_breakdown[GLOBAL_ACC_R][MISS] = 0
	L2_cache_stats_breakdown[GLOBAL_ACC_R][RESERVATION_FAIL] = 0
	L2_cache_stats_breakdown[GLOBAL_ACC_R][SECTOR_MISS] = 0
	L2_cache_stats_breakdown[GLOBAL_ACC_R][MSHR_HIT] = 0
	L2_cache_stats_breakdown[LOCAL_ACC_R][HIT] = 0
	L2_cache_stats_breakdown[LOCAL_ACC_R][HIT_RESERVED] = 0
	L2_cache_stats_breakdown[LOCAL_ACC_R][MISS] = 0
	L2_cache_stats_breakdown[LOCAL_ACC_R][RESERVATION_FAIL] = 0
	L2_cache_stats_breakdown[LOCAL_ACC_R][SECTOR_MISS] = 0
	L2_cache_stats_breakdown[LOCAL_ACC_R][MSHR_HIT] = 0
	L2_cache_stats_breakdown[CONST_ACC_R][HIT] = 0
	L2_cache_stats_breakdown[CONST_ACC_R][HIT_RESERVED] = 0
	L2_cache_stats_breakdown[CONST_ACC_R][MISS] = 0
	L2_cache_stats_breakdown[CONST_ACC_R][RESERVATION_FAIL] = 0
	L2_cache_stats_breakdown[CONST_ACC_R][SECTOR_MISS] = 0
	L2_cache_stats_breakdown[CONST_ACC_R][MSHR_HIT] = 0
	L2_cache_stats_breakdown[TEXTURE_ACC_R][HIT] = 0
	L2_cache_stats_breakdown[TEXTURE_ACC_R][HIT_RESERVED] = 0
	L2_cache_stats_breakdown[TEXTURE_ACC_R][MISS] = 0
	L2_cache_stats_breakdown[TEXTURE_ACC_R][RESERVATION_FAIL] = 0
	L2_cache_stats_breakdown[TEXTURE_ACC_R][SECTOR_MISS] = 0
	L2_cache_stats_breakdown[TEXTURE_ACC_R][MSHR_HIT] = 0
	L2_cache_stats_breakdown[GLOBAL_ACC_W][HIT] = 0
	L2_cache_stats_breakdown[GLOBAL_ACC_W][HIT_RESERVED] = 0
	L2_cache_stats_breakdown[GLOBAL_ACC_W][MISS] = 266240
	L2_cache_stats_breakdown[GLOBAL_ACC_W][RESERVATION_FAIL] = 0
	L2_cache_stats_breakdown[GLOBAL_ACC_W][SECTOR_MISS] = 798720
	L2_cache_stats_breakdown[GLOBAL_ACC_W][MSHR_HIT] = 0
	L2_cache_stats_breakdown[GLOBAL_ACC_W][TOTAL_ACCESS] = 1064960
	L2_cache_stats_breakdown[LOCAL_ACC_W][HIT] = 0
	L2_cache_stats_breakdown[LOCAL_ACC_W][HIT_RESERVED] = 0
	L2_cache_stats_breakdown[LOCAL_ACC_W][MISS] = 0
	L2_cache_stats_breakdown[LOCAL_ACC_W][RESERVATION_FAIL] = 0
	L2_cache_stats_breakdown[LOCAL_ACC_W][SECTOR_MISS] = 0
	L2_cache_stats_breakdown[LOCAL_ACC_W][MSHR_HIT] = 0
	L2_cache_stats_breakdown[L1_WRBK_ACC][HIT] = 0
	L2_cache_stats_breakdown[L1_WRBK_ACC][HIT_RESERVED] = 0
	L2_cache_stats_breakdown[L1_WRBK_ACC][MISS] = 0
	L2_cache_stats_breakdown[L1_WRBK_ACC][RESERVATION_FAIL] = 0
	L2_cache_stats_breakdown[L1_WRBK_ACC][SECTOR_MISS] = 0
	L2_cache_stats_breakdown[L1_WRBK_ACC][MSHR_HIT] = 0
	L2_cache_stats_breakdown[L2_WRBK_ACC][HIT] = 0
	L2_cache_stats_breakdown[L2_WRBK_ACC][HIT_RESERVED] = 0
	L2_cache_stats_breakdown[L2_WRBK_ACC][MISS] = 0
	L2_cache_stats_breakdown[L2_WRBK_ACC][RESERVATION_FAIL] = 0
	L2_cache_stats_breakdown[L2_WRBK_ACC][SECTOR_MISS] = 0
	L2_cache_stats_breakdown[L2_WRBK_ACC][MSHR_HIT] = 0
	L2_cache_stats_breakdown[INST_ACC_R][HIT] = 0
	L2_cache_stats_breakdown[INST_ACC_R][HIT_RESERVED] = 0
	L2_cache_stats_breakdown[INST_ACC_R][MISS] = 0
	L2_cache_stats_breakdown[INST_ACC_R][RESERVATION_FAIL] = 0
	L2_cache_stats_breakdown[INST_ACC_R][SECTOR_MISS] = 0
	L2_cache_stats_breakdown[INST_ACC_R][MSHR_HIT] = 0
	L2_cache_stats_breakdown[L1_WR_ALLOC_R][HIT] = 0
	L2_cache_stats_breakdown[L1_WR_ALLOC_R][HIT_RESERVED] = 0
	L2_cache_stats_breakdown[L1_WR_ALLOC_R][MISS] = 0
	L2_cache_stats_breakdown[L1_WR_ALLOC_R][RESERVATION_FAIL] = 0
	L2_cache_stats_breakdown[L1_WR_ALLOC_R][SECTOR_MISS] = 0
	L2_cache_stats_breakdown[L1_WR_ALLOC_R][MSHR_HIT] = 0
	L2_cache_stats_breakdown[L2_WR_ALLOC_R][HIT] = 0
	L2_cache_stats_breakdown[L2_WR_ALLOC_R][HIT_RESERVED] = 0
	L2_cache_stats_breakdown[L2_WR_ALLOC_R][MISS] = 0
	L2_cache_stats_breakdown[L2_WR_ALLOC_R][RESERVATION_FAIL] = 0
	L2_cache_stats_breakdown[L2_WR_ALLOC_R][SECTOR_MISS] = 0
	L2_cache_stats_breakdown[L2_WR_ALLOC_R][MSHR_HIT] = 0
	L2_cache_stats_breakdown[TMA_ACC_R][HIT] = 0
	L2_cache_stats_breakdown[TMA_ACC_R][HIT_RESERVED] = 0
	L2_cache_stats_breakdown[TMA_ACC_R][MISS] = 0
	L2_cache_stats_breakdown[TMA_ACC_R][RESERVATION_FAIL] = 0
	L2_cache_stats_breakdown[TMA_ACC_R][SECTOR_MISS] = 0
	L2_cache_stats_breakdown[TMA_ACC_R][MSHR_HIT] = 0
	L2_cache_stats_breakdown[TMA_ACC_W][HIT] = 0
	L2_cache_stats_breakdown[TMA_ACC_W][HIT_RESERVED] = 0
	L2_cache_stats_breakdown[TMA_ACC_W][MISS] = 0
	L2_cache_stats_breakdown[TMA_ACC_W][RESERVATION_FAIL] = 0
	L2_cache_stats_breakdown[TMA_ACC_W][SECTOR_MISS] = 0
	L2_cache_stats_breakdown[TMA_ACC_W][MSHR_HIT] = 0
	L2_cache_stats_breakdown[CP_ASYNC_ACC_R][HIT] = 949544
	L2_cache_stats_breakdown[CP_ASYNC_ACC_R][HIT_RESERVED] = 0
	L2_cache_stats_breakdown[CP_ASYNC_ACC_R][MISS] = 811190
	L2_cache_stats_breakdown[CP_ASYNC_ACC_R][RESERVATION_FAIL] = 0
	L2_cache_stats_breakdown[CP_ASYNC_ACC_R][SECTOR_MISS] = 2433570
	L2_cache_stats_breakdown[CP_ASYNC_ACC_R][MSHR_HIT] = 0
	L2_cache_stats_breakdown[CP_ASYNC_ACC_R][TOTAL_ACCESS] = 4194304
L2_total_cache_reservation_fail_reason_breakdown:
	L2_cache_stats_fail_reason_breakdown[LINE_ALLOC_FAIL] = 0
	L2_cache_stats_fail_reason_breakdown[MISS_QUEUE_FULL] = 0
	L2_cache_stats_fail_reason_breakdown[MSHR_ENRTY_FAIL] = 0
	L2_cache_stats_fail_reason_breakdown[MSHR_MERGE_ENRTY_FAIL] = 0
	L2_cache_stats_fail_reason_breakdown[MSHR_RW_PENDING] = 0
	L2_cache_stats_fail_reason_breakdown[TOTAL] = 0
L2_total_cache_reservation_fail_breakdown:
L2_cache_data_port_util = 0.052
L2_cache_fill_port_util = 0.000

icnt_total_pkts_mem_to_simt=5259264
icnt_total_pkts_simt_to_mem=2113536
LD_mem_lat_dist  0 0 0 0 0 0 0 0 0 0 0 0 0 0 0 0 0 0 0 0 0 0 0 0 0 0 0 0
ST_mem_lat_dist  0 0 0 0 0 0 0 0 0 0 0 0 0 0 0 0 0 0 0 0 0 0 0 0 0 0 0 0
----------------------------Interconnect-DETAILS--------------------------------
Req_Network_injected_packets_num = 2113055
Req_Network_cycles = 126392
Req_Network_injected_packets_per_cycle =      16.7183 
Req_Network_conflicts_per_cycle =       6.3810
Req_Network_conflicts_per_cycle_util =       7.6445
Req_Bank_Level_Parallism =      20.0329
Req_Network_in_buffer_full_per_cycle =       0.0000
Req_Network_in_buffer_avg_util =       0.0582
Req_Network_out_buffer_full_per_cycle =       0.0000
Req_Network_out_buffer_avg_util =       1.4217
Req_Network_input_pushes_top = 4:19104 34:19104 72:19104 94:19104 128:19104 11:17536 93:17536 3:17024
Req_Network_output_pushes_top = 132:16518 133:16518 134:16518 135:16518 136:16518 137:16518 138:16518 139:16518
Req_Network_input_grants_top = 4:19104 34:19104 72:19104 94:19104 128:19104 11:17536 93:17536 3:17024
Req_Network_output_grants_top = 132:16518 133:16518 134:16518 135:16518 136:16518 137:16518 138:16518 139:16518
Req_Network_input_full_events_top =
Req_Network_output_full_events_top =
Req_Network_max_input_occupancy_top = 86:61 106:61 62:60 42:59 63:59 112:59 117:58 2:57
Req_Network_max_output_occupancy_top = 173:232 180:228 176:226 175:224 178:224 182:224 197:224 179:222

Reply_Network_injected_packets_num = 5259264
Reply_Network_cycles = 126392
Reply_Network_injected_packets_per_cycle =      41.6107
Reply_Network_conflicts_per_cycle =    1942.9015
Reply_Network_conflicts_per_cycle_util =    2122.4661
Reply_Bank_Level_Parallism =      45.4564
Reply_Network_in_buffer_full_per_cycle =       0.0000
Reply_Network_in_buffer_avg_util =      45.2006
Reply_Network_out_buffer_full_per_cycle =       0.0000
Reply_Network_out_buffer_avg_util =       0.9933
Reply_Network_input_pushes_top = 132:41100 133:41100 134:41100 135:41100 136:41100 137:41100 138:41100 139:41100
Reply_Network_output_pushes_top = 4:45216 34:45216 72:45216 94:45216 128:45216 11:45184 93:45184 3:43136
Reply_Network_input_grants_top = 132:41100 133:41100 134:41100 135:41100 136:41100 137:41100 138:41100 139:41100
Reply_Network_output_grants_top = 4:45216 34:45216 72:45216 94:45216 128:45216 11:45184 93:45184 3:43136
Reply_Network_input_full_events_top =
Reply_Network_output_full_events_top =
Reply_Network_max_input_occupancy_top = 166:300 167:294 184:271 198:271 161:270 132:269 145:269 149:268
Reply_Network_max_output_occupancy_top = 124:106 18:102 26:102 28:102 65:102 44:101 73:101 101:100
----------------------------END-of-Interconnect-DETAILS-------------------------


gpgpu_simulation_time = 0 days, 0 hrs, 11 min, 47 sec (707 sec)
gpgpu_simulation_rate = 698640 (inst/sec)
gpgpu_simulation_rate = 157 (cycle/sec)
gpgpu_silicon_slowdown = 9554140x
GPGPU-Sim: synchronize waiting for inactive GPU simulation
GPGPU-Sim API: Stream Manager State
GPGPU-Sim: detected inactive GPU simulation thread
[       OK ] Fa2PrefillFp16SmallTest.H16D128CausalB32S256 (687617 ms)
[----------] 1 test from Fa2PrefillFp16SmallTest (687617 ms total)

[----------] Global test environment tear-down
[==========] 1 test from 1 test suite ran. (687617 ms total)
[  PASSED  ] 1 test.
GPGPU-Sim: *** exit detected ***
